{
  "id": 1583,
  "title": "009-1 (Dublado)",
  "title_jp": "ゼロゼロナインワン",
  "slug": "009-1-dublado",
  "type": "dublados",
  "format": "TV",
  "images": {
    "poster": "https://cdn.myanimelist.net/images/anime/11/19998l.webp",
    "banner": "https://cdn.myanimelist.net/images/anime/11/19998.jpg"
  },
  "trailer": "https://www.youtube-nocookie.com/embed/zKNcfXH8Y6k?enablejsapi=1&wmode=opaque&autoplay=1",
  "synopsis": "Mylene Hoffman, a beautiful cyborg spy with the codename \"009-1\" lives in an alternative world where the cold war never ended, continuously on-going for 140 years. The world is split into two factions, the West and the East block. A masquerade of peace between the two is slowly dissipated as the conflict occurs. Through politics, the two factions battle over supremacy over technology to threats of a nuclear attack. Mylene Hoffman, teaming up with three other agent, gets surrounded by deception, chaos, and rivalry as she carries out missions assigned by her superiors.\n\n[Written by MAL Rewrite]",
  "score": 6.2,
  "genres": [
    "Sci-Fi"
  ],
  "episodes": [
    {
      "numero": 1,
      "url": "https://lightspeedst.net/s3/mp4/009-1-dublado/sd/1.mp4",
      "nome": "Infiltrators"
    },
    {
      "numero": 2,
      "url": "https://lightspeedst.net/s3/mp4/009-1-dublado/sd/2.mp4",
      "nome": "Holy Night"
    },
    {
      "numero": 3,
      "url": "https://lightspeedst.net/s3/mp4/009-1-dublado/sd/3.mp4",
      "nome": "Hard Boiled"
    },
    {
      "numero": 4,
      "url": "https://lightspeedst.net/s3/mp4/009-1-dublado/sd/4.mp4",
      "nome": "Invitation from an Old Castle"
    },
    {
      "numero": 5,
      "url": "https://lightspeedst.net/s3/mp4/009-1-dublado/sd/5.mp4",
      "nome": "Woman of Gold"
    },
    {
      "numero": 6,
      "url": "https://lightspeedst.net/s3/mp4/009-1-dublado/sd/6.mp4",
      "nome": "Pop"
    },
    {
      "numero": 7,
      "url": "https://lightspeedst.net/s3/mp4/009-1-dublado/sd/7.mp4",
      "nome": "Port"
    },
    {
      "numero": 8,
      "url": "https://lightspeedst.net/s3/mp4/009-1-dublado/sd/8.mp4",
      "nome": "Calendar of the Past"
    },
    {
      "numero": 9,
      "url": "https://lightspeedst.net/s3/mp4/009-1-dublado/sd/9.mp4",
      "nome": "Revenge"
    },
    {
      "numero": 10,
      "url": "https://lightspeedst.net/s3/mp4/009-1-dublado/sd/10.mp4",
      "nome": "Reverse-Explosion"
    },
    {
      "numero": 11,
      "url": "https://lightspeedst.net/s3/mp4/009-1-dublado/sd/11.mp4",
      "nome": "Exodus"
    },
    {
      "numero": 12,
      "url": "https://lightspeedst.net/s3/mp4/009-1-dublado/sd/12.mp4",
      "nome": "Daybreak"
    },
    {
      "numero": 13,
      "url": "https://lightspeedst.net/s3/mp4/009-1-dublado/sd/13.mp4"
    }
  ]
}