{
  "id": 1583,
  "title": "009-1",
  "title_jp": "ゼロゼロナインワン",
  "slug": "009-1",
  "type": "legendados",
  "format": "TV",
  "images": {
    "poster": "https://cdn.myanimelist.net/images/anime/11/19998l.webp",
    "banner": "https://cdn.myanimelist.net/images/anime/11/19998.jpg"
  },
  "trailer": "https://www.youtube-nocookie.com/embed/zKNcfXH8Y6k?enablejsapi=1&wmode=opaque&autoplay=1",
  "synopsis": "Mylene Hoffman, a beautiful cyborg spy with the codename \"009-1\" lives in an alternative world where the cold war never ended, continuously on-going for 140 years. The world is split into two factions, the West and the East block. A masquerade of peace between the two is slowly dissipated as the conflict occurs. Through politics, the two factions battle over supremacy over technology to threats of a nuclear attack. Mylene Hoffman, teaming up with three other agent, gets surrounded by deception, chaos, and rivalry as she carries out missions assigned by her superiors.\n\n[Written by MAL Rewrite]",
  "score": 6.2,
  "genres": [
    "Sci-Fi"
  ],
  "episodes": [
    {
      "numero": 1,
      "url": "https://www.blogger.com/video.g?token=AD6v5dzsK6DXXNKA9CGYHOnvewYOBwO7d57OrYklQeE2Lf53qVH5CD2_Ydwd9M9RtuJT0U6B3p_Hc8rIvFvGj1GEAzx7LMIjITvd6-Msq9JjkKcxRt8YmK-Xgz9k9hOn_dTcASfk3R8",
      "nome": "Infiltrators"
    },
    {
      "numero": 2,
      "url": "https://www.blogger.com/video.g?token=AD6v5dydeiygpk6Z7p7Vx9W-ITIzzU_Bk9gbHaqSpYcynqT3Xs8eUu8ueLapnYwcp50VTog11J9bEUybRlTsvsZv18xrY7cK4tXFLG7iyX7w5ITP2n3TD7GgRw98oPzaqCsAXA4oXbA",
      "nome": "Holy Night"
    },
    {
      "numero": 3,
      "url": "https://www.blogger.com/video.g?token=AD6v5dwPGvujSmiWBlZQM03VXFFRsnh-sXt77RYiiddXMCv1VQbK_DhL03YwWWiVe6VVt5pfutiZXdJu-m_V7AqHf13xo7bZqaO1VsRFuVry9C3H_eFoLkh4ZDnzr7M1UjI5QH2suQo",
      "nome": "Hard Boiled"
    },
    {
      "numero": 4,
      "url": "https://www.blogger.com/video.g?token=AD6v5dzvfoYadNI7ISrUIKi4_f3Qqfk2Y4nSKJ3nuK8woH7535iHJIss2hj88kpT1VqzP8KMk1mQAwj_LarBHaUq8jrlfHBREsYVHfz492ruhKtfrZuQzi3YiaAmNkO81PNP3RwtpYA",
      "nome": "Invitation from an Old Castle"
    },
    {
      "numero": 5,
      "url": "https://www.blogger.com/video.g?token=AD6v5dyOYw0ac94b33lQcR0UyDhzr8wXxC58sVTRD2SPTyEQPJIJJODRhmQCX16EJpDxL9VG7uQKx7g0jHDSBMHjXiSEy3_h3GMjXWpzNY9dzPCS5CGTI5jJuQ-l_Kl3Mjf78jtDCrje",
      "nome": "Woman of Gold"
    },
    {
      "numero": 6,
      "url": "https://www.blogger.com/video.g?token=AD6v5dy-ZJMD8DRsp_7sbfTMbJ2L8qQ8irVNqA12uF51zNXOx0TYmpqXil3lVwSzRID3zr-wAom4SNWD-6XFooBDNDUh_5tWLAcmpAGnZZL8fkgTTlBnWgwNbmGaO3JZ6iqbXHQy96Qo",
      "nome": "Pop"
    },
    {
      "numero": 7,
      "url": "https://www.blogger.com/video.g?token=AD6v5dy7n8HroUWmzP0GsKxlLa8T0Var_JmsNHLWak6Dt7JKYPrcN_dbjLR9MeiPYqXGupAr2POiSn9IS3HN0E8JvNmQXgRopMioqhuDSBynI9gETVmrqpWZFGpOrOnxehfTrhOFZoc",
      "nome": "Port"
    },
    {
      "numero": 8,
      "url": "https://www.blogger.com/video.g?token=AD6v5dwjiFzmoUnLip7fHlgf8hTTfmwffgbstwcNeAsOqpeSfbDdNhTbmWdaccrmUsxGKrDf481-x8Lfij6KnnXWlW-AzOU7lKKQskHe_684MfmyVL6m6OaXJdfHbZ-w6sBkOtKCS-w",
      "nome": "Calendar of the Past"
    },
    {
      "numero": 9,
      "url": "https://www.blogger.com/video.g?token=AD6v5dyuT_Ix6sEtDG7huVDDAvFWP09EDNYafzf4M97m_0hy-eITkrf8u7j7H0egYihV_hOUTOtprhFjYH79XjDCalqe_kFvFDM56dI8jgsxZkj-sqBMawvOkE6vLu_844bWRpRzTiE",
      "nome": "Revenge"
    },
    {
      "numero": 10,
      "url": "https://www.blogger.com/video.g?token=AD6v5dxAL2zrw1ymTVIU--4Mqy0SQn2VkW17Ee5PVWZ-kE6rk7vpOccmMpHXsnyJM6CFMVc9hh5mQKv5NxZoURvmo8V_b2PLLQbmXVF1-Dn7_0CHL66ygFyuuB6bDyqhnmmxbMq1jOw",
      "nome": "Reverse-Explosion"
    },
    {
      "numero": 11,
      "url": "https://www.blogger.com/video.g?token=AD6v5dwiDxlL3ra8-nf8T0HLSR-6oXxBTg0sDF0E3JOuHrqcx1a7L9VtmElNRodhrC3rZqqS59rkxJ5r1pR4iKwmx6_rBLQvA3UZWbv1u0J_NayQp_vi84NDCp5cnGO2oxPOiLKPazc",
      "nome": "Exodus"
    },
    {
      "numero": 12,
      "url": "https://www.blogger.com/video.g?token=AD6v5dxvTstvn8moNFauh3GeuOljhW-EFJvGFUbwL9BA9DvEHEarVFaPATqH49emUyMEkMGKHqeauePs-AAZhbvUhVD7Osml5j8pLtSD9DW4s6mwimUhQQ-uZAnKdhCUX4p8GBiLIsQh",
      "nome": "Daybreak"
    },
    {
      "numero": 13,
      "url": "https://www.blogger.com/video.g?token=AD6v5dwptCY7bCa80xiJzo8-oapQTWU9FYPYkY0Np-ojJYVet0oXpwXtHlwQthDlbV9tB3Qy_w6SFhE7iXl9dBXPwJg_erA2uOlBbmsxUtRJjG6QaoRXf3Ss0MgyF5BcezEfLqjEqMY"
    }
  ]
}