{
  "id": 5525,
  "title": "07-Ghost",
  "title_jp": "セブンゴースト",
  "slug": "07-ghost",
  "type": "legendados",
  "format": "TV",
  "images": {
    "poster": "https://cdn.myanimelist.net/images/anime/3/22605l.webp",
    "banner": "https://cdn.myanimelist.net/images/anime/3/22605.jpg"
  },
  "trailer": "https://www.youtube-nocookie.com/embed/vRjlJDDfhJI?enablejsapi=1&wmode=opaque&autoplay=1",
  "synopsis": "Barsburg Empire's Military Academy is known for training elites who bring victory to the empire. Students of the academy freely utilize an ability called \"Zaiphon\" to fight, while the types of Zaiphon usable depends on the nature of the soldier.\n\nTeito Klein, a student at the academy, is one of the most promising soldiers produced. Although ridiculed by everyone for being a sklave (German for slave) with no memories of his past, he is befriended by a fellow student called Mikage. While preparing for the final exam, Teito uncovers a dark secret related to his past. When an attempt to assassinate Ayanami, a high-ranking official who killed his father, fails, Teito is locked away awaiting punishment.\n\nOnly wanting the best for Teito, Mikage helps him escape. Teito ends up at the 7th District Church where he is taken in by the bishops. It is here that Teito attempts to evade the grasp of Ayanami and the Military, so he can rediscover his memories and learn why he is the person that can change the fate of the world.\n\n[Written by MAL Rewrite]",
  "score": 7.18,
  "genres": [
    "Action",
    "Fantasy"
  ],
  "episodes": [
    {
      "numero": 1,
      "url": "https://lightspeedst.net/s3/mp4/07-ghost/sd/1.mp4",
      "nome": "The Future Of Painful Thoughts Is"
    },
    {
      "numero": 2,
      "url": "https://lightspeedst.net/s3/mp4/07-ghost/sd/2.mp4",
      "nome": "Nostalgic Memories Accompany Pain"
    },
    {
      "numero": 3,
      "url": "https://lightspeedst.net/s3/mp4/07-ghost/sd/3.mp4",
      "nome": "My Innocent Child, Sleep Within The Light"
    },
    {
      "numero": 4,
      "url": "https://lightspeedst.net/s3/mp4/07-ghost/sd/4.mp4",
      "nome": "To the Depths of the Earnest Prayer"
    },
    {
      "numero": 5,
      "url": "https://lightspeedst.net/s3/mp4/07-ghost/sd/5.mp4",
      "nome": "Hot Tears, Gently Fill His Heart..."
    },
    {
      "numero": 6,
      "url": "https://lightspeedst.net/s3/mp4/07-ghost/sd/6.mp4",
      "nome": "The Path of Justice Lead to Light"
    },
    {
      "numero": 7,
      "url": "https://lightspeedst.net/s3/mp4/07-ghost/sd/7.mp4",
      "nome": "Does the Soul that was Devoured by the Wings, Dream of Its Beloved Child?"
    },
    {
      "numero": 8,
      "url": "https://lightspeedst.net/s3/mp4/07-ghost/sd/8.mp4",
      "nome": "Half of His Soul Arouses a Sad Awakening"
    },
    {
      "numero": 9,
      "url": "https://lightspeedst.net/s3/mp4/07-ghost/sd/9.mp4",
      "nome": "The Color of His Soul Will be Forever..."
    },
    {
      "numero": 10,
      "url": "https://lightspeedst.net/s3/mp4/07-ghost/sd/10.mp4",
      "nome": "That Is But One Form of Atonement"
    },
    {
      "numero": 11,
      "url": "https://lightspeedst.net/s3/mp4/07-ghost/sd/11.mp4",
      "nome": "Atonement For Loved Ones Is..."
    },
    {
      "numero": 12,
      "url": "https://lightspeedst.net/s3/mp4/07-ghost/sd/12.mp4",
      "nome": "The Darkness Called \"Pain\" Treads Ever Closer..."
    },
    {
      "numero": 13,
      "url": "https://lightspeedst.net/s3/mp4/07-ghost/sd/13.mp4",
      "nome": "Down the Path of Light I See..."
    },
    {
      "numero": 14,
      "url": "https://lightspeedst.net/s3/mp4/07-ghost/sd/14.mp4",
      "nome": "A Reason to Fight Together... The Right to be Called Brothers in Arms"
    },
    {
      "numero": 15,
      "url": "https://lightspeedst.net/s3/mp4/07-ghost/sd/15.mp4",
      "nome": "That Day, I was With Him"
    },
    {
      "numero": 16,
      "url": "https://lightspeedst.net/s3/mp4/07-ghost/sd/16.mp4",
      "nome": "The Truth lies Deep within the Darkness Where Light Cannot Reach"
    },
    {
      "numero": 17,
      "url": "https://lightspeedst.net/s3/mp4/07-ghost/sd/17.mp4",
      "nome": "The Family With Wings of Darkness, Enshrounded in Misery, Flies Down"
    },
    {
      "numero": 18,
      "url": "https://lightspeedst.net/s3/mp4/07-ghost/sd/18.mp4",
      "nome": "The One Who Must be Forgiven Drown in Darkness... The One Who Loves Him is Filled With Tears"
    },
    {
      "numero": 19,
      "url": "https://lightspeedst.net/s3/mp4/07-ghost/sd/19.mp4",
      "nome": "The One-Sided, Yet Never Dying Love Finds Itself..."
    },
    {
      "numero": 20,
      "url": "https://lightspeedst.net/s3/mp4/07-ghost/sd/20.mp4",
      "nome": "They Both Offer a Requiem"
    },
    {
      "numero": 21,
      "url": "https://lightspeedst.net/s3/mp4/07-ghost/sd/21.mp4",
      "nome": "Therefore, You Pass Through the Door of the Defeated"
    },
    {
      "numero": 22,
      "url": "https://lightspeedst.net/s3/mp4/07-ghost/sd/22.mp4",
      "nome": "Led by the Light in the Water`s Depths, He Spies Upon..."
    },
    {
      "numero": 23,
      "url": "https://lightspeedst.net/s3/mp4/07-ghost/sd/23.mp4",
      "nome": "Before the Darkness of the Heart"
    },
    {
      "numero": 24,
      "url": "https://lightspeedst.net/s3/mp4/07-ghost/sd/24.mp4",
      "nome": "The Justice of Those Who Lack Love is... . Oh Heart That is Stolen by Darkness, Forever..."
    },
    {
      "numero": 25,
      "url": "https://lightspeedst.net/s3/mp4/07-ghost/sd/25.mp4",
      "nome": "The Heart Is Led by the Truth Repeated on the Other Side..."
    }
  ]
}