{
  "id": 2730,
  "title": "1+2=Paradise",
  "title_jp": "１＋２＝パラダイス",
  "slug": "1-2-paradise",
  "type": "legendados",
  "format": "OVA",
  "images": {
    "poster": "https://cdn.myanimelist.net/images/anime/2/3679l.webp",
    "banner": "https://cdn.myanimelist.net/images/anime/2/3679.jpg"
  },
  "trailer": null,
  "synopsis": "Yuusuke Yamamoto has a crippling phobia of women, and understandably so—the twin girls living next door tried to cut off his penis as a child. Unfortunately, Yuusuke's father is a gynecologist and needs him to overcome his fear so he can inherit the family business. To accomplish this, Yuusuke's father offers sanctuary to sisters Rika and Yuka Nakamura in their home while the girls are studying at the nearby college.\n\nIn a terrible twist of fate, when Yuusuke realizes that their guest room is too small for two people, he is forced to choose which of the sisters is allowed to stay. Desperate to win his favor, the brazen Yuka and the more reserved Rika are willing to do whatever it takes to impress and eventually sway Yuusuke—even if it means making things physical and personal.\n\n[Written by MAL Rewrite]",
  "score": 4.74,
  "genres": [
    "Comedy",
    "Romance",
    "Ecchi"
  ],
  "episodes": [
    {
      "numero": 1,
      "url": "https://www.blogger.com/video.g?token=AD6v5dwFl6T2cNh_sybLy43TEMHuN-XMnMvyQvUVwPHG5HugcHLgYfyWoRrhoTtqWFXpXzIr4t1vUF1fe5FISanHC01WO1L23SP0X1ES0fWKYYi7y5_dzZvAhrXOed5KJLg11kyCJog"
    },
    {
      "numero": 2,
      "url": "https://www.blogger.com/video.g?token=AD6v5dxCVaDJXei1pJ5zGppOH33WPDqgdGb_Yd1SudeImEFTpi7I6jJSmEL-PlBKehiNColIFL-rRvO420uKLt33j7_7U8WHwgiKY-ViaDx3FNH73dgLJcEykCcd7SfnKFMgEvy8PKY"
    }
  ]
}