{
  "id": 6060,
  "title": "1-gatsu ni wa Christmas",
  "title_jp": "1月にはChristmas",
  "slug": "1-gatsu-ni-wa-christmas",
  "type": "legendados",
  "format": "OVA",
  "images": {
    "poster": "https://cdn.myanimelist.net/images/anime/11/46845l.webp",
    "banner": "https://cdn.myanimelist.net/images/anime/11/46845.jpg"
  },
  "trailer": null,
  "synopsis": "During a snowy day just before Christmas, Mizuki Tateno, a girl with a twisted personality, moves into the house next door to university student Fujioka Junsho. \nMizuki says \"I hate Christmas\". Why does she hate Christmas? Why does she have to live alone in a big house? An incident occurs right after Christmas and Mizuki's past is revealed.\n\n(Source: Wikipedia, translated and edited)",
  "score": 5.45,
  "genres": [
    "Drama",
    "Romance"
  ],
  "episodes": [
    {
      "numero": 1,
      "url": "https://lightspeedst.net/s4/mp4/1-gatsu-ni-wa-christmas/sd/1.mp4"
    }
  ]
}