{
  "id": 44881,
  "title": "100-man no Inochi no Ue ni Ore wa Tatteiru 2nd Season",
  "title_jp": "100万の命の上に俺は立っている",
  "slug": "100-man-no-inochi-no-ue-ni-ore-wa-tatteiru-2nd-season",
  "type": "legendados",
  "format": "TV",
  "images": {
    "poster": "https://cdn.myanimelist.net/images/anime/1424/117718l.webp",
    "banner": "https://cdn.myanimelist.net/images/anime/1424/117718.jpg"
  },
  "trailer": "https://www.youtube-nocookie.com/embed/lYvK7gB1-lA?enablejsapi=1&wmode=opaque&autoplay=1",
  "synopsis": "Once again, the Game Master's world of quests unexpectedly pulls in Yuusuke Yotsuya and the rest of this old team. Accompanied by the newest addition, Keita Torii, the team reunites with Kahabell, still unaware of their actions' impact on this world. \n\nAfter bidding Kahabell farewell, the team sets out on their newly appointed quest—an offering of a Jiffon Buffalo at Vaikdamnia on Jiffon Island. However, as their journey to the island commences, the team shortly finds that the quest is not as simple as it initially seemed.\n\nIn fact, the island is terrorized by orcs that have made a deal with its inhabitants: instead of devouring the islanders, the orcs will be granted buffalo. With the growing shortage of buffalo, the annual Vaikdamnia festival cannot proceed. But, given the importance of the team's quest, they are left with the obvious choice—rid the island of the orcs and save the islanders.\n\n[Written by MAL Rewrite]",
  "score": 6.79,
  "genres": [
    "Action",
    "Adventure",
    "Drama",
    "Fantasy"
  ],
  "episodes": [
    {
      "numero": 1,
      "url": "https://lightspeedst.net/s1/mp4/100-man-no-inochi-no-ue-ni-ore-wa-tatteiru-2nd-season/fhd/1.mp4",
      "nome": "I Know, Let's Go to Jiffon"
    },
    {
      "numero": 2,
      "url": "https://lightspeedst.net/s1/mp4/100-man-no-inochi-no-ue-ni-ore-wa-tatteiru-2nd-season/fhd/2.mp4",
      "nome": "Yana & Aoiu Are the Väikedaam"
    },
    {
      "numero": 3,
      "url": "https://lightspeedst.net/s1/mp4/100-man-no-inochi-no-ue-ni-ore-wa-tatteiru-2nd-season/fhd/3.mp4",
      "nome": "We Can't Be Heroes of Justice"
    },
    {
      "numero": 4,
      "url": "https://lightspeedst.net/s1/mp4/100-man-no-inochi-no-ue-ni-ore-wa-tatteiru-2nd-season/fhd/4.mp4",
      "nome": "The Island That Flows"
    },
    {
      "numero": 5,
      "url": "https://lightspeedst.net/s1/mp4/100-man-no-inochi-no-ue-ni-ore-wa-tatteiru-2nd-season/hd/5.mp4",
      "nome": "Dik Throbb"
    },
    {
      "numero": 6,
      "url": "https://lightspeedst.net/s1/mp4/100-man-no-inochi-no-ue-ni-ore-wa-tatteiru-2nd-season/fhd/6.mp4",
      "nome": "All They Can Do Is Look Up at It"
    },
    {
      "numero": 7,
      "url": "https://lightspeedst.net/s1/mp4/100-man-no-inochi-no-ue-ni-ore-wa-tatteiru-2nd-season/hd/7.mp4",
      "nome": "A Short Film and the Sixth Hero"
    }
  ]
}