{
  "id": 6682,
  "title": "11eyes",
  "title_jp": "11eyes イレブンアイズ",
  "slug": "11eyes",
  "type": "legendados",
  "format": "TV",
  "images": {
    "poster": "https://cdn.myanimelist.net/images/anime/6/73520l.webp",
    "banner": "https://cdn.myanimelist.net/images/anime/6/73520.jpg"
  },
  "trailer": null,
  "synopsis": "When the sky turns red, the moon turns black, and monsters begin roaming the streets, Satsuki Kakeru is at a loss for what to do. Along with his best friend Yuka, they try to decipher why they have been sent to this strange world, which is seemingly empty aside from themselves.\n\nHowever, when the \"Red Night\" ends, Kakeru and Yuka believe it was all a dream—until it happens again, and they are left in a dangerous situation. They meet four others in the same predicament: Kusakabe Misuzu, an expert swordswoman; Tachibana Kukuri, a strange mute girl who looks uncannily like Kakeru's deceased sister; Hirohara Yukiko, a lively young girl whose personality reverts to that of a cold killer when her glasses are removed; and Tajima Takahisa, a young pyrokineticist.\n\nAs the six of them band together to survive and discover what this mysterious world is, things take a turn for the worse as six shadows appear before them...\n\n[Written by MAL Rewrite]",
  "score": 6.03,
  "genres": [
    "Action",
    "Supernatural",
    "Ecchi"
  ],
  "episodes": [
    {
      "numero": 1,
      "url": "https://lightspeedst.net/s1/mp4/11eyes/hd/1.mp4",
      "nome": "Red Night"
    },
    {
      "numero": 2,
      "url": "https://lightspeedst.net/s1/mp4/11eyes/hd/2.mp4",
      "nome": "The Girl in the Crystal"
    },
    {
      "numero": 3,
      "url": "https://lightspeedst.net/s1/mp4/11eyes/hd/3.mp4",
      "nome": "Lonely Pride"
    },
    {
      "numero": 4,
      "url": "https://lightspeedst.net/s1/mp4/11eyes/hd/4.mp4",
      "nome": "A Smiling Mask"
    },
    {
      "numero": 5,
      "url": "https://lightspeedst.net/s1/mp4/11eyes/hd/5.mp4",
      "nome": "For Friends and Tomorrow"
    },
    {
      "numero": 6,
      "url": "https://lightspeedst.net/s1/mp4/11eyes/hd/6.mp4",
      "nome": "Disturbed Minds"
    },
    {
      "numero": 7,
      "url": "https://lightspeedst.net/s1/mp4/11eyes/hd/7.mp4",
      "nome": "Twisted Awakening"
    },
    {
      "numero": 8,
      "url": "https://lightspeedst.net/s1/mp4/11eyes/hd/8.mp4",
      "nome": "The Witching Hour"
    },
    {
      "numero": 9,
      "url": "https://lightspeedst.net/s1/mp4/11eyes/hd/9.mp4",
      "nome": "Broken Bonds"
    },
    {
      "numero": 10,
      "url": "https://lightspeedst.net/s1/mp4/11eyes/hd/10.mp4",
      "nome": "The Witch Awakens"
    },
    {
      "numero": 11,
      "url": "https://lightspeedst.net/s1/mp4/11eyes/hd/11.mp4",
      "nome": "The Option of Destruction"
    },
    {
      "numero": 12,
      "url": "https://lightspeedst.net/s1/mp4/11eyes/hd/12.mp4",
      "nome": "The Dawn of Darkness"
    }
  ]
}