{
  "id": 33419,
  "title": "12-sai.: Chicchana Mune no Tokimeki 2nd Season",
  "title_jp": "12歳。～ちっちゃなムネのトキメキ～",
  "slug": "12-sai-chicchana-mune-no-tokimeki-2nd-season",
  "type": "legendados",
  "format": "TV",
  "images": {
    "poster": "https://cdn.myanimelist.net/images/anime/10/80312l.webp",
    "banner": "https://cdn.myanimelist.net/images/anime/10/80312.jpg"
  },
  "trailer": "https://www.youtube-nocookie.com/embed/CnwebeU4nDk?enablejsapi=1&wmode=opaque&autoplay=1",
  "synopsis": "The story begins with Hanabi, a sixth-grade girl who is neither an adult nor a child. She deals with issues such as accidentally witnessing her homeroom teacher kissing, and worrying about experiencing physiological changes before her friends. The series depicts a 12-year-old girl's innocent worries and first love.\n\n(Source: ANN)",
  "score": 6.58,
  "genres": [
    "Romance"
  ],
  "episodes": [
    {
      "numero": 1,
      "url": "https://lightspeedst.net/s3/mp4/12-sai-chicchana-mune-no-tokimeki-2nd-season/sd/1.mp4",
      "nome": "Like Kiss Kiss!?"
    },
    {
      "numero": 2,
      "url": "https://lightspeedst.net/s3/mp4/12-sai-chicchana-mune-no-tokimeki-2nd-season/sd/2.mp4",
      "nome": "Rival"
    },
    {
      "numero": 3,
      "url": "https://lightspeedst.net/s3/mp4/12-sai-chicchana-mune-no-tokimeki-2nd-season/sd/3.mp4",
      "nome": "Promise"
    },
    {
      "numero": 4,
      "url": "https://lightspeedst.net/s3/mp4/12-sai-chicchana-mune-no-tokimeki-2nd-season/sd/4.mp4",
      "nome": "Heart"
    },
    {
      "numero": 5,
      "url": "https://lightspeedst.net/s3/mp4/12-sai-chicchana-mune-no-tokimeki-2nd-season/sd/5.mp4",
      "nome": "After the Rain"
    },
    {
      "numero": 6,
      "url": "https://lightspeedst.net/s3/mp4/12-sai-chicchana-mune-no-tokimeki-2nd-season/sd/6.mp4",
      "nome": "Balance"
    },
    {
      "numero": 7,
      "url": "https://lightspeedst.net/s3/mp4/12-sai-chicchana-mune-no-tokimeki-2nd-season/sd/7.mp4",
      "nome": "One-sided Love"
    },
    {
      "numero": 8,
      "url": "https://lightspeedst.net/s3/mp4/12-sai-chicchana-mune-no-tokimeki-2nd-season/sd/8.mp4",
      "nome": "Adults"
    }
  ]
}