{
  "id": 48858,
  "title": "180 Byou de Kimi no Mimi wo Shiawase ni Dekiru ka?",
  "title_jp": "180秒で君の耳を幸せにできるか?",
  "slug": "180-byou-de-kimi-no-mimi-wo-shiawase-ni-dekiru-ka",
  "type": "legendados",
  "format": "TV",
  "images": {
    "poster": "https://cdn.myanimelist.net/images/anime/1904/118821l.webp",
    "banner": "https://cdn.myanimelist.net/images/anime/1904/118821.jpg"
  },
  "trailer": null,
  "synopsis": "From the mouthwatering chewing in mukbang to the relaxing whispers of voice acting, ASMR has steadily grown in popularity in recent years. As such, many people around the world enjoy it, and high schooler Akari Sawake is no exception. Sporting her trusty headphones, Akari explores the various ways ASMR can stimulate her senses and shares with others the plentiful wonders it can offer.\n\n[Written by MAL Rewrite]",
  "score": 5.29,
  "genres": [
    "Slice of Life"
  ],
  "episodes": [
    {
      "numero": 1,
      "url": "https://lightspeedst.net/s1/mp4/180-byou-de-kimi-no-mimi-wo-shiawase-ni-dekiru-ka/hd/1.mp4",
      "nome": "3 Minutes, Bamboo Made Earpick"
    },
    {
      "numero": 2,
      "url": "https://lightspeedst.net/s1/mp4/180-byou-de-kimi-no-mimi-wo-shiawase-ni-dekiru-ka/hd/2.mp4",
      "nome": "3 Minutes, Titanium Made Earpick"
    },
    {
      "numero": 3,
      "url": "https://lightspeedst.net/s1/mp4/180-byou-de-kimi-no-mimi-wo-shiawase-ni-dekiru-ka/hd/3.mp4",
      "nome": "3 Minutes, Wind Chimes and Cicadas. Sound of Ice"
    },
    {
      "numero": 4,
      "url": "https://lightspeedst.net/s1/mp4/180-byou-de-kimi-no-mimi-wo-shiawase-ni-dekiru-ka/hd/4.mp4",
      "nome": "3 Minutes, Carbonated Water"
    },
    {
      "numero": 5,
      "url": "https://lightspeedst.net/s1/mp4/180-byou-de-kimi-no-mimi-wo-shiawase-ni-dekiru-ka/hd/5.mp4",
      "nome": "3 Minutes, Baby Cotton Swab"
    },
    {
      "numero": 6,
      "url": "https://lightspeedst.net/s1/mp4/180-byou-de-kimi-no-mimi-wo-shiawase-ni-dekiru-ka/hd/6.mp4",
      "nome": "3 Minutes, Cream"
    }
  ]
}