{
  "id": 35248,
  "title": "18if",
  "title_jp": "18if",
  "slug": "18if",
  "type": "legendados",
  "format": "TV",
  "images": {
    "poster": "https://cdn.myanimelist.net/images/anime/7/86743l.webp",
    "banner": "https://cdn.myanimelist.net/images/anime/7/86743.jpg"
  },
  "trailer": "https://www.youtube-nocookie.com/embed/M2TR-BNRL6U?enablejsapi=1&wmode=opaque&autoplay=1",
  "synopsis": "Waking up in a strange bedroom in a dream world, teenager Haruto Tsukishiro finds a strange app on his phone. When he activates the program, an odd woman appears and tries to drag him to her realm. Luckily, a mysterious, white-haired girl severs their connection and helps him escape, revealing that the woman is a witch; however, their conversation is cut short. As Haruto enters the realm again, he meets an anthropomorphic, talking cat named Katsumi Kanzaki. While the witch's minions pursue them, the white-haired girl opens a door for them to escape.\n\nAfter their ordeal, Haruto describes their savior—which only he can see—and Katsumi, the leading authority on dream world research, realizes that she must be \"Lily,\" a being that resurfaces repeatedly across multiple dreamscapes. Hoping to leave the dream world through a blue door, they enter the witch's realm once again. Finding themselves in peril, Lily reveals the truth to Haruto: witches suffer from \"Sleeping Beauty Syndrome,\" a coma-like sleep state induced by torment in their real world lives. Thus, they cannot wake until they are defeated in the dream world.\n\nAfter finally defeating the witch and locating the blue door, Haruto and Katsumi say their farewells, promising to meet up in the real world. However, when Haruto exits through the door, he awakens in the dream world bedroom once more. Seeking answers, Haruto and Katsumi try to uncover the mysteries of the witches, Lily, and Haruto's own inability to leave the dream world.\n\n[Written by MAL Rewrite]",
  "score": 6.11,
  "genres": [
    "Mystery",
    "Supernatural"
  ],
  "episodes": [
    {
      "numero": 1,
      "url": "https://www.blogger.com/video.g?token=AD6v5dwYfN3JDPxD6rgtnsaGkyIwoC-vw09DyEZUJWp_GUioVRNWsSQkzNGv2pvAp5m7YVfs42NglixzpmxExln2Hz-EbTHkleB4IcRvj_YWGr5144sT8tmspm8dp5Thp3whDDZZCpA",
      "nome": "The Witch of Thunder"
    },
    {
      "numero": 2,
      "url": "https://www.blogger.com/video.g?token=AD6v5dyIaaHGq2BZrKNXUnv3OMMihWHmY93QmuyWPwbxUkMMD3I-S01ohy5dh1rNlWwBCX3XL-292a5G8P925a8J6kNGMD8PcmoVfc7fmOwdYs3hTWsFZC0gSuXKi9GC_ls1jzPhuwUr",
      "nome": "Time Stopped at Age 12"
    },
    {
      "numero": 3,
      "url": "https://www.blogger.com/video.g?token=AD6v5dz07_dpYmI_bS4IBZrrXCWXVzXZc-VEAu2Iw3tc2cvcY2HMCByEZ0XS9O4V7O2qy5mWY7N2gnPprhqT0qtT8mz99212wacAWVXe7LVTiXOy1a_3dXpMuIcXPmU1bPV_-iWoHOBA",
      "nome": "The Witch of First Love"
    },
    {
      "numero": 4,
      "url": "https://www.blogger.com/video.g?token=AD6v5dzdMaxWgR05VQsz8yV7WORdGp_7n5t8cyLCXWzKyRiLRWiZQF6eBHb9PN4MsJXDxktVbzwYSr_zPy8MwgjqiwMsUXyUC3dj3s7kD0g9MyBX0YwibS_RJAKCLrAZjumfwrq2HQY",
      "nome": "The Witch of Gluttony"
    },
    {
      "numero": 5,
      "url": "https://www.blogger.com/video.g?token=AD6v5dxesd7n37aydUgx2n0qsYhewfVsrg3d4I5UJx1jSpIfOYW7jcR15tya4fBfhIW5LjXoynZ0lZwIegoQgLoYrNoj5sDRd4Nr0jb78ylTHDBugK9JcaBb9Z6WCfhSw2L9_SMXx8_J",
      "nome": "The Witch of Ordinariness"
    },
    {
      "numero": 6,
      "url": "https://www.blogger.com/video.g?token=AD6v5dxudaWCKQ_tcDVVc2oNMzWQXR3W0JrEO5wYKiR04r0WEO2874tgybgvJvx_fsUj43IPlJPnUjkONT-grMPH4QElJHV1tT4i4-8Xs7zYIxxTLuyGWnUrE-Z_D5caSUZ3od8wbKRl",
      "nome": "Curses Return Upon the Casters"
    },
    {
      "numero": 7,
      "url": "https://www.blogger.com/video.g?token=AD6v5dyjgsZFurtMUoNfJFtKScmWJBB4VnehLQ40UNHIsiHAt0RkND15hTnDOdmCP-jgrW_Esg6Dd40LQp3pMiYTAAAuKZGkGndstOwsQcrJMX16vGJj3UMQt72LEbMkl6Uct9jboQY",
      "nome": "And now There are none..."
    },
    {
      "numero": 8,
      "url": "https://www.blogger.com/video.g?token=AD6v5dyZGy7q-DkqenWYrkw_zfJrRHtEZ64a2yeVQw3yTYPV2fAMkE8_jSBw07QUiISyn2cE9qF0Lw_T6ebikvNI4MnbqKVV-2dDD6QcHU_RTl3NNMq3GpHFnkdMuLs52p66w7w",
      "nome": "Threshold"
    },
    {
      "numero": 9,
      "url": "https://www.blogger.com/video.g?token=AD6v5dzA0nN1dUzEzXMnnfmZFvhD2wYsaU8Mc1hsVa6J32glPsGXBJpehLJ2gebkWCb2DRtnST5DMazGetk9Ceb9-xMPRhky2qDKQdwrGBIRHVTVFMgdxfsaI0hV7RHq2nivwA5NmNGY",
      "nome": "Idols Don't Go to the Bathroom!"
    },
    {
      "numero": 10,
      "url": "https://www.blogger.com/video.g?token=AD6v5dzUlZVWMK0aFYg6hIawBO3mBglfhNCdXjfynwC0aAQV2w7Q1mqf0yyAf_HaWelKjN-PrFGkb0yu_XWSi64qv-qM4JpPpHMH9BF33qwgQ570Rnuj5PdZ5AaQonbQzZyMacmksORc",
      "nome": "Dream Dimension α"
    },
    {
      "numero": 11,
      "url": "https://www.blogger.com/video.g?token=AD6v5dwQG-2Iphfurka4RyWvsFhmNpQtsBb7Yty18l0PlHEthAUWYFe6Z7LkZqCi4_T4WK_2tbFQHWpoF97v7UIui-oksh559A4Dd2xSAc2c0_NU95RMREoaERedJ2lAm9kIF_y4CA",
      "nome": "The Thorn Cross Association"
    },
    {
      "numero": 12,
      "url": "https://www.blogger.com/video.g?token=AD6v5dzImxL-5TW8kJn7wsn6MziTPD1bmE55b0uPemNh35_1KR-6n6Pk7nvzWQ3BN8P38ROelFa55OCdH4FN6i1-GtDUlVSP1Xz84okhaq82DhMPE-wTY-SNOjulHx8wLrcYgQCERoU",
      "nome": "The Witch Wars"
    },
    {
      "numero": 13,
      "url": "https://www.blogger.com/video.g?token=AD6v5dyfdacreJGxdWLVcIlgCxft0QiwpLQiQAJhRxQaoNbryf91mBKKZv4lacxfgUBRCkF8bVpoYPoQDlbjYHvbTkEcLSLS7SkWdllswmXYM8IxK-XYyUN3EGc7NPG9vKz79McyBErb",
      "nome": "Eve's Sigh"
    }
  ]
}