{
  "id": 53802,
  "title": "2.5-jigen no Ririsa",
  "title_jp": "2.5次元の誘惑",
  "slug": "2-5-jigen-no-ririsa",
  "type": "legendados",
  "format": "TV",
  "images": {
    "poster": "https://cdn.myanimelist.net/images/anime/1779/143584l.webp",
    "banner": "https://cdn.myanimelist.net/images/anime/1779/143584.jpg"
  },
  "trailer": "https://www.youtube-nocookie.com/embed/qZw4qxjKOiU?enablejsapi=1&wmode=opaque&autoplay=1",
  "synopsis": "After a disastrous romantic confession, Masamune Okumura finds solace in the fictional world of anime and manga. Now a second-year high school student and the president of the Manga Research Club, Masamune spends a peaceful existence watching the adventures of the angel Liliel, his favorite character.\n\nIn the beginning of the academic year, Masamune’s life is turned upside down when he meets first-year student Ririsa Amano, a passionate cosplay practitioner. Despite Masamune's initial reluctance, the determined young woman manages to convince him to become her personal photographer for the production of a collection dedicated to their common favorite character: Liliel.\n\nAs Masamune enthusiastically discovers the world of cosplay and photo editing, he is unexpectedly reunited with his childhood friend Mikari Tachibana, who has become a model in the hope of impressing her beloved upperclassman. Realizing that modeling is not enough to intrigue the hopeless otaku, Mikari decides to join the club and become a cosplayer herself, all to finally have a chance at winning Masamune's heart. However, Masamune's love for fictional characters may not be capable of extending to those who impersonate them.\n\n[Written by MAL Rewrite]",
  "score": 7.41,
  "genres": [
    "Comedy",
    "Ecchi"
  ],
  "episodes": [
    {
      "numero": 1,
      "url": "https://lightspeedst.net/s7/mp4_temp/2-5-jigen-no-ririsa/1/720p.mp4",
      "nome": "New Student from Another Dimension"
    },
    {
      "numero": 2,
      "url": "https://lightspeedst.net/s7/mp4_temp/2-5-jigen-no-ririsa/2/720p.mp4",
      "nome": "Cosplay Group Potential?"
    },
    {
      "numero": 3,
      "url": "https://lightspeedst.net/s7/mp4_temp/2-5-jigen-no-ririsa/3/720p.mp4",
      "nome": "Lili x Miri"
    },
    {
      "numero": 4,
      "url": "https://lightspeedst.net/s7/mp4_temp/2-5-jigen-no-ririsa/4/720p.mp4",
      "nome": "Time for Our First Event!"
    },
    {
      "numero": 5,
      "url": "https://lightspeedst.net/s7/mp4_temp/2-5-jigen-no-ririsa/5/720p.mp4",
      "nome": "First Event Is Over!!"
    },
    {
      "numero": 6,
      "url": "https://lightspeedst.net/s7/mp4/2-5-jigen-no-ririsa/hd/6.mp4",
      "nome": "Tips from a Master!?"
    },
    {
      "numero": 7,
      "url": "https://lightspeedst.net/s7/mp4/2-5-jigen-no-ririsa/hd/7.mp4",
      "nome": "We Need an Advisor!"
    },
    {
      "numero": 8,
      "url": "https://lightspeedst.net/s7/mp4/2-5-jigen-no-ririsa/hd/8.mp4",
      "nome": "Do You Love Cosplay?"
    },
    {
      "numero": 9,
      "url": "https://lightspeedst.net/s7/mp4/2-5-jigen-no-ririsa/hd/9.mp4",
      "nome": "You're Not Liliel!"
    },
    {
      "numero": 10,
      "url": "https://lightspeedst.net/s7/mp4/2-5-jigen-no-ririsa/hd/10.mp4",
      "nome": "Mayura vs. Nagomi!!"
    },
    {
      "numero": 11,
      "url": "https://lightspeedst.net/s7/mp4/2-5-jigen-no-ririsa/hd/11.mp4",
      "nome": "My Enchanted Armor"
    },
    {
      "numero": 12,
      "url": "https://lightspeedst.net/s7/mp4/2-5-jigen-no-ririsa/hd/12.mp4",
      "nome": "Five Rising Stars"
    },
    {
      "numero": 13,
      "url": "https://lightspeedst.net/s7/mp4/2-5-jigen-no-ririsa/hd/13.mp4",
      "nome": "Can We Be Friends?"
    },
    {
      "numero": 14,
      "url": "https://lightspeedst.net/s7/mp4/2-5-jigen-no-ririsa/hd/14.mp4",
      "nome": "Together with You"
    },
    {
      "numero": 15,
      "url": "https://lightspeedst.net/s7/mp4/2-5-jigen-no-ririsa/hd/15.mp4",
      "nome": "I'll Keep Evolving"
    },
    {
      "numero": 16,
      "url": "https://lightspeedst.net/s7/mp4/2-5-jigen-no-ririsa/hd/16.mp4",
      "nome": "Your Way, My Way"
    },
    {
      "numero": 17,
      "url": "https://lightspeedst.net/s7/mp4/2-5-jigen-no-ririsa/hd/17.mp4",
      "nome": "Comrades in (Cosplay) Arms"
    },
    {
      "numero": 18,
      "url": "https://lightspeedst.net/s7/mp4/2-5-jigen-no-ririsa/hd/18.mp4",
      "nome": "Destiny"
    },
    {
      "numero": 19,
      "url": "https://lightspeedst.net/s7/mp4_temp/2-5-jigen-no-ririsa/19/720p.mp4",
      "nome": "Time for Summer Comiket!"
    },
    {
      "numero": 20,
      "url": "https://lightspeedst.net/s7/mp4_temp/2-5-jigen-no-ririsa/20/720p.mp4",
      "nome": "The World We Create with Our Friends"
    },
    {
      "numero": 21,
      "url": "https://lightspeedst.net/s7/mp4_temp/2-5-jigen-no-ririsa/21/720p.mp4",
      "nome": "The Protagonist's Story"
    },
    {
      "numero": 22,
      "url": "https://lightspeedst.net/s7/mp4_temp/2-5-jigen-no-ririsa/22/720p.mp4",
      "nome": "This Wonderful World"
    },
    {
      "numero": 23,
      "url": "https://lightspeedst.net/s7/mp4_temp/2-5-jigen-no-ririsa/23/720p.mp4",
      "nome": "Manga Club on the Beach"
    },
    {
      "numero": 24,
      "url": "https://lightspeedst.net/s7/mp4_temp/2-5-jigen-no-ririsa/24/720p.mp4",
      "nome": "2.5-Dimensional Ririsa"
    }
  ]
}