{
  "id": 40924,
  "title": "22/7: 8＋3=?",
  "title_jp": "22/7: 8＋3=?",
  "slug": "22-7-8-3",
  "type": "legendados",
  "format": "Special",
  "images": {
    "poster": "https://cdn.myanimelist.net/images/anime/1259/109909l.webp",
    "banner": "https://cdn.myanimelist.net/images/anime/1259/109909.jpg"
  },
  "trailer": null,
  "synopsis": "Thirteenth episode included in sixth Blu-ray volume.\n\nThis episode centers on the story of Mikami Kamiki, Yuuki Toujou, and Tsubomi Hiiragi.\n\n(Source: Official Website)",
  "score": 6.52,
  "genres": [],
  "episodes": [
    {
      "numero": 1,
      "url": "https://www.blogger.com/video.g?token=AD6v5dz1l0kN871oXzYkUkBzZCCqK9JanYod4gKA-dFEpFjnvkKs3fdNTEkDgdAa-PRsAvZsmk6HdsLVdbPu_BV3kZwofh3tJhTFV0n7K3_KJXwH4klawAef5tbvGOZgWQqHRJX_xnA"
    }
  ]
}