{
  "id": 40148,
  "title": "22/7",
  "title_jp": "22/7",
  "slug": "22-7",
  "type": "legendados",
  "format": "TV",
  "images": {
    "poster": "https://cdn.myanimelist.net/images/anime/1485/108385l.webp",
    "banner": "https://cdn.myanimelist.net/images/anime/1485/108385.jpg"
  },
  "trailer": "https://www.youtube-nocookie.com/embed/aX91a_qeTC4?enablejsapi=1&wmode=opaque&autoplay=1",
  "synopsis": "Miu Takigawa views the world from behind the safety of her bangs, content with peacefully passing unnoticed through life. Reserved and timid, Miu struggles to converse with or even smile at customers when at her part time job, but she works tirelessly to support her mother and precious little sister, Haru. It is a shock when a letter arrives from the entertainment company GIP, announcing that she has been chosen as a candidate for their new project. \n\nMiu decides to accept the invitation and heads to the meeting spot where the eccentric ensemble of other candidates filter in, all summoned by their own letters. Not long after, the girls are escorted by a manager to a luxurious secret facility, where it is explained that they must follow the mysterious directions of \"The Wall,\" whose orders are absolute. \n\nThe 24th of December, 2016, will see the birth of idols like no other; on that day, the group 22/7 will debut, whether or not Miu and the other members are ready to take the stage.\n\n[Written by MAL Rewrite]",
  "score": 6.79,
  "genres": [
    "Drama"
  ],
  "episodes": [
    {
      "numero": 1,
      "url": "https://www.blogger.com/video.g?token=AD6v5dwmUhVmHK7BL-FXKNSEJQIDK7xWpW8G6wWHqIIuSFNY1Q5je5tRr6HWkaTfH4nW0BlBG3_LFdRk_3kX465s92PCO4uT8RGR_npCZbY-rhR5WBXwMG7WjiiKF5FiP41rW3jhhSFw",
      "nome": "Goodbye Small World"
    },
    {
      "numero": 2,
      "url": "https://www.blogger.com/video.g?token=AD6v5dxx3JAKCaOMdQt7VUy2TpxWa4K82XmiNXNHcEGoSpe_AeDEuZPbFjpdGwQUWDNdNXyIfLtLx-ugmpsFa9XhE80mq1QnG7cjdwadPSoiwfFSKvIN_Nrxig0BpjgkWwvCgZu-6mk",
      "nome": "Amid the Dizziness"
    },
    {
      "numero": 3,
      "url": "https://www.blogger.com/video.g?token=AD6v5dx7-N4GEfazmbPP4pO7wkiVTB2pYIIxPs1S6PfymeFf3DZLi0WNIGmDk30vw1_N73MhXiw5xgCFJE9zJj0QvkqScTKANYrdjR-pTBV6VHVgrhRy-F8zzBPcTOYALL81uVNZL06N",
      "nome": "Hello New World"
    },
    {
      "numero": 4,
      "url": "https://www.blogger.com/video.g?token=AD6v5dxYTXD35Nz6BT-zg8LsH2_jyWRAICTZDFpiKFhFQZSqbRjD8DX3KbVOJtdpMliSXXR6hkUCg3nbOO8ZRfFovYyq99dtU0iGnSo88FQDGbq1yYLUkkYHud334i52hWmL3blLPKw",
      "nome": "The Promised Flower"
    },
    {
      "numero": 5,
      "url": "https://www.blogger.com/video.g?token=AD6v5dzVZFYMu_vYH8me31TvWhl4ruq8oVoSqq_DqvWWlbyteUNTManqK23kR36dGqc_iKFmBefvWp_A-ac_5BnZWkEqkxFygSXEJ4IDgs0ro08frZQFDI2bweyACNMP_OtEiFPKfLg",
      "nome": "Just Flip It Over!"
    },
    {
      "numero": 6,
      "url": "https://www.blogger.com/video.g?token=AD6v5dzAhSfBYYHrPfYKQ2Jj0QBFhqmWHiJPDHiEjg8tx0uwImcJ-spCoEefjhgcO9zQ1OGCxpr3tiHfFM8gnRAFo4cT2QVsaW4EKISulOQ27h9tEMmJHzaNSdWnlcHWHtXYfKW8K5rI",
      "nome": "Between the Even and Odd Numbers"
    },
    {
      "numero": 7,
      "url": "https://www.blogger.com/video.g?token=AD6v5dxXIjuEaeVqFwqCmZ757nN_AblhqFWVqBQNNhszQ6AM0bKloNW4sgIJD0azunWwjgNSxcWQEKrocmKJ6vXSPDBH_axI0wfLMkN8Wv21uLZz6jLdTH74ZI5uKkkJPlukBiRuJhE",
      "nome": "Happy☆Jet☆Coaster"
    },
    {
      "numero": 8,
      "url": "https://www.blogger.com/video.g?token=AD6v5dxVmP8l-BfShPuwZSpLhArYnSUwNJ43Mv6echybKv3vyQbVj-SB6S7F7XcYCr4E2hLYMq7ck1sYY4ZIFMNUuyoxtu4uTW8TrQZtidbW8g6DzvC4d0Jyz1xOvI43KG2flUCV9N4y",
      "nome": "Dreaming Robot"
    },
    {
      "numero": 9,
      "url": "https://www.blogger.com/video.g?token=AD6v5dzABU1X564_xwQBugPOAY2kvd1Ug725i165e0h-4wKXs3_OYMumW0dCAIQ7RXHRX80MYO6V0vnQOhb6GPgAHUxRiSPAvHELxlrov4nPbtI8MC7LmZWgYO5T1bsagzF1hMZMScgx",
      "nome": "Lullaby of the Stars"
    },
    {
      "numero": 10,
      "url": "https://www.blogger.com/video.g?token=AD6v5dwgWIdHCXLol1pYeYQSwulCchP1Sk8uLtldv1W0nMGV1lncu-9P1oapUiiaJdFd36JWQybflfDP8RsP9Zo0qL19PXV5HacJhnOrYkNuRCml85MCyUutYMOrB5eS0UYqZPk__gly",
      "nome": "Goodbye to Our World"
    },
    {
      "numero": 11,
      "url": "https://www.blogger.com/video.g?token=AD6v5dzZbN5XAZUPlxCsX36H069ih3CHsk2wGf9Ul6I4Ig2fMVt9afcJkVG5BYDzv2hOBBHcG3TPwQwoDpYjeZzsQ47n_CSvZ1j_LWl0BKVLCksQbTbW2vT58PmFA7Gm2jXFUtf4x2QP",
      "nome": "Chasing Our Dreams"
    },
    {
      "numero": 12,
      "url": "https://www.blogger.com/video.g?token=AD6v5dzXVQABwUSYVnyRainAZFXU2XCd3Fclq3yNCfEFyEfN5310EmVJmQ9dVOrDDh5awcjqQbJd9inQB_9sSfhB7J33-MpqrVo5ufTEsA7zv3xovp-tdt64n0mJn5yFoeWfn5Z4f0o",
      "nome": "22/7 (nanabun no nijyuuni)"
    },
    {
      "numero": 13,
      "url": "https://lightspeedst.net/s3/mp4/22-7/hd/13.mp4"
    }
  ]
}