{
  "id": 36840,
  "title": "25-sai no Joshikousei",
  "title_jp": "25歳の女子高生",
  "slug": "25-sai-no-joshikousei",
  "type": "legendados",
  "format": "ONA",
  "images": {
    "poster": "https://cdn.myanimelist.net/images/anime/12/89091l.webp",
    "banner": null
  },
  "trailer": null,
  "synopsis": "Once most students are done with high school, they leave and never come back. However, at 25 years old, Hana Natori  finds herself in the role of a student once more at her aunt's request. \n\nSince Hana's cousin, Kaho Miyoshi, refuses to go to school, her aunt begs Hana to take Kaho's place, since the two of them are practically identical. But as luck would have it, she is recognized by Okito Kanie—an old classmate from her days in high school—who is now a teacher! With her cover blown, Hana assumes Kanie will expose her secret. But when he suddenly kisses her, she soon learns he has other ideas.\n\n[Written by MAL Rewrite]",
  "score": 5.6,
  "genres": [
    "Hentai"
  ],
  "episodes": [
    {
      "numero": 1,
      "url": "https://www.blogger.com/video.g?token=AD6v5dyh3EngH9YvJhqJRP_Jn1L0E9nHJSD4cxrJpi8TPiZgoDR9fFqJn_RsRxiPlvGm_lwzniRiA9ZS5JrgQgffr5ukudynDvumlfmuO3cgjYe73T_xOcEDvDBC5zwRfLHj_72R_W4"
    },
    {
      "numero": 2,
      "url": "https://www.blogger.com/video.g?token=AD6v5dzH3rtAK9Oo6ZCA-YmX4cHhDhQhjCXa35p9C0qJraCM4KfMRJKll1hrDnpVrTH_4-yGlwm2oiZXeniSQldrqatwNqmK5UMUo0LiplXu63NBYx_3IWaTuHS5rr47NZH-D8hz9glI"
    },
    {
      "numero": 3,
      "url": "https://www.blogger.com/video.g?token=AD6v5dxAIYn2p3dx_FbrYRk1kbOBoO6BeEHQ5FdKYRc-x8LlHReP1bUuPHiidalpERt_6aBQ8UvHi_iCxk-m4eEGddwfvILnT_lmeuXFBCx4r-KQVKzEJacZxLOWMJPScOS3a7TMWs3d"
    },
    {
      "numero": 4,
      "url": "https://www.blogger.com/video.g?token=AD6v5dyk_1MTZC-xaN8U2SS72cJ-iYjzgI4135L8L1EkDJ8GkvEEw7dpoF0uQpepHSmjiPDR1_3mNFWoQ9xAgirWKHaHEW1c9f3fAOEa0uLXQu4u523-6QTKHGrS9mjzUJdusK10EYZ0"
    },
    {
      "numero": 5,
      "url": "https://www.blogger.com/video.g?token=AD6v5dyGOEW7MdWAoNzVqXJQImve1QgNXfWQc5qRJyBoIUCypuuG8aLMulL7fEibRvw54zkJBG3vKhqQoaG0bNZp9hX15oE8s4IVQfJaP1EtSK6W8FskJSUZvuNPgqucPQiXsTx_jcA"
    },
    {
      "numero": 6,
      "url": "https://www.blogger.com/video.g?token=AD6v5dxsS7qR9tL7b3tDdpaZ8jcsi6qLEfvUH171j3Xmsb_ScvQA8St6_fqSdq3VlHCWbCpENMxqVQ-4YjPWqOCD8ZnY5mItGIFGHlLIresTGf8NijprAubB-FyqLT1X_Qqp_GPaD_Um"
    },
    {
      "numero": 7,
      "url": "https://www.blogger.com/video.g?token=AD6v5dzy2n59NGw6wVHwz6KmiwAV9wVNYaioj69u8mf_0erC5LyZ2ZKelwIeFCjWrO0vwFLxnT1XIeCNCjzeEVKnJ-z-lTVtSPLNYM7tyhZB9m9sqXkixwAzOSghiqXLnVw4gaYxvf8"
    },
    {
      "numero": 8,
      "url": "https://www.blogger.com/video.g?token=AD6v5dzeQzEgvPXiovcYH3KeI_ygQafJ4WPCNZvg5TQFMdCnhAWxO_StMPxje-tcB53mxlc8_HjVE9l4SIx8G5iRlOvNs2w44qme3acTwKTj_6Rs1DONuiT0M1WcIY3C7Zb8-rwVkr8"
    },
    {
      "numero": 9,
      "url": "https://www.blogger.com/video.g?token=AD6v5dxV4gYX2Q0wpw66-5bx0_fUdbGAfNf942mwbRVgR8-DOObeLdbrz5FjP41E2_0kyMkBf5k4u651r9YXNojkx2TH0Xv6JyQw-A5YctfHkcoG3YWeJ2DdP1PWDD21lEy28q2ZaKU"
    },
    {
      "numero": 10,
      "url": "https://www.blogger.com/video.g?token=AD6v5dwc7e6Hx6uarYdohXayRz35eTUIYEwDnGKyIDx3tZNAWM3VEuRPPKgNtv6e544-jS3JwS8dsI3ouwg70Nj2RZ5kznHifSCy-97C9O8PFe7lUGjfYsMwXpueKgeSBDsZ6824BI36"
    },
    {
      "numero": 11,
      "url": "https://www.blogger.com/video.g?token=AD6v5dxkILyeoV-wgZyzvmXHgTfhP1MLYWkdiehmPa2x1RL3_ICXh1gjItYVGQiGdaYLfcy9k4yaXGbAVwy-26fKu-DL4zGnCFxtqzkYv8cqK_DUeY7HFTCfLTo181LtJR_-yXcqJlY"
    },
    {
      "numero": 12,
      "url": "https://www.blogger.com/video.g?token=AD6v5dyuNpUWzmAS8agZZ61CH2QKZ9TNyPx51_h2VkQqafqr2dGx3DVt-vLU3wtnOtjrmzT5czhQCsdcRH9ombTMimWphkclKDukdxlVW7vWsmrpGLxYihpaIofWfMRRPtZzdM9qGo0"
    }
  ]
}