{
  "id": 31646,
  "title": "3-gatsu no Lion",
  "title_jp": "3月のライオン",
  "slug": "3-gatsu-no-lion",
  "type": "legendados",
  "format": "TV",
  "images": {
    "poster": "https://cdn.myanimelist.net/images/anime/3/82899l.webp",
    "banner": "https://cdn.myanimelist.net/images/anime/3/82899.jpg"
  },
  "trailer": "https://www.youtube-nocookie.com/embed/ZL5nnx4vd7k?enablejsapi=1&wmode=opaque&autoplay=1",
  "synopsis": "Having reached professional status in middle school, Rei Kiriyama is one of the few elite in the world of shogi. Due to this, he faces an enormous amount of pressure, both from the shogi community and his adoptive family. Seeking independence from his tense home life, he moves into an apartment in Tokyo. As a 17-year-old living on his own, Rei tends to take poor care of himself, and his reclusive personality ostracizes him from his peers in school and at the shogi hall.\n\nHowever, not long after his arrival in Tokyo, Rei meets Akari, Hinata, and Momo Kawamoto, a trio of sisters living with their grandfather who owns a traditional wagashi shop. Akari, the oldest of the three girls, is determined to combat Rei's loneliness and poorly sustained lifestyle with motherly hospitality. The Kawamoto sisters, coping with past tragedies, also share with Rei a unique familial bond that he has lacked for most of his life. As he struggles to maintain himself physically and mentally through his shogi career, Rei must learn how to interact with others and understand his own complex emotions.\n\n[Written by MAL Rewrite]",
  "score": 8.37,
  "genres": [
    "Drama"
  ],
  "episodes": [
    {
      "numero": 1,
      "url": "https://lightspeedst.net/s3/mp4/3-gatsu-no-lion/sd/1.mp4",
      "nome": "Chapter 1 Rei Kiriyama / Chapter 2 The Town Along the River"
    },
    {
      "numero": 2,
      "url": "https://lightspeedst.net/s3/mp4/3-gatsu-no-lion/sd/2.mp4",
      "nome": "Chapter 3 Akari / Chapter 4 Beyond the Bridge"
    },
    {
      "numero": 3,
      "url": "https://lightspeedst.net/s3/mp4/3-gatsu-no-lion/sd/3.mp4",
      "nome": "Chapter 5 Harunobu / Chapter 6 Beyond the Night Sky"
    },
    {
      "numero": 4,
      "url": "https://lightspeedst.net/s3/mp4/3-gatsu-no-lion/sd/4.mp4",
      "nome": "Chapter 7 Hina / Chapter 8 V.S."
    },
    {
      "numero": 5,
      "url": "https://lightspeedst.net/s3/mp4/3-gatsu-no-lion/sd/5.mp4",
      "nome": "Chapter 9 Agreement / Chapter 10 Over the Cuckoo's Nest"
    },
    {
      "numero": 6,
      "url": "https://lightspeedst.net/s3/mp4/3-gatsu-no-lion/sd/6.mp4",
      "nome": "Chapter 11 Child of God (Part One) / Chapter 12 Child of God (Part Two)"
    },
    {
      "numero": 7,
      "url": "https://lightspeedst.net/s3/mp4/3-gatsu-no-lion/sd/7.mp4",
      "nome": "Chapter 13 Child of God (Part Three) / Chapter 14 Important Things. Important Matters / Chapter 15 Teach Me How to Play Shogi"
    },
    {
      "numero": 8,
      "url": "https://lightspeedst.net/s3/mp4/3-gatsu-no-lion/sd/8.mp4",
      "nome": "Chapter 15 Teach Me How to Play Shogi / Chapter 16 Image / Chapter 17 Distant Thunder"
    },
    {
      "numero": 9,
      "url": "https://lightspeedst.net/s3/mp4/3-gatsu-no-lion/sd/9.mp4",
      "nome": "Chapter 18 Distant Thunder (Part 2) / Chapter 19 Distant Thunder (Part 3)"
    },
    {
      "numero": 10,
      "url": "https://lightspeedst.net/s3/mp4/3-gatsu-no-lion/sd/10.mp4",
      "nome": "Chapter 20 Something Given (Part 1) / Chapter 21 Something Given (Part 2)"
    },
    {
      "numero": 11,
      "url": "https://lightspeedst.net/s3/mp4/3-gatsu-no-lion/sd/11.mp4",
      "nome": "Chapter 22 The Old Year / Chapter 23 The New Year"
    },
    {
      "numero": 12,
      "url": "https://lightspeedst.net/s3/mp4/3-gatsu-no-lion/sd/12.mp4",
      "nome": "Chapter 24 What Lies on the Opposite Shore / Chapter 25 Black River (Part 1)"
    },
    {
      "numero": 13,
      "url": "https://lightspeedst.net/s3/mp4/3-gatsu-no-lion/sd/13.mp4",
      "nome": "Chapter 26 Black River (Part 2) / Chapter 27 Beyond the Door"
    },
    {
      "numero": 14,
      "url": "https://lightspeedst.net/s3/mp4/3-gatsu-no-lion/sd/14.mp4",
      "nome": "Chapter 28 Blinding Darkness / Chapter 29 Just a Little Water"
    },
    {
      "numero": 15,
      "url": "https://lightspeedst.net/s3/mp4/3-gatsu-no-lion/sd/15.mp4",
      "nome": "Chapter 30 Moonlight / Chapter 31 Lump of Ego"
    },
    {
      "numero": 16,
      "url": "https://lightspeedst.net/s3/mp4/3-gatsu-no-lion/sd/16.mp4",
      "nome": "Chapter 32 Running Through the Night / Chapter 33 Middle of the Slope"
    },
    {
      "numero": 17,
      "url": "https://lightspeedst.net/s3/mp4/3-gatsu-no-lion/sd/17.mp4",
      "nome": "Chatper 34 Silver Thread / Chapter 35 Water's Surface / Chapter 36 Base of the Blue Night"
    },
    {
      "numero": 18,
      "url": "https://lightspeedst.net/s3/mp4/3-gatsu-no-lion/sd/18.mp4",
      "nome": "Chapter 37 Torrent / Chapter 38 Passing Time"
    },
    {
      "numero": 19,
      "url": "https://lightspeedst.net/s3/mp4/3-gatsu-no-lion/sd/19.mp4",
      "nome": "Chapter 39: Passing the Night / Chapter 40: Kyoto (Part 1)"
    },
    {
      "numero": 20,
      "url": "https://lightspeedst.net/s3/mp4/3-gatsu-no-lion/sd/20.mp4",
      "nome": "Chapter 41: Kyoto (Part 2) / Chapter 42: Kyoto (Part 3)"
    },
    {
      "numero": 21,
      "url": "https://lightspeedst.net/s3/mp4/3-gatsu-no-lion/sd/21.mp4",
      "nome": "Chapter 43: When the Cherry Blossoms Bloom / Chapter 44: Small Murmur"
    },
    {
      "numero": 22,
      "url": "https://lightspeedst.net/s3/mp4/3-gatsu-no-lion/sd/22.mp4",
      "nome": "Chapter 45: New School Term / Spin-off: Fighter"
    },
    {
      "numero": 23,
      "url": "https://lightspeedst.net/s3/mp4/3-gatsu-no-lion/sd/23.mp4"
    },
    {
      "numero": 24,
      "url": "https://www.blogger.com/video.g?token=AD6v5dySZrJXmmIWnZU5ULuzYkp3q9i21h7JQ10NsGSrLxW-k_1cFXnIVxg6B2Qpnw0jvt-6-WzAuFhVNS-IlyMRkZOB-lf2XCeInEAKfQKPnJZMiSRxt8qHKdwVYsmX3lQ9L8k_W0s"
    }
  ]
}