{
  "id": 35180,
  "title": "3-gatsu no Lion 2nd Season",
  "title_jp": "3月のライオン 第2シリーズ",
  "slug": "3-gatsu-no-lion-2nd-season",
  "type": "legendados",
  "format": "TV",
  "images": {
    "poster": "https://cdn.myanimelist.net/images/anime/3/88469l.webp",
    "banner": "https://cdn.myanimelist.net/images/anime/3/88469.jpg"
  },
  "trailer": "https://www.youtube-nocookie.com/embed/OfSaJb5OOPA?enablejsapi=1&wmode=opaque&autoplay=1",
  "synopsis": "Now in his second year of high school, Rei Kiriyama continues pushing through his struggles in the professional shogi world as well as his personal life. Surrounded by vibrant personalities at the shogi hall, the school club, and in the local community, his solitary shell slowly begins to crack. Among them are the three Kawamoto sisters—Akari, Hinata, and Momo—who forge an affectionate and familial bond with Rei. Through these ties, he realizes that everyone is burdened by their own emotional hardships and begins learning how to rely on others while supporting them in return. \n\nNonetheless, the life of a professional is not easy. Between tournaments, championships, and title matches, the pressure mounts as Rei advances through the ranks and encounters incredibly skilled opponents. As he manages his relationships with those who have grown close to him, the shogi player continues to search for the reason he plays the game that defines his career.\n\n[Written by MAL Rewrite]",
  "score": 8.9,
  "genres": [
    "Drama"
  ],
  "episodes": [
    {
      "numero": 1,
      "url": "https://lightspeedst.net/s7/mp4/3-gatsu-no-lion-2nd-season/hd/1.mp4",
      "nome": "Chapter 46 Setting Sun / Chapter 47 Ramune"
    },
    {
      "numero": 2,
      "url": "https://lightspeedst.net/s7/mp4/3-gatsu-no-lion-2nd-season/hd/2.mp4",
      "nome": "Chapter 48 Chaos / Chapter 49 Kumakura"
    },
    {
      "numero": 3,
      "url": "https://lightspeedst.net/s7/mp4/3-gatsu-no-lion-2nd-season/hd/3.mp4",
      "nome": "Chapter 50 June / Chapter 51 Ladybug Bush (Part 1)"
    },
    {
      "numero": 4,
      "url": "https://lightspeedst.net/s7/mp4/3-gatsu-no-lion-2nd-season/hd/4.mp4",
      "nome": "Chapter 52 Ladybug Bush (Part 2) / Chapter 53 Ladybug Bush (Part 3) / Chapter 54 Feelings"
    },
    {
      "numero": 5,
      "url": "https://lightspeedst.net/s7/mp4/3-gatsu-no-lion-2nd-season/hd/5.mp4",
      "nome": "Chapter 54 Feelings (Continued) / Chapter 55 Confession"
    },
    {
      "numero": 6,
      "url": "https://lightspeedst.net/s7/mp4/3-gatsu-no-lion-2nd-season/hd/6.mp4",
      "nome": "Chapter 56 Small World / Chapter 57 Letter"
    },
    {
      "numero": 7,
      "url": "https://lightspeedst.net/s7/mp4/3-gatsu-no-lion-2nd-season/hd/7.mp4",
      "nome": "Chapter 58 Start of the Rainy Season / Chapter 59 Hachiya"
    },
    {
      "numero": 8,
      "url": "https://lightspeedst.net/s7/mp4/3-gatsu-no-lion-2nd-season/sd/8.mp4",
      "nome": "Chapter 60 Midday Moon / Chapter 61 Adventurers"
    },
    {
      "numero": 9,
      "url": "https://lightspeedst.net/s7/mp4/3-gatsu-no-lion-2nd-season/hd/9.mp4",
      "nome": "Chapter 62 Kingdom (Part 1) / Chapter 63 Kingdom (Part 2)"
    },
    {
      "numero": 10,
      "url": "https://lightspeedst.net/s7/mp4/3-gatsu-no-lion-2nd-season/hd/10.mp4",
      "nome": "Chapter 64 Silver Wings / Chapter 65 River Scenery"
    },
    {
      "numero": 11,
      "url": "https://lightspeedst.net/s7/mp4/3-gatsu-no-lion-2nd-season/hd/11.mp4",
      "nome": "Chapter 66 Where the Sun Shines / Chapter 67 Small World"
    },
    {
      "numero": 12,
      "url": "https://lightspeedst.net/s7/mp4/3-gatsu-no-lion-2nd-season/hd/12.mp4",
      "nome": "Chapter 68 Black Mist / Chapter 69 Light"
    },
    {
      "numero": 13,
      "url": "https://lightspeedst.net/s7/mp4/3-gatsu-no-lion-2nd-season/hd/13.mp4",
      "nome": "Chapter 70 Small Palm / Chapter 71 In the Sun"
    },
    {
      "numero": 14,
      "url": "https://lightspeedst.net/s7/mp4/3-gatsu-no-lion-2nd-season/hd/14.mp4",
      "nome": "Chapter 72 Flowing Away / Chapter 73 White Storm (Part 1)"
    },
    {
      "numero": 15,
      "url": "https://lightspeedst.net/s7/mp4/3-gatsu-no-lion-2nd-season/hd/15.mp4",
      "nome": "Chapter 74 White Storm (Part 2) / Chapter 75 White Storm (Part 3) / Chapter 76 White Storm (Part 4)"
    },
    {
      "numero": 16,
      "url": "https://lightspeedst.net/s7/mp4/3-gatsu-no-lion-2nd-season/hd/16.mp4",
      "nome": "Chapter 76 White Storm (Part 4, Continued) / Chapter 77 White Storm (Part 5) / Chapter 78 Restart"
    },
    {
      "numero": 17,
      "url": "https://lightspeedst.net/s7/mp4/3-gatsu-no-lion-2nd-season/hd/17.mp4",
      "nome": "Chapter 79 Burnt Field (Part 1) / Chapter 80 Burnt Field (Part 2)"
    },
    {
      "numero": 18,
      "url": "https://lightspeedst.net/s7/mp4/3-gatsu-no-lion-2nd-season/hd/18.mp4",
      "nome": "Chapter 81 Burnt Field (Part 3) / Chapter 82 Burnt Field (Part 4)"
    },
    {
      "numero": 19,
      "url": "https://lightspeedst.net/s7/mp4/3-gatsu-no-lion-2nd-season/hd/19.mp4",
      "nome": "Chapter 83 Being Here / Chapter 84 Summer Vacation (Part 1)"
    },
    {
      "numero": 20,
      "url": "https://lightspeedst.net/s7/mp4/3-gatsu-no-lion-2nd-season/hd/20.mp4",
      "nome": "Chapter 85 Summer Vacation (Part 2) / Chapter 86 New Year"
    },
    {
      "numero": 21,
      "url": "https://lightspeedst.net/s7/mp4/3-gatsu-no-lion-2nd-season/hd/21.mp4",
      "nome": "Chapter 87 Passing Time / Chapter 88 Spring Comes"
    },
    {
      "numero": 22,
      "url": "https://lightspeedst.net/s7/mp4/3-gatsu-no-lion-2nd-season/hd/22.mp4",
      "nome": "Extra Chapter The Other House / Chapter 89 Child of March Town"
    }
  ]
}