{
  "id": 54757,
  "title": "3-nen Z-gumi Ginpachi-sensei",
  "title_jp": "銀魂 3年Z組銀八先生",
  "slug": "3-nen-z-gumi-ginpachi-sensei",
  "type": "legendados",
  "format": "TV",
  "images": {
    "poster": "https://cdn.myanimelist.net/images/anime/1643/151547l.webp",
    "banner": "https://cdn.myanimelist.net/images/anime/1643/151547.jpg"
  },
  "trailer": "https://www.youtube-nocookie.com/embed/UXf-WAfTiJw?enablejsapi=1&wmode=opaque&autoplay=1",
  "synopsis": "The spin-off anime to Gintama follows Ginpachi Sakata as a teacher in Gintama High School.",
  "score": 7.77,
  "genres": [
    "Comedy"
  ],
  "episodes": [
    {
      "numero": 1,
      "url": "https://lightspeedst.net/s5/mp4_temp/3-nen-z-gumi-ginpachi-sensei/1/720p.mp4"
    },
    {
      "numero": 2,
      "url": "https://lightspeedst.net/s5/mp4_temp/3-nen-z-gumi-ginpachi-sensei/2/720p.mp4"
    },
    {
      "numero": 3,
      "url": "https://lightspeedst.net/s5/mp4_temp/3-nen-z-gumi-ginpachi-sensei/3/720p.mp4"
    },
    {
      "numero": 4,
      "url": "https://lightspeedst.net/s5/mp4_temp/3-nen-z-gumi-ginpachi-sensei/4/720p.mp4"
    },
    {
      "numero": 5,
      "url": "https://lightspeedst.net/s5/mp4_temp/3-nen-z-gumi-ginpachi-sensei/5/720p.mp4"
    },
    {
      "numero": 6,
      "url": "https://lightspeedst.net/s5/mp4_temp/3-nen-z-gumi-ginpachi-sensei/6/720p.mp4"
    },
    {
      "numero": 7,
      "url": "https://lightspeedst.net/s5/mp4_temp/3-nen-z-gumi-ginpachi-sensei/7/720p.mp4"
    },
    {
      "numero": 8,
      "url": "https://lightspeedst.net/s2/mp4_temp/3-nen-z-gumi-ginpachi-sensei/8/720p.mp4"
    },
    {
      "numero": 9,
      "url": "https://lightspeedst.net/s2/mp4_temp/3-nen-z-gumi-ginpachi-sensei/9/720p.mp4"
    },
    {
      "numero": 10,
      "url": "https://lightspeedst.net/s2/mp4_temp/3-nen-z-gumi-ginpachi-sensei/10/720p.mp4"
    }
  ]
}