{
  "id": 9624,
  "title": "30-Sai No Hoken Taiiku",
  "title_jp": "30歳の保健体育",
  "slug": "30-sai-no-hoken-taiiku",
  "type": "legendados",
  "format": "TV",
  "images": {
    "poster": "https://cdn.myanimelist.net/images/anime/2/81172l.webp",
    "banner": "https://cdn.myanimelist.net/images/anime/2/81172.jpg"
  },
  "trailer": "https://www.youtube-nocookie.com/embed/N1FSHkgVgt0?enablejsapi=1&wmode=opaque&autoplay=1",
  "synopsis": "Based on Mitsuba and Ichijinsha's 30-sai no Hoken Taiiku (Health and Physical Education for 30-Year-Olds) guidebook. The guide is aimed at men in their 30s who have not experienced romance or sex with women yet.\n\nImagawa Hayao is a 30-year-old virgin bachelor. One day, a cupid descends from heaven with the express purpose of forcing him to graduate from virginity. Thus unfolds a pure love story between a 30-year-old bachelor and a 30-year-old bachelorette.\n\n(Source: AniDB)",
  "score": 6.61,
  "genres": [
    "Comedy",
    "Romance",
    "Ecchi"
  ],
  "episodes": [
    {
      "numero": 1,
      "url": "https://www.blogger.com/video.g?token=AD6v5dxF-QkS6JaKxCanPg4lYZ7wLX6dRYGs_rFe3gH8YTZdNzcAroMVhYNNBpnXc8VTeSjbT6hiG8VutkgGdT8K6fp5tACyYpPYAp19qxfv4tVgaFRgTVW40q5Ecsd93UgugigNA0Ux",
      "nome": "First Sex"
    },
    {
      "numero": 2,
      "url": "https://www.blogger.com/video.g?token=AD6v5dwgvxId9MTQqLi1JILldbk5dY3Bp3ZrVNrBWMy7026jfmSuqMEW28wUnOSTWfP3-ANPKpUFwerSQ-lmuq9CYocMNzBP3_fS96Smyq-mpivBlVIGKFpc7-6YTz-2CYezb0duoKM",
      "nome": "First Deep Kiss"
    },
    {
      "numero": 3,
      "url": "https://www.blogger.com/video.g?token=AD6v5dwn8Zw_ui5wI6oVpiI8IYNxhyk2_ZLBtRCkt2p7FaxtMldCw-z7x98Tsjz5-jqN0eyMiUn0Hh5ssYjE1-jxouun2JP7RBxXoLDvrNYcKgHBdAjeuKosupR8FxKnqTiWLYy_r50",
      "nome": "First Men's Toilets"
    },
    {
      "numero": 4,
      "url": "https://www.blogger.com/video.g?token=AD6v5dy2JruH2t5-P-x2AMlBmQTO5UvwMDkDrRrndcHzFuq5uirOTb0Nqo8uLYWFlIPkrwh6zhC6qmxo2ygBK50q6MLlsPpjGmqKwM5O-sutZ5A1DYdxxB3tcrpeeJO2xyoLTaM2euM",
      "nome": "First Miss Bulgaria"
    },
    {
      "numero": 5,
      "url": "https://www.blogger.com/video.g?token=AD6v5dyUZvyV67_LpyQp2bhKADf0qKjC3llKbC2YoDSBtoCpErdaldhhE7N92dLF_TSyiqUy3wuN1-Y6O4vO9wDfUv8Fggf6M2OuYtlf6Sd8NZDLk63ufbmT_0Z8FSRGYq4LVh-okQ",
      "nome": "First Private Video"
    },
    {
      "numero": 6,
      "url": "https://www.blogger.com/video.g?token=AD6v5dztnis8MynzX_chaDNni9DEvriTgygawcg2_gnk0WxI6bd6tm_Jb1gQMBg70-dSvOUuQQ9zXgG6DFRZvBskVwXXwOLwuGCyWUEvYLGjQOlTAYGw6XJrBR-NyFaf4PCk_8MEwYc-",
      "nome": "First Cowgirl"
    },
    {
      "numero": 7,
      "url": "https://www.blogger.com/video.g?token=AD6v5dzXEKBpbfxHnDa0FTr8R08v6OUrJz_J9LvRpYq-KvfhwbBwyFdvMuTKrXXqeL--mzXafxCKdbLVQhlEHbImxnVy6QoSoOSDCZoEDSUt4s3T8Fu7VNpN_2YhNIghA55Q_N2DReIA",
      "nome": "First Pink Vibrator"
    },
    {
      "numero": 8,
      "url": "https://www.blogger.com/video.g?token=AD6v5dxyR2ZcfNnF6xXz4QW_ZkpMB3uVDgetEHNlbbIig4YHIRH2APoXpQUG-oUkHYuOmUugWPq9OhXMYrJH9hudHWHUaJLaeGVny9gUMJe4jgl4BF6NdL248CbHTS5nmr7lW1zRhiI",
      "nome": "First Dōjinshi"
    },
    {
      "numero": 9,
      "url": "https://www.blogger.com/video.g?token=AD6v5dz72jp7-7duAtKpKEnOAeRknBRym-hPWn_KBNhpmn7EDHtNP-v2N2BltR6i3zaj3Y4HnUlVc9tDb3bk9hudj5C7wogBFRtEvDbPJHd6Rm_Qzk9BwtnsD4GLrlHi8c0pAriFMJ65",
      "nome": "First Love Hotel"
    },
    {
      "numero": 10,
      "url": "https://www.blogger.com/video.g?token=AD6v5dzpb1lTd5_WxMLnv5of2xb94Ju4NZBKdva9blNz80HphvaH4_opQ7J75AWTizHy61yGEZuiSP7ZkVFCOa2aeTm9NBtmPtaMVYhdM5HcqRkH-Th_KDY9ZiZwbsRh0FT_gSBTlHA",
      "nome": "First Affair"
    },
    {
      "numero": 11,
      "url": "https://www.blogger.com/video.g?token=AD6v5dw0GdfwZ6HPzaHe5SEoUhZ2C_af_-Axut_snjbxVf9M7xucmjlhIb0Ox2kVtu7C2wLv6r-X5EslNJLjaRj8PBkAEneeA5R7x3xHx2SE5b943zpUQiA3XSWKUey4ouAF834kkQ",
      "nome": "First Masturbation"
    },
    {
      "numero": 12,
      "url": "https://www.blogger.com/video.g?token=AD6v5dzQKshSJAx47JHoJUr-6NM7EH1JzJcq6iKZ1TErZfotEi8ZP_5fua13YuO__ALtUPKTOu4bBlHjld-ck5hV3p307kDHEbPHo877HsUbzDzxflzAW7a0RpnvwnyfMuLfWl509Lbj",
      "nome": "First Condom"
    }
  ]
}