{
  "id": 55973,
  "title": "30-sai made Doutei dato Mahoutsukai ni Nareru Rashii",
  "title_jp": "30歳まで童貞だと魔法使いになれるらしい",
  "slug": "30-sai-made-doutei-dato-mahoutsukai-ni-nareru-rashii",
  "type": "legendados",
  "format": "TV",
  "images": {
    "poster": "https://cdn.myanimelist.net/images/anime/1762/139690l.webp",
    "banner": "https://cdn.myanimelist.net/images/anime/1762/139690.jpg"
  },
  "trailer": "https://www.youtube-nocookie.com/embed/E62nxjNhDK0?enablejsapi=1&wmode=opaque&autoplay=1",
  "synopsis": "When mundane office worker Kiyoshi Adachi turns 30 years old, he discovers that he has gained the ability to read minds due simply to remaining a virgin for his entire life. The caveat, however, is that he must make physical contact with a person to know what they are thinking about. Adachi believes there is no real use for this power until he accidentally hears the thoughts of his coworker, Yuuichi Kurosawa.\n\nCharismatic and dependable, Kurosawa is the star of Adachi's team at work, earning praise and admiration from everyone at the office. But deep within, Kurosawa harbors an intense one-sided crush for the gloomy Adachi—a fact that Adachi only learns because of his ability, and knowledge he tries to respectfully disregard. As Kurosawa treats Adachi with kindness and affection he has never experienced before, Adachi finds it increasingly difficult to ignore his coworker's genuine advances.\n\n[Written by MAL Rewrite]",
  "score": 7.64,
  "genres": [
    "Boys Love",
    "Comedy"
  ],
  "episodes": [
    {
      "numero": 1,
      "url": "https://lightspeedst.net/s7/mp4/30-sai-made-doutei-dato-mahoutsukai-ni-nareru-rashii/sd/1.mp4",
      "nome": "Episode 1"
    },
    {
      "numero": 2,
      "url": "https://lightspeedst.net/s7/mp4/30-sai-made-doutei-dato-mahoutsukai-ni-nareru-rashii/fhd/2.mp4",
      "nome": "Episode 2"
    },
    {
      "numero": 3,
      "url": "https://lightspeedst.net/s7/mp4/30-sai-made-doutei-dato-mahoutsukai-ni-nareru-rashii/hd/3.mp4",
      "nome": "Episode 3"
    },
    {
      "numero": 4,
      "url": "https://lightspeedst.net/s7/mp4/30-sai-made-doutei-dato-mahoutsukai-ni-nareru-rashii/fhd/4.mp4",
      "nome": "Episode 4"
    },
    {
      "numero": 5,
      "url": "https://lightspeedst.net/s7/mp4/30-sai-made-doutei-dato-mahoutsukai-ni-nareru-rashii/sd/5.mp4",
      "nome": "Episode 5"
    },
    {
      "numero": 6,
      "url": "https://lightspeedst.net/s7/mp4/30-sai-made-doutei-dato-mahoutsukai-ni-nareru-rashii/fhd/6.mp4",
      "nome": "Episode 6"
    },
    {
      "numero": 7,
      "url": "https://lightspeedst.net/s7/mp4/30-sai-made-doutei-dato-mahoutsukai-ni-nareru-rashii/hd/7.mp4",
      "nome": "Episode 7"
    },
    {
      "numero": 8,
      "url": "https://lightspeedst.net/s7/mp4/30-sai-made-doutei-dato-mahoutsukai-ni-nareru-rashii/fhd/8.mp4",
      "nome": "Episode 8"
    },
    {
      "numero": 9,
      "url": "https://lightspeedst.net/s7/mp4/30-sai-made-doutei-dato-mahoutsukai-ni-nareru-rashii/sd/9.mp4",
      "nome": "Episode 9"
    },
    {
      "numero": 10,
      "url": "https://lightspeedst.net/s7/mp4/30-sai-made-doutei-dato-mahoutsukai-ni-nareru-rashii/fhd/10.mp4",
      "nome": "Episode 10"
    },
    {
      "numero": 11,
      "url": "https://lightspeedst.net/s7/mp4/30-sai-made-doutei-dato-mahoutsukai-ni-nareru-rashii/fhd/11.mp4",
      "nome": "Episode 11"
    },
    {
      "numero": 12,
      "url": "https://lightspeedst.net/s7/mp4/30-sai-made-doutei-dato-mahoutsukai-ni-nareru-rashii/fhd/12.mp4",
      "nome": "Episode 12"
    }
  ]
}