{
  "id": 37956,
  "title": "3D Kanojo: Real Girl 2nd Season",
  "title_jp": "3D彼女 リアルガール(第2シーズン)",
  "slug": "3d-kanojo-real-girl-2nd-season",
  "type": "legendados",
  "format": "TV",
  "images": {
    "poster": "https://cdn.myanimelist.net/images/anime/1237/113435l.webp",
    "banner": "https://cdn.myanimelist.net/images/anime/1237/113435.jpg"
  },
  "trailer": "https://www.youtube-nocookie.com/embed/HeZ4wJ8n4iU?enablejsapi=1&wmode=opaque&autoplay=1",
  "synopsis": "Teenage otaku Tsutsui is finally starting to feel comfortable in his relationship with his beautiful classmate Iroha, but the real world continues to make things tough for both of them. With the school cultural festival coming up, Tsutsui gets stuck working on the festival committee while Iroha's classmates pressure her to enter the beauty contest. Meanwhile, Tsutsui's best friend Itou finally works up the courage to confess his feelings to Ayado, but she turns him down. As Itou works to get over this rejection and Tsutsui struggles just to survive the festival, they both decide to do whatever they can to become better people. Will their good intentions pave the way to a happy outcome, or will more hearts be broken along the way?\n\n(Source: ANN)",
  "score": 7.66,
  "genres": [
    "Romance"
  ],
  "episodes": [
    {
      "numero": 1,
      "url": "https://lightspeedst.net/s3/mp4/3d-kanojo-real-girl-2nd-season/sd/1.mp4",
      "nome": "Regarding the Time We Put One Foot in the Normie World."
    },
    {
      "numero": 2,
      "url": "https://lightspeedst.net/s3/mp4/3d-kanojo-real-girl-2nd-season/sd/2.mp4",
      "nome": "Regarding the Time We Had Important Roles in the School Festival"
    },
    {
      "numero": 3,
      "url": "https://lightspeedst.net/s3/mp4/3d-kanojo-real-girl-2nd-season/sd/3.mp4",
      "nome": "Regarding My Unforeseen Family Crisis."
    },
    {
      "numero": 4,
      "url": "https://lightspeedst.net/s3/mp4/3d-kanojo-real-girl-2nd-season/sd/4.mp4",
      "nome": "Regarding the Untold Story of My Parents' Courtship."
    },
    {
      "numero": 5,
      "url": "https://lightspeedst.net/s3/mp4/3d-kanojo-real-girl-2nd-season/sd/5.mp4",
      "nome": "Regarding Miss Ayado's New Mental Anguish."
    },
    {
      "numero": 6,
      "url": "https://lightspeedst.net/s3/mp4/3d-kanojo-real-girl-2nd-season/sd/6.mp4",
      "nome": "Regarding the Courtship of My Female Friend Ishino."
    },
    {
      "numero": 7,
      "url": "https://www.blogger.com/video.g?token=AD6v5dw1dAFxXrM38_FXTBe8r4NhVyYOAFQEzeNqyZyS_8eULnadLe5uDnrgLTEaLxV9GCW01rAwdtvbS4PKyCx1EDWGRaCO55NXl7XI4zLkXmW9fB2o550aL8vGxgGdmfEbtptjbQs",
      "nome": "Regarding the Troubling Invitation from My Girlfriend."
    },
    {
      "numero": 8,
      "url": "https://www.blogger.com/video.g?token=AD6v5dxu2XAuIsW-AmldTT_dC52-vItcU9hhZ34OKGsG_2BLCJxKhpBMx2yfoEMaHrSh_hK1zcCJi_pfhljya97EdN6KWgNvs6-XiCz8H2fPXVG7g5iAq6ncFvWXpVirq5FQZ0QxNMNh",
      "nome": "Regarding When My Friend and My Maybe Friend Became Official."
    },
    {
      "numero": 9,
      "url": "https://www.blogger.com/video.g?token=AD6v5dy-PS8HDo209_EimBCEFrrVV7fcAfq7OUmpkTFGR0g5p-TlQwSOEbzgd3qYWKSR-IrqeYZ_XmNPkbRkgILYrzwAf5N3BKkjTVn5zMO4ifNezFrqWHD586eRvl2qJOgzC1kTlQsm",
      "nome": "Regarding My Choice to Have No Regrets in My High School Life"
    },
    {
      "numero": 10,
      "url": "https://www.blogger.com/video.g?token=AD6v5dxu8KdSbyhFLgRJ4DK7dMkQX6vr-3cCZPsiErXUSzOM_1voR-XK5ShCRlgHoadrkfHiUsB0egSN5QjBkpvIshRS8kL3hQYCZMoVKwKqqVT7LjeGKwn1tHel4GPa--VzRByFIQ",
      "nome": "Regarding My Thoughts on the Sacred Mysteries of Life."
    },
    {
      "numero": 11,
      "url": "https://www.blogger.com/video.g?token=AD6v5dzfiT5mhwvg7pHkxDf6YrLbE7h7Dm33b8NYyYdh95VL9mqxuFOdlMfitA-48e0NunMPxa5Jrk51Bmy87_FlOBsc3EUJhYh8wIa8D0GxnmfSDYbNXWEbBMrOVOcANt2wOgwKmBg",
      "nome": "Regarding My Last Promise to Her."
    },
    {
      "numero": 12,
      "url": "https://www.blogger.com/video.g?token=AD6v5dx7pMNt0r2G504cy8YBcf_FYy0fKjP1Eal1OWePRbEHWD6r8dhaQXsQH7l_8AxBqcWEUv816G3_aP6perpwwECl6rSMIbGT9TBhu3IGxEFVTbjvRBz1ox83P1ok50sox10c0G8",
      "nome": "Regarding Her Future and Mine."
    }
  ]
}