{
  "id": 36793,
  "title": "3D Kanojo: Real Girl",
  "title_jp": "3D彼女 リアルガール",
  "slug": "3d-kanojo-real-girl",
  "type": "legendados",
  "format": "TV",
  "images": {
    "poster": "https://cdn.myanimelist.net/images/anime/1327/93616l.webp",
    "banner": "https://cdn.myanimelist.net/images/anime/1327/93616.jpg"
  },
  "trailer": "https://www.youtube-nocookie.com/embed/NIHvbYdxdfo?enablejsapi=1&wmode=opaque&autoplay=1",
  "synopsis": "For Hikari Tsutsui, life within the two-dimensional realm is much simpler. Socially inept and awkward, he immerses himself in video games and anime, only to be relentlessly ridiculed and ostracized by his classmates. Sharing his misery is Yuuto Itou, his only friend, who wears cat ears and is equally obsessed with the world of games. \n\nAfter being forced to clean the pool as punishment for arriving late, Tsutsui meets Iroha Igarashi, but he attempts to steer clear of her, as her notoriety precedes her. Brazenly blunt, loathed by female classmates, and infamous for messing around with boys, Tsutsui believes that getting involved with her would cause nothing but problems. \n\n3D Kanojo: Real Girl is a story revolving around these two outcasts—a boy full of emotions he has never experienced before, struggling to lay them bare, and a girl who strives to break him out of his shell.\n\n[Written by MAL Rewrite]",
  "score": 6.86,
  "genres": [
    "Romance"
  ],
  "episodes": [
    {
      "numero": 1,
      "url": "https://www.blogger.com/video.g?token=AD6v5dytKaC6YqMIurbSkFkxsAIVU_0scq9XWDUjyERPR9MFAd9E9hNmFVwKH21NTxQuqoQb3nBxAKw-QKSDqzYZRfC9-ZfvN8MsAsXw33pO-MbNkECNYHtKPPK4NF7ft8RGmMtad-nX",
      "nome": "About the Time I First Met Her."
    },
    {
      "numero": 2,
      "url": "https://www.blogger.com/video.g?token=AD6v5dxYg6g4R37XqHpWbedfEfYVEudRLfwopvRw0uYZ9z9EOY-YiKBXtS_sOx30N857J51Iws25Ar2n2JXymjiLCa2RqTKRowvjgVZW8sWHmWdN4EnbmlRxtIeJXWfnuZKT8eqxf4I",
      "nome": "About the Time My Chastity Was in a Predicament."
    },
    {
      "numero": 3,
      "url": "https://www.blogger.com/video.g?token=AD6v5dyMbBf23URQKrLHtB8wjTBdcJVxABBf89ypDG6leVqJwDrU7ySWNE1SevRS82Wi-xvgfGVJkVhZ-o3bQS99EGa3MSZ971bUgibZ1NW9lOou88J3KFBoJ0qYcjBuBBQW0v5BGhfo",
      "nome": "About the Time Normies Made Me Even Worse."
    },
    {
      "numero": 4,
      "url": "https://www.blogger.com/video.g?token=AD6v5dwv5ENKWqtqRyD4C7_5tQ-QCJIUo3J08xi4mrrMXNnl1cf7Kgwzq73gdxiBqKWZYOwJetSiFUv5rK-QU4lLibskhldoDiSZUEmCuNxPJcuJ_KcLLMI-iH2d79vViLdNYTWroPo",
      "nome": "About My Dark Times"
    },
    {
      "numero": 5,
      "url": "https://www.blogger.com/video.g?token=AD6v5dyALVbtHKbYSyMLekQWqZd7kskktbCu6FhKWL0PfzlhoXQc7vr384Vzx9VWS_nQ6aD07A3k2d5l91RGKuT946utpo69WA_7ISfzscUMZKdIoWDSS1k79_GavewUUVibT6elOOFt",
      "nome": "About When I Tried to Make Summer Memories."
    },
    {
      "numero": 6,
      "url": "https://www.blogger.com/video.g?token=AD6v5dw3wr8cc1VyVtS5cfBNBE7FIq96lioeZgQNNygerkqrLHKQXiUYWt3gF6yA7h9hydAmHGIbpGSSORiaeQ-2LjliX_uWdxQwnSLgRkGEvppRCThe4I1-ADJIJcrSLmCJoCpcj2eZ",
      "nome": "About the Way I Apologize."
    },
    {
      "numero": 7,
      "url": "https://www.blogger.com/video.g?token=AD6v5dwN7zxRtozWjDywGyDm3K6eWaTNbolQNJyOFmt33aEwgef0NEZxu24Mq_OFpSpVEFaqlCoRcRIiicPMWpM33gigtdZBo2cLnhXV8kdaU2sLhy8Y4La1cdqMmQxMOOfqKKMS42qA",
      "nome": "About the Two Girls and Me."
    },
    {
      "numero": 8,
      "url": "https://www.blogger.com/video.g?token=AD6v5dwkm5wLi3MdQlZ8M5dHEeqxo4BNID5Ll_5gzBjwmPrhcZ3SHplkuaSEk4GO1snghbRxZ-PkIk2LQcoZV0nbScqemtTxx6kZuunaHVQ45G1FUX8aYjNACcgR65OXxR85FkWwwCQ",
      "nome": "About How Camping Was a High-Level Event for Me."
    },
    {
      "numero": 9,
      "url": "https://www.blogger.com/video.g?token=AD6v5dwKxu1FdpSQdScLQ3ZsVyeGHLdJk-ziO99CsQ1ODjrlKT5dK42vDc4EvivY6XxllMEgJuqywOUfEEDcfRgnkA-N6NrEUpL_Qw-oZ0g4dU-AiQCyhr479W1VoRzInG8f9UW1-RI",
      "nome": "About Our Mutual Misunderstandings."
    },
    {
      "numero": 10,
      "url": "https://www.blogger.com/video.g?token=AD6v5dwqW1jXS0o5jvl7XATEJBUMvkmaySxsRDzZB-94BWrhBeuGLp3zuD1bWEUZLWPBQomTEtNCruZD-BQqN5IOOxwZB64vSw7s_dbBz_E-sSceCtVl3y4-R2WFHFTRP37oVDGFc9k",
      "nome": "About My Confession."
    },
    {
      "numero": 11,
      "url": "https://www.blogger.com/video.g?token=AD6v5dyW__9nlydO4GKZyV0EkSm7qQxjpOqGz_yLvkNJ9QTzl8dqnzzrgmuJhowYj_lX0ZP66xqliY_kndDzuT_Zy5f6qJ8xlk8q8_8jz0cicAhOW0jCzn6ZLrdhP36qk0PKrvIvUimD",
      "nome": "About the Love of a Best Friend That I Worry About."
    },
    {
      "numero": 12,
      "url": "https://www.blogger.com/video.g?token=AD6v5dxYcRkxVX85AiSw8jz7AIZh4ZkzEB0bSCZbQd6hZKodyFtu6m0B26eqee_mYAdzRhIbz6B-SabOL72MPEvgE2BExaR4LTCD59xvMmMe_pXsms8TO-gZpNSOY25ZFiPN_Uc-_Bhz",
      "nome": "About the Shape of Our Love."
    }
  ]
}