{
  "id": 300,
  "title": "3x3 Eyes",
  "title_jp": "3×3EYES",
  "slug": "3x3-eyes",
  "type": "legendados",
  "format": "OVA",
  "images": {
    "poster": "https://cdn.myanimelist.net/images/anime/4/26940l.webp",
    "banner": "https://cdn.myanimelist.net/images/anime/4/26940.jpg"
  },
  "trailer": null,
  "synopsis": "3X3 Eyes is the story of a young man named Yakumo Fuuji, who through a strange series of events becomes the immortal slave of the last of a race of 3 Eyed demons. The demon absorbs his soul to save his life, making him immortal in the process. Now, he begins a journey with the female demon in an attempt to find a way of becoming human. Of course, there are many complications along the way, not the least of which being that the demon is a female with a split personality, one achingly cute and the other being no-nonsense destructive power, and the romances that develop between.",
  "score": 6.7,
  "genres": [
    "Action",
    "Horror",
    "Romance",
    "Supernatural"
  ],
  "episodes": [
    {
      "numero": 1,
      "url": "https://www.blogger.com/video.g?token=AD6v5dyTLWmMG-pWg2WAKBIsdc0c7XADrXvxkwk_hfxRSlilCgDLbpuzNlDo7WLCZGiVFKDj5cUc6ZAQqHek9lRBGDmqkgbWVc19P_ge8jj_WBRyjdykVtlN_sraftIMCf2-wHEppwis",
      "nome": "Transmigration"
    },
    {
      "numero": 2,
      "url": "https://www.blogger.com/video.g?token=AD6v5dzJWaHIIAhyF0ZnVrkfb45UQPBHeWXqrxvq1XJKYrYSuWPtP8dO8jvvEe2-LueMccDmjSgavh7dWoZ6NctL3sdkME8aBY8VzJS-5a-Hv-UkdscjiiNnPWyfWK46zYAYegaDnm22",
      "nome": "Yakumo"
    },
    {
      "numero": 3,
      "url": "https://www.blogger.com/video.g?token=AD6v5dyw4kLQIsULokwP5gRI7_GRaMEJ89LPQ9sB2S0pjURDdGVNLEipdLSSgSwp5YyGLVfCIFdL3vJEpTBowfOPbFgXkqzams85LCMmY5Hma3rvSKkAE5Nr7lKY4ZI_FQub7ZsgZHV9",
      "nome": "Sacrifice"
    },
    {
      "numero": 4,
      "url": "https://www.blogger.com/video.g?token=AD6v5dzsNyCmTca3MzqoDF1GaCoyQSE-MPabCIVLP4pwXBMpm5I1mF3b6vWHNKfY3ilNbtv2rinlJ4qncVaaldvY3RNa6pzfxmN8wyOHy9VhRkrQqJ99QgAZQiDc-rrodgQypbsyIflR",
      "nome": "Straying"
    }
  ]
}