{
  "id": 51464,
  "title": "4-nin wa Sorezore Uso wo Tsuku",
  "title_jp": "４人はそれぞれウソをつく",
  "slug": "4-nin-wa-sorezore-uso-wo-tsuku",
  "type": "legendados",
  "format": "TV",
  "images": {
    "poster": "https://cdn.myanimelist.net/images/anime/1934/128719l.webp",
    "banner": "https://cdn.myanimelist.net/images/anime/1934/128719.jpg"
  },
  "trailer": "https://www.youtube-nocookie.com/embed/6KPCyMQ5oNg?enablejsapi=1&wmode=opaque&autoplay=1",
  "synopsis": "What do an alien, former ninja, weak telepath, and boy pretending to be a girl have in common? They are all classmates at Kashihara Girls' Academy, and they hide their true identities from the world. Rikka, Chiyo, Sekine, and Tsubasa seem like the best of friends, but they each harbor a monumental secret that they cannot reveal, no matter what. In order to continue masquerading as normal middle school girls, each of them must invent creative ways to conceal their true selves. But that is easier said than done, as the four students end up entangled in numerous shenanigans along the way.\n\n[Written by MAL Rewrite]",
  "score": 7.13,
  "genres": [
    "Comedy",
    "Sci-Fi"
  ],
  "episodes": [
    {
      "numero": 1,
      "url": "https://lightspeedst.net/s3/mp4/4-nin-wa-sorezore-uso-wo-tsuku/fhd/1.mp4",
      "nome": "The Four Girls' Secrets"
    },
    {
      "numero": 2,
      "url": "https://lightspeedst.net/s3/mp4/4-nin-wa-sorezore-uso-wo-tsuku/fhd/2.mp4",
      "nome": "School Festival"
    },
    {
      "numero": 3,
      "url": "https://lightspeedst.net/s3/mp4/4-nin-wa-sorezore-uso-wo-tsuku/sd/3.mp4",
      "nome": "Surprise"
    },
    {
      "numero": 4,
      "url": "https://lightspeedst.net/s5/mp4_temp/4-nin-wa-sorezore-uso-wo-tsuku/4/720p.mp4",
      "nome": "Wish Upon a Star"
    },
    {
      "numero": 5,
      "url": "https://lightspeedst.net/s5/mp4/4-nin-wa-sorezore-uso-wo-tsuku/fhd/5.mp4",
      "nome": "Beach"
    },
    {
      "numero": 6,
      "url": "https://lightspeedst.net/s5/mp4/4-nin-wa-sorezore-uso-wo-tsuku/hd/6.mp4",
      "nome": "The Sleepover"
    },
    {
      "numero": 7,
      "url": "https://lightspeedst.net/s5/mp4/4-nin-wa-sorezore-uso-wo-tsuku/hd/7.mp4",
      "nome": "Ring Out! The Songs of Friends"
    },
    {
      "numero": 8,
      "url": "https://lightspeedst.net/s5/mp4/4-nin-wa-sorezore-uso-wo-tsuku/fhd/8.mp4",
      "nome": "Hanzo's Challenge"
    },
    {
      "numero": 9,
      "url": "https://lightspeedst.net/s5/mp4/4-nin-wa-sorezore-uso-wo-tsuku/fhd/9.mp4",
      "nome": "Find Fuku-chan!"
    },
    {
      "numero": 10,
      "url": "https://lightspeedst.net/s5/mp4/4-nin-wa-sorezore-uso-wo-tsuku/fhd/10.mp4",
      "nome": "Atami"
    },
    {
      "numero": 11,
      "url": "https://lightspeedst.net/s5/mp4/4-nin-wa-sorezore-uso-wo-tsuku/fhd/11.mp4",
      "nome": "Goodbye, Colonel"
    }
  ]
}