{
  "id": 38101,
  "title": "5-toubun no Hanayome (Dublado)",
  "title_jp": "五等分の花嫁",
  "slug": "5-toubun-no-hanayome-dublado",
  "type": "dublados",
  "format": "TV",
  "images": {
    "poster": "https://cdn.myanimelist.net/images/anime/1819/97947l.webp",
    "banner": "https://cdn.myanimelist.net/images/anime/1819/97947.jpg"
  },
  "trailer": "https://www.youtube-nocookie.com/embed/pCwfEB6PbFk?enablejsapi=1&wmode=opaque&autoplay=1",
  "synopsis": "Fuutarou Uesugi is an ace high school student, but leads an otherwise tough life. His standoffish personality and reclusive nature have left him friendless, and his father is debt-ridden, forcing his family to scrape by.\n\nOne day during his lunch break, Uesugi argues with a female transfer student who has claimed \"his seat,\" leading both of them to dislike each other. That same day, he is presented with a golden opportunity to clear his family's debt: a private tutoring gig for a wealthy family's daughter, with a wage of five times the market price. He accepts the proposal, but is horrified to discover that the client, Itsuki Nakano, is the girl he confronted earlier! \n\nAfter unsuccessfully trying to get back on Itsuki's good side, Uesugi finds out that his problems don't end there: Itsuki is actually a quintuplet, so in addition to her, he must also tutor her sisters—Miku, Yotsuba, Nino, and Ichika—who, despite the very real threat of flunking, want nothing to do with a tutor. However, his family's livelihood is on the line so Uesugi pushes on, adamant in his resolve to rid the sisters of their detest for studying and successfully lead them to graduation.\n\n[Written by MAL Rewrite]",
  "score": 7.63,
  "genres": [
    "Comedy",
    "Romance"
  ],
  "episodes": [
    {
      "numero": 1,
      "url": "https://lightspeedst.net/s5/mp4/5-toubun-no-hanayome-dublado/fhd/1.mp4",
      "nome": "The Quintessential Quintuplets"
    },
    {
      "numero": 2,
      "url": "https://lightspeedst.net/s5/mp4/5-toubun-no-hanayome-dublado/fhd/2.mp4",
      "nome": "Rooftop Confession"
    },
    {
      "numero": 3,
      "url": "https://lightspeedst.net/s5/mp4/5-toubun-no-hanayome-dublado/fhd/3.mp4",
      "nome": "A Mountain of Problems"
    },
    {
      "numero": 4,
      "url": "https://lightspeedst.net/s5/mp4/5-toubun-no-hanayome-dublado/fhd/4.mp4",
      "nome": "Day Off"
    },
    {
      "numero": 5,
      "url": "https://lightspeedst.net/s5/mp4/5-toubun-no-hanayome-dublado/fhd/5.mp4",
      "nome": "Five Fifths"
    },
    {
      "numero": 6,
      "url": "https://lightspeedst.net/s5/mp4/5-toubun-no-hanayome-dublado/fhd/6.mp4",
      "nome": "What's Been Built Up"
    },
    {
      "numero": 7,
      "url": "https://lightspeedst.net/s5/mp4/5-toubun-no-hanayome-dublado/fhd/7.mp4",
      "nome": "Liar McLieface"
    },
    {
      "numero": 8,
      "url": "https://lightspeedst.net/s5/mp4/5-toubun-no-hanayome-dublado/fhd/8.mp4",
      "nome": "The Photo That Started It All"
    },
    {
      "numero": 9,
      "url": "https://lightspeedst.net/s5/mp4/5-toubun-no-hanayome-dublado/fhd/9.mp4",
      "nome": "Legend of Fate Day 1"
    },
    {
      "numero": 10,
      "url": "https://lightspeedst.net/s5/mp4/5-toubun-no-hanayome-dublado/fhd/10.mp4",
      "nome": "Legend of Fate Day 2"
    },
    {
      "numero": 11,
      "url": "https://lightspeedst.net/s5/mp4/5-toubun-no-hanayome-dublado/fhd/11.mp4",
      "nome": "Legend of Fate Day 3"
    },
    {
      "numero": 12,
      "url": "https://lightspeedst.net/s5/mp4/5-toubun-no-hanayome-dublado/fhd/12.mp4",
      "nome": "Legend of Fate Day 2000"
    }
  ]
}