{
  "id": 40602,
  "title": "7 Seeds 2nd Season (Dublado)",
  "title_jp": "7SEEDS",
  "slug": "7-seeds-2nd-season-dublado",
  "type": "dublados",
  "format": "ONA",
  "images": {
    "poster": "https://cdn.myanimelist.net/images/anime/1133/106529l.webp",
    "banner": "https://cdn.myanimelist.net/images/anime/1133/106529.jpg"
  },
  "trailer": "https://www.youtube-nocookie.com/embed/VoNZeFRDT3o?enablejsapi=1&wmode=opaque&autoplay=1",
  "synopsis": "Second season of 7 Seeds.",
  "score": 7.03,
  "genres": [
    "Adventure",
    "Drama",
    "Mystery",
    "Sci-Fi",
    "Suspense"
  ],
  "episodes": [
    {
      "numero": 1,
      "url": "https://www.blogger.com/video.g?token=AD6v5dyZpiBdGPBQQ-bwERv-YJok4z-bX2sFC8h4F_TOvPTMlA_jG1s39rc-UTUSCc6Okhf1_wlCwiwfES1fbscIMERNMk3Uy5jDN7kweDL74X2WAGnkkw0w-BVGK1GFKsHFEVAn4zba"
    },
    {
      "numero": 2,
      "url": "https://www.blogger.com/video.g?token=AD6v5dwI3BVuC_OhCrwKj7RhwApiSAqO6qY2py75toKlx5DPcLlNdAFFAeGg_juYeEr9gM3R4933EpN5-GSySBwAZoJanhs4rVUjnwJJrFCggfngqvIlE7dPylwJYdPo5moN7eWU8mAM"
    },
    {
      "numero": 3,
      "url": "https://www.blogger.com/video.g?token=AD6v5dxaTgEZjR6x5FaHrMEKSX9Bm_rlKoYsucsCASCxK84-ZKL2WTcEmvaQNNOrxyaadZD0i73mETU_zLvczkPGX4lmE-nEbjnNpSheshs87NM2VaTn_bFR_raHHu4wPb2GCdsFQOyV"
    },
    {
      "numero": 4,
      "url": "https://www.blogger.com/video.g?token=AD6v5dySKHea_n6OmlCp0O0T-NXzDAEjjhSun2iu4H8JaiifG3ttQFkrW0L5FJf_8eQNQWaDqpWfuNp3dMa-nhpq_uaH2x0tgIZmsVSQJ02pf95Cwa1_dy2IP08AVZDrTWzNkHlCI8M"
    },
    {
      "numero": 5,
      "url": "https://www.blogger.com/video.g?token=AD6v5dxvLCSOrbBOoOIW_muZgECCOhllaHIIn7n2ljBlGf8mBGqfUF2qFarQFfVevKTsvRu8w7YU7VRDCLxPKTkPMjhXPfQoDGzPMSlh2_9q3eeQ6D7Pz7PSfROWhiF3gmc30SB8fEo"
    },
    {
      "numero": 6,
      "url": "https://www.blogger.com/video.g?token=AD6v5dzx6hJ5mnS1kOYF77LrfOPLhklNySOVMIxmlwy_kQnTYrUQdCg8zSZi2xZvUAeUgRupm2EojrbyMtrFgkLNY8yEbPqmm1YymjdEKstbF23tzJ5QNAyqWJLlmWY4yMT_pFFn19e-"
    },
    {
      "numero": 7,
      "url": "https://www.blogger.com/video.g?token=AD6v5dwBE9T1OuxfdFJ9xTAOSPQoQPJM1TlfPdTmXObGaX9CdnoizY0dn90igiq6e5kwmJjl5RhIqFMegPk-vQzmKPr9TIDU_MKGVucamLWtziCnW7Ap_Qw5aiTjko4hUjBImf3MT3c"
    },
    {
      "numero": 8,
      "url": "https://www.blogger.com/video.g?token=AD6v5dyEGZgCjrUAKtqsaeTdmIxKY5vPHVcEGBBM-IHMypghoSpbI0ibhyc5LFevPallZTOh2ByOrdX7_JQKbeL5BkF0rtrwWi0YZdfGCzzyQHQZbQnsk7E3ZNQccwHzTQaIO167H5W9"
    },
    {
      "numero": 9,
      "url": "https://www.blogger.com/video.g?token=AD6v5dx8w5WXIZnO4rYiKrwwV91P_4QDTOSZAWpoX_Yo7H8c_x8xrk7qMZB1BW_6K0nG7bp_to33uYuixSuWjj-0K_V1YSuJesevYixwO67U1f4CvNFJqXfjiKoMZYOxjfO8ZYI4Wiw"
    },
    {
      "numero": 10,
      "url": "https://www.blogger.com/video.g?token=AD6v5dwSYqkxuN1YVQKHsi4B-hTJCW_pr-1mYT1FY-QMZUrwAfvQVcGkCjEu44cWGlEA6yzr-ntpysOh3AK1Gf0EcAqINvOWKSrj_RhMz6U8Ve9_CzOXhBIdNu7yVv5y8I3S5F0kG08"
    },
    {
      "numero": 11,
      "url": "https://www.blogger.com/video.g?token=AD6v5dxAJZ8w9236JLoEZHd8-Y7EBb7Hz0DqHDvv7WB8CE5FlJSp9i69awjXKd2hHRmK9VQ6GUTGCblfYvhaplQXMmkKzh_4V42b2cKiRDdn9YcmE6lcdeZSo4f86wnjfJHlpuiiAvo"
    },
    {
      "numero": 12,
      "url": "https://www.blogger.com/video.g?token=AD6v5dzUGF2UOtFkQFfRhqWoxenUCZyTF3ZlBTQ4VnMBc1YSsn7-k0-YivWwXa_AYvlfOn3NvrPvGNPZIKVo4EK8d3rHB5yH3suR4r9F58cyWZylC_VAKrXFvq-fYXiguIaPL6dIcA"
    }
  ]
}