{
  "id": 40602,
  "title": "7 Seeds 2nd Season",
  "title_jp": "7SEEDS",
  "slug": "7-seeds-2nd-season",
  "type": "legendados",
  "format": "ONA",
  "images": {
    "poster": "https://cdn.myanimelist.net/images/anime/1133/106529l.webp",
    "banner": "https://cdn.myanimelist.net/images/anime/1133/106529.jpg"
  },
  "trailer": "https://www.youtube-nocookie.com/embed/VoNZeFRDT3o?enablejsapi=1&wmode=opaque&autoplay=1",
  "synopsis": "Second season of 7 Seeds.",
  "score": 7.03,
  "genres": [
    "Adventure",
    "Drama",
    "Mystery",
    "Sci-Fi",
    "Suspense"
  ],
  "episodes": [
    {
      "numero": 1,
      "url": "https://video.wixstatic.com/video/f3773b_a9dda48dfd324ca6899b372eb652fe3d/480p/mp4/file.mp4"
    },
    {
      "numero": 2,
      "url": "https://video.wixstatic.com/video/f3773b_e1b6db39ebb14fd8873c45a63d2a16d6/480p/mp4/file.mp4"
    },
    {
      "numero": 3,
      "url": "https://video.wixstatic.com/video/f3773b_0b5a42c217ab4291be11a439f9ec1a07/480p/mp4/file.mp4"
    },
    {
      "numero": 4,
      "url": "https://video.wixstatic.com/video/f3773b_b1f9eb8b8b094e48ba1d3dc7884ab4a9/480p/mp4/file.mp4"
    },
    {
      "numero": 5,
      "url": "https://video.wixstatic.com/video/f3773b_b79f4193bb6a45d4bbac081a3054922a/480p/mp4/file.mp4"
    },
    {
      "numero": 6,
      "url": "https://video.wixstatic.com/video/f3773b_d11cc59d0a584df09bb63fd4b7610dbe/480p/mp4/file.mp4"
    },
    {
      "numero": 7,
      "url": "https://video.wixstatic.com/video/f3773b_0844c8a4d3d5485d92d41bc9c6c97763/480p/mp4/file.mp4"
    },
    {
      "numero": 8,
      "url": "https://video.wixstatic.com/video/f3773b_e120d1d4db4d4b549aaee2b6efc68f51/480p/mp4/file.mp4"
    },
    {
      "numero": 9,
      "url": "https://video.wixstatic.com/video/f3773b_0d873f7aec934fbab35c49da3a4a715f/480p/mp4/file.mp4"
    },
    {
      "numero": 10,
      "url": "https://video.wixstatic.com/video/f3773b_f34800966158430d9063c561b51e2b57/480p/mp4/file.mp4"
    },
    {
      "numero": 11,
      "url": "https://video.wixstatic.com/video/f3773b_9f5f47aed4074fadbc6896c01f45f293/480p/mp4/file.mp4"
    },
    {
      "numero": 12,
      "url": "https://video.wixstatic.com/video/f3773b_d3f23ed47f4c41799457e4e90dc6bc06/480p/mp4/file.mp4"
    }
  ]
}