{
  "id": 38735,
  "title": "7 Seeds (Dublado)",
  "title_jp": "7SEEDS",
  "slug": "7-seeds-dublado",
  "type": "dublados",
  "format": "ONA",
  "images": {
    "poster": "https://cdn.myanimelist.net/images/anime/1219/116954l.webp",
    "banner": "https://cdn.myanimelist.net/images/anime/1219/116954.jpg"
  },
  "trailer": "https://www.youtube-nocookie.com/embed/XRZvxqPO9sE?enablejsapi=1&wmode=opaque&autoplay=1",
  "synopsis": "Imagine this: you are living a normal day in your life. Maybe you are out with friends, eating your family's home-cooked meal or spending time with your girlfriend. When you next wake up, you are suddenly thrust into a strange, new world, surrounded by five strangers on a rapidly sinking boat in the middle of a storm.\n\nFor Natsu Iwashimizu, this is her new reality. Humanity has perished, and all that remains of the Japanese population are five groups of men and women who were chosen to be sent to the future in hopes of continuing mankind's existence. While every other person chosen has a useful talent such as martial arts, knowledge, or architecture, Natsu is a shy high school girl who cannot even raise her voice to shout. The new world is dangerous beyond imagination, and although Natsu seems to lack helpful skills, she must go with the others making their way to the \"Seven Fuji\" in order to survive.\n\n[Written by MAL Rewrite]",
  "score": 6.56,
  "genres": [
    "Adventure",
    "Drama",
    "Mystery",
    "Sci-Fi",
    "Suspense"
  ],
  "episodes": [
    {
      "numero": 1,
      "url": "https://www.blogger.com/video.g?token=AD6v5dzsqUufrHPQn7rzcnCkfnlKL9nQD9z7gmGzG60qkZKHeISuFw7v91yXFptKqydaJG9JMN-M1kQ6lcHl6m48vB9zmMyR1q8M1lxQ_HFgPm_O3fVGXJK-wf-FUDeugOixqDQLHX9A"
    },
    {
      "numero": 2,
      "url": "https://www.blogger.com/video.g?token=AD6v5dwdZ0P0HAky_FqGCil8j55z5CbNC6cN16UktAGfaPc7hloh_NFKqs9xlzjuqvA-fIJ8nEzW20XY04DVCl-fM859EZGthpRjzz9QlJeqIsSoY9gKlpoOImM-KY3dX2tEkLDV6R17"
    },
    {
      "numero": 3,
      "url": "https://www.blogger.com/video.g?token=AD6v5dxtrMokwTfZiKA3xy-A6xkh-1StX7GkhMrfJMc6yw5iyQ124uYcL73DcCUcWQ5UCt__Y26NBcpORxZthap352gNVkC1B9XY7Q8z8PvVjWUGj52k2duBBi8V4N_qcxy1ypo30OCr"
    },
    {
      "numero": 4,
      "url": "https://www.blogger.com/video.g?token=AD6v5dwbmfjiFwTwJuJkVT0GFYQN065ngs3MuR1GCJVOp6gn6_PH4tYxGaXver-v6IMlSuuC-78NHV5VfanFDh1lHnmOkDF1QuwKE8m5_-rDVQIrDMYR0r2rrphXwYp6F32rxKJuV8M"
    },
    {
      "numero": 5,
      "url": "https://www.blogger.com/video.g?token=AD6v5dx_AFr7W0FPcDtZbiI_tAHa1g7Ku2t7ix4O1uPMJOvX3g153s7EaCg4uUMWxu94W2wZoQZLn2sVWUZD61VkPI3dohwFyQ8gYjNn0BWXu1LkImM9jScOcSnWNHDDO1hW_KljWCE",
      "nome": "Heavy Snow"
    },
    {
      "numero": 6,
      "url": "https://www.blogger.com/video.g?token=AD6v5dxQ5HFNCcfyj6POG1M4BpmSlsGCSRRdAOzh1Xt3IAU3dDemat3_71uAc7bAbA8FYkLCnbGGmsLjG3Jq1Mx2G3nM5_jgjlypPBwi9Uj9uwal1VTbaoG7viLBzZ0Tws0cec3NT7U"
    },
    {
      "numero": 7,
      "url": "https://www.blogger.com/video.g?token=AD6v5dz-ErB8D9yFSdu8S5Z480AydjtEB_YB4T655Ae1TDDwxRMh16lZPUCM5xOBFYkuTpz3_cAvVkDxWxU2M_Z7eIMVC9eurVFhDew0ptxZhcmHrjsLw7_ZTpdiJUKWV2VN6pry2Ps"
    },
    {
      "numero": 8,
      "url": "https://www.blogger.com/video.g?token=AD6v5dzjbvtXCJ6M6Pqg45hihxhjvU2ORlYpS8YXN0LERXyrTjgBNWsobfPBu2BPROnf5sqYLyN_fv6vgv90vL7nUsqIz7vZpdwg-dp8KqSXXtDh0we5Daj0cQsyiCcfrdgJKlcV8A"
    },
    {
      "numero": 9,
      "url": "https://www.blogger.com/video.g?token=AD6v5dwbKgEXjiwM6z3wdPx96vpS_Rw1_qj6TJoGbtV6ri-onc6ikuEsKtrqRU5WgF_eNFvRTWMUGCDlF_eeApsNIdBAheNyKwCPjEPfAas8Hei_O9D8YWolW61owId0WOKZTGYNLw"
    },
    {
      "numero": 10,
      "url": "https://www.blogger.com/video.g?token=AD6v5dw_H6Wh5ZJRXLLv8F2yrp7QmmP06GfnWx_23zwpNlmAs4t-Ot6fuVA-kToNTMDwd3jHMaYNnEk_j6IOr4FQGGJ2B5lZwR181ZNACigKKbng4LDnSN7HpJ-dbyTuL4QYCYvzSA"
    },
    {
      "numero": 11,
      "url": "https://www.blogger.com/video.g?token=AD6v5dwjgI5TRU5XwH_j2RkfSgSCyQt9nv2PcGkIgCd9DSM4zy6MYnmZw-XUcAsJUVyd4KyZf8V2jHXznidm7UsJ4WCuZL6poEyhwbU5VvnXwh2ek5Ds-YOxYEXfvvl08LbQxmGcyiON"
    },
    {
      "numero": 12,
      "url": "https://www.blogger.com/video.g?token=AD6v5dz0Ok-sEV6GQJO2MAkTUaFF8U-lf2ACYeE3P2sq5EdzjH_v5dOJKnp4gcOUQFnO1d03JAZPjk8ky3dUVAxtU4SifbcxlvQq7hBoVG3GgGSiUkcYrqR8LAsBR7bICxKA_dtV-W2b"
    }
  ]
}