{
  "id": 9656,
  "title": "86 2nd Season",
  "title_jp": "君に届け 2ND SEASON",
  "slug": "86-2nd-season",
  "type": "legendados",
  "format": "TV",
  "images": {
    "poster": "https://cdn.myanimelist.net/images/anime/1311/121574l.webp",
    "banner": "https://cdn.myanimelist.net/images/anime/1311/121574.jpg"
  },
  "trailer": "https://www.youtube-nocookie.com/embed/9aRQlHYaluU?enablejsapi=1&wmode=opaque&autoplay=1",
  "synopsis": "After a momentous New Year's vacation and with Valentine's Day approaching, Sawako Kuronuma is beginning to get along with her classmates. However, now that Sawako has realized her romantic feelings for the popular Shouta Kazehaya, she grows hesitant toward giving him obligatory chocolates and decides to not give him any. In turn, Kazehaya, who likes Sawako, feels a distance between them.\n\nAs February ends and April arrives, the second year of high school begins for Sawako. Luckily, she ends up in the same class as her friends Ayane Yano and Chizuru Yoshida, along with Kazehaya and his friend Ryuu Sanada, in addition to the newcomer named Kento Miura. When Kento develops an interest in Sawako, Sawako and Kazehaya's feelings for each other are put to the test.\n\n[Written by MAL Rewrite]",
  "score": 7.98,
  "genres": [
    "Drama",
    "Romance"
  ],
  "episodes": [
    {
      "numero": 1,
      "url": "https://lightspeedst.net/s1/mp4/86-2nd-season/fhd/1.mp4",
      "nome": "Valentine"
    },
    {
      "numero": 2,
      "url": "https://lightspeedst.net/s1/mp4_temp/86-2nd-season/2/720p.mp4",
      "nome": "2nd Years"
    },
    {
      "numero": 3,
      "url": "https://lightspeedst.net/s1/mp4_temp/86-2nd-season/3/720p.mp4",
      "nome": "Forget"
    },
    {
      "numero": 4,
      "url": "https://lightspeedst.net/s1/mp4_temp/86-2nd-season/4/720p.mp4",
      "nome": "Misunderstood"
    },
    {
      "numero": 5,
      "url": "https://lightspeedst.net/s1/mp4_temp/86-2nd-season/5/720p.mp4",
      "nome": "The Person I Like"
    },
    {
      "numero": 6,
      "url": "https://lightspeedst.net/s1/mp4_temp/86-2nd-season/6/720p.mp4",
      "nome": "Favour and Imposition"
    },
    {
      "numero": 7,
      "url": "https://lightspeedst.net/s1/mp4_temp/86-2nd-season/7/720p.mp4",
      "nome": "Just Give Up"
    },
    {
      "numero": 8,
      "url": "https://lightspeedst.net/s1/mp4_temp/86-2nd-season/8/720p.mp4",
      "nome": "Reach"
    },
    {
      "numero": 9,
      "url": "https://lightspeedst.net/s1/mp4_temp/86-2nd-season/9/720p.mp4",
      "nome": "Confession"
    },
    {
      "numero": 10,
      "url": "https://lightspeedst.net/s1/mp4_temp/86-2nd-season/10/720p.mp4",
      "nome": "From Now On"
    },
    {
      "numero": 11,
      "url": "https://lightspeedst.net/s1/mp4_temp/86-2nd-season/11/720p.mp4",
      "nome": "After the Festival"
    },
    {
      "numero": 12,
      "url": "https://lightspeedst.net/s1/mp4_temp/86-2nd-season/12/720p.mp4",
      "nome": "Important Person"
    }
  ]
}