{
  "id": 41457,
  "title": "86 (Dublado)",
  "title_jp": "86―エイティシックス―",
  "slug": "86-dublado",
  "type": "dublados",
  "format": "TV",
  "images": {
    "poster": "https://cdn.myanimelist.net/images/anime/1987/117507l.webp",
    "banner": "https://cdn.myanimelist.net/images/anime/1987/117507.jpg"
  },
  "trailer": "https://www.youtube-nocookie.com/embed/WVegRUOgkPM?enablejsapi=1&wmode=opaque&autoplay=1",
  "synopsis": "According to the Republic of San Magnolia, their ongoing war against the Giadian Empire has no casualties—however, that is mere propaganda. While the silver-haired Alba of the Republic's eighty-five sectors live safely behind protective walls, those of different appearances are interned in a secret eighty-sixth faction. Known within the military as the Eighty-Six, they are forced to fight against the Empire's autonomous Legion under the command of the Republican \"Handlers.\"\n\nVladilena Milizé is assigned to the Spearhead squadron to replace their previous Handler. Shunned by her peers for being a fellow Eighty-Six supporter, she continues to fight against their inhumane discrimination. Shinei Nouzen is the captain of the Spearhead squadron. Infamous for being the sole survivor of every squadron he's been in, he insists on shouldering the names and wishes of his fallen comrades. When the fates of these young souls from two different worlds collide, will it ignite the spark that lights their path to salvation, or will they burn themselves in the flames of despair?\n\n[Written by MAL Rewrite]",
  "score": 8.34,
  "genres": [
    "Drama",
    "Sci-Fi"
  ],
  "episodes": [
    {
      "numero": 1,
      "url": "https://lightspeedst.net/s2/mp4/86-dublado/fhd/1.mp4",
      "nome": "Undertaker"
    },
    {
      "numero": 2,
      "url": "https://lightspeedst.net/s2/mp4/86-dublado/fhd/2.mp4",
      "nome": "Spearhead"
    },
    {
      "numero": 3,
      "url": "https://lightspeedst.net/s2/mp4/86-dublado/fhd/3.mp4",
      "nome": "I Don't Want to Die"
    },
    {
      "numero": 4,
      "url": "https://lightspeedst.net/s1/mp4/86-dublado/fhd/4.mp4",
      "nome": "Real Name"
    },
    {
      "numero": 5,
      "url": "https://lightspeedst.net/s1/mp4/86-dublado/fhd/5.mp4",
      "nome": "I'm With You"
    },
    {
      "numero": 6,
      "url": "https://lightspeedst.net/s1/mp4/86-dublado/fhd/6.mp4",
      "nome": "Through to the End"
    },
    {
      "numero": 7,
      "url": "https://lightspeedst.net/s1/mp4/86-dublado/fhd/7.mp4",
      "nome": "Will You Remember Me?"
    },
    {
      "numero": 8,
      "url": "https://lightspeedst.net/s1/mp4/86-dublado/fhd/8.mp4",
      "nome": "Let's Go"
    },
    {
      "numero": 9,
      "url": "https://lightspeedst.net/s1/mp4/86-dublado/fhd/9.mp4",
      "nome": "Goodbye"
    },
    {
      "numero": 10,
      "url": "https://lightspeedst.net/s1/mp4/86-dublado/hd/10.mp4",
      "nome": "Thank You"
    },
    {
      "numero": 11,
      "url": "https://lightspeedst.net/s1/mp4/86-dublado/fhd/11.mp4",
      "nome": "Here We Go"
    }
  ]
}