{
  "id": 32998,
  "title": "91 Days",
  "title_jp": "91Days",
  "slug": "91-days",
  "type": "legendados",
  "format": "TV",
  "images": {
    "poster": "https://cdn.myanimelist.net/images/anime/13/80515l.webp",
    "banner": "https://cdn.myanimelist.net/images/anime/13/80515.jpg"
  },
  "trailer": "https://www.youtube-nocookie.com/embed/-NLxTEFb2pk?enablejsapi=1&wmode=opaque&autoplay=1",
  "synopsis": "As a child living in the town of Lawless, Angelo Lagusa has witnessed a tragedy: his parents and younger brother have been mercilessly slaughtered by the Vanetti mafia family. Losing everything he holds dear, he leaves both his name and hometown behind, adopting the new identity of Avilio Bruno.\n\nSeven years later, Avilio finally has his chance for revenge when he receives a mysterious letter prompting him to return to Lawless. Obliging, he soon encounters the Vanetti don's son, Nero, and seeks to befriend him using the skills he has quietly honed for years.\n\nSet during the Prohibition era, 91 Days tells the story of Avilio's dark, bloodstained path to vengeance, as he slowly ends each of the men involved in the killing of his family.\n\n[Written by MAL Rewrite]",
  "score": 7.82,
  "genres": [
    "Action",
    "Drama",
    "Suspense"
  ],
  "episodes": [
    {
      "numero": 1,
      "url": "https://www.blogger.com/video.g?token=AD6v5dxFxyQiTBQEKwekPHC8zFf0v6pegzdOCtlbA0Lh_lv-pGmz7kSPzqGfAe58bjZ0ydg1cAhCH16b8dSc5nhh6wNUYLZybzyGEwGfIxk1evxxGb-VkYcYlRxwLkW_Uf0UfB07tgrG",
      "nome": "Night of the Murder"
    },
    {
      "numero": 2,
      "url": "https://www.blogger.com/video.g?token=AD6v5dxGRRea4s9FGxpfs7IS8EcNlVwDmswgULhGDMaejS-iZs0kBIKDklpO4qwWTQ0yx4LpYAjBHP4YxZJX7FCkqQqQRfU_UR014j1fu2roffV30ydjoVX69LLu5QSQcN1OzrUuAuY",
      "nome": "Phantom of Falsehood"
    },
    {
      "numero": 3,
      "url": "https://www.blogger.com/video.g?token=AD6v5dx-PbYtohcSxovZGQDq3javeRkFn0SL7AYMr7emk83lyNO9bjilOYz8hoTa_PDB8oQNivatX6nQ9P-VG_37SZU3JJ6Uz2bkRF1c_EWiuViPv0YosS30n1L-vQiC794Th85tQtSF",
      "nome": "Where the Footfalls Lead"
    },
    {
      "numero": 4,
      "url": "https://www.blogger.com/video.g?token=AD6v5dyq2ardyj1v60rvQX5o5Vous7bngUb7pNOCpwcs1ffbLz81WB6n7g-lYYn9FKuzWYD1-f7xLGI1DOW0RlHFzb5ksBSHMIBBOqLQSMoFjCPsyq6T0R3jyKsPh2pMCIihbmluGMs",
      "nome": "Losing to Win, and What Comes After"
    },
    {
      "numero": 5,
      "url": "https://www.blogger.com/video.g?token=AD6v5dy5YfSNzPohoSMXdKur3ahkoDlJWexU3hBYZpJcZn2OePJ3Y9cHk9PO-j2dcDcgDZo_gFVDS020GN0GG5rxF81RaW7_foho6fMab_3d1nsCiJeOhIt5xe1ukwyLYOrGnOkgN1k",
      "nome": "Blood Will Have Blood"
    },
    {
      "numero": 6,
      "url": "https://www.blogger.com/video.g?token=AD6v5dz4jqluJ2qDmyQqvI-dKNBw9Q25rbU07dFel26irdw6naSkNPbl5QwcvgLu0qj_C_jzHoM6ItK712RNZMRSc-JyCUo0yGEdnfIWqFXIxhmlnlcyCGBk2TN2Cze5DtU6o50J6sA",
      "nome": "To Slaughter a Pig"
    },
    {
      "numero": 7,
      "url": "https://www.blogger.com/video.g?token=AD6v5dyykulcnvXUE6PoCMQaz8nMl-NhwoSvyp9CdujE6q7PgPf7jwn8GGzSjtZPuCRvhcUtSEJoMhokK6mj0Z-UitIB3NLuLiczwo3ZFyeCLysSsY9tAQ7UNQgAAcZICWAWsrylP_E",
      "nome": "A Poor Player"
    },
    {
      "numero": 8,
      "url": "https://www.blogger.com/video.g?token=AD6v5dzgqlNZAkhyy71dHy14J7Zhk-ray1XQPWqaknm6UZWAV5UmzKtgevt-qTI2OiSs2CR5LpDlW1QMoUtnSJlBGkN1W33cK23wa99js2P_DUa6XGf8wcA4I-O9o23HRYrYZllen2I",
      "nome": "Behind the Curtain"
    },
    {
      "numero": 9,
      "url": "https://www.blogger.com/video.g?token=AD6v5dzgoiqBMz7-udyHzlYWdLVZ8JeeA9UBlJsL76IVtngOwWa1gW0XgLTMEHSbIsdlnTx13dWW_yzlTD3PffQ1zJZTsPrOnTYGS0ALno_0XEnOY2mrAtJDjDzPmgvGLtzY-6KLoA",
      "nome": "Black and Deep Desires"
    },
    {
      "numero": 10,
      "url": "https://www.blogger.com/video.g?token=AD6v5dykfCvxO4xhFZGt375N4DHk3pr5EXFYe0q8fxDRJTLn-MOUmFaTsyF6byetPjLKjikvZs_byTad-c3_w03F2Niii6IN5oiq7KpUwEsvbN89ZWj_NPufpwMkZ1a-5Dqc_P28LZOV",
      "nome": "Proof of Good Faith"
    },
    {
      "numero": 11,
      "url": "https://www.blogger.com/video.g?token=AD6v5dxflIfz-AKsyoOEaqFt0y1kHyEa4KK2TY-Qq5cHv-Qe1v9Ee0LihHhcuD3VFnCfuE3WkDGFF64APUy9LIVxzyXZS_xrb_hmbieJgdD5UKZr4yVAnTHCXlY_mgk7HqH58i9iRvR6",
      "nome": "All for Nothing"
    },
    {
      "numero": 12,
      "url": "https://www.blogger.com/video.g?token=AD6v5dzlqrl3-Gep5xmIXbXrg0DwMT2Xc7nhlxQGv0t9Q0rP-rCiE3A4cw3s4TB2G--NUT6_PJbqdS8umNUvM0sIZReyh63GvW9qtkP4-Cgu1G2lCQByzPKFYn2kLS-fYePk-YfEwuq1",
      "nome": "Slipping Through the Dirty Sky"
    }
  ]
}