{
  "id": 9776,
  "title": "A-Channel",
  "title_jp": "Aチャンネル",
  "slug": "a-channel",
  "type": "legendados",
  "format": "TV",
  "images": {
    "poster": "https://cdn.myanimelist.net/images/anime/1333/110595l.webp",
    "banner": "https://cdn.myanimelist.net/images/anime/1333/110595.jpg"
  },
  "trailer": null,
  "synopsis": "Forgetful and good-natured Run Momoki has been best friends with Tooru Ichii since childhood. Despite Run being one year older, her carefree attitude and popularity with the boys is a constant headache for the overprotective Tooru. To complicate matters further, when Tooru applies to the same high school as Run, she finds out that their little circle of two has grown into a quartet.\n\nTheir new acquaintances—Nagisa Tennouji and Yuuko Nishi—are classmates of Run and, in Tooru's eyes, the two must prove they are trustworthy. As a new high school year begins, the girls balance their friendship with the exhilarating opportunities of school life.\n\n[Written by MAL Rewrite]",
  "score": 6.92,
  "genres": [
    "Comedy"
  ],
  "episodes": [
    {
      "numero": 1,
      "url": "https://lightspeedst.net/s3/mp4/a-channel/sd/1.mp4",
      "nome": "Love: An April Day"
    },
    {
      "numero": 2,
      "url": "https://lightspeedst.net/s3/mp4/a-channel/sd/2.mp4",
      "nome": "A Bath on a Rainy Day: As Rain Fell"
    },
    {
      "numero": 3,
      "url": "https://lightspeedst.net/s3/mp4/a-channel/sd/3.mp4",
      "nome": "Classmates: All Good to Go"
    },
    {
      "numero": 4,
      "url": "https://lightspeedst.net/s3/mp4/a-channel/sd/4.mp4",
      "nome": "Kilogram: Attention to Your Weight"
    },
    {
      "numero": 5,
      "url": "https://lightspeedst.net/s3/mp4/a-channel/sd/5.mp4",
      "nome": "Seas: An Ocean Far Away"
    },
    {
      "numero": 6,
      "url": "https://lightspeedst.net/s3/mp4/a-channel/sd/6.mp4",
      "nome": "A Midsummer Night's: A School in Summer"
    },
    {
      "numero": 7,
      "url": "https://lightspeedst.net/s3/mp4/a-channel/sd/7.mp4",
      "nome": "Summer Festival: August's End"
    },
    {
      "numero": 8,
      "url": "https://lightspeedst.net/s3/mp4/a-channel/sd/8.mp4",
      "nome": "New Term: Abnormal Circumstance"
    },
    {
      "numero": 9,
      "url": "https://lightspeedst.net/s3/mp4/a-channel/sd/9.mp4",
      "nome": "Present: Abstract Art"
    },
    {
      "numero": 10,
      "url": "https://lightspeedst.net/s3/mp4/a-channel/sd/10.mp4",
      "nome": "Fizzy: Act Up"
    },
    {
      "numero": 11,
      "url": "https://lightspeedst.net/s3/mp4/a-channel/sd/11.mp4",
      "nome": "Birthday: Allow Me"
    },
    {
      "numero": 12,
      "url": "https://lightspeedst.net/s3/mp4/a-channel/sd/12.mp4",
      "nome": "Alien: Anytime"
    }
  ]
}