{
  "id": 35285,
  "title": "A-Channel: Nabe wo Tabeyou",
  "title_jp": "Aチャンネル 鍋を食べよう",
  "slug": "a-channel-nabe-wo-tabeyou",
  "type": "legendados",
  "format": "Special",
  "images": {
    "poster": "https://cdn.myanimelist.net/images/anime/9/84989l.webp",
    "banner": "https://cdn.myanimelist.net/images/anime/9/84989.jpg"
  },
  "trailer": null,
  "synopsis": "A new episode included with the complete Blu-ray box collection of A-Channel.",
  "score": 6.87,
  "genres": [
    "Comedy"
  ],
  "episodes": [
    {
      "numero": 1,
      "url": "https://www.blogger.com/video.g?token=AD6v5dxvkuw7Pmdy4Kaf0DddVCXgdSwfFXLNbQQ9EULghxxd-a0l_SyyJqCnnFtPuK63BFSPjDpgXuIC2Xkk7mQwOrXJlnBaISd1o7S2EcpyW8712aKPqzHG_aJIl79qUMTecAksuu8"
    }
  ]
}