{
  "id": 36039,
  "title": "A.I.C.O.: Incarnation",
  "title_jp": "A.I.C.O. -Incarnation-",
  "slug": "a-i-c-o-incarnation",
  "type": "legendados",
  "format": "ONA",
  "images": {
    "poster": "https://cdn.myanimelist.net/images/anime/1921/91085l.webp",
    "banner": "https://cdn.myanimelist.net/images/anime/1921/91085.jpg"
  },
  "trailer": "https://www.youtube-nocookie.com/embed/CCfYQnOLHV0?enablejsapi=1&wmode=opaque&autoplay=1",
  "synopsis": "In 2035, an incident known as “The Burst” occurs at a Japanese research facility,  giving birth to the rapidly expanding, consuming, and self-replicating \"Matter.\" Snaking its way through the remains of dams and military facilities in the Kurobe Gorge, the hostile Matter is besieged by task forces trying to prevent it from reaching the ocean and mercenaries seeking the truth behind its existence.\n\nAiko Tachibana lives under constant medical surveillance after being rescued from the Matter. She spends her days waiting out her recovery by making paper planes. Soon, her daily life at school is disturbed by the arrival of transfer student Yuuya Kanzaki, who proceeds to point out a number of inconsistencies regarding her body. Why is she never injured, and why does she suddenly no longer need her wheelchair? He claims that there is more to her existence than she has been led to believe, and that she alone holds the key to ending The Burst.\n\nWith many factions now interested in Aiko, she and Yuuya must gather allies and embark on a dangerous pilgrimage into the heart of the infested gorge before the net can close around them. To escape the conspiracy moving against them, the pair must face off against the Matter—an enemy that flows like water.\n\n[Written by MAL Rewrite]",
  "score": 6.53,
  "genres": [
    "Action",
    "Sci-Fi"
  ],
  "episodes": [
    {
      "numero": 1,
      "url": "https://www.blogger.com/video.g?token=AD6v5dwn0VSSSCltgUQ15RV9-kHxPKvMP7RBjK_Yz-mUdG9hNYJFw1JusOWukVSafugXdWNQx-UdEaw4AtF1NtmVwA_IZupyC2ikc9FNHbOQE0qlxuKFg0NJCvzY6zn8dt6kW_e2SQWa",
      "nome": "Contact"
    },
    {
      "numero": 2,
      "url": "https://www.blogger.com/video.g?token=AD6v5dzj4Hh-R7aw2jyCcnTLUfSeD2GkqqaXKK7ztoUIubgERCxaWogr7lHkfhObmAy8XjtjS4MiTQxC-a0z0cTdF_IxTbJrvDBFTGHk2cYNP7Ot5tTIkNvADKetgGYC5QOsTTxwH0s",
      "nome": "Target"
    },
    {
      "numero": 3,
      "url": "https://www.blogger.com/video.g?token=AD6v5dzwR7g5lURMh6XXGge2DpXu3QM4MF53r30A7K6L-hsIRmTrijAqLOaL7DLPoUzMZLlJhSSYRMplOIQuXu4UG4SRWikJU5_lkiNV4wyZIdM9kMBwWhNzKDqvgWB7o3BzGbo5xcLS",
      "nome": "Decision"
    },
    {
      "numero": 4,
      "url": "https://www.blogger.com/video.g?token=AD6v5dy40y4c3ifiqeJX8Tg3Y3J2IKGWt7gYutnxefStRIHr_V0bU5kK6m84NnJ3WoauQ1IL4mZquvELrXkROXiCtfJHDcE-_yxoUgMDyIQWLJsDzy0ZBIyhwdgmVNfLn4yk8s1ASzHm",
      "nome": "Encounter"
    },
    {
      "numero": 5,
      "url": "https://www.blogger.com/video.g?token=AD6v5dwQDKisCbt01jy9-h-FLHHamZVv6BDG7EkBIfYnFJESVIzqzZwln0Y_dIHZdu9MR2dkHHi8nqTG2ueeVB_eux496c2IhbLr9_v6T_3tlPAB9-KS76QGuaSz48Z8L-SQ8fO17rA1",
      "nome": "Memory"
    },
    {
      "numero": 6,
      "url": "https://www.blogger.com/video.g?token=AD6v5dz9Wrei16Os8b3bWZWxeXsomMAWCuZhPTHXZfiQMOd721zIQG-q0hrsClsdAPtATClyYWTNm74XHeB8ki3KVSQ_G1I8RCLRUcAHMFhjH_kLuBEiYlp1J4BOpyIWI4HPgysdWBo",
      "nome": "Awakening"
    },
    {
      "numero": 7,
      "url": "https://www.blogger.com/video.g?token=AD6v5dwXELMifLzSbIu9ln0wA6tYV1Ds7UQs8Ro3fjWxSysARvOCXErQFceF2g2GGXNsC8EVOCQEPdV-Vz-pnVRIlhLbAIBhWvDQTk5weT4cEBLoaN2tHjhNxKzZ0CSd6_Em3vyPG9lH",
      "nome": "Breakthrough"
    },
    {
      "numero": 8,
      "url": "https://www.blogger.com/video.g?token=AD6v5dxJWPlG6JDkiWeCjmEiKhh-CFLteBqJWmx-xxZrOYnDnZHX_zxBF7l5gcxAMPsZKPFn1cLPt4W33G5ak35JqaaOzJv3fpzQ-7lNgj5WViHyLRN9PLUG7dcMghog5x7QvEJfH40",
      "nome": "Way"
    },
    {
      "numero": 9,
      "url": "https://www.blogger.com/video.g?token=AD6v5dzk7xEqHQ-Pal_aKrpOqEQcjEheXgnRI9F1Zshd-OPwiKYr9IvfFf5SoA1fdxcLnh5oS4L58tnLfCRjQ9qmxSrcMgseZ395JNFiFD8ZhYbECiDzAZcAVNu3VQC7onTe6m12gk1f",
      "nome": "Truth"
    },
    {
      "numero": 10,
      "url": "https://www.blogger.com/video.g?token=AD6v5dx2CEy9jKA8dDw13nMOUEj36ocmX2fDqgcJBvAx7yhV92a9qx5gKdKqDej9a2Fp2_tYtPiuSZGVev9y7M94LNlHE0H4uyOjG_bdnfKlrp9TCtJSjZsp9FeUm1Uv83tRlFA3OhM",
      "nome": "Volition"
    },
    {
      "numero": 11,
      "url": "https://www.blogger.com/video.g?token=AD6v5dzON7i_BDdQlMW-WxwMvZRhbbufiROW6EQOrLoXqZP5KdpDM9VPxpNjK2lLrZ6Wr9twdexLFswPpOIj2Qf51s3YtAku1Eynso3IHbUCc7k0JcPWtptNZl6zEqqX4xu9CnaBo98u",
      "nome": "Devotion"
    },
    {
      "numero": 12,
      "url": "https://www.blogger.com/video.g?token=AD6v5dxn2r7PsZiEv0iG26hGkuwvSW8c0hzJgfe-kIWNyjWnCEIyXxl7bTRdVyGw9HPgCQe00NsMQJxznWTAU9CRbt7ceFAL9TXNUZAtSxdejfFWEwialpcSH8s7Fwv1aO6f6u5sft0",
      "nome": "Reincarnation"
    }
  ]
}