{
  "id": 59730,
  "title": "A-Rank Party wo Ridatsu shita Ore wa, Moto Oshiego-tachi to Meikyuu Shinbu wo Mezasu.",
  "title_jp": "Aランクパーティを離脱した俺は、元教え子たちと迷宮深部を目指す。",
  "slug": "a-rank-party-wo-ridatsu-shita-ore-wa-moto-oshiego-tachi-to-meikyuu-shinbu-wo-mezasu",
  "type": "legendados",
  "format": "TV",
  "images": {
    "poster": "https://cdn.myanimelist.net/images/anime/1897/149800l.webp",
    "banner": "https://cdn.myanimelist.net/images/anime/1897/149800.jpg"
  },
  "trailer": "https://www.youtube-nocookie.com/embed/LvzfKjNjJeg?enablejsapi=1&wmode=opaque&autoplay=1",
  "synopsis": "\"I can't do this anymore!\" Yuke Feldio, a red mage, just left his adventurer A-Rank party. After being mistreated as a handyman and ridiculed for five years, he finally snapped! And so began his desolate, unemployed life... or so he thought! Through a stroke of luck, Yuke is welcomed into an all-female adventurer party comprised of his former students!! As they defeat dungeons one after another, Yuke's true strength is gradually revealed! As it turns out, this red mage wields extraordinary magic and skills?!\n\n(Source: Kodansha USA)",
  "score": 6.56,
  "genres": [
    "Action",
    "Adventure",
    "Fantasy",
    "Romance"
  ],
  "episodes": [
    {
      "numero": 1,
      "url": "https://lightspeedst.net/s7/mp4_temp/a-rank-party-wo-ridatsu-shita-ore-wa-moto-oshiego-tachi-to-meikyuu-shinbu-wo-mezasu/1/720p.mp4",
      "nome": "Clover Is Born"
    },
    {
      "numero": 2,
      "url": "https://lightspeedst.net/s5/mp4_temp/a-rank-party-wo-ridatsu-shita-ore-wa-moto-oshiego-tachi-to-meikyuu-shinbu-wo-mezasu/2/720p.mp4",
      "nome": "The Forest Where a Magic Beast Dwells"
    },
    {
      "numero": 3,
      "url": "https://lightspeedst.net/s5/mp4_temp/a-rank-party-wo-ridatsu-shita-ore-wa-moto-oshiego-tachi-to-meikyuu-shinbu-wo-mezasu/3/720p.mp4",
      "nome": "Overflow"
    },
    {
      "numero": 4,
      "url": "https://lightspeedst.net/s5/mp4_temp/a-rank-party-wo-ridatsu-shita-ore-wa-moto-oshiego-tachi-to-meikyuu-shinbu-wo-mezasu/4/720p.mp4",
      "nome": "Shadow Stalker"
    },
    {
      "numero": 5,
      "url": "https://lightspeedst.net/s5/mp4_temp/a-rank-party-wo-ridatsu-shita-ore-wa-moto-oshiego-tachi-to-meikyuu-shinbu-wo-mezasu/5/720p.mp4",
      "nome": "Mission"
    },
    {
      "numero": 6,
      "url": "https://lightspeedst.net/s5/mp4_temp/a-rank-party-wo-ridatsu-shita-ore-wa-moto-oshiego-tachi-to-meikyuu-shinbu-wo-mezasu/6/720p.mp4",
      "nome": "Achromatic Darkness"
    },
    {
      "numero": 7,
      "url": "https://lightspeedst.net/s5/mp4_temp/a-rank-party-wo-ridatsu-shita-ore-wa-moto-oshiego-tachi-to-meikyuu-shinbu-wo-mezasu/7/720p.mp4",
      "nome": "The Pale, Immortal Ruler"
    },
    {
      "numero": 8,
      "url": "https://lightspeedst.net/s5/mp4/a-rank-party-wo-ridatsu-shita-ore-wa-moto-oshiego-tachi-to-meikyuu-shinbu-wo-mezasu/hd/8.mp4",
      "nome": "One Who Was Once a Friend"
    },
    {
      "numero": 9,
      "url": "https://lightspeedst.net/s5/mp4_temp/a-rank-party-wo-ridatsu-shita-ore-wa-moto-oshiego-tachi-to-meikyuu-shinbu-wo-mezasu/9/720p.mp4",
      "nome": "A Six-Leaf Clover"
    },
    {
      "numero": 10,
      "url": "https://lightspeedst.net/s5/mp4/a-rank-party-wo-ridatsu-shita-ore-wa-moto-oshiego-tachi-to-meikyuu-shinbu-wo-mezasu/hd/10.mp4",
      "nome": "Clover's Back in Action!"
    },
    {
      "numero": 11,
      "url": "https://lightspeedst.net/s5/mp4/a-rank-party-wo-ridatsu-shita-ore-wa-moto-oshiego-tachi-to-meikyuu-shinbu-wo-mezasu/hd/11.mp4",
      "nome": "The Capital Distorted by the Twilight"
    },
    {
      "numero": 12,
      "url": "https://lightspeedst.net/s5/mp4_temp/a-rank-party-wo-ridatsu-shita-ore-wa-moto-oshiego-tachi-to-meikyuu-shinbu-wo-mezasu/12/720p.mp4",
      "nome": "The Golden Priestess"
    },
    {
      "numero": 13,
      "url": "https://lightspeedst.net/s5/mp4_temp/a-rank-party-wo-ridatsu-shita-ore-wa-moto-oshiego-tachi-to-meikyuu-shinbu-wo-mezasu/13/720p.mp4",
      "nome": "Biblion, the Book Spirit"
    },
    {
      "numero": 14,
      "url": "https://lightspeedst.net/s5/mp4/a-rank-party-wo-ridatsu-shita-ore-wa-moto-oshiego-tachi-to-meikyuu-shinbu-wo-mezasu/hd/14.mp4",
      "nome": "One Gold"
    },
    {
      "numero": 15,
      "url": "https://lightspeedst.net/s5/mp4_temp/a-rank-party-wo-ridatsu-shita-ore-wa-moto-oshiego-tachi-to-meikyuu-shinbu-wo-mezasu/15/720p.mp4",
      "nome": "Crossing Time"
    },
    {
      "numero": 16,
      "url": "https://lightspeedst.net/s5/mp4_temp/a-rank-party-wo-ridatsu-shita-ore-wa-moto-oshiego-tachi-to-meikyuu-shinbu-wo-mezasu/16/720p.mp4",
      "nome": "Return From the Twilight, And..."
    },
    {
      "numero": 17,
      "url": "https://lightspeedst.net/s5/mp4/a-rank-party-wo-ridatsu-shita-ore-wa-moto-oshiego-tachi-to-meikyuu-shinbu-wo-mezasu/hd/17.mp4",
      "nome": "The Seven-Leaf Clover"
    },
    {
      "numero": 18,
      "url": "https://lightspeedst.net/s5/mp4_temp/a-rank-party-wo-ridatsu-shita-ore-wa-moto-oshiego-tachi-to-meikyuu-shinbu-wo-mezasu/18/720p.mp4",
      "nome": "King's Order"
    },
    {
      "numero": 19,
      "url": "https://lightspeedst.net/s5/mp4_temp/a-rank-party-wo-ridatsu-shita-ore-wa-moto-oshiego-tachi-to-meikyuu-shinbu-wo-mezasu/19/720p.mp4",
      "nome": "The Dungeon Count of Welmelia"
    },
    {
      "numero": 20,
      "url": "https://lightspeedst.net/s5/mp4_temp/a-rank-party-wo-ridatsu-shita-ore-wa-moto-oshiego-tachi-to-meikyuu-shinbu-wo-mezasu/20/720p.mp4",
      "nome": "The World Turns Inside-Out"
    },
    {
      "numero": 21,
      "url": "https://lightspeedst.net/s5/mp4_temp/a-rank-party-wo-ridatsu-shita-ore-wa-moto-oshiego-tachi-to-meikyuu-shinbu-wo-mezasu/21/720p.mp4",
      "nome": "Tenebre"
    },
    {
      "numero": 22,
      "url": "https://lightspeedst.net/s5/mp4/a-rank-party-wo-ridatsu-shita-ore-wa-moto-oshiego-tachi-to-meikyuu-shinbu-wo-mezasu/hd/22.mp4",
      "nome": "An Unexpected Reunion"
    },
    {
      "numero": 23,
      "url": "https://lightspeedst.net/s5/mp4_temp/a-rank-party-wo-ridatsu-shita-ore-wa-moto-oshiego-tachi-to-meikyuu-shinbu-wo-mezasu/23/720p.mp4",
      "nome": "The End of the Darkness"
    },
    {
      "numero": 24,
      "url": "https://lightspeedst.net/s5/mp4/a-rank-party-wo-ridatsu-shita-ore-wa-moto-oshiego-tachi-to-meikyuu-shinbu-wo-mezasu/hd/24.mp4",
      "nome": "Beyond the Dream"
    }
  ]
}