{
  "id": 39184,
  "title": "A3! Season Spring & Summer",
  "title_jp": "A3! SEASON SPRING & SUMMER",
  "slug": "a3-season-spring-summer",
  "type": "legendados",
  "format": "TV",
  "images": {
    "poster": "https://cdn.myanimelist.net/images/anime/1421/105605l.webp",
    "banner": "https://cdn.myanimelist.net/images/anime/1421/105605.jpg"
  },
  "trailer": "https://www.youtube-nocookie.com/embed/7Rjk3Q3-mZ4?enablejsapi=1&wmode=opaque&autoplay=1",
  "synopsis": "Home to countless street acts and performances, Veludo Way attracts those interested in watching professional actors. After receiving a mysterious letter, Izumi Tachibana arrives at the venue where her father directed a once-popular theater group, Mankai Company, but learns that the building is about to be repurposed due to excessive debt. At the last minute, she convinces the debt collector to give the ensemble one more chance. He is willing to accept but on three conditions: their debut show must be successfully produced by the following month, the four all-male sub-troupes must be reinstated, and the debt must be paid off within a year. To top it off, Izumi herself must become the director.\n\nWith no time to lose, Izumi quickly gathers five people for the Spring Troupe: Sakuya Sakuma, an enthusiastic high school student; Masumi Usui, a boy infatuated with Izumi; Tsuzuru Minagi, an aspiring playwright; Itaru Chigasaki, a mature office worker; and Citron, a friendly foreigner. Though they have little or no experience in acting, it's up to Izumi to train and prepare them for a performance that will restore Mankai Company to its former glory.\n\n[Written by MAL Rewrite]",
  "score": 7.08,
  "genres": [
    "Drama"
  ],
  "episodes": [
    {
      "numero": 1,
      "url": "https://www.blogger.com/video.g?token=AD6v5dx42-jaQZHRiIS7i5q8fP2ncluXfgOKIKCg9Zr6WtdQea68zwlBwdQpl7EjaeEc4o3GxXnWCTPFYQeiJC6MOquA-pHWsQY_ThmCaC4YD5C03URXk0D_bJUPkVeCwqNK5TVSHg",
      "nome": "To the Future in Full Bloom"
    },
    {
      "numero": 2,
      "url": "https://www.blogger.com/video.g?token=AD6v5dx6gikloLz2QA7ExDbCaPcLp2HuDE1EpnpnpgbIGLX8KZOCB7hKwkc1NMcfliEC--b6DZW-_3RCBPXj7HRQgrWbCo09uF6aZXIdma8vBuUYt41LdEgOwjbyZsL5fA-jQYV5ELhD",
      "nome": "Romeo and Julius"
    },
    {
      "numero": 3,
      "url": "https://www.blogger.com/video.g?token=AD6v5dy1-MJMq7NnQmy92BImJE-cNv9ef8R-Y4awVpa8vachfM05HA0btmDgo8UE746rUN22EbwI-EmMsQynliPfdNlKYEYDt-Td5Na-88kwTLyzJkY-DMsyHpN2g-9rHB1hR66Bdcde",
      "nome": "Good Night, Theater"
    },
    {
      "numero": 4,
      "url": "https://www.blogger.com/video.g?token=AD6v5dweKjGMNcnvdRBu8tLVkAiM3-5XO27aLzNzG_UQoVvbj_Q_ogGSSeWRgJnfR0qrIbkFihINpYbPfG14o47j3e7ZV6pfg5Aq5wAdm-nS3X7RTuhQ2wpSLAbCajgw7kUUv6vmEg",
      "nome": "A New Challenge"
    },
    {
      "numero": 5,
      "url": "https://www.blogger.com/video.g?token=AD6v5dwnAeru2-2NSEUnlnxsVNF-1jJLYTmTFCmYYOSPFYfhN0kDQpk-xc8QIS3NmU_TZBSgJ4012NLLdbWQ7M5BxNZBWg66yrQ2yy2qsOumUPeNm9I43tI2y5ZzJ3aPgXOwNM7Q0f4",
      "nome": "On Love: Spring Edition"
    },
    {
      "numero": 6,
      "url": "https://www.blogger.com/video.g?token=AD6v5dzmPqhEuMl_BQjwtkqAtqToGZaw77UVqmXMhzJNnXo61DioZSWjKDvvoq496sOn46BgvjzUDD4-bOwNCEFY0kzO04oK0wTAPwn1lv8xai-7SEhoscMbFeuihr4bxu-_0FFwIOA",
      "nome": "The Show Must Go On!"
    },
    {
      "numero": 7,
      "url": "https://www.blogger.com/video.g?token=AD6v5dwukdTL3ZLcdUPKzoGzmuadbx0lep3a2yPMeKoo9B7yHq3qsYk7TWWTIFegDAjxb4vxXt8DmbeBCHPGLUv7OErEyRzOdUtavZ7YPbmi2TdAfTgSUN7IaisdGCLvUznZapISyHG1",
      "nome": "A New Season"
    },
    {
      "numero": 8,
      "url": "https://www.blogger.com/video.g?token=AD6v5dzwJ-YiI0jcfvNYu41vE_J64NL0sgax2ZEqHtL4lacGulfPLZ7C7rsUyHjLJzAGoOQfyb9QzV76prpqnCBY9O5ITUk6Zg2Z50u8knqV4vAb-lvcMD2MsBpG8xqzrb-LQPiMPcFg",
      "nome": "The Thousand and One Nights"
    },
    {
      "numero": 9,
      "url": "https://lightspeedst.net/s3/mp4/a3-season-spring-summer/fhd/9.mp4",
      "nome": "Summer Camp"
    },
    {
      "numero": 10,
      "url": "https://lightspeedst.net/s3/mp4/a3-season-spring-summer/fhd/10.mp4",
      "nome": "True Friends"
    },
    {
      "numero": 11,
      "url": "https://www.blogger.com/video.g?token=AD6v5dzYYOfpT2DaG_ULF1UlgE18s_LgvJstnafs4O3pcnRgbVcV64bF68lhicAhhurgAtkgurjsrQ5SsFc95Hj_68vzFO3VVkY7qZORRY0HpPYHzZu6XzSuOVfsWTx41DjLJLdayE0",
      "nome": "My Weakness"
    },
    {
      "numero": 12,
      "url": "https://lightspeedst.net/s3/mp4/a3-season-spring-summer/fhd/12.mp4",
      "nome": "Summertime Survival!"
    }
  ]
}