{
  "id": 49,
  "title": "Aa! Megami-sama!",
  "title_jp": "ああっ女神さまっ",
  "slug": "aa-megami-sama",
  "type": "legendados",
  "format": "OVA",
  "images": {
    "poster": "https://cdn.myanimelist.net/images/anime/1566/152081l.webp",
    "banner": "https://cdn.myanimelist.net/images/anime/1566/152081.jpg"
  },
  "trailer": null,
  "synopsis": "When college student Keiichi Morisato dials the wrong number while ordering for some food at his dormitory, he accidentally gets connected to the Goddess Hotline and a beautiful goddess named Belldandy appears out of a mirror in front of him. After getting kicked out of the dorm, Keiichi and Belldandy move to an old shrine and soon afterwards, Belldandy's sisters Urd and Skuld move in.",
  "score": 7.27,
  "genres": [
    "Comedy",
    "Romance",
    "Supernatural"
  ],
  "episodes": [
    {
      "numero": 1,
      "url": "https://lightspeedst.net/s4/mp4/aa-megami-sama/sd/1.mp4",
      "nome": "Moonlight and Cherry Blossoms"
    },
    {
      "numero": 2,
      "url": "https://lightspeedst.net/s4/mp4/aa-megami-sama/sd/2.mp4",
      "nome": "Midsummer Night's Dream"
    },
    {
      "numero": 3,
      "url": "https://lightspeedst.net/s4/mp4/aa-megami-sama/sd/3.mp4",
      "nome": "Burning Hearts on the Road"
    },
    {
      "numero": 4,
      "url": "https://lightspeedst.net/s4/mp4/aa-megami-sama/sd/4.mp4",
      "nome": "Evergreen Holy Night"
    },
    {
      "numero": 5,
      "url": "https://lightspeedst.net/s4/mp4/aa-megami-sama/sd/5.mp4",
      "nome": "For the Love of Goddess"
    }
  ]
}