{
  "id": 22831,
  "title": "Abarenbou Rikishi!! Matsutarou",
  "title_jp": "暴れん坊力士！！松太郎",
  "slug": "abarenbou-rikishi-matsutarou",
  "type": "legendados",
  "format": "TV",
  "images": {
    "poster": "https://cdn.myanimelist.net/images/anime/7/65897l.webp",
    "banner": "https://cdn.myanimelist.net/images/anime/7/65897.jpg"
  },
  "trailer": "https://www.youtube-nocookie.com/embed/lktW3OzxbV4?enablejsapi=1&wmode=opaque&autoplay=1",
  "synopsis": "Matsutarou Sakaguchi is a giant roughneck man with strength far beyond ordinary people. He never uttered words like \"work hard,\" \"strive,\" and \"dream\" like the typical shounen manga protagonist. However, he is stronger than anyone and peerless in sumo wrestling. His greatest weakness is his own carefree personality. He grows into a full-fledged sumo wrestler.\n\n(Source: ANN)",
  "score": 6.07,
  "genres": [
    "Sports"
  ],
  "episodes": [
    {
      "numero": 1,
      "url": "https://www.blogger.com/video.g?token=AD6v5dy3lbbWmloASPfJbqQ-1VJeCDFUPHw3pcIyhmz3PNhf7RuoKvVDDcmx7nm7iMaPkyTzD5GSXkrP3Ww1GonhdAzo-XEtm_VKZlWiMC8mJTTIYQ4c8o4lFm_J6jnLuWQBlmwpO8s",
      "nome": "Rowdy Sumo Wrestler Matsutaro"
    },
    {
      "numero": 2,
      "url": "https://www.blogger.com/video.g?token=AD6v5dy23ToqbwFFS2Z4eMvOi3Dc5Y5pXHK6XTVwa5XlxxBvdnGl6n8U1dXE-ruiPUVqrxFQUNzykAYP1_ia1ibunLMtEGL7rtdhkcTH5y0RKuFVBJB0AMWXSas9zPpEb54UUN68mCU",
      "nome": "Goodbye, Middle School"
    },
    {
      "numero": 3,
      "url": "https://www.blogger.com/video.g?token=AD6v5dw3WYsaHqkBRkrrj1pAx5z9XoxGnbf9CgM00qu4bILbel4SZgRhVzDk6wk1OwlPUfRbWLmkj5kjK4L20HT8BG6qhJbujsO5l3yVyeQrMF-xLjFuw_fthPrEv_gtap-d0gxtUC8",
      "nome": "Matsutaro Struggles"
    },
    {
      "numero": 4,
      "url": "https://www.blogger.com/video.g?token=AD6v5dxkWg4YFDG39KdOEfVa2v3IXa1oIulXAx5LuXsVdRXHiW42nvYmD4Cz1rs6nrLTaMQN4J2q-FTRM9RbG2lzdXG5hbjBYaFYkmVEG9wzzPCj4IIx-Rhqg2GERVg-99yHfbnL81k",
      "nome": "My Throbbing Heart"
    },
    {
      "numero": 5,
      "url": "https://www.blogger.com/video.g?token=AD6v5dzyLfm06VBLf-bgkxe_ebsZ0AE3yJb8N8d28o9sLMP-cJTWLWTP_80h6vogAoCNTqCmnBQDQPfUMf1ZAyD791tQ6e4Ld-n-GHZUgksN9ssYASg702b38s-ifIX8cn4egI3EQSc",
      "nome": "Falling, Frustration, and Recovery"
    },
    {
      "numero": 6,
      "url": "https://www.blogger.com/video.g?token=AD6v5dxzD-O743JVKi2GPC7TiPrYvOZVsr9KWKLnjHziS8td3V-_R6WDhg0SLv05-w84TWPsNbzRD2OKQm7H_z0XBRzOA-HnFK5wVNPsphu2O2Uh6ewrUv6CKyUjrO7vR1RR3FPRWzjV",
      "nome": "Tanaka's Total Transformation"
    },
    {
      "numero": 7,
      "url": "https://www.blogger.com/video.g?token=AD6v5dyqpyI8sdby7D3L4IxSWyzcjY0TDLMYIFya81-lX2ir1KAmmYpmMrMmdyomt33g26LIbEn5ZZwXw6WSL8LbqZwek2DrxOg3Hlk1yOAz_A-U1bWaRvzBDjGlBthmoza5jfRu7BM",
      "nome": "Wrestling Debut"
    },
    {
      "numero": 8,
      "url": "https://www.blogger.com/video.g?token=AD6v5dysO6k0k4XxswMR73minUd86suItCFV8U0k6INh1Ep7B2kbwm5NbB7hYW0WIGftB1icMFomdecKMprH5NuP7DT5WDcCifRU3tfmXtZargYXQxtneTaJ4D-ly-O9CkpXY3WbCrbl",
      "nome": "A Self-indulgent Home Party"
    },
    {
      "numero": 9,
      "url": "https://www.blogger.com/video.g?token=AD6v5dwOS4uoKl1mpB4Z-I4x7XRMaBpsf3_aFEO6x5-JKl6A_pVHx_7ydUw6C0OCYocMXo6hWjALQuqHaJOx4iinCmI4oEG3a2gL-pLN7iOrfS-HYAsuyxNRctdUZvCgQjvlA2AsYFdK",
      "nome": "How Wrestlers Relax"
    },
    {
      "numero": 10,
      "url": "https://www.blogger.com/video.g?token=AD6v5dyIApwPZK9oKJJNGSkfRx2uqqdFGUXi5MEVoJTA6STgVQcbudrER9wyLJzZLYx7J8wPLfSAuJcZfmqOT9tz_gJLNtgjtMjx4udhoBcsz6djbY0XbaQ5D3WNMmdftpLZKp5aydY",
      "nome": "Tanaka's First Victory"
    },
    {
      "numero": 11,
      "url": "https://www.blogger.com/video.g?token=AD6v5dyWSnnkVr-ndzH5x5Q81vCcTJHMKfUUuZ5AFQf5ICAokXBVSMCIDA9w2VP9f-xlgMmfq86qG8MhUcyMXa9EI1PsflMicamLlkiBo3l4wyP6YZ8ihfts0HwHjTa-aRS9D0c-zzs",
      "nome": "Okogane"
    },
    {
      "numero": 12,
      "url": "https://www.blogger.com/video.g?token=AD6v5dzNocFf50ovfxmTwXH1ZTzDYiTi_ZcjWWCLRwKAf1W6qQjF-LPWshDKIDjdG8xTN9NFfc2o32_PV5Fu0UaxM4oer5JaKM7bI1v--o9OUGc07TT_yROeq4_mdLf09J_K3WtkBZWe",
      "nome": "The Cat-obsessed Wrestler"
    },
    {
      "numero": 13,
      "url": "https://www.blogger.com/video.g?token=AD6v5dweuIWUEM8wklIO53YKBAWE8KPJfStMz2sH0Q9vT2ldmTzrNXM9XRz6L-OCBitXdWMkqPhnlCSESG0973Wmu-i3j9fVCOl2HRZsq8BSxEPNcOpRdfzlsu9jWUBz5el5qF5zDy4",
      "nome": "The Season's End"
    },
    {
      "numero": 14,
      "url": "https://www.blogger.com/video.g?token=AD6v5dxLP6rMyDnUe-nAr954WHzSlEB55GXSZ1vyM1v43rnL2xbr2VuN4499esz8gnWRSm7wyRg0ZxOi8dIsNGjmdAnCsep23M3txnT_XpPxd0jA3PKFGYz8suqynIf7tIhSuCCE_bA",
      "nome": "Championship Parade"
    },
    {
      "numero": 15,
      "url": "https://www.blogger.com/video.g?token=AD6v5dxWJFgT6fVf0atw2Pt5lcZkMmIDc-Mfzy8Il5RxW7znGptXa4nRk0B87GxR9o6S27T78NbEG1pIdncj67FBYSQu5iq1_h5V8J3A_ryJOoZ6ALFNnpOHTMrwkagkGUVIv2R-5Bk3",
      "nome": "Homecoming"
    },
    {
      "numero": 16,
      "url": "https://www.blogger.com/video.g?token=AD6v5dzVbu9LWb-IbFdL0KDJxLpMYVskYUvqKu6cA1SiF19Shq5vaAWG3HnGLgNa7sodoM0VrtGUZ3dwpBG_wsv5QJOrGWxgOP38TZrH4Yy2cHgwyGHgAnrn4Xg2rPE8-8TNDmG-515a",
      "nome": "Sumo Train"
    },
    {
      "numero": 17,
      "url": "https://www.blogger.com/video.g?token=AD6v5dwvFcMo9L-hSdXfoPy0qQ3n7vUYCgxmLwqa-ADcoMAyk9PR9tR3UjIJ4OOB4-KqDf8aBiwjae6gLwkgdA_BKlygo8Eoq2pCfgBQQQy0dxou8OTZtfWgqqZBzSRLknGxqeJx3a8",
      "nome": "Osaka Rampage"
    },
    {
      "numero": 18,
      "url": "https://www.blogger.com/video.g?token=AD6v5dwzfUVDtnF-e8bUyEdhySej5DS0ejq1xZw6szz_NUMszLJljh-rMA3-jpOFdsRjM1p9fridgsx6GBk6MXAcYY0R32cGjQ44l5vW3jnKWNeUQo9tL0utJHQaDwwG7K_0g_DOFeg",
      "nome": "Tanaka's Chanko Training"
    },
    {
      "numero": 19,
      "url": "https://www.blogger.com/video.g?token=AD6v5dwGkqNwtWXaoSJUddbnxD7W8X4IZAM00GYvzbUZTTqvzzdchpjQFm629Jx6YfmOjPLuSF8wlfC6i7apF6K69opYPv7mVi9D1k5xgN6nhyorqfpjGQd3faMCnjI-8E0-ts-SMNSt",
      "nome": "Wedding Rampage"
    },
    {
      "numero": 20,
      "url": "https://www.blogger.com/video.g?token=AD6v5dxaYUnBReYuedsRoXmXA0V5KusYl4Tf9eaHGR0RjNqo-jGlDxopLGbyBuix7pjmGMQPMlSWli29dzobA7OsCBtYJA9Cr-0wRbBTGY4_z-ut63rZVCq7KKQYpSPxF8iOVhnF2P8",
      "nome": "Matsutaro Confesses"
    },
    {
      "numero": 21,
      "url": "https://www.blogger.com/video.g?token=AD6v5dy6HB_dlKu0u5o1dAOv1Jd9IkimX7iy6--Dg4AIR3jn3bRbzfGcojCPeX9hFsmkXgSu6-Um6_s6qCgW3FQfofgTl1FIiuTkK568pQTLmmO62TfYveDpIYnQxtBRklYSV2XZzm4",
      "nome": "The Big Heartbreak"
    },
    {
      "numero": 22,
      "url": "https://www.blogger.com/video.g?token=AD6v5dx9GmzKUMXk86KTpzRGmbcNcYK26PonPipkU-jc0u-LUM3CowKjYZCqsWUrNcQ0LAlQa_ad82Rr9mEQJq36gb28W468GtOCxBrpep0cLRY3HcgKUUfI3tZgP9If_LNwMUv4es4",
      "nome": "Matsutaro: A Man of Common Sense?"
    },
    {
      "numero": 23,
      "url": "https://www.blogger.com/video.g?token=AD6v5dy1argFA2JMqYp53SsdM3ZwfFtpgNdW1RrbjMBgZsJr80Fu6u3CxIAtQkuJ1X2xJ_We-Z5fU_9LUsmEaOfEC1QKREYZm_KSxKGqnS1EyVdv4XVcFPDTGgaEXpanXhQ9CMK6iavb",
      "nome": "Battle Against the Eternal Rival"
    }
  ]
}