{
  "id": 44040,
  "title": "Abciee Shuugyou Nikki",
  "title_jp": "エビシー修業日記",
  "slug": "abciee-shuugyou-nikki",
  "type": "legendados",
  "format": "TV",
  "images": {
    "poster": "https://cdn.myanimelist.net/images/anime/1548/110221l.webp",
    "banner": "https://cdn.myanimelist.net/images/anime/1548/110221.jpg"
  },
  "trailer": "https://www.youtube-nocookie.com/embed/yxqubVpCe1M?enablejsapi=1&wmode=opaque&autoplay=1",
  "synopsis": "ABCiee is a bit klutzy and ditsy, but he's full of spunk and he starts his dream job at a TV station! This is a work comedy filled with all kinds of hijinks! \"I never knew it was so hard working at a TV station, ciee!\" Despite having to face the unknown rules of the TV business, unique coworkers, and guest stars who have very particular quirks, ABCiee takes them head on with his positivity. Work, love, family, whatever goes!! Please watch over ABCiee as he takes on the TV business.\n\n(Source: Crunchyroll)",
  "score": 5.42,
  "genres": [
    "Comedy"
  ],
  "episodes": [
    {
      "numero": 1,
      "url": "https://lightspeedst.net/s2/mp4/abciee-shuugyou-nikki/hd/1.mp4",
      "nome": "Newbie ABCiee Is Going to Do His Best, Ciee"
    },
    {
      "numero": 2,
      "url": "https://lightspeedst.net/s2/mp4/abciee-shuugyou-nikki/hd/2.mp4",
      "nome": "Oh, So Cute! The Female Announcer, Miss Otter"
    },
    {
      "numero": 3,
      "url": "https://lightspeedst.net/s2/mp4/abciee-shuugyou-nikki/hd/3.mp4",
      "nome": "It's Super Busy in the News Biz, Ciee"
    },
    {
      "numero": 4,
      "url": "https://lightspeedst.net/s2/mp4_temp/abciee-shuugyou-nikki/4/720p.mp4",
      "nome": "Stressful, Ciee! The TV Man Makes a Life-Changing Decision!"
    },
    {
      "numero": 5,
      "url": "https://lightspeedst.net/s2/mp4_temp/abciee-shuugyou-nikki/5/720p.mp4",
      "nome": "The Path of a Cue Card Master Is Rough, Ciee!"
    },
    {
      "numero": 6,
      "url": "https://lightspeedst.net/s2/mp4_temp/abciee-shuugyou-nikki/6/720p.mp4",
      "nome": "Banned Pairings Can Be Complicated, Ciee!"
    },
    {
      "numero": 7,
      "url": "https://lightspeedst.net/s2/mp4_temp/abciee-shuugyou-nikki/7/720p.mp4",
      "nome": "Beware! Comedians Are Sensitive, Ciee!"
    },
    {
      "numero": 8,
      "url": "https://lightspeedst.net/s2/mp4_temp/abciee-shuugyou-nikki/8/720p.mp4",
      "nome": "Please Let Me Through, Ciee! ABko vs. the Security Guard!"
    },
    {
      "numero": 9,
      "url": "https://lightspeedst.net/s2/mp4_temp/abciee-shuugyou-nikki/9/720p.mp4",
      "nome": "Interviewing People in the City Can Be Touching, Ciee!"
    },
    {
      "numero": 10,
      "url": "https://lightspeedst.net/s2/mp4_temp/abciee-shuugyou-nikki/10/720p.mp4",
      "nome": "Passionate! Reenactment Dramas, Ciee!"
    },
    {
      "numero": 11,
      "url": "https://lightspeedst.net/s2/mp4_temp/abciee-shuugyou-nikki/11/720p.mp4",
      "nome": "Negotiating Location Shoots Is Difficult, Ciee!"
    },
    {
      "numero": 12,
      "url": "https://lightspeedst.net/s2/mp4_temp/abciee-shuugyou-nikki/12/720p.mp4",
      "nome": "Smiles and Tears, Ciee, at the Wrap Party!"
    }
  ]
}