{
  "id": 306,
  "title": "Abenobashi Mahou☆Shoutengai",
  "title_jp": "アベノ橋魔法☆商店街",
  "slug": "abenobashi-mahou-shoutengai",
  "type": "legendados",
  "format": "TV",
  "images": {
    "poster": "https://cdn.myanimelist.net/images/anime/1350/113655l.webp",
    "banner": "https://cdn.myanimelist.net/images/anime/1350/113655.jpg"
  },
  "trailer": "https://www.youtube-nocookie.com/embed/gfKMN7rLJpY?enablejsapi=1&wmode=opaque&autoplay=1",
  "synopsis": "Satoshi \"Sasshi\" Imamiya believes his life is in shambles, as only a 12-year-old can. Having lost his card collection, his childish dilemmas worsen when he learns that his childhood friend, Arumi Asahina, will be moving away.\n\nSuddenly, their issues are dashed aside for the surreal, and they find themselves transported away through bizarre worlds of science fiction, magic, and war. Any attempt to escape only catapults them into another alien land. Soon, the two come to a realization: every world is just a reimagining of their hometown. But there are two unfamiliar faces—the voluptuous Mune-mune and the elusive blue-haired Eutus—and they just might be the key to escaping their predicament.\n\nAbenobashi Mahou☆Shoutengai follows Sasshi and Arumi's comedic exploits as they desperately attempt to return home. However, when the pair unravel a tale spanning generations, they begin to wonder if the cause of their situation is more personal than they thought. Is returning home truly what they desire?\n\n[Written by MAL Rewrite]",
  "score": 7.21,
  "genres": [
    "Award Winning",
    "Comedy",
    "Fantasy",
    "Ecchi"
  ],
  "episodes": [
    {
      "numero": 1,
      "url": "https://lightspeedst.net/s3/mp4/abenobashi-mahou-shoutengai/sd/1.mp4",
      "nome": "Mystery! Abenobashi Shopping Arcade"
    },
    {
      "numero": 2,
      "url": "https://lightspeedst.net/s3/mp4/abenobashi-mahou-shoutengai/sd/2.mp4",
      "nome": "Adventure! Abenobashi Sword and Sorcery Shopping Arcade"
    },
    {
      "numero": 3,
      "url": "https://lightspeedst.net/s3/mp4/abenobashi-mahou-shoutengai/sd/3.mp4",
      "nome": "Hook up! Abenobashi Great Milky Way Shopping Arcade"
    },
    {
      "numero": 4,
      "url": "https://lightspeedst.net/s3/mp4/abenobashi-mahou-shoutengai/sd/4.mp4",
      "nome": "Fire It up! Abenobashi Hong Kong Combat Shopping Arcade"
    },
    {
      "numero": 5,
      "url": "https://lightspeedst.net/s3/mp4/abenobashi-mahou-shoutengai/sd/5.mp4",
      "nome": "Extinction! Abenobashi Ancient Dinosaur Shopping Arcade"
    },
    {
      "numero": 6,
      "url": "https://lightspeedst.net/s3/mp4/abenobashi-mahou-shoutengai/sd/6.mp4",
      "nome": "In the Night Fog! Abenobashi Hard Boiled Shopping Arcade"
    },
    {
      "numero": 7,
      "url": "https://lightspeedst.net/s3/mp4/abenobashi-mahou-shoutengai/sd/7.mp4",
      "nome": "Flashback! Magical Shopping Arcade Birth"
    },
    {
      "numero": 8,
      "url": "https://lightspeedst.net/s3/mp4/abenobashi-mahou-shoutengai/sd/8.mp4",
      "nome": "Set Your Heart Aflutter! Abenobashi Campus Shopping Arcade"
    },
    {
      "numero": 9,
      "url": "https://lightspeedst.net/s3/mp4/abenobashi-mahou-shoutengai/sd/9.mp4",
      "nome": "It Cries! the Bush Warbler Heiankyo"
    },
    {
      "numero": 10,
      "url": "https://lightspeedst.net/s3/mp4/abenobashi-mahou-shoutengai/sd/10.mp4",
      "nome": "Fluffy, Bubbly, Abenobashi Fairy Tale Shopping Arcade"
    },
    {
      "numero": 11,
      "url": "https://lightspeedst.net/s3/mp4/abenobashi-mahou-shoutengai/sd/11.mp4",
      "nome": "Resolution! Abenobashi Battlefield Shopping Arcade"
    },
    {
      "numero": 12,
      "url": "https://lightspeedst.net/s3/mp4/abenobashi-mahou-shoutengai/sd/12.mp4",
      "nome": "Huge Reversal?! Abenobashi Hollywood Shopping Arcade"
    },
    {
      "numero": 13,
      "url": "https://lightspeedst.net/s3/mp4/abenobashi-mahou-shoutengai/sd/13.mp4",
      "nome": "Return To Life! The Legendary Onmyou Mystic"
    }
  ]
}