{
  "id": 25397,
  "title": "Absolute Duo",
  "title_jp": "アブソリュート・デュオ",
  "slug": "absolute-duo",
  "type": "legendados",
  "format": "TV",
  "images": {
    "poster": "https://cdn.myanimelist.net/images/anime/4/68839l.webp",
    "banner": "https://cdn.myanimelist.net/images/anime/4/68839.jpg"
  },
  "trailer": "https://www.youtube-nocookie.com/embed/DBkXWtMZlUk?enablejsapi=1&wmode=opaque&autoplay=1",
  "synopsis": "Individuals who can materialize weapons from their soul are called \"Blazers,\" and they attend Kouryou Academy High School in order to harness their abilities. Each student is required to partner with another, in the hopes that one day, the pair can attain the power of Absolute Duo.\n\nTooru Kokonoe hopes to attend this academy in order to gain power after his sister and friends were slain by a mysterious man. However, at the opening ceremony, he is forced to duel against the person sitting next to him, with the loser being expelled. As Tooru prepares to give the match his all, it is not a weapon that manifests from his soul, but a shield, an irregularity which catches the attention of a foreign student named Julie Sigtuna.\n\n[Written by MAL Rewrite]",
  "score": 6.41,
  "genres": [
    "Action",
    "Fantasy",
    "Romance",
    "Ecchi"
  ],
  "episodes": [
    {
      "numero": 1,
      "url": "https://www.blogger.com/video.g?token=AD6v5dy0j0asJ3wRLHawjzbgwltSzMMHsfIQfUPUb8wX3VPmriLhsQWFf4rWXToC7hAT5C9S_5JY2X2XDjWXZTuFH31aU5Qf1U7SvWC6400BAwnygGqwSNMqhbURe0AAdQ5ij_q5nZQ",
      "nome": "Blaze"
    },
    {
      "numero": 2,
      "url": "https://www.blogger.com/video.g?token=AD6v5dwHljbxomJxrq31AzPdQeR1kNxZ_IvmHsARSeumgXyosVFyLDUTg9kJCO1EySnd2YlOiWbJJnSHHq2-c41xBWteWMwU5k4P_tyEmcKtCWTB2pyro3Y_GvDk1JMekfVEoOL1JeeT",
      "nome": "Duo"
    },
    {
      "numero": 3,
      "url": "https://www.blogger.com/video.g?token=AD6v5dzTSUNQPlnAdaE2J6JbVE1sXHaZwjQvNwjLLnYmI1A9eKLot3uEFdJ40mcl8tXELGhL6eg1caUbLFZ7JZ0xjl_rXVOy-NVSRa_ROrquhdgouJBoERqglSVknm0yD0icYovq5VkA",
      "nome": "Avenger"
    },
    {
      "numero": 4,
      "url": "https://www.blogger.com/video.g?token=AD6v5dz6651gC9xda33l6wLpMluAP8dlkGZP4o5umijJjvq-f3UwPa-IbO4QTgZyqZllJUWFnArTb83AKveJw1SRIDg0UA0zLqaGH3h-dfjCPGj1A4FnOjIcLzb_prT50tnt04pozjbj",
      "nome": "Exception"
    },
    {
      "numero": 5,
      "url": "https://www.blogger.com/video.g?token=AD6v5dyMY8F6J2t1Yu5ty6tbYQbQodvuanAqBzsy3wJJEw38OHQt5exZQ4T4LUz-hucMoqtlIdhVQ311UJDTEkkGDy2uLaKZwMxqzNRxr_QmqsDhEkVo1Z58gJNVUQQRv-uIEe2HCwc",
      "nome": "Level Up"
    },
    {
      "numero": 6,
      "url": "https://www.blogger.com/video.g?token=AD6v5dwV6QLGKpiap3vm9Dgo1YH5-ztGDUwyC3jJDJm3HqbwU4abEIBFQ5Cqsz-T9vgODfwVmsM2BluLFOopsCjYyEFLTR8POPS4DPPVujoNTejWsb4Ms5aZpGeqt7Y7ASWlGYts",
      "nome": "Survive"
    },
    {
      "numero": 7,
      "url": "https://www.blogger.com/video.g?token=AD6v5dxDRvOaKA-Akxz3rFKe4MAcQB6HsM-VTHPFfnCUFiocID4P8mTWleqHUxBjd2Q05pVP9iD0xazo2I1mL8DlTrpHkQAkmrkmUnWw4RXx4C17V0LEX6fMI-IfTWT-ER5H6JeWNBQ",
      "nome": "Silver-Blonde, Yellow Topaz"
    },
    {
      "numero": 8,
      "url": "https://www.blogger.com/video.g?token=AD6v5dy7SyEqIfyKGAgFil0RxjCtgmUBg617595voT5QlppSEL4bxAfGz_vipI5n-F1nkA5BFz3tvBJODoPvYKPEGGUPmaVacYnxaSLUJrT9KYnb1EFCeIspHd1kdVVk3Wjqqbdllsk",
      "nome": "Selection"
    },
    {
      "numero": 9,
      "url": "https://www.blogger.com/video.g?token=AD6v5dzs545TJsMsTU6dUPWnFy43B_n4FxqTQICgaqzRw12mSCJ4lrvvZmwUcjJgKqVwGybWxkUCrSx_k9U2dVm3jkr8FQEDjkAy8bDswlc_PU0dtJ_JXsAUmWLFkDmHfSs4dcA1j9Rt",
      "nome": "Rebels"
    },
    {
      "numero": 10,
      "url": "https://www.blogger.com/video.g?token=AD6v5dy1kbJ9WoeODEBaxEhK3r675vAHLusiEAV5Q5ZbXcpHykrDDuBElaqui_Qrp58_W0Hh2JdizbH5KSu42j_LYVYsF24ssnSFz21OasrZKLDKh8IW_ghh9G1reZ4ecvgfLo1ZN6A",
      "nome": "Reign Conference"
    },
    {
      "numero": 11,
      "url": "https://www.blogger.com/video.g?token=AD6v5dy3JWPvHcg-INWj1I6cSYceFQuEK1W85czftg5Tx4X0KeUskHN97HaWRMDTq8j-ycZhpqj6WzJasm-P__b_LmX6t2huZ-SL3d1coJhfF6YiSgDZ4-Yio-iQ6Qjq8uBMso8QHw",
      "nome": "Killing Game"
    },
    {
      "numero": 12,
      "url": "https://www.blogger.com/video.g?token=AD6v5dzwDYYMGXezILM9NIxSVTcjX6oa9bhbUai3UKS3xqP5YkDw92KD5ldOlJNPmf8QrHQE0khvieIRwqSD241sY-aRK8zRUXwAHWjJfmk-pkGAWhnQljPsynA8spkc_2zWk8wNEkM",
      "nome": "Absolute Duo"
    }
  ]
}