{
  "id": 33337,
  "title": "ACCA: 13-ku Kansatsu-ka",
  "title_jp": "ACCA 13区監察課",
  "slug": "acca-13-ku-kansatsu-ka",
  "type": "legendados",
  "format": "TV",
  "images": {
    "poster": "https://cdn.myanimelist.net/images/anime/3/83776l.webp",
    "banner": "https://cdn.myanimelist.net/images/anime/3/83776.jpg"
  },
  "trailer": "https://www.youtube-nocookie.com/embed/9KLcXHQZyls?enablejsapi=1&wmode=opaque&autoplay=1",
  "synopsis": "ACCA—a national body of the kingdom of Dowa that provides public services to the citizens of the country—was established as part of the peace settlement between the king of Dowa and the 13 states of the country during a revolt. One hundred years later, Dowa is in a period of unprecedented peace, due in part to the ACCA system. However, rumors of a coup d'état start to surface. Jean Otus, the second-in-command of the inspection department of ACCA, is charged with inspecting all 13 state branches. What will he discover as he performs his audit?\n\nIntriguing and mysterious, ACCA: 13-ku Kansatsu-ka is a politically-themed mystery that reveals a world of diverse cultures and lifestyles, with intricate connections between its characters, as the truth of the coup d'état slowly unfolds.\n\n[Written by MAL Rewrite]",
  "score": 7.66,
  "genres": [
    "Drama",
    "Mystery"
  ],
  "episodes": [
    {
      "numero": 1,
      "url": "https://www.blogger.com/video.g?token=AD6v5dz_p1b5vZUz-eyRFvu2eveofqOs793hCJn4H9-rGx1xxuSr8zXtY9mgGqojj_eZgXFAR-WB8fr12NJzQ3TEQsnnGWSCVLel0r5Dwy0UMAuqeueZR-aqUdo9XyNN5yQiuHeiDok",
      "nome": "Jean the Cigarette-Peddler"
    },
    {
      "numero": 2,
      "url": "https://www.blogger.com/video.g?token=AD6v5dwm3_KggXiCIY781TskNUWNt8jleM08GHZIzSkc4TKABWDElPL3ToChxq_sggUZYG55doZLZOH2e8rHol9GrTfR83aVoY-NH-EsxAEaUQiHmBqwOfgMQIFM9mqqQDpowsuwN6fD",
      "nome": "The Partner in Crime`s Name Is Nino"
    },
    {
      "numero": 3,
      "url": "https://www.blogger.com/video.g?token=AD6v5dwPkwjMPns6T9ctehEXn-x1j0Dx-_Szhyx8-5cgARxO0TifV5m_tJtaaezPvNLsRtNiUjLY0FvEBtiD3q44xbOMHN_GvSIY3To0XD8PagjJaNjR6Fs__ED0aftVGyjnnPxUlYA",
      "nome": "The Swirling Smoke of Rumors in the Castle"
    },
    {
      "numero": 4,
      "url": "https://www.blogger.com/video.g?token=AD6v5dwiy6tsmaOR1_abQTQahX7Uekaat2rmkManQccOaWirQSuBcss-ALDXSeIG-x2gzK13UP5BTJ6pQ7j4m2WoyyRYpPItAlUk4cYKz6kKRoyQfOnMpICZabWplNbKyAmp1PMObeJs",
      "nome": "Smoldering Embers in an Isolated Nation"
    },
    {
      "numero": 5,
      "url": "https://www.blogger.com/video.g?token=AD6v5dxAPfNk5f4d-q8Wpg4sXoLrp7AfWs0RgvdDfXyg1y1hWhRr66VDs_yzoBLWZLyiVPFfHpWwKqoHbiNn5ovtqOOrR7_pggMYHf20awP7ipM-Pyeb9TL0u1DK5NA7SEb9eQn2rtnU",
      "nome": "Overlapping Footprints in the Distance."
    },
    {
      "numero": 6,
      "url": "https://www.blogger.com/video.g?token=AD6v5dycjz4nJRwnnolmGHPfL9KNOA2N1zQ18gggYW7sT1jZajJ2w1jz3_jDNAb8K2g7u2SnjdSYYnv93eT1NEzSW8RnQ03b0EGKd1euv0W0AwWK8JrkykcAe9M6DUhxAWECHDu9os0p",
      "nome": "Where Pride and Train Tracks Lead"
    },
    {
      "numero": 7,
      "url": "https://www.blogger.com/video.g?token=AD6v5dz8EFspUaJ4uDA8Qqm39fEBPdDAG0h00fQYNaWiPE-1e1dCb77nafbCzP1hm3bw7Z6ywuoaO2fTtUTFr6iXuFOJaQuXVCI6l00fN9lgkKW7B_d4tGazZGopFBP1c00XsrzJH-k",
      "nome": "The Truth Emerges in the Night Mists"
    },
    {
      "numero": 8,
      "url": "https://www.blogger.com/video.g?token=AD6v5dyrBEeafcFPkrm-rOBvV-VqefA6HADBo8yyf7fvVB_QCtVJPd2Dvb3PWmmbwbaVzMHwvdjboaujLAWxuZva39i3cpXS3fz4e1hi6xMSUynOPYbU1R-ZTd6uMq3tXbQJdXBFCVqj",
      "nome": "The Princess Who Spread Her Wings and the Friend Who Had a Duty"
    },
    {
      "numero": 9,
      "url": "https://www.blogger.com/video.g?token=AD6v5dwT4y6H0woNXiuv0M8dKwuuK-nkxcuUWtpu8BNCGlQMupkLzeGJVvrpEGIe8t3Kx7CBQ7-cY5C4Y3RiW4rmr33N3NC8wgGycL9pTUWXtYO9SHBSEFUJHZKvq5obBIbvDLtjLc8",
      "nome": "A Graceful Black Adder Bears Its Fangs"
    },
    {
      "numero": 10,
      "url": "https://www.blogger.com/video.g?token=AD6v5dz030pWzfkCGqBbCGuAGjjD77B79Yr4N0egcjOLwNoxTSQiHzPGwZo1BaVN7WtSXBa61wtopO935q4GZHuslXPafVEGu1MG2jPn7OLzsXW74QgWZhZJjUu7Ow8u9RUbdv5-1EQ",
      "nome": "Starfall in a City Without a Sky"
    },
    {
      "numero": 11,
      "url": "https://www.blogger.com/video.g?token=AD6v5dyV-HKvG6wYkl7yarcHxE2dUYE7vU_ClW3eYa4UgHVbkju3Ec8GLIRS3eV06GYpJ-e-SJVbjJh1TsoqdsBmXW-W1AAc9tSsJIaOXncQhSp6ZMtLhy4K_Szs30SWD0P-31po4fw",
      "nome": "Furawau's Flowers Smell of Malice"
    },
    {
      "numero": 12,
      "url": "https://www.blogger.com/video.g?token=AD6v5dyc3wpKB_XWsASGWwziPxy3KpWgF7WU_zDSTCAmU5XgAvVFWp3TOLVqJ0HmwnwOzWaFpt1CqTp2onQrrHYu1tkrAE8STOicVLD6X_WVAA62tBX2pKiPmJhzoQqhC0fBKIQlPdRM",
      "nome": "Where the Bird Flies"
    }
  ]
}