{
  "id": 11759,
  "title": "Accel World",
  "title_jp": "アクセル・ワールド",
  "slug": "accel-world",
  "type": "legendados",
  "format": "TV",
  "images": {
    "poster": "https://cdn.myanimelist.net/images/anime/1002/135430l.webp",
    "banner": "https://cdn.myanimelist.net/images/anime/1002/135430.jpg"
  },
  "trailer": "https://www.youtube-nocookie.com/embed/Le80O3zYr0U?enablejsapi=1&wmode=opaque&autoplay=1",
  "synopsis": "Haruyuki Arita is an overweight, bullied middle schooler who finds solace in playing online games. But his life takes a drastic turn one day, when he finds that all his high scores have been topped by Kuroyukihime, the popular vice president of the student council. She then invites him to the student lounge and introduces him to \"Brain Burst,\" a program which allows the users to accelerate their brain waves to the point where time seems to stop. Brain Burst also functions as an augmented reality fighting game, and in order to get more points to accelerate, users must win duels against other players. However, if a user loses all their points, they will also lose access to Brain Burst forever.\n\nKuroyukihime explains that she chose to show Haruyuki the program because she needs his help. She wants to meet the creator of Brain Burst and uncover the reason of why it was created, but that's easier said than done; to do so, she must defeat the \"Six Kings of Pure Color,\" powerful faction leaders within the game, and reach level 10, the highest level attainable. After the girl helps Haruyuki overcome the bullies that torment him, he vows to help her realize her goal, and so begins the duo's fight to reach the top.\n\n[Written by MAL Rewrite]",
  "score": 7.2,
  "genres": [
    "Action",
    "Romance",
    "Sci-Fi"
  ],
  "episodes": [
    {
      "numero": 1,
      "url": "https://www.blogger.com/video.g?token=AD6v5dz6kRr-GxJha7qfK0c65mnyZeyKY8Oc2FoT0-bnqs6zKdw2xNurEEvakMlXTs7N3KQ4FW75B46UroYxbD2ch76mop3LrQEpA2vGlxY0nABGnTozWSdSTEK3aiPDCevJeWfHjhLq",
      "nome": "Acceleration"
    },
    {
      "numero": 2,
      "url": "https://www.blogger.com/video.g?token=AD6v5dxcDF64gchxtNnGkRo54aMNx0Oly79sylUZV8oIKhWSf0xtHm_0Pjjku8kx6XOS6eBflwbh55HpW_r0v-yU1DFFrkxe6ngGjyTiuP8eVbET-KT46FV-01K1Q9QPX0t60tB7gebQ",
      "nome": "Transformation"
    },
    {
      "numero": 3,
      "url": "https://www.blogger.com/video.g?token=AD6v5dyYtneW1tQSv-P0Nd5UQxdSdFJEYlXGvpaS6-DngtujWniOatsNxLDZJ4SWqD_k91KSnUgcUOahmKuG0FVAUeR6xaBD3mMbgQnHQXIptu8IA-cvg__4_l-cgZBsfKVEjJV_Plhw",
      "nome": "Investigation"
    },
    {
      "numero": 4,
      "url": "https://www.blogger.com/video.g?token=AD6v5dzoeG0XjnkAa2d37Rova7YivM0xzkNXleVQO3tQHxSRbiyZkYiz4j_3uIqAJOr48K8xnCPjH9XRORzavTSXWUy0bBGWxQpY9WECjz4GH7eSekg0Tz3qNMTXMG5Gu7Go78zJPMvy",
      "nome": "Declaration"
    },
    {
      "numero": 5,
      "url": "https://www.blogger.com/video.g?token=AD6v5dxPA6PZ2odAhyi1FyZ9O-nOl4MUJC_D5X9tEUHnqkC3iw98QVDOTFZDzb2pflMfNXpG4OvThnyjTD6Kf2tfrluPetbIQQFoy7A9e9goP36okOIuxaJBEvOOIYqYaZ-dCXsfV0w",
      "nome": "Aviation"
    },
    {
      "numero": 6,
      "url": "https://www.blogger.com/video.g?token=AD6v5dyGbELH0djPXL_JLgdN_m_CBgsWoq0ethHsOew06yzxTt8MknLRXO3TIiwFuRSJDtg1D3wOrf_jcN9rD5ixVvPQb5klQtQjd5y0vxsLHeM8Tac8MZRZyKg-pBa9fdNMWrZOwlDZ",
      "nome": "Retribution"
    },
    {
      "numero": 7,
      "url": "https://www.blogger.com/video.g?token=AD6v5dw9T_zdkTQUpUp_-lny9IvBL_vH5sNbkTWQaRWCCTJRLZCHRhceH5HhwXJmFhJjfX-JYKkjKldQCFr1wlkJ5_6yVvgpAxFijA5U8FiziYIi38SAG-jM0FIwQsUqH0EKMgiecVI",
      "nome": "Restoration"
    },
    {
      "numero": 8,
      "url": "https://www.blogger.com/video.g?token=AD6v5dyKVuu0G2llVB4U8kKILaI4szOYatUrTLSuQS30egXvAbdoNHZmD0ZZ52Jhslnew6xxK4zNByln6kE_v0GH_2xi0blRFwpwJuKdyK51p2cx3qzZLKi0idsjdGKMSVvXXTvRePlH",
      "nome": "Temptation"
    },
    {
      "numero": 9,
      "url": "https://www.blogger.com/video.g?token=AD6v5dyhansC2XFQ200di262SjcHVfE0J7I7SblojjCnjRL69VWplM8x_jR4vfzH3U3lNFwTUEO3xHbGaCTiYGquTPtQ8CZHVHlnZtzcFblDFsmA765sZ1Ci0ceVFnlj3MmR74XW3Pms",
      "nome": "Escalation"
    },
    {
      "numero": 10,
      "url": "https://www.blogger.com/video.g?token=AD6v5dx3XSVY_I124vLHkCGKNUzqtObAA8x09T7yCzmvCnhvbDx3Wp4NrJtt5Rmr7DGhFwaC54anyZQMeknpDwaKNIdMztgq2iJaEkQ0QgxonQLGnosVfpdKK1K5pBYKer6-mzJU23Sn",
      "nome": "Activation"
    },
    {
      "numero": 11,
      "url": "https://www.blogger.com/video.g?token=AD6v5dw9rIOVHZp_z_jRlQimKi8ffoO5T41FWD--ipvpeQLkWuWWXyuWcDq-CfaMbfI-O5g9XggUDTJXhKpOtm7pIXosvBnTWsrAxW6fwEVWGaR2PbHei4pzGdqrF25EjgTTkYSHKZo",
      "nome": "Obligation"
    },
    {
      "numero": 12,
      "url": "https://www.blogger.com/video.g?token=AD6v5dznIHIB9LHPJRF14z94-nuljofiTnDGcDPd4H-QqxwkJyEyuzrhP0wkilhTb8rCv_sGkPBC6_ZBvAYcd7rW-5nAxIubIIX_IeI-pA9LjzF1jCkr-fQUQ2A0fmT2TtyF-tNzHf8",
      "nome": "Absolution"
    },
    {
      "numero": 13,
      "url": "https://www.blogger.com/video.g?token=AD6v5dxgZwcrBl9XGP4bF62d-1QXvw1kvL5F-aYHbYJOM7lr9SL33_6OeVyEM_Yz099GhjQp6Lo9FigGDe1d2xWCQXIpczCfKThlQDEqQakyiFcMq_OdTIX0ozzL9K2RDO3ENvddCh9j",
      "nome": "Violation"
    },
    {
      "numero": 14,
      "url": "https://www.blogger.com/video.g?token=AD6v5dy5VaHrbQ-HZXez731dw-NUbWybeFc26KYbU_X8W71xGXNf8HKUsJm7boU-Vs9VzZPLZcBZAPZEFhkId-87_5bY0WMSFmcLIIsMcvNKBwPzz1pMotulBU13LiRUnSzytzLMwaM",
      "nome": "Arrestation"
    },
    {
      "numero": 15,
      "url": "https://www.blogger.com/video.g?token=AD6v5dwy9F5GhPW7_1dsHlegSaoyg5xqsjladEC4I-CMxSCAc2JXiauIy1h19eaDk3OaYTbBk6wrI-Zj5r52wipHlpdjj-mcvv7rr0q4KnVzhRiAVxZhL0l60paM_o49MHGxLIa-PW1U",
      "nome": "Destruction"
    },
    {
      "numero": 16,
      "url": "https://www.blogger.com/video.g?token=AD6v5dzNuOlLZ4ipl6wT2AZAVhqb3wmUivKUHB_zy3eQVur9SwZy6ZuT-uOklQRJlkVKh2xCkACp-J9JQyeU59Ta8eTzv1B9AbPMhr4MFfrRKoWLJEgr3_UeT5lqFO4xogkP5z75vQE",
      "nome": "Imagination"
    },
    {
      "numero": 17,
      "url": "https://www.blogger.com/video.g?token=AD6v5dwNN5BqLR318Mjdms-l-ifq8MGX0WTAF0tXCiX3gz7DNeR9LNxXn9ApRcsA4NMXnNA0tAX9UUexRw_Gsnjjj5am6N2Clj9ug6lz5SJarPl0HrxbYzgaVmj4QFvyCWecsxwYMZw",
      "nome": "Fragmentation"
    },
    {
      "numero": 18,
      "url": "https://www.blogger.com/video.g?token=AD6v5dwGB3J5ewcqllkuTtYYaVkl-bVFY5TFegbWoQgxzPS6w-k17-gDRdBx6KWxGSvTP_ChFmEOXHapEM3KvC_oIxN08cvqBI424zcsURvoyRgk1VNMnuGmseo7bBGwdFhS7Z8VVuYS",
      "nome": "Invitation"
    },
    {
      "numero": 19,
      "url": "https://www.blogger.com/video.g?token=AD6v5dxYvpNogROPTBaj7WI0U6vCG6LBOzk2zZg2BO6M6ZPfgPyzpl5oQBr9jaHky0R4EHCNs-TOauckpiwdk41EUWSjxmGdbFgT-qSelYWQnOjhK5rjRMmNWAJYoMc9jfTawUsIDpY",
      "nome": "Revolution"
    },
    {
      "numero": 20,
      "url": "https://www.blogger.com/video.g?token=AD6v5dyAufvUblo0uGkUuXe10XupOn_PjnrWd1Do9UHNunWT2GnJQWIKS833aXgznoSj7G-WWaH_g4bzZz3KIQT4MapdhBG96vgk9gHz4UZDAue8Y1wajuRJ0DezXwvgZmx5b-LXPyU",
      "nome": "Domination"
    },
    {
      "numero": 21,
      "url": "https://www.blogger.com/video.g?token=AD6v5dyIUKDm836dJZTCJTAVB_fTw6bFWlZ-MRz-lj-grnp65NK2cYXbJZP1ivoTaCfSS68qiGdra5hNFjUmvHlujNn0EuVq_cZqroeSuDCnpgq3drERxZrjpS0Pe14yIppzaZqy09Q",
      "nome": "Insurrection"
    },
    {
      "numero": 22,
      "url": "https://www.blogger.com/video.g?token=AD6v5dxz5yk0GI2a-VRQnaEUhcmnHEQtKym4K1tx75xUcuD5MzR6E1cSFYtOvTtuipzXe3QzkP5AJQwxChL0i_DE73ztEDOOqkVhYu9p6UyB4jxQUC5KOFYJE1smy20zh8FLzkdZQg",
      "nome": "Determination"
    },
    {
      "numero": 23,
      "url": "https://www.blogger.com/video.g?token=AD6v5dwkGuO9yjxLZd4SNQqJUqw7Omu2UYarUWt6-zWypS0WqP-JP56Ufdxx9tkC-Q_BCSaFWa0iGKoT_cTwoWTj9n_pswugLJng2zDacB7x5Y_EHKcCQ1jA4lOvbkAL8lGGGflX8SCN",
      "nome": "Consolidation"
    },
    {
      "numero": 24,
      "url": "https://www.blogger.com/video.g?token=AD6v5dy7Mxh5qHBjhIQyuIiMEGq6xckN3NEVDDSpQHZqB9nCd6p8cyAkt0qH8myoO6PEqpeCg6UxEc6uQcxYiyCBGKPcvMUDAVku8cd3D11PqjlsE11seTbKUjtKB3meKphmGDSwNwNi",
      "nome": "Reincarnation"
    }
  ]
}