{
  "id": 12291,
  "title": "Acchi Kocchi (TV)",
  "title_jp": "あっちこっち",
  "slug": "acchi-kocchi-tv",
  "type": "legendados",
  "format": "TV",
  "images": {
    "poster": "https://cdn.myanimelist.net/images/anime/5/46489l.webp",
    "banner": "https://cdn.myanimelist.net/images/anime/5/46489.jpg"
  },
  "trailer": "https://www.youtube-nocookie.com/embed/_-kHGNw6HOw?enablejsapi=1&wmode=opaque&autoplay=1",
  "synopsis": "Feelings may come and go, but true love always remains in the heart. Tsumiki Miniwa is in love with her best friend, Io Otonashi. For her, confessing is nearly impossible; but to her friends, they seem to be the perfect match. Cute and petite, Tsumiki comes off more as a friend, and Io's attitude toward her is friendlier than toward others. Despite the constant teasing and obvious hints that his friends have been dropping, Io always seems to miss the signs. \n\nThroughout her everyday school life, Tsumiki spends time with her friends and Io. Will she finally muster enough courage to confess her true feelings?\n\n[Written by MAL Rewrite]",
  "score": 7.47,
  "genres": [
    "Comedy",
    "Romance"
  ],
  "episodes": [
    {
      "numero": 1,
      "url": "https://www.blogger.com/video.g?token=AD6v5dztLGwrEDwAEYu1bZsEQLI-qXyMZnraRlFrI_Sjpy0p2QGasxqpH2-zM-CkNYypBBahO8qNxRiXHSPX1aa9jwcSVwrvVp8suv6bxaN3AL1XOj7szf8xbifsUE-lDdWbu9eunW0",
      "nome": "Here - There"
    },
    {
      "numero": 2,
      "url": "https://www.blogger.com/video.g?token=AD6v5dzwoXsrfGDpARD4ldY_vQXJMYNd7Mtp_ZAJrptcr9pwFEu53f12cV_iqNUvYpVjtxF1IluySib0xGKuSmb25tu8TJoFDuWLKDlgZkKGxc3utnMPloGHxBxrgvp7mpUXZIzTSH4",
      "nome": "Delicious Cakes - Valentine Lipstick"
    },
    {
      "numero": 3,
      "url": "https://www.blogger.com/video.g?token=AD6v5dz4xAs8iUQW1l8jOYRDDuTaVCyhaJ_EqYMFawmGZ7axWdiC1d32NnkFU425Yn3hVrVNpTj9ZQcJpWFhZS_9WwT1fR7g4zQW8azsKkyYRCfnE_tlBCzB31Bdd_sXejNn-hMcZzZN",
      "nome": "Relentless Snowball Fight - Cooking Class (Burn)"
    },
    {
      "numero": 4,
      "url": "https://www.blogger.com/video.g?token=AD6v5dxX1QLoC0nokkEV6VjrLiZY9c9z4MMzPnmiNe6W6Qlu6aUNJbloyrEAe6GLNUWjSrKao2OlVWj0HjKikWaFEtl03gq9259Lxu1NSx9C9q_hRkMtF4U6b5i6pgxG6btQhkUBzw",
      "nome": "I Want to Catch - Donna Donna of Love"
    },
    {
      "numero": 5,
      "url": "https://www.blogger.com/video.g?token=AD6v5dzJLYQMNtiTw_yvre6LOthQYH0dDOjyngPX64NYzx8V7hj5_qgHEQC2IDCKjj8BU48AGT2xTVeLtmypm4nV1vaya1lT2uadXlEdjgioRY0Oz_JNRSC5WiFdAQ-vHv_3yHTAQX8",
      "nome": "Attack! - Nyanber Nyan!"
    },
    {
      "numero": 6,
      "url": "https://www.blogger.com/video.g?token=AD6v5dwB1UbdUB_I_6xUpLfunlZae4Z-_uyULe6DBScGkiYWkvuj9N4_lW5sLrSZwLwQpNDt8o3nThYc7_PievRMVel_NmrBFxsDkRMP2QUbzUXjeP16YlBc676GN9MhbY-J_-2NNtPL",
      "nome": "Pool & Shirt - Homework"
    },
    {
      "numero": 7,
      "url": "https://www.blogger.com/video.g?token=AD6v5dxrrzaaNQ4Uq5UxrwCWpTWxxd-cfgYKes_IT-_wJ-cYyK7-CBVh3zhMF6bK1sDSGkE0M8F-YQ1p4vF0qZS3BbM4kCNA369pPnRKh07UQPAa7BuymUKMAQZuZ1vc4J8xlrnDRw",
      "nome": "Mountains! Rivers! - Barbeque"
    },
    {
      "numero": 8,
      "url": "https://www.blogger.com/video.g?token=AD6v5dx9pxQtFHpPAbCO1Z9mIiYk571WVtQtWalCr59kW361TE7_-yE05qxFRyt7MRdatQGvbdc6idiiQXSZpZPsqniF5-W8DnB7z_nZ7nYVz7ltZ49mNZIw8kXs4vI13tGLP1JTiDg",
      "nome": "Summer Homework - Summer Festival"
    },
    {
      "numero": 9,
      "url": "https://www.blogger.com/video.g?token=AD6v5dxoHuN9O1H97-XxtNTJ5tgzOPk4GzP6YThrPu8__Q3s-Pr0-rTpCjYiyWf612Gs2j_aJ8LjFEbGfHxVBZGcUE4liUK7bZB5ERghiYJokvYGtw-DisnryGQtzc_QabndrAa2So8",
      "nome": "Dress Me Up! - School Festival of Love & Romance"
    },
    {
      "numero": 10,
      "url": "https://www.blogger.com/video.g?token=AD6v5dxcNeqLVq599CV8FSkQxn8izav4M7W58zkUA5GPYOkRHPRc8cUOzbSGwSEZZNp49uPg9yxwfW8pwbC4QGvTJ6MWX802FZM4M_OHW3Qi5LJAUNC7YNM0T2ay03tp5E_UlePM2-Y",
      "nome": "Bear Encounter - Lovelymas"
    },
    {
      "numero": 11,
      "url": "https://www.blogger.com/video.g?token=AD6v5dykqyGvMv6xJ-FXEe7UaWw764b4lVyFGytx67wljZYExBdeZWbAoLY91uirFPiCt3z8SglNdjoKX_DbuLApQk6_G8W0IPyyRhHD_sif2n_mZ2X-EdZvd6_K2SsJ-y7X6bG3OMqe",
      "nome": "I Look Foward to You in the New Year - Rice Cake Game"
    },
    {
      "numero": 12,
      "url": "https://www.blogger.com/video.g?token=AD6v5dwYEGEriWQyTy8pdLyaY8bFp-MLgkNkiaeH3yx-0y32lOzPlkQy5EhBo85E6FvUmltYbEcotw3_wt2iiqekI2-3aVino5PpXJwjf2kxdAitBNUuZsMKntEZwGlTmlpanW7l9kg",
      "nome": "Sweet Gem - Chocolate Vale Tudo"
    }
  ]
}