{
  "id": 311,
  "title": "Ace wo Nerae!",
  "title_jp": "エースをねらえ!",
  "slug": "ace-wo-nerae",
  "type": "legendados",
  "format": "TV",
  "images": {
    "poster": "https://cdn.myanimelist.net/images/anime/1414/91264l.webp",
    "banner": "https://cdn.myanimelist.net/images/anime/1414/91264.jpg"
  },
  "trailer": null,
  "synopsis": "On her first day at Nishi High School, 15-year-old Hiromi Oka is inspired by top player Reika \"Ochoufujin\" Ryuuzaki to take up tennis. Shortly after joining the school's tennis club, she encounters Jin Munakata, the club's new coach. Munakata puts everyone under rigorous training that even puts Ochoufujin to shame. Despite the hardships, Hiromi's determination prompts the coach to select her as part of the club's main players. Because of this, Hiromi must endure the peer pressure from her seniors to become an ace tennis player.\n\n(Source: ANN)",
  "score": 7.1,
  "genres": [
    "Drama",
    "Romance",
    "Sports"
  ],
  "episodes": [
    {
      "numero": 1,
      "url": "https://lightspeedst.net/s2/mp4/ace-wo-nerae/sd/1.mp4",
      "nome": "Cinderella of the Tennis Kingdom"
    },
    {
      "numero": 2,
      "url": "https://lightspeedst.net/s2/mp4/ace-wo-nerae/sd/2.mp4",
      "nome": "The Player Is You!"
    },
    {
      "numero": 3,
      "url": "https://lightspeedst.net/s2/mp4/ace-wo-nerae/sd/3.mp4",
      "nome": "Tears at the District Qualifying"
    },
    {
      "numero": 4,
      "url": "https://lightspeedst.net/s2/mp4/ace-wo-nerae/sd/4.mp4",
      "nome": "Confrontation at the Tennis Court"
    },
    {
      "numero": 5,
      "url": "https://lightspeedst.net/s2/mp4/ace-wo-nerae/sd/5.mp4",
      "nome": "The Demon Coach Strikes!"
    },
    {
      "numero": 6,
      "url": "https://lightspeedst.net/s2/mp4/ace-wo-nerae/sd/6.mp4",
      "nome": "Oh! The Semifinals Day"
    },
    {
      "numero": 7,
      "url": "https://lightspeedst.net/s2/mp4/ace-wo-nerae/sd/7.mp4",
      "nome": "Bullet Serve of the Orchid"
    },
    {
      "numero": 8,
      "url": "https://lightspeedst.net/s2/mp4/ace-wo-nerae/sd/8.mp4",
      "nome": "Challenge of the Red Rose"
    },
    {
      "numero": 9,
      "url": "https://lightspeedst.net/s2/mp4/ace-wo-nerae/sd/9.mp4",
      "nome": "The Incandescent Match Point!"
    },
    {
      "numero": 10,
      "url": "https://lightspeedst.net/s2/mp4/ace-wo-nerae/sd/10.mp4",
      "nome": "The Tearly Withdrawal Notification"
    },
    {
      "numero": 11,
      "url": "https://lightspeedst.net/s2/mp4/ace-wo-nerae/sd/11.mp4",
      "nome": "The Terror of the Spin Drive!"
    },
    {
      "numero": 12,
      "url": "https://lightspeedst.net/s2/mp4/ace-wo-nerae/sd/12.mp4",
      "nome": "Showdown! The Butterfly versus the Orchid"
    },
    {
      "numero": 13,
      "url": "https://lightspeedst.net/s2/mp4/ace-wo-nerae/sd/13.mp4",
      "nome": "I Like! I Like! I Like! Todo-san"
    },
    {
      "numero": 14,
      "url": "https://lightspeedst.net/s2/mp4/ace-wo-nerae/sd/14.mp4",
      "nome": "Burn! Intensive Training at the Cold Wintry Wind"
    },
    {
      "numero": 15,
      "url": "https://lightspeedst.net/s2/mp4/ace-wo-nerae/sd/15.mp4",
      "nome": "The Secret of the Doubles Combination Birth"
    },
    {
      "numero": 16,
      "url": "https://lightspeedst.net/s2/mp4/ace-wo-nerae/sd/16.mp4",
      "nome": "The Terror of the Tornado Serve"
    },
    {
      "numero": 17,
      "url": "https://lightspeedst.net/s2/mp4/ace-wo-nerae/sd/17.mp4",
      "nome": "Groan! The Magical Twist Serve"
    },
    {
      "numero": 18,
      "url": "https://lightspeedst.net/s2/mp4/ace-wo-nerae/sd/18.mp4",
      "nome": "Hit the Black Spy!"
    },
    {
      "numero": 19,
      "url": "https://lightspeedst.net/s2/mp4/ace-wo-nerae/sd/19.mp4",
      "nome": "The Blood Dyed Turnabout"
    },
    {
      "numero": 20,
      "url": "https://lightspeedst.net/s2/mp4/ace-wo-nerae/sd/20.mp4",
      "nome": "Rally of the Burning Morning"
    },
    {
      "numero": 21,
      "url": "https://lightspeedst.net/s2/mp4/ace-wo-nerae/sd/21.mp4",
      "nome": "Danger! Doubles Finals"
    },
    {
      "numero": 22,
      "url": "https://lightspeedst.net/s2/mp4/ace-wo-nerae/sd/22.mp4",
      "nome": "During the Graduation Game Tears are Useless!"
    },
    {
      "numero": 23,
      "url": "https://lightspeedst.net/s2/mp4/ace-wo-nerae/sd/23.mp4",
      "nome": "Drive! This Single Ball"
    },
    {
      "numero": 24,
      "url": "https://lightspeedst.net/s2/mp4/ace-wo-nerae/sd/24.mp4",
      "nome": "The Love Letter Dancing in the Court"
    },
    {
      "numero": 25,
      "url": "https://lightspeedst.net/s2/mp4/ace-wo-nerae/sd/25.mp4",
      "nome": "Do Not Lose to the Men's Tennis!"
    },
    {
      "numero": 26,
      "url": "https://lightspeedst.net/s2/mp4/ace-wo-nerae/sd/26.mp4",
      "nome": "Hiromi versus the Butterfly! The Final Showdown"
    }
  ]
}