{
  "id": 314,
  "title": "Ace wo Nerae! 2",
  "title_jp": "エースをねらえ！２",
  "slug": "ace-wo-nerae-2",
  "type": "legendados",
  "format": "OVA",
  "images": {
    "poster": "https://cdn.myanimelist.net/images/anime/6/71785l.webp",
    "banner": "https://cdn.myanimelist.net/images/anime/6/71785.jpg"
  },
  "trailer": null,
  "synopsis": "It’s been three years since Nishi High’s Hiromi Oka was taken under the wing of former tennis superstar and “demon” coach, Jin Munakata. Fresh off a national championship win, Hiromi has been selected to represent Japan in New York for an international tournament. Unfortunately, Munakata is suddenly hospitalized after his own demons finally catch up with him. Forced to continue on without him, Hiromi must find it in herself to keep playing in the face of new challengers and heartbreaking tragedy.\n\n(Source: Discotek Media)",
  "score": 7.19,
  "genres": [
    "Drama",
    "Sports"
  ],
  "episodes": [
    {
      "numero": 1,
      "url": "https://lightspeedst.net/s2/mp4/ace-wo-nerae-2/sd/1.mp4",
      "nome": "Promise of My Best Friend"
    },
    {
      "numero": 2,
      "url": "https://lightspeedst.net/s2/mp4/ace-wo-nerae-2/sd/2.mp4",
      "nome": "Oka, Aim for the Ace!"
    },
    {
      "numero": 3,
      "url": "https://lightspeedst.net/s2/mp4/ace-wo-nerae-2/sd/3.mp4",
      "nome": "Overseas Expedition Without a Coach"
    },
    {
      "numero": 4,
      "url": "https://lightspeedst.net/s2/mp4/ace-wo-nerae-2/sd/4.mp4",
      "nome": "Sorrow of New York"
    },
    {
      "numero": 5,
      "url": "https://lightspeedst.net/s2/mp4/ace-wo-nerae-2/sd/5.mp4",
      "nome": "A Diary That Was Left"
    },
    {
      "numero": 6,
      "url": "https://lightspeedst.net/s2/mp4/ace-wo-nerae-2/sd/6.mp4",
      "nome": "Goodbye, Coach"
    },
    {
      "numero": 7,
      "url": "https://lightspeedst.net/s2/mp4/ace-wo-nerae-2/sd/7.mp4",
      "nome": "Into Sadness"
    },
    {
      "numero": 8,
      "url": "https://lightspeedst.net/s2/mp4/ace-wo-nerae-2/sd/8.mp4",
      "nome": "Racket of Jin Munakata"
    },
    {
      "numero": 9,
      "url": "https://lightspeedst.net/s2/mp4/ace-wo-nerae-2/sd/9.mp4",
      "nome": "Court Covered in Wounds"
    },
    {
      "numero": 10,
      "url": "https://lightspeedst.net/s2/mp4/ace-wo-nerae-2/sd/10.mp4",
      "nome": "Rivals"
    },
    {
      "numero": 11,
      "url": "https://lightspeedst.net/s2/mp4/ace-wo-nerae-2/sd/11.mp4",
      "nome": "The Night Before the Decisive Battle"
    },
    {
      "numero": 12,
      "url": "https://lightspeedst.net/s2/mp4/ace-wo-nerae-2/sd/12.mp4",
      "nome": "Bullet Serve: Revival!"
    },
    {
      "numero": 13,
      "url": "https://lightspeedst.net/s2/mp4/ace-wo-nerae-2/sd/13.mp4",
      "nome": "Surely... I Have Seen It"
    }
  ]
}