{
  "id": 53723,
  "title": "Acro Trip",
  "title_jp": "アクロトリップ",
  "slug": "acro-trip",
  "type": "legendados",
  "format": "TV",
  "images": {
    "poster": "https://cdn.myanimelist.net/images/anime/1397/145153l.webp",
    "banner": "https://cdn.myanimelist.net/images/anime/1397/145153.jpg"
  },
  "trailer": "https://www.youtube-nocookie.com/embed/Ngiaf7XxsQM?enablejsapi=1&wmode=opaque&autoplay=1",
  "synopsis": "Due to her mother's work, Chizuko Date has never remained in one place for long or grown attached to anything in particular. However, while temporarily staying with her grandfather Suikyou, she witnesses something extraordinary: a magical girl named Berry Blossom fighting against Chroma, member of the evil organization Fossa Magna. Seeing Berry Blossom save the day ignites a passion in Chizuko, and she swears to be a fan of the new magical girl in town thereafter.\n\nAs time passes, Berry Blossom's popularity dwindles due to the incompetence of her opponent. When Chizuko randomly encounters Chroma himself, she does not hold back her complaints against him. For his part, Chroma does not enjoy being defeated again and again; moreover, Fossa Magna will force him to resign if he continues losing. In desperation, Chroma begs Chizuko to become his second-in-command and help him with his evildoings.\n\nFor the sake of Berry Blossom regaining the spotlight, Chizuko must question whether it is right to join forces with the magical girl's sworn enemy.\n\n[Written by MAL Rewrite]",
  "score": 6.72,
  "genres": [
    "Comedy"
  ],
  "episodes": [
    {
      "numero": 1,
      "url": "https://lightspeedst.net/s7/mp4/acro-trip/hd/1.mp4",
      "nome": "Beginning Encounter"
    },
    {
      "numero": 2,
      "url": "https://lightspeedst.net/s7/mp4/acro-trip/hd/2.mp4",
      "nome": "Go To the Path of Evil"
    },
    {
      "numero": 3,
      "url": "https://lightspeedst.net/s7/mp4_temp/acro-trip/3/720p.mp4"
    },
    {
      "numero": 4,
      "url": "https://lightspeedst.net/s7/mp4/acro-trip/hd/4.mp4"
    },
    {
      "numero": 5,
      "url": "https://lightspeedst.net/s7/mp4/acro-trip/hd/5.mp4"
    },
    {
      "numero": 6,
      "url": "https://lightspeedst.net/s7/mp4/acro-trip/hd/6.mp4"
    },
    {
      "numero": 7,
      "url": "https://lightspeedst.net/s7/mp4_temp/acro-trip/7/720p.mp4"
    },
    {
      "numero": 8,
      "url": "https://lightspeedst.net/s7/mp4/acro-trip/hd/8.mp4"
    },
    {
      "numero": 9,
      "url": "https://lightspeedst.net/s7/mp4/acro-trip/hd/9.mp4"
    },
    {
      "numero": 10,
      "url": "https://lightspeedst.net/s7/mp4_temp/acro-trip/10/720p.mp4"
    },
    {
      "numero": 11,
      "url": "https://lightspeedst.net/s7/mp4_temp/acro-trip/11/720p.mp4"
    },
    {
      "numero": 12,
      "url": "https://lightspeedst.net/s7/mp4/acro-trip/hd/12.mp4"
    }
  ]
}