{
  "id": 34800,
  "title": "Action Heroine Cheer Fruits",
  "title_jp": "アクションヒロイン チアフルーツ",
  "slug": "action-heroine-cheer-fruits",
  "type": "legendados",
  "format": "TV",
  "images": {
    "poster": "https://cdn.myanimelist.net/images/anime/12/86741l.webp",
    "banner": "https://cdn.myanimelist.net/images/anime/12/86741.jpg"
  },
  "trailer": "https://www.youtube-nocookie.com/embed/SJqw8h8h67k?enablejsapi=1&wmode=opaque&autoplay=1",
  "synopsis": "Several years ago, local heroines—superhero characters who represent towns and perform stage shows in order to raise their town's acclaim—had a boom in popularity. The most famous of these local heroines, Kamidaio, is scheduled to perform in the small town of Hinano, much to the excitement of Mikan Kise's little sister Yuzu. Unfortunately, when Mikan takes Yuzu to the show, she finds out that it has been canceled. She promises her distraught sister that she'll make sure she can see the show. Desperate not to let her down, Mikan asks her classmate, the local heroine fanatic An Akagi, for help.\n\nMikan and Ann put on their own Kamidaio performance clad in homemade costumes, which the kids in the audience love despite its lack of production value. The show is recorded by the student council president Misaki Shirogane, who posts it online to garner attention. Misaki is from a family of politicians and has taken it upon herself to revitalize Hinano. Impressed by their show, she recruits Mikan and An to become the official local heroines of their town. As the group works to improve their shows, they enlist the help of a variety of colorful individuals.\n\n[Written by MAL Rewrite]",
  "score": 6.51,
  "genres": [
    "Slice of Life"
  ],
  "episodes": [
    {
      "numero": 1,
      "url": "https://lightspeedst.net/s3/mp4/action-heroine-cheer-fruits/sd/1.mp4",
      "nome": "Suddenly, Ultra-Celestial!"
    },
    {
      "numero": 2,
      "url": "https://lightspeedst.net/s3/mp4/action-heroine-cheer-fruits/sd/2.mp4",
      "nome": "It's Okay for A Normal 'Roko' to Try to Become a Heroine"
    },
    {
      "numero": 3,
      "url": "https://lightspeedst.net/s3/mp4/action-heroine-cheer-fruits/sd/3.mp4",
      "nome": "A Very Idle Kanon"
    },
    {
      "numero": 4,
      "url": "https://lightspeedst.net/s3/mp4/action-heroine-cheer-fruits/sd/4.mp4",
      "nome": "An Action Heroine Who Starts from Zero"
    },
    {
      "numero": 5,
      "url": "https://lightspeedst.net/s3/mp4/action-heroine-cheer-fruits/sd/5.mp4",
      "nome": "Project Blue"
    },
    {
      "numero": 6,
      "url": "https://lightspeedst.net/s3/mp4/action-heroine-cheer-fruits/sd/6.mp4",
      "nome": "Explosion Angel Hatsuri-chan"
    },
    {
      "numero": 7,
      "url": "https://lightspeedst.net/s3/mp4/action-heroine-cheer-fruits/sd/7.mp4",
      "nome": "Good luck!! Mikapyon"
    },
    {
      "numero": 8,
      "url": "https://lightspeedst.net/s3/mp4/action-heroine-cheer-fruits/sd/8.mp4",
      "nome": "Little Sis Aoyama Says She'll Start Directing"
    },
    {
      "numero": 9,
      "url": "https://lightspeedst.net/s3/mp4/action-heroine-cheer-fruits/sd/9.mp4",
      "nome": "Gin no Maji: Silver Serious"
    },
    {
      "numero": 10,
      "url": "https://lightspeedst.net/s3/mp4/action-heroine-cheer-fruits/sd/10.mp4",
      "nome": "So Long, Hopeless Warriors"
    },
    {
      "numero": 11,
      "url": "https://lightspeedst.net/s3/mp4/action-heroine-cheer-fruits/sd/11.mp4",
      "nome": "The Misery of Misaki Shirogane"
    },
    {
      "numero": 12,
      "url": "https://lightspeedst.net/s3/mp4/action-heroine-cheer-fruits/sd/12.mp4",
      "nome": "Passion☆Fruits"
    }
  ]
}