{
  "id": 38670,
  "title": "Actors: Songs Connection",
  "title_jp": "ACTORS -Songs Connection-",
  "slug": "actors-songs-connection",
  "type": "legendados",
  "format": "TV",
  "images": {
    "poster": "https://cdn.myanimelist.net/images/anime/1383/103339l.webp",
    "banner": "https://cdn.myanimelist.net/images/anime/1383/103339.jpg"
  },
  "trailer": "https://www.youtube-nocookie.com/embed/QQqJgfAG7dk?enablejsapi=1&wmode=opaque&autoplay=1",
  "synopsis": "Tensho School is located in the 7th Ward of Thrive Central, where emphasis is put on extracurricular activities and all clubs participate in an annual fall singing contest. Having to delay the start of his school year due to his older sister's hospitalization, transfer student Saku Otonomiya finds himself struggling to adapt to his hectic new life. Balancing his part-time job and caring for his sister, he finds it difficult to make time to join a school club.\n\nIn preparation for the upcoming singing contest, the school's singing club wishes to use Sousuke Kagura's song \"Cloudy Days,\" but Kagura is reluctant to grant his permission. The song requires someone with a three-octave range to sing it and he believes that only a VOCALOID can meet the standards. He allows for the club to use his song on the condition that they can find someone who possesses that vocal range to properly sing it.\n\nWhile racking his brain over the composition of his next song, Kagura stumbles upon Otonomiya singing \"Cloudy Days\" perfectly. He invites Otonomiya to form a unit with him for the competition. At the same time, the singing club tries to goad him into joining so they can use Kagura's song. As the contest inches closer, Otonomiya must overcome his uncertainty and decide who to team up with.\n\n[Written by MAL Rewrite]",
  "score": 6.3,
  "genres": [],
  "episodes": [
    {
      "numero": 1,
      "url": "https://www.blogger.com/video.g?token=AD6v5dxDCKJHTjGjQM7dA_-ZPyIC0dnboKvmjNpoQhajKDHGzLEZTJn9wTp0IxN4k8RAuoM7KtxiHFWpESV0bLnqr4jtDfTj58ZJwRVazYoFvXhTahti95PpY6aF66kpdSTsaXpi4g",
      "nome": "Adagio"
    },
    {
      "numero": 2,
      "url": "https://www.blogger.com/video.g?token=AD6v5dzx2EKwvRzeRXhpCTR6XmvO0KMcLN8_ib8eyy7TxUcKnudpPYqsnVam67qF4SftXh6tIHKNLZxm9MVJW9SwqUbRcwZyIkeQin6ZgDukGcK_5n5E12XoUbMABFTdDqgogrLzOCjg",
      "nome": "con brio"
    },
    {
      "numero": 3,
      "url": "https://www.blogger.com/video.g?token=AD6v5dwnwIb3iOq6nWXNuqjZxQoNHLc5SBUGhnOMw8ErSCLxs-duELyGZv9lIP42QQyZxnWqL5uxexgyvMb9qSkTZ3AlvKwtGDWYo_pPOE0cIU23P_urefQ6sgETEUSYA-A3ReVNsbY",
      "nome": "dolente"
    },
    {
      "numero": 4,
      "url": "https://www.blogger.com/video.g?token=AD6v5dxVU8n48OSRwr5CRva7D-W1zZwLhFLvM6MC0QZmc628wCq6bg91EofB62erahoSBfzU5JEOtpv_B0quIAu6yNzf4_3bboREzS40ftyBBNDSGfAvmeGJIJalJcsCvJktR3umg-o",
      "nome": "abandone"
    },
    {
      "numero": 5,
      "url": "https://www.blogger.com/video.g?token=AD6v5dwGRi9uNkFi2to4j1aWm6GOQ_dtCKeJ4o4byAgTrJofMTQVhajgRdy1RTaaHmnYaQQnKqdl3-tttTJFcvL3zvtPbx3qwhXPXNqdOpklR2geg6l8dQuVC3gmEGdR0IyV4TcBM7c",
      "nome": "traumend"
    },
    {
      "numero": 6,
      "url": "https://www.blogger.com/video.g?token=AD6v5dyJgJKAlNjRySt5FlutOF-D6Mbw1GxXGc9To197Ek6dIlQmMSe7gbnOnxFiYPgwoqQoQ1_winLQH1fBTcU93tQjZjE39WRSQUmiJXFKV3WaPKgNB57I1lMs2Ni69kj-bfzslVCV",
      "nome": "appassionato"
    },
    {
      "numero": 7,
      "url": "https://www.blogger.com/video.g?token=AD6v5dxSVoMxInG79RyC17xEpz9COWnIXf3EXqjpAaZglnUJS6uez3WZJdBFAPyaFeAkNhUPnSUFASq34huUuJlGMye0LBPOXZyM3bZwdghOHNF41grySueYq5XRY9inKr-0lH0Luluh",
      "nome": "stravagante"
    },
    {
      "numero": 8,
      "url": "https://www.blogger.com/video.g?token=AD6v5dxUdQQb1c8M_KvWWTerF9-9PkEaUf7C1-EuUEkOsWcEhIhhm82JVPUBOu6cPDM3RKiyPYkUq3x-4vnkvabfODit_AXB6vdwee2VFJnS7uqkr74pn_auc4AXZCberLWSSqGdo5v-",
      "nome": "concerto"
    },
    {
      "numero": 9,
      "url": "https://www.blogger.com/video.g?token=AD6v5dxK5P_iLkLvx3pcKnqJZmRf2jg4bZx314H_4afLlyKyg16vzoCwIb1LLkuw0djP7klghIm0LU2doeV13_kY91wIQQeet2hKev3xadXAPN--FM8FEvHtfOuVJE1o5Bkmq08XqRI",
      "nome": "agitato"
    },
    {
      "numero": 10,
      "url": "https://www.blogger.com/video.g?token=AD6v5dyG-iSB10LI3bl_Jem45tCjpTWprX_WcO1lsdf04sKZfPQB2rOLMoAM2xuke8tzq2WObJlulzHAFvBbvj2mPbnhOXzdVDX8GC1tj7e20tgP2eCR0zzbjBn65qNPxk7y4_0rSlU",
      "nome": "piu mosso"
    },
    {
      "numero": 11,
      "url": "https://www.blogger.com/video.g?token=AD6v5dzzkkvylZ8vVUGE3N4_OEjZqlwGfGvqhKJqja2Bc1_7KhoeGZtpJI1Q4t7OuLWs7mmf5EdzwtphPFcqnayhl6Wwb7aMtff4qRFBt8g5dySDRK6GyQeLHSUGxS91RZaWrAMxoow",
      "nome": "decisivo"
    },
    {
      "numero": 12,
      "url": "https://www.blogger.com/video.g?token=AD6v5dxz7fMmWZfKtBPF3b7IM33ZaEcTTAT_BQxOsY93wYB-dUdD6id0CT3FOzpwN-J7t7i1rMzDii92t53AWFrBOOU8mxJwQ-1NymhZqWYT9bZkxuzz4LOmROIfLJsGinaxUuw-u0k",
      "nome": "piacere"
    }
  ]
}