{
  "id": 5246,
  "title": "Adesugata Mahou no Sannin Musume",
  "title_jp": "艶姿魔法の三人娘 [マミ·ペルシャ·エミ]",
  "slug": "adesugata-mahou-no-sannin-musume",
  "type": "legendados",
  "format": "OVA",
  "images": {
    "poster": "https://cdn.myanimelist.net/images/anime/1477/104687l.webp",
    "banner": "https://cdn.myanimelist.net/images/anime/1477/104687.jpg"
  },
  "trailer": null,
  "synopsis": "A recap-heavy crossover special in which Mami, Persia, and Emi go to a hot spring together.",
  "score": 5.26,
  "genres": [
    "Comedy"
  ],
  "episodes": [
    {
      "numero": 1,
      "url": "https://www.blogger.com/video.g?token=AD6v5dz90r1qRu3E2Eq71cdzaqpe99aSnActQPJ-GMdGLmF3icSR7Qu_0oAla42pId8b54PDAV-N1-4OCrnLlDD3rRu7rMXyTZ7DoFnyrhp9cCs38NwcQLlSYc3HT4_LFN_YhDGFqCsB"
    }
  ]
}