{
  "id": 35113,
  "title": "Africa no Salaryman (TV)",
  "title_jp": "アフリカのサラリーマン",
  "slug": "africa-no-salaryman-tv",
  "type": "legendados",
  "format": "ONA",
  "images": {
    "poster": "https://cdn.myanimelist.net/images/anime/3/87132l.webp",
    "banner": "https://cdn.myanimelist.net/images/anime/3/87132.jpg"
  },
  "trailer": null,
  "synopsis": "The comedy manga follows a lion, toucan, and lizard as they live the lives of office workers in a capitalist society in Japan, while also dealing with their unique situations as animals living beyond the savanna and the food chain. \n\n(Source: ANN)",
  "score": 5.95,
  "genres": [
    "Comedy"
  ],
  "episodes": [
    {
      "numero": 1,
      "url": "https://www.blogger.com/video.g?token=AD6v5dwfwBcEtP_Lf00NYAs0286I7_2YbCgjM4KwiZXIpDE0J3asebciKOTexCSOfmEhJfk4-2xj5CAZxdVg5UJOZ5vCcZXiQnSjYC0ggOGbaI41x9KX1Bjys4midAOr1CHSomCE3s_q"
    },
    {
      "numero": 2,
      "url": "https://www.blogger.com/video.g?token=AD6v5dwjchnE5aVOkcczhJmAxlD7x3sQuMWLdKirBHn2WY49e7pAoD8JClUTyh536xEHeLeUdrqwM7xIPSEgVmkVdLBYgbou3Y-tEVx73IhjBQuIz-giuHzxnGMjh2AM6kh44mcp2Yg"
    },
    {
      "numero": 3,
      "url": "https://www.blogger.com/video.g?token=AD6v5dyIdpwMvJLFhy2gxUOEehJCFVNBWFF42Med-XLfuYJtRsKFJpNVPuoXVb-_48U8RQiDnRkho4OcWYnhbcZzgP51o1J5SINnLKPmWhxKfpbCSZvBmrW_W1bjzIVh_PsetDapYQ"
    },
    {
      "numero": 4,
      "url": "https://www.blogger.com/video.g?token=AD6v5dwynjT1UT-IH9vjSJrhrnptW19PJU89ZPoYQVD7c5U9t1r-oHYkA-zrDO_rwybL8vmf4w0CAnyg8Art3K6Y_wGKNb6XrRg07Gz2rY-5_D3-vWf6zsSIMf4SIP2rqdy-slMuXg0"
    },
    {
      "numero": 5,
      "url": "https://www.blogger.com/video.g?token=AD6v5dw12KxnXEIsGaTj9w-zHMhHVzTXbj0YAmkjho0MjDTcEYWtqbVHzHqvuEqwSYTVZcS57yTi8UuQu9Ik4tvp1EuJrcsVpzwvE4b8L9iuHXvH4sZsRdM9zK5wHpbZbap2yxFhDYlq"
    },
    {
      "numero": 6,
      "url": "https://www.blogger.com/video.g?token=AD6v5dzBQ8sZJaYh9RvSXDSA-NTmAYGRthobJwx08PX8ks5-JVEY508FfMKw1XG4B73WeLsRuHl9c7VpWbafUFy7pACsYYb-xvCX9EwahLjU1hr6xRWzbW3zbYsoeTHOX6W5DQUyAQ5s"
    },
    {
      "numero": 7,
      "url": "https://www.blogger.com/video.g?token=AD6v5dwnHYaogNHjZRH7wKO6qwwgKqX04UaMXWXqR3WV-jP1mOcZVEaBjmhqlq-tMeX8qMsURuHECKiTWb5-eR1LVMeeZkBB_I7c69_HKNOkfagSa4MV6URoRhbOe-zWQeT8ph9wQO4"
    },
    {
      "numero": 8,
      "url": "https://www.blogger.com/video.g?token=AD6v5dzYmmQGIPdp6PvuYBbDZ6Z8gjUzZTmGFgaU-t_FoBn8uqSGzkdQ59I9bTyBtWAxZ5egB_nd4btgPGZI2Vs3rRj33ay9Fpl850b_9HqRe1rzsLm76Hplk71fmUSTtbllr4oHQQ"
    },
    {
      "numero": 9,
      "url": "https://www.blogger.com/video.g?token=AD6v5dzJsApZg7oLVgJL51IdwKWe-4thVafxYMdQHoyjEjTE74XuL1vW6VqfjPEG-aNzdE6hODwMmPaFKMGKzoH_z_kJU9WUtPas-buy0lqrx9eRqHdERmhGK9cOFaJtr6m3dL7GwRab"
    },
    {
      "numero": 10,
      "url": "https://www.blogger.com/video.g?token=AD6v5dzV729fepwwyaHv3ymPSHPKQrQJcxUSWOImqXtkZ_fkNCoxso7ebgRGZI49-zG0j3cYWPOLqjz8CsV9SiwaMhWweEsfFAG33TR5VaCQEUtlmJCa-QiPhJeeowmWzaXbDK2OD2ja"
    },
    {
      "numero": 11,
      "url": "https://www.blogger.com/video.g?token=AD6v5dzchBCbz_WMiB9hfO46ZOxIr-7Ck75ZGlXqF8rJ815M7fqmCNaELx6ckrolPmsSwzQCpKUq0XaBgILUOnzr7q4ilEJxmW87v1TC9xHp4OvwNv71uRF6ZxE_gdsa93DcE1yo0op6"
    },
    {
      "numero": 12,
      "url": "https://www.blogger.com/video.g?token=AD6v5dxMneiBOOuywfMjLGdQUMhORBuP4_HNOy-sZoJ7-QP31AoNCsVNf9QTf4sKn_l47OitPYwvxBm2z6Wj0Ew8hUxQhiUI0zqv30ki6BSJMbsANz4zmajM_NedMrAnNrV-WmWfF_63"
    }
  ]
}