{
  "id": 92,
  "title": "After War Gundam X",
  "title_jp": "機動新世紀ガンダムX",
  "slug": "after-war-gundam-x",
  "type": "legendados",
  "format": "TV",
  "images": {
    "poster": "https://cdn.myanimelist.net/images/anime/10/16054l.webp",
    "banner": "https://cdn.myanimelist.net/images/anime/10/16054.jpg"
  },
  "trailer": "https://www.youtube-nocookie.com/embed/e_hgiBaLohk?enablejsapi=1&wmode=opaque&autoplay=1",
  "synopsis": "When one space colony declared its independence from the Earth Federation, the devastating 7th Space War, an all-out war between Earth and space, resulted. The Federation responded to the Space Revolutionary Army with mobile suits, called Gundams. However, the Space Revolutionary forces played their trump card and dropped hundreds of space colonies onto the Earth, plunging the planet into a seven-year-long nuclear winter. The Federation collapsed, but the Space Revolutionary Army was unable to invade the Earth in the aftermath of the colony drop.\n\nFifteen years have passed. The year is now After War 0015, and a New Federation has sprung up on Earth to restore order. In space, the colonial leaders have been rebuilding their own forces as well. By chance, fifteen-year-old Garrod Ran has discovered an old Federation mobile suit, the Gundam X, and now he uses it to help out the Vulture ship Freeden in its struggle to keep the powers that be from repeating the mistakes of the past.",
  "score": 7.34,
  "genres": [
    "Adventure",
    "Drama",
    "Sci-Fi"
  ],
  "episodes": [
    {
      "numero": 1,
      "url": "https://www.blogger.com/video.g?token=AD6v5dxJMQPOOnrAJ_AVCX1HhK1uGyW4hE1NV_9Yc7BOU6-_Tj_eB9rj7LVSIDiKqLR_uV1nMyTYPIvwU3197IovYm-a83kWng2PPZWO3Eal9hcYClFt2i4zb8BP5wCFDCqEif8szCHU",
      "nome": "Has the Moon Come Up?"
    },
    {
      "numero": 2,
      "url": "https://www.blogger.com/video.g?token=AD6v5dzC543nxtiNCS9X0JQqSr0eteUFbRlOvjbZJYKxOR8PdsL6ftIWdYiHAkmyK62uUxqzOkHbIhmHErmMfnpctS8tZZ_WsKhPanKIWBmFF3uCCf6eybZz8MQLp_DX1MBa2jJDjWy_",
      "nome": "I'll Give You Power..."
    },
    {
      "numero": 3,
      "url": "https://www.blogger.com/video.g?token=AD6v5dw-ZZOATNLDlAAuTc_aYDDS69qvwGxw_D2COr_M0XOUE9mcB0KtnSrFFKtMxO4n788PFAUwOscbdNE3Fzj7NE84uMtZ2eX-v-jU3kY4Q5dItsZMGyhAIAlrM23mnXjSBcsRDLA",
      "nome": "My Favorite Mount is Ferocious"
    },
    {
      "numero": 4,
      "url": "https://www.blogger.com/video.g?token=AD6v5dyOqCO7XNJTSoXHJrPlUTKB-JPYgiVW0IhAe9utoKjY1jTJm8Rvy3ozdzrkka5x_XfOw0gxJjlCOugmxkbubBnKlMntJZZvr55Ac-2Mw8gFL6eCXZstfJWKF9rhiNv3Gho-qccv",
      "nome": "This Operation is Time Critical!"
    },
    {
      "numero": 5,
      "url": "https://www.blogger.com/video.g?token=AD6v5dz5PpJEthdgReSjlI0RKsIof9B96Yc5nQYv7iuUAOSMwXwN1_2sS-5C_fs1dWU56IjseBy_VBGpICeCgcNCVbXvJymlgchNpGP_QbXPeDYF4ihUYJkcoyovCFBsRb6Y8xH0FLY",
      "nome": "You Will Pull the Trigger"
    },
    {
      "numero": 6,
      "url": "https://www.blogger.com/video.g?token=AD6v5dz0qiqbdIkBG1HCBW5xAL2cI4C3UkWae43VdXmfiOxMHuVJfhkghgMoSX4VO-9YG3o_rQ-4Bn4TdkhlGGtL0fCrdsTuznwdbmEujLCCnnFauJjW76Eh2BMBBc3f2fLxuFo7xBqB",
      "nome": "I Don't Believe This..."
    },
    {
      "numero": 7,
      "url": "https://www.blogger.com/video.g?token=AD6v5dy0Xai4tgCNlQ1f290Sz9xbQBLrQd-J8qc6Z4LtVkrQEQUR8xPFC0Q_9DU7-LkdAb9yEfbBR9twYz3H2hllBPjfgyU46tZw2-a2z92cg2GSlUpI5rZ-q-9yxL7wvkBpQ4YhFYU",
      "nome": "I'm Selling This Gundam!"
    },
    {
      "numero": 8,
      "url": "https://www.blogger.com/video.g?token=AD6v5dwTqn0uZ3p9pIOPXci8W8x3xAcjsdjBiUe7scOBPfYHSoP8xTKTYr8XFMXi3vwH6x6OIvNr71ty8plo1N59ogZN62qpYWCbUzp-ws4DSgEq8bkA_SMQSitC3Zkl0OLxJ99Wu6Em",
      "nome": "I Won't Forgive That Child!"
    },
    {
      "numero": 9,
      "url": "https://www.blogger.com/video.g?token=AD6v5dwFHPzNrk_5TKD-mVZtBgax5f9EdP9ooTorNMbfhEFsmRNQUHbMYRqKp8hD-A3dEeXuuhafSTs4aIYQSFVOpwaZA2_jHVYOvXxxeT07C9-Z7n3xJPRyTUGKfez7TKprS0MHXX0",
      "nome": "Like the Rain Falling on the City"
    },
    {
      "numero": 10,
      "url": "https://www.blogger.com/video.g?token=AD6v5dyKxyCXYqb4mcDXmI0WKwsJ-EJ8h_MlQo-PwaBz62T8pnOxwh7IvRIQwzPZ5fT8uuUsrj0-KEtcxpk6COyXeiNvy8E9Gy3lpXgo1woc-kQaPZjf3IqrDPgfZCXdwg-x50A6-3gh",
      "nome": "I Am a Newtype"
    },
    {
      "numero": 11,
      "url": "https://www.blogger.com/video.g?token=AD6v5dw5VKJ273xLYvuNFT29INgMa-Hg45Kw6P2i-gYWM3jxssphnfucyufnu_meHkgpSIDkM8VcDJvfJ14TpKqGE2h4DObn3ft0Do1ru-KAylXEYcgxxuyXfN3B0aw1sSaOpwG1xP14",
      "nome": "Don't Think, Just Run!"
    },
    {
      "numero": 12,
      "url": "https://www.blogger.com/video.g?token=AD6v5dySxie0D-k77CeBzoY1bjdfrT1UWHsCGt0iDTfsLllKyuQaBL1q9UAWuUJK8jfH0bW_n-QV1r2wxs0TpONkft2W7Z2xy3BYV0IegXRGyhq8hBkR6mDLSZtHkxvy9UNbFihxqFRN",
      "nome": "This is My Finest Masterpiece"
    },
    {
      "numero": 13,
      "url": "https://www.blogger.com/video.g?token=AD6v5dxqu8kpuJU-0TnISo0aRFOVnDP7J7McMx7ueApNOXqQkOXa3TINmVGBYr22ZuEUk2Ir_mwdqwWZRkwQ_N8fHGmO7cct3GFyilNg-O21rzaM2j_DX72nXgRrR-B8pgwpwlp0VgY",
      "nome": "Shoot My Foolish Self"
    },
    {
      "numero": 14,
      "url": "https://www.blogger.com/video.g?token=AD6v5dwju8boX58__kwLTF9intjk9Tb_XaChUF_Q0mwiYTkoAxwFX4opVO9-gcOidZ6GE5CcctzqKZEEHENt1p0Gmzy--5LTtT4M6w7mc4V69rQEzD5hoMcEUlBmQfejjc9K_DH7VEA",
      "nome": "Can You Hear My Voice!"
    },
    {
      "numero": 15,
      "url": "https://www.blogger.com/video.g?token=AD6v5dyiVgKo70gVc9yIcwH35jROiQc9Qg79Wfjh5TVSFUO02GU42g6QWfMppiADFMXWkNB4YIlWstIRtLhClDWZ7zQARTZjY2CuJEU1NsLPFT3imssCTpAgviiwwE-3wlBiP8-1CFzR",
      "nome": "I Wonder If There Is a Heaven"
    },
    {
      "numero": 16,
      "url": "https://www.blogger.com/video.g?token=AD6v5dzM9kSstCYaxgwr8mThZNaAz8Lzsn3Zan2dpq2VXiJOkF_TrxorVRBNRSVtOgtb-dYN9emTyqR8BRZMEKU7W3S-flRGmXkc6TPGxSvYKINOHTGccoqWnqwTLRa6G8FxrcGcOF5Z",
      "nome": "Because I Am Also Human"
    },
    {
      "numero": 17,
      "url": "https://www.blogger.com/video.g?token=AD6v5dyACa_44dL2NZoyiVrb_vy6O84qtqbkGvhnlnUrASRAaHNSxeo6QrI0fALHxtIazn7ql2Ye2nhzFf7ieI4g7l8aASlyf-GEdvYh3SanjTmvIMaINJ8uSvXQtLfKd_6oovcSYPE",
      "nome": "You Must Find Out For Yourself"
    },
    {
      "numero": 18,
      "url": "https://www.blogger.com/video.g?token=AD6v5dz8pMZDpRlsEzZUh4tf48vA4HHvbCCTekQN0kvY-AK-8FrhIqNDFHqRPqAvHzze84zBgn-Gm1S3U1cADuf-DwsvWW6uCs8pGayz0TIN9vaR4Tz-nHi9a3Ag_-ZLUqLfkfVLcRqx",
      "nome": "The Sea of Lorelei"
    },
    {
      "numero": 19,
      "url": "https://www.blogger.com/video.g?token=AD6v5dyhRXbCy5s8FEguuCVHuODQnp_-nZAOT_AODEKdegEKL9wFj4RomUdPs7XKcvDDedGJdpMhGmhkkWmPo2GX7fIEaR_kE-F4ggYvTeCODPWy61RVVA-9Z4AnCB1knNGPRI0a-sY",
      "nome": "It's As If I'm Dreaming"
    },
    {
      "numero": 20,
      "url": "https://www.blogger.com/video.g?token=AD6v5dz-KXVrHjNqh-p-W1NW5u42f7xP46VrZMUPmkz8feWGZDpcNSZpGFRPitLB9iW71ikyXjaj-MtsVQ99tU3x51UF_7vHKxzu0o0TVeweh1hfPH3zjiR2VFiFUEkmfcP--9ZtgSNV",
      "nome": "...So We Meet Again"
    },
    {
      "numero": 21,
      "url": "https://www.blogger.com/video.g?token=AD6v5dxGhxZo71u5ZGPhpb0tyBa8hC9nN27mqRLA3vMSp-_5WLkrUPQimbWOS9ZL9WcQNfcKsh_b1vY3mR9sCEc6jH1XlmSauMvUeWNHlv_C-9cQpSBy1ITRV3B3DPJzOnVW2oKmSqSG",
      "nome": "Like My Late Wife Always Said"
    },
    {
      "numero": 22,
      "url": "https://www.blogger.com/video.g?token=AD6v5dzxlgeMvJcbfUTCKh9_Qykx8CG_gHSf7Pbnp9e7X7gewdQmEoOrCkjgmicm5Q8MfP20dstr4okskK3gT92GJcfhDHdPyUSohgbB__jsfuqAkRVAmtEb7Cd5Kf6wsLV_Sc8bXdSg",
      "nome": "A Fifteen-Year-Old Ghost"
    },
    {
      "numero": 23,
      "url": "https://www.blogger.com/video.g?token=AD6v5dxg9OW53qUqM1G0vTAS8aYGOGZLiLlvU7nmJOO-wv1P_4QYfcUvI9SFcIX7d6lcpPnuXKCNSUnQKqtuxji7uZvVirsCxNlM1ETUOs5QycHJpgD0pwsk8MSgO5XD88T7pbRFxaA",
      "nome": "My Dreams Are Reality"
    },
    {
      "numero": 24,
      "url": "https://www.blogger.com/video.g?token=AD6v5dzR1TfX6_wzZfXHsERZvNevVU2SPaSq1a3pi1Z1BgxPZpqPTbeixPZLma9ai9YcAGppBowH-BKIUDHq8i2WwOrcKZ0NMOdnRjNENSCNg9R6I3q4ZkMLdNWZj2tDDJsFrzSngzE",
      "nome": "Double X, Activate!"
    },
    {
      "numero": 25,
      "url": "https://www.blogger.com/video.g?token=AD6v5dzyzATzxT1ss_Dsyt-oVQDsSXrZYZGZ-60M2LMS5xaLziJtv_jmttAMLRJGt1vowVJkL3VghDm3GQIv6CA1Asxtcg3GbGLYj2zcTrvz3vaVFizKm2y_SgxRt24pU27bdh81jig",
      "nome": "You Are Our Stars of Hope"
    },
    {
      "numero": 26,
      "url": "https://www.blogger.com/video.g?token=AD6v5dwq4rcRa9hU4gVcpvQGSE7LFV_fKcOBmeWoo8ktZh5UxRQ0kmLhFxYzJAfe3Y7teS409-YgxW-_5Mh7Hi3U5sxXaitCJKiBnPeSzRBdLK67V8Z6cmtOr8dznDQkMIJvx9Udt0E",
      "nome": "Don't Say Anything"
    },
    {
      "numero": 27,
      "url": "https://www.blogger.com/video.g?token=AD6v5dwDZ-HumoR4foBm8vc-tnIpABc-P_os9etSmVRd4uv27Fr7_R9zxscLNfbC1_jNwmgbVzFh-CzGAfgEsfZaQq5UWyv85FH9b3VeDi_uQRYqN_M0dLDr4cUEVabstHpRFBbWc_c",
      "nome": "It Is Time For Farewell"
    },
    {
      "numero": 28,
      "url": "https://www.blogger.com/video.g?token=AD6v5dzZoPUsyWZrhyD6c62NClV5ILsq6-g_PUupM9A3-XIW3UkOf7LRFMcxjVAF9zDoncQwUxjUM0QYz_Ke6iWOK-AOKqripYuQ1vjXK77acWwXh5tXVedZSphC3qY07iCXNgJCpqk",
      "nome": "I've Got to Shoot!?"
    },
    {
      "numero": 29,
      "url": "https://www.blogger.com/video.g?token=AD6v5dxdIH8Ral5mNb16_apoof0tQPaQbF8nqEmATPYVJrEn-kh4MFiK1C5LM1611fUqnQ-Ec5FkqLZEYPhR2AgElJBpZR-hnMQ0MzQ8D_mTfVaMihPstkfDIJz5TPFen4jV-xwVfG4",
      "nome": "Look At Me"
    },
    {
      "numero": 30,
      "url": "https://www.blogger.com/video.g?token=AD6v5dzTlA5WsCBq_F2N7-P7RM1IpbEWswBqrPUOncNZ80zCH7JGr-mnPWmLxcRW3xpmhIHc2ivEVbyyOZLkgxgjuqeT9N98ZXGVBjDGHyISc0iuSxlyIG_rvS0kPZ_wGyUGVtRnPu8",
      "nome": "I Felt That I'd Never See You Again"
    },
    {
      "numero": 31,
      "url": "https://www.blogger.com/video.g?token=AD6v5dx8VvoaG7CXonN0o4yjng4EdsHLFczZBofEaL0j2Bk6vETLYQzI5ql4Wzmfej1NX40S_KLISkfKn3PuxBIUZGZi-ylRAgJ7l3Zb_BUDZSBn6491wAjhlKJIwDazfPEkk0-LoAA",
      "nome": "Fly, Garrod!"
    },
    {
      "numero": 32,
      "url": "https://www.blogger.com/video.g?token=AD6v5dxUTpBz9luQcsgBEYHJHBD_M6-_hdhXyVSt8H6B2fzpkDwQWxUHe4Ytwg4Ind3LvurfsROpaPTsHCmWuQq1CmNTMiftzZfSpVGnAozyDw2cirGwegdPdcpeUSsPgg7-1r0HV8FO",
      "nome": "That's the G-Falcon!"
    },
    {
      "numero": 33,
      "url": "https://www.blogger.com/video.g?token=AD6v5dyY8FeCflFZ3U42_simJjuRIUp-U2RtTRGjc_jBjxmYcykcKcq8ntCTGrWlJkoaRjpDMJrI7sW_CfZzLLEzRvQx3xtnYG-PwRRsANDUZDHwuFqc9vsnhQVnsN3DIAOmHRcO8CKw",
      "nome": "How Did You Know Who I Am!?"
    },
    {
      "numero": 34,
      "url": "https://www.blogger.com/video.g?token=AD6v5dxnsmvUawdVnqUcah-XqX3jQx0PvBrd-NwWLOgXriBA_qTAPp8tk1HFj5WeoTzbxkirTdIav9CMIhysYcxgOL0DBfDYKsbz_tVJDXDGRyIzCOZfX0PIqb8sF4OO9qPpY9szr8c",
      "nome": "There's the Moon!"
    },
    {
      "numero": 35,
      "url": "https://www.blogger.com/video.g?token=AD6v5dzZtgkp6JWJPenrUada4y5lNCfBXphMQ8pnzHbuFrq6QCg264-BhJkDXzVpchmq-rNUiPMO2HiUVPgiurtaLjt9mLqyFYZ4uzmULpl7tclTbJYjv9SzlKqDRYF8tS4XA847hA",
      "nome": "The Light of Hope Will Not Be Extinguished"
    },
    {
      "numero": 36,
      "url": "https://www.blogger.com/video.g?token=AD6v5dwsRYtcmOG1DFnjBPV3ic5yCYQVvgAuEEMhJaQbPjHJjAT6n2gvgy-Kfj6YKFRWBY87Rvc8mNtxVoFQ0QfhBkRGJUNfP3wKe39hJf32KVw1SPTMiikaLh2jVcmaSM2BNdN-5Lo",
      "nome": "The War We Wanted"
    },
    {
      "numero": 37,
      "url": "https://www.blogger.com/video.g?token=AD6v5dypAN3ggIBWFUt1h3b4tuUo6KUfAB5n1FneTmCcgyQoSTys688Ys5izi92m2CzsqpvF2V-DuQUWwyAKqCMZb6p4_oi2o-Xc5-9G99Phg6b8dbuipaPc7lfoas9wrmms2g6JJbc",
      "nome": "Freeden, Launch"
    },
    {
      "numero": 38,
      "url": "https://www.blogger.com/video.g?token=AD6v5dyr63XBgjvF1qXhHw-WKSRsaJ-lgyzzyd9FZXICi2q5W-tV3kDsqeyfM9tfUa_alGn0NIthr2MIN5N783j49H0yd8G2bBe-btwpBxuAcRn6hiLMepGHI5AjlDUB-y5hySxBbuk",
      "nome": "I Am D.O.M.E... I Was Once Called a Newtype"
    },
    {
      "numero": 39,
      "url": "https://www.blogger.com/video.g?token=AD6v5dxGlg-SFJ-W2U9RJTIE7kNzG60gw6ROukXbGBafW5wxQJ2vDuPC234W1Whz1LQMaD4GOIV9snIVUeuicaRhegbmGvvxN9q-ECtMk0--OqvfDFg6L8lPyDwZDxa9JQW5Dvc3rg",
      "nome": "The Moon Will Always Be There"
    }
  ]
}