{
  "id": 244,
  "title": "Agatha Christie no Meitantei Poirot to Marple",
  "title_jp": "アガサ・クリスティーの名探偵ポワロとマープル",
  "slug": "agatha-christie-no-meitantei-poirot-to-marple",
  "type": "legendados",
  "format": "TV",
  "images": {
    "poster": "https://cdn.myanimelist.net/images/anime/6/3149l.webp",
    "banner": "https://cdn.myanimelist.net/images/anime/6/3149.jpg"
  },
  "trailer": null,
  "synopsis": "Young Mabel West is the daughter of mystery writer Raymond West, who wants her to lead a normal life. Rebelling against this, Mabel wants to be a great detective, and sets out for London to become assistant to none other than Hercule Poirot, the great Belgian detective who resides there. She finally wins the reluctant approval of her father, and embarks on an exciting life of mystery and suspense—his only demand being that she occasionally spend some time with her great-aunt, Jane Marple, in the small village of St. Mary Mead.",
  "score": 6.87,
  "genres": [
    "Mystery"
  ],
  "episodes": [
    {
      "numero": 1,
      "url": "https://lightspeedst.net/s3/mp4/agatha-christie-no-meitantei-poirot-to-marple/sd/1.mp4",
      "nome": "The Jewel Robbery at the Grand Metropolitan"
    },
    {
      "numero": 2,
      "url": "https://lightspeedst.net/s3/mp4/agatha-christie-no-meitantei-poirot-to-marple/sd/2.mp4",
      "nome": "The Riddle of the Cheap Flat"
    },
    {
      "numero": 3,
      "url": "https://lightspeedst.net/s3/mp4/agatha-christie-no-meitantei-poirot-to-marple/sd/3.mp4",
      "nome": "Strange Will"
    },
    {
      "numero": 4,
      "url": "https://lightspeedst.net/s3/mp4/agatha-christie-no-meitantei-poirot-to-marple/sd/4.mp4",
      "nome": "The Faultless Maid"
    },
    {
      "numero": 5,
      "url": "https://lightspeedst.net/s3/mp4/agatha-christie-no-meitantei-poirot-to-marple/sd/5.mp4",
      "nome": "The ABC Murders, Part 1: A Written Challenge to Poirot"
    },
    {
      "numero": 6,
      "url": "https://lightspeedst.net/s3/mp4/agatha-christie-no-meitantei-poirot-to-marple/sd/6.mp4",
      "nome": "The ABC Murders, Part 2: B's the place, B's the name of the person"
    },
    {
      "numero": 7,
      "url": "https://lightspeedst.net/s3/mp4/agatha-christie-no-meitantei-poirot-to-marple/sd/7.mp4",
      "nome": "The ABC Murders, Part 3: The Culprit Appears"
    },
    {
      "numero": 8,
      "url": "https://lightspeedst.net/s3/mp4/agatha-christie-no-meitantei-poirot-to-marple/sd/8.mp4",
      "nome": "The ABC Murders, Part 4: Poirot Solves the Mystery"
    },
    {
      "numero": 9,
      "url": "https://lightspeedst.net/s3/mp4/agatha-christie-no-meitantei-poirot-to-marple/sd/9.mp4",
      "nome": "The Prime Minister's Disappearance, Part 1: Pursuit in the Dover Strait"
    },
    {
      "numero": 10,
      "url": "https://lightspeedst.net/s3/mp4/agatha-christie-no-meitantei-poirot-to-marple/sd/10.mp4",
      "nome": "The Prime Minister's Disappearance, Part 2: The Truth is in England"
    },
    {
      "numero": 11,
      "url": "https://lightspeedst.net/s3/mp4/agatha-christie-no-meitantei-poirot-to-marple/sd/11.mp4",
      "nome": "The Riddle of the Egyptian Tomb, Part 1: A Written Challenge from Ancient Times"
    },
    {
      "numero": 12,
      "url": "https://lightspeedst.net/s3/mp4/agatha-christie-no-meitantei-poirot-to-marple/sd/12.mp4",
      "nome": "The Riddle of the Egyptian Tomb, Part 2: The Curse of Pharaoh Men-her-Ra"
    },
    {
      "numero": 13,
      "url": "https://lightspeedst.net/s3/mp4/agatha-christie-no-meitantei-poirot-to-marple/sd/13.mp4",
      "nome": "Tape-Measure Murder"
    },
    {
      "numero": 14,
      "url": "https://lightspeedst.net/s3/mp4/agatha-christie-no-meitantei-poirot-to-marple/sd/14.mp4",
      "nome": "The Case of the Gold Ingots"
    },
    {
      "numero": 15,
      "url": "https://lightspeedst.net/s3/mp4/agatha-christie-no-meitantei-poirot-to-marple/sd/15.mp4",
      "nome": "The Blue Geranium"
    },
    {
      "numero": 16,
      "url": "https://lightspeedst.net/s3/mp4/agatha-christie-no-meitantei-poirot-to-marple/sd/16.mp4",
      "nome": "The Mystery of End House, Part 1: The Night of the Party"
    },
    {
      "numero": 17,
      "url": "https://lightspeedst.net/s3/mp4/agatha-christie-no-meitantei-poirot-to-marple/sd/17.mp4",
      "nome": "The Mystery of End House, Part 2: Concealed Love"
    },
    {
      "numero": 18,
      "url": "https://lightspeedst.net/s3/mp4/agatha-christie-no-meitantei-poirot-to-marple/sd/18.mp4",
      "nome": "The Mystery of End House, Part 3: Perfect Evidence"
    },
    {
      "numero": 19,
      "url": "https://lightspeedst.net/s3/mp4/agatha-christie-no-meitantei-poirot-to-marple/sd/19.mp4",
      "nome": "The Adventure of the Christmas Pudding, Part 1: The Request from the Prince"
    },
    {
      "numero": 20,
      "url": "https://lightspeedst.net/s3/mp4/agatha-christie-no-meitantei-poirot-to-marple/sd/20.mp4"
    },
    {
      "numero": 21,
      "url": "https://lightspeedst.net/s3/mp4/agatha-christie-no-meitantei-poirot-to-marple/sd/21.mp4",
      "nome": "4:50 from Paddington, Part 1: The Train Rode By the Killer"
    },
    {
      "numero": 22,
      "url": "https://lightspeedst.net/s3/mp4/agatha-christie-no-meitantei-poirot-to-marple/sd/22.mp4",
      "nome": "4:50 from Paddington, Part 2: The Creeping Shadow"
    },
    {
      "numero": 23,
      "url": "https://lightspeedst.net/s3/mp4/agatha-christie-no-meitantei-poirot-to-marple/sd/23.mp4",
      "nome": "4:50 from Paddington, Part 3: A Simple Motive"
    },
    {
      "numero": 24,
      "url": "https://lightspeedst.net/s3/mp4/agatha-christie-no-meitantei-poirot-to-marple/sd/24.mp4",
      "nome": "4:50 from Paddington, Part 4: Marple vs. the Culprit"
    },
    {
      "numero": 25,
      "url": "https://lightspeedst.net/s3/mp4/agatha-christie-no-meitantei-poirot-to-marple/sd/25.mp4",
      "nome": "The Plymouth Express, Part 1: The Corpse in the Drawing Room"
    },
    {
      "numero": 26,
      "url": "https://lightspeedst.net/s3/mp4/agatha-christie-no-meitantei-poirot-to-marple/sd/26.mp4",
      "nome": "The Plymouth Express, Part 2: The Blue Dress"
    },
    {
      "numero": 27,
      "url": "https://lightspeedst.net/s3/mp4/agatha-christie-no-meitantei-poirot-to-marple/sd/27.mp4",
      "nome": "Motive versus Opportunity"
    },
    {
      "numero": 28,
      "url": "https://lightspeedst.net/s3/mp4/agatha-christie-no-meitantei-poirot-to-marple/sd/28.mp4",
      "nome": "The Disappearing Cook, Part 1: An Aggressive Request"
    },
    {
      "numero": 29,
      "url": "https://lightspeedst.net/s3/mp4/agatha-christie-no-meitantei-poirot-to-marple/sd/29.mp4",
      "nome": "The Disappearing Cook, Part 2: The Secret of the Trunk"
    },
    {
      "numero": 30,
      "url": "https://lightspeedst.net/s3/mp4/agatha-christie-no-meitantei-poirot-to-marple/sd/30.mp4",
      "nome": "Sleeping Murder, Part 1: Sleeping Murder"
    },
    {
      "numero": 31,
      "url": "https://lightspeedst.net/s3/mp4/agatha-christie-no-meitantei-poirot-to-marple/sd/31.mp4",
      "nome": "Sleeping Murder, Part 2: The Door of Memory"
    },
    {
      "numero": 32,
      "url": "https://lightspeedst.net/s3/mp4/agatha-christie-no-meitantei-poirot-to-marple/sd/32.mp4",
      "nome": "Sleeping Murder, Part 3: Helen's Love"
    },
    {
      "numero": 33,
      "url": "https://lightspeedst.net/s3/mp4/agatha-christie-no-meitantei-poirot-to-marple/sd/33.mp4",
      "nome": "Sleeping Murder, Part 4: The Evil Influence Nears"
    },
    {
      "numero": 34,
      "url": "https://lightspeedst.net/s3/mp4/agatha-christie-no-meitantei-poirot-to-marple/sd/34.mp4",
      "nome": "Twenty-Four Japanese Thrushes"
    },
    {
      "numero": 35,
      "url": "https://lightspeedst.net/s3/mp4/agatha-christie-no-meitantei-poirot-to-marple/sd/35.mp4",
      "nome": "The Case of Davenheim's Disappearance"
    },
    {
      "numero": 36,
      "url": "https://lightspeedst.net/s3/mp4/agatha-christie-no-meitantei-poirot-to-marple/sd/36.mp4",
      "nome": "Death in the Clouds, Part 1: The Flying Locked Room"
    },
    {
      "numero": 37,
      "url": "https://lightspeedst.net/s3/mp4/agatha-christie-no-meitantei-poirot-to-marple/sd/37.mp4",
      "nome": "Death in the Clouds, Part 2: Madame Giselle of Paris"
    },
    {
      "numero": 38,
      "url": "https://lightspeedst.net/s3/mp4/agatha-christie-no-meitantei-poirot-to-marple/sd/38.mp4",
      "nome": "Death in the Clouds, Part 3: The Threat to Lady Horbury"
    },
    {
      "numero": 39,
      "url": "https://lightspeedst.net/s3/mp4/agatha-christie-no-meitantei-poirot-to-marple/sd/39.mp4",
      "nome": "Death in the Clouds, Part 4: The Heir to the Vast Inheritance"
    }
  ]
}