{
  "id": 36904,
  "title": "Aggressive Retsuko (ONA) (Dublado)",
  "title_jp": "アグレッシブ烈子",
  "slug": "aggressive-retsuko-ona-dublado",
  "type": "dublados",
  "format": "ONA",
  "images": {
    "poster": "https://cdn.myanimelist.net/images/anime/1566/129181l.webp",
    "banner": "https://cdn.myanimelist.net/images/anime/1566/129181.jpg"
  },
  "trailer": "https://www.youtube-nocookie.com/embed/pvkriLuyFdw?enablejsapi=1&wmode=opaque&autoplay=1",
  "synopsis": "Some offices have stereotypical dynamics: the chauvinistic pig of a boss who never does any real work; the employees whose goal is to suck up to the boss; the ones whose lives seem perfect; and the individuals who have all the actual work pushed onto them. Retsuko the red panda is in the last group, as she stays late most nights to make up the work her coworkers are too lazy to do themselves.\n\nHer relief from the stress of her everyday life comes in the form of singing death metal at a local karaoke club. Night after night, Retsuko channels her grief into a microphone and considers the place to be her own personal sanctuary. But as she moves further away from her comfort zone and the ideas people have of her, she discovers that letting others into her world of death metal may not be such a bad thing.\n\n[Written by MAL Rewrite]",
  "score": 7.63,
  "genres": [
    "Comedy"
  ],
  "episodes": [
    {
      "numero": 1,
      "url": "https://www.blogger.com/video.g?token=AD6v5dxRr_kFlcxVGcwwOVr0nHZsfPpu9ZG5PbSBCOGMJg8vqA_l66CsDoyD1_WDW3eMVdUFz8nf2pWZ3l75aN2gWkALFGEp3BmjxtYRPoMrGbg6ZMEh0hyepOlVPnQzv9_qj1bYWRo7",
      "nome": "A Day in the Life of Retsuko"
    },
    {
      "numero": 2,
      "url": "https://www.blogger.com/video.g?token=AD6v5dyxh-x-SDNQgOoRxiT8w7RBmVTP7dacpuZzk2K-VchfRrVEx--UHi1p3TduewhiVwPtBFNwvlfJLVT_YPp6qVDzuTRLdGh2FXUoEzlfJWIacxrTtbRFhagHK0bMlyPH6A8pijc",
      "nome": "A Good, Hard-working Girl"
    },
    {
      "numero": 3,
      "url": "https://www.blogger.com/video.g?token=AD6v5dwqHc1LbUNeGoOvxKQTJ-6Kgs--kWpLWm8XladL9ndtcaVCKeNMSNMTOdjBbEqDOI9GTJ4IdN2Y8sgyUZWMXdobuAqolI7cAA7EUVj6HtGZegitbVDUIbwHx9_I7VRYD53ecbQ",
      "nome": "Short-timer"
    },
    {
      "numero": 4,
      "url": "https://www.blogger.com/video.g?token=AD6v5dxoC0v8snDKTModcLyZON-BpPkzMKwH2WQkxtNiq26kBqXagYmGKqVpj-KaY9s9PcRWiar7gqXpqAADr4ofkoB2sAE46pu89aIWCy4GjhXMEYwrkGBfXmhuqmXL8eWxna7ou-MV",
      "nome": "Walking Down the Aisle"
    },
    {
      "numero": 5,
      "url": "https://www.blogger.com/video.g?token=AD6v5dy2My3ISrU8ltWlBJB6aajQh6GqTrUcDkd0liODwDm3p7M_nmwkuc299SwA1WdASr0TW0SHrDBULCRRJyDiLQzdtx3Eeg4-BpE68BL2AMeeKBIqcVXwD5LE6ozki8BcsA2E9G8",
      "nome": "Exposed"
    },
    {
      "numero": 6,
      "url": "https://www.blogger.com/video.g?token=AD6v5dy2KM9H7miqIvIUli_mTYtobOevh-tMc1qqJeHkxqYTiulvycMwfAYDz1Wbk_pQlIs2QWtZq6dxVtYzC7y7R9ITkDdXGaZuxZT8GWARmxNKoREg-iUfPruj4LsefBAP8hzyVWQ",
      "nome": "Stoking Rebellion"
    },
    {
      "numero": 7,
      "url": "https://www.blogger.com/video.g?token=AD6v5dxyjVVPLxzXuJ0oF2y9NFmRQRE_Hms-jvLBDrinQj_Sx7XGQBv1hC5obrLUFLdUO5MqqqKuScnEIPOLDbmA4r3s1NjO3eSXWYYiZKhul9nlsYMKIsOPyzw-uwnJXi58s7bibAc8",
      "nome": "The Duel"
    },
    {
      "numero": 8,
      "url": "https://www.blogger.com/video.g?token=AD6v5dwXhAKEWuscmpd-bnednQCSMOXLgbLJ8GCQVL14sYUahQkvvTLKlA4HGHSeRG_hOp5lOzA5YXUk7Tw8Z1uYCbPecKSMr9qFgz-cVsLMao-sFl8ns67ZNC0pAObgNgYc6SDdOpEn",
      "nome": "The Out of Pocket Prince"
    },
    {
      "numero": 9,
      "url": "https://www.blogger.com/video.g?token=AD6v5dy7-WIFVViDzhXUZy4SLxFahEO4UCzS8fGzfv48Tpw3K6wDrbdV5NElfKFXUQcjv5NZqO4kLLgl_iOSWz8lauoXXwQdAueC-lJEP55zZdRuf7Ty7dvoxsia5lb4h390RQXsyXA",
      "nome": "A Rosy World"
    },
    {
      "numero": 10,
      "url": "https://www.blogger.com/video.g?token=AD6v5dzW4oDTaQ-IYlSTJvF9y3Q8GK76z11qqp7pSNCg49JhPIkrIIOYe__U_LzkBdGZ0sFbbkL_ABTwB3rYq6VNcT6Rs7m9XJ6Yp0kwx3sBH2fnjYX1SvHv1yAEqLNgsxj0OcT10E9f",
      "nome": "The Dream Ends"
    }
  ]
}