{
  "id": 37769,
  "title": "Aguu: Tensai Ningyou",
  "title_jp": "悪偶 ‐天才人形‐",
  "slug": "aguu-tensai-ningyou",
  "type": "legendados",
  "format": "TV",
  "images": {
    "poster": "https://cdn.myanimelist.net/images/anime/1208/92825l.webp",
    "banner": "https://cdn.myanimelist.net/images/anime/1208/92825.jpg"
  },
  "trailer": "https://www.youtube-nocookie.com/embed/h0eNlKZt8N0?enablejsapi=1&wmode=opaque&autoplay=1",
  "synopsis": "The series is about a missing genius whose mysterious disappearance becomes a shady secret among the successful members of society.\n\n(source: MAL News)",
  "score": 5.37,
  "genres": [
    "Action",
    "Drama",
    "Supernatural"
  ],
  "episodes": [
    {
      "numero": 1,
      "url": "https://www.blogger.com/video.g?token=AD6v5dxVxnhCGy30RrfLWd2x_hGgtyoULUuUktXpyqzStNE9mfxpf_rxYosZZTiHS7ASzBkr7UzcsQTuW09n4AT3huivQVgVt7LrXZpgEh0uQnPwIcNumIZuaCEGHGI4Xib5jZPdBMtJ"
    },
    {
      "numero": 2,
      "url": "https://www.blogger.com/video.g?token=AD6v5dxSJd4P7Vcb8iRsgpGNCjU5bAEbsNKwicSWluSet99gUwU1yRP9ygNQa4dSzJCA5HeOYOoqvB9Sura6O4xVkiE7_-o__E78Em_mwS3cqEDmRAPJs3CIY8lGhj49P863ZeMDmYc"
    },
    {
      "numero": 3,
      "url": "https://www.blogger.com/video.g?token=AD6v5dwtCLq9kQNfsajIuB0S7itSs2G6Xkk5_sYOZ4JJtxnIXGR7IwKRKJZBS07v_tNDHdLLjpumR4w6TgtFdhLAKnFdCxjz67ba4SiEnxTDatoHXQdncgmQYx4teT0ykPfsJwH0P84"
    },
    {
      "numero": 4,
      "url": "https://www.blogger.com/video.g?token=AD6v5dwEhJcVvY_d5j_GfpTg9S4jSA6F6WmEbBejPrVvdiIGedGqjGUoZIPaweEVhXEu75lZs00ENaqbGS-a9JWejVExS1pkDLTGSH16QL7GHObg4tfhn2x5L2IEwwdlDJO8gDIV53pe"
    },
    {
      "numero": 5,
      "url": "https://www.blogger.com/video.g?token=AD6v5dxLDPEtxSvcTI__tf0rG78vQvJ3RPeTINo9sDXJikEClc6Lj3092L-0A7FFjFv-iwvcAq-y1ZyOJYT2t8x91W5Pm1AnM0WBSut1zr4Xcyjv6-G4eo0vN43iJOoiGBiqOkV7BK4"
    },
    {
      "numero": 6,
      "url": "https://www.blogger.com/video.g?token=AD6v5dziMJaU9sHvkD5Jgl_Oy2rAZzjN2GabGh_jzmpRpkDIOLsgU2aXDzc2cTzAIZhj5BSe0HqZ-aNvU1g82OqVbI9br_p64tMy1zGUo_sIsC91AGj2lHpySaCshR1cH6hGj5i1zIX9"
    },
    {
      "numero": 7,
      "url": "https://www.blogger.com/video.g?token=AD6v5dxFKNwwzkmylRxaoLKjT3e2dBJ95Ct0LsOtYUJR4c8VGYWz31cBuy11oyXiz6zu9RSEQy2Pbl4afSsyqa7eQ3rH-axW-xuIqssVKjnuc1l0KACr0ZD-8AKR9vc4oYBY9OTsH0d-"
    },
    {
      "numero": 8,
      "url": "https://www.blogger.com/video.g?token=AD6v5dzZ3_MG2YJm3MbY9Jl6zRDt4TbwRMLOwHT9GIHLsHvOC2QCz08C0ERHlL7r0ntLv7I4n623aWzIM9kRPWSFqyVGmn5WSRuNn_eUgSYif6QwTm2CuJq-Lg96Xigv2unWtxjKYT8"
    }
  ]
}