{
  "id": 37403,
  "title": "Ahiru no Sora",
  "title_jp": "あひるの空",
  "slug": "ahiru-no-sora",
  "type": "legendados",
  "format": "TV",
  "images": {
    "poster": "https://cdn.myanimelist.net/images/anime/1975/108030l.webp",
    "banner": "https://cdn.myanimelist.net/images/anime/1975/108030.jpg"
  },
  "trailer": "https://www.youtube-nocookie.com/embed/Yt4N0UUEd90?enablejsapi=1&wmode=opaque&autoplay=1",
  "synopsis": "Lacking what is considered the most important asset in basketball, Sora Kurumatani has struggled with his short height since the inception of his love for the game. Despite missing this beneficial aspect, Sora's unwavering drive never allowed his small stature to dictate his ability to play, believing strongly in trying his hardest and persistently practicing to prove his capability.\n\nIn hopes of satisfying his mother's wishes, Sora enters Kuzuryuu High School to become a member of the basketball club and compete wholeheartedly in tournaments. However, Sora is disappointed to find out that the boy's basketball team is nothing but a retreat for punks who have no interest in the sport. Sora also comes to learn that brothers Chiaki and Momoharu Hanazono—whom he becomes acquainted with—have also lost their once spirited motivation to play. \n\nDetermined to revive the basketball team, Sora challenges the boys to a match against him, where his quick feet and swift movements overwhelm the group. Gradually affected by Sora's impressive skills, sheer effort, and tireless devotion to basketball, the boys unexpectedly find their burnt-out passion for the game rekindling once again.\n\n[Written by MAL Rewrite]",
  "score": 7.26,
  "genres": [
    "Sports"
  ],
  "episodes": [
    {
      "numero": 1,
      "url": "https://www.blogger.com/video.g?token=AD6v5dyw9mpkRmPVsHODC7KIyk7JymfUHKQrN6UQaQ7VoaZyYmkPUbVhBOFQCnPZXeGnmuTfqI31uhvhEoQh1hZOsM1BLGvs4eJRQGclUakbWnFYGfq_pr33P8eFmXMVyELwEEZy6b7J",
      "nome": "The Ugly Duckling"
    },
    {
      "numero": 2,
      "url": "https://www.blogger.com/video.g?token=AD6v5dzeB6RcumQkI63A2NyLYd1QsEuDPwZSrXVN6qTb-Lp6P2UDb_H_Pxl7jtYi7nYg4v-wA65jmcKh7YB_L5NL7BdTWKTGRMZStnLuNaZBhu5-4YwP8JTNJAk_2aeY0MZyp9BZ6LOv",
      "nome": "Boys Without Talent"
    },
    {
      "numero": 3,
      "url": "https://www.blogger.com/video.g?token=AD6v5dwkjMKo6eeHeW_lGF4b6Qbw_J_7jJPkvE4moqo20zKVnFy-ciO5zMg0WsRZhRTd_rRovOJEwPIFNUfqVtXEN91sJeUETeFMpvy9WMHVGfMy3qdXP-gzfSP-y9pHw0GD6HVsUVDt",
      "nome": "Momoharu's Wings"
    },
    {
      "numero": 4,
      "url": "https://www.blogger.com/video.g?token=AD6v5dyKPDShmlMEFFWt9O5GpocQS6AIZs8cMMyO-IvAfjRG_4TpM62jP8BQYMEIPb3EzpYYdvGoMDiZI5P4Nf_7Zzgy0yyYk1evkfuheBHuzOygWLM0qJd_hzD49I2CQPoIu_b3IG0",
      "nome": "First Flight"
    },
    {
      "numero": 5,
      "url": "https://www.blogger.com/video.g?token=AD6v5dyWYkMZJ1Gf7yxUg6bzT_0HgolNE9X4OR7kpVi_R_T348eiN-HD-domTctI-RXPiIWOfk9UKKbKOl-z7dO4IuHj-DvXtLKpKG0teIsr1g12aTOsAG8yptYTD-3d8InZNKhAlDQ",
      "nome": "Broken Wings"
    },
    {
      "numero": 6,
      "url": "https://www.blogger.com/video.g?token=AD6v5dz0hnsKumQrHrht6W9UWeAGkLR-WXK6A_eqhqBq52OfPr28a4TZdK34yQDFSzAysLJSI2Ba_X_Ck4g4_MXRgpBv9N1EPb5umUyoDDw_4Vb1vynljr7IMwX1TTvJF6aYbHFQ9JA",
      "nome": "Now's the Time"
    },
    {
      "numero": 7,
      "url": "https://www.blogger.com/video.g?token=AD6v5dzf3Gb0pnTuqEK-HI3ATw_cAu2S1qEJltvz0nNPdwYIkDjk6mf_EYakR2KIJDVmDedJtLCHaaEAJWNsQd3jntGFBKmtt5eBhm_S0nYsCeLreNn9eqq9FIxAU-c-RxYgEaxjmm6R",
      "nome": "The Troublesome Freshman"
    },
    {
      "numero": 8,
      "url": "https://www.blogger.com/video.g?token=AD6v5dxciNIcnmF_aEg7fJmKiaIC7vX3EeIpkQe-RYf_miBDPAFxVtX-BrGxIPP5a15bSwbMasnD8COmDB2TkvjP5ODcBEIZ8XICQSypm4D27oGyX1uuPyyneLjDc_ewvox4jczLE6bR",
      "nome": "The Duck and the Kite"
    },
    {
      "numero": 9,
      "url": "https://www.blogger.com/video.g?token=AD6v5dyCNO5pXQQU4h3tyHdyq8KXxINl4mFAE9mFjTr21gQ_5hueXtiOrxyz-SeO-5LA45B2VZX0EK7pAtG4CsKI5J3ZbMB5sHkPcPjVMlqqjQPay96W0kZU-1kSdESvYNPJIskq3Ao",
      "nome": "Kite, His Ball, and the Team's Pain"
    },
    {
      "numero": 10,
      "url": "https://www.blogger.com/video.g?token=AD6v5dz7uv_gojEBaIgHgVXtQb6SsBr11CJO03BMJZFKF8b15Wc6WytOFG1jF2ka5Xic9VQucC4J6me9IqRbblWHWx5Hg4bs90qA6FwuSyXeSqrr27fBOi-mhfWvV5eV43EwKT21vA",
      "nome": "Manager"
    },
    {
      "numero": 11,
      "url": "https://www.blogger.com/video.g?token=AD6v5dz1P9io78M9xzu_VKwE0Rsw2X6fz26cMB_vijz1e8MKlwFsTnQLmr_7iVZYXv1TTTqBi2J-VgadP8V5CkgmZ5l1sYCeRZXvTYhgVzpajb6gxO6uCRkblI45fGAXAJW6GqL2-fJT",
      "nome": "The Boys' Stubbornness and Girls' Pride"
    },
    {
      "numero": 12,
      "url": "https://www.blogger.com/video.g?token=AD6v5dygdIeyKoePuidThWzBdwdHJdsz-cr9J45EXuKsr4dG61jhvfWrkBM92y_43Uz9sVQzfFftKrvD1ivkGHtxFsCBp8FMpQEn9z6qu39ZKUh6eQ153dOUq7k35KR-I2UcHIftoT4-",
      "nome": "Team"
    },
    {
      "numero": 13,
      "url": "https://www.blogger.com/video.g?token=AD6v5dw_Zred2fL4lbAu_EcWr8fQECTcYRVauh5tzxgGUMIyO3vp0OEKs6XxsGJ8Zl7VPaDZk0fhJOhvLy0pIRvtndyc1xx1ztTXo8qpev_475eHyCQGMWajmpbAC6MkpPeEIJDODYq2",
      "nome": "Differing Enthusiasm"
    },
    {
      "numero": 14,
      "url": "https://www.blogger.com/video.g?token=AD6v5dzgjRkXlXwM88_t7o9jV2uXEL4WWsqd8CByC2CgeSfAwBkjklU7C4F7009nCdBtf3DEG6HTRVZOmr2Tby-0ZmfdSRn4Dyeq03ER20cnsUoIxCB4LOosirKndQHoE3YPCtMfCQ",
      "nome": "Towards Victory"
    },
    {
      "numero": 15,
      "url": "https://www.blogger.com/video.g?token=AD6v5dwXkrK6tUP3cR_fv5VIwtdBvdKrhOww98hLqqjO149Hkd4_bMB2vTECh0nO3vq06810rIXiF5al7dgbV2BesW4cpW_WcP6J24_bvO670FOZ3e4V-nW_RX8qUtEwDUCUp0gcSMPh",
      "nome": "The Boys' Spirit"
    },
    {
      "numero": 16,
      "url": "https://www.blogger.com/video.g?token=AD6v5dw3u1sBzM9FUWgCr3vvW5GcpLThXMlnPWNvCQr0ILrMqBrBrQCxQQXkZL9_1g_u0QfFuxgwwSebocBvdCkUzWQ0gJbnFhgrhp7nLBk2bmL7nrNVB7bLacY4GiP4Ose2LgAdf3uc",
      "nome": "The Best Start and the Worst Start"
    },
    {
      "numero": 17,
      "url": "https://www.blogger.com/video.g?token=AD6v5dwWWSQyyEjg9pey42SAyyfGDVUU70vTPBTyXKHG4XS1LO-2E5htcuNIx4iZXATHY2anAEYq5aw-JoI8YryDJSTGymjzKAzHD99m1RBrM4Jvykek6QYKyFYMKkug1jvkRB_idLY",
      "nome": "Versus"
    },
    {
      "numero": 18,
      "url": "https://www.blogger.com/video.g?token=AD6v5dyI3s19XjaFS0MbEkU2F4c1x0zvTMnWkk7oi8wPI-pkUmrBvnSh9WYID7CR_KdAwisxyTGXtM9NcVNUj7yZByYx70i5zhiwm331OJYVNF25uI1vuUvKkKEmot-_pqP7gwQS5dBb",
      "nome": "Now..."
    },
    {
      "numero": 19,
      "url": "https://www.blogger.com/video.g?token=AD6v5dwbwdRps0Macotz7wyi6DObb7aKVBK2bNFTvQ2ziR_yvhuaWO8WMzEsZ9hBh-kHJoe_vqQwo_2x2DamPr5nRETrCTcWqtaU7m8yhGgece1jjMRtOnR11Vqf8Py-kEgXBw5oOuMy",
      "nome": "Higher Than Anyone"
    },
    {
      "numero": 20,
      "url": "https://www.blogger.com/video.g?token=AD6v5dzI-47dfBJRIkbPqB_GoC-pRjO3B4iOXwW5Nv5YTquWH6ddKiF5xXtyOb0qC14LW64G8jkIdv385s3_2SMfiy_0jf_EvdX0UeHRnXG7G22h2qUiM8HGV_LXvKXAB-F3dOBzBQU",
      "nome": "Last Play"
    },
    {
      "numero": 21,
      "url": "https://www.blogger.com/video.g?token=AD6v5dye4TNNC5UTJTlbE_5cqZiVjonjT99yaKUsp_AX5nNB0X6rlZLogtzy0P9Y1bkOi19UYEoHjBlGNwmcS8d4rLQMqP0ZBkamL9zeBadxP_zw8bsHIDRFW4zvGTM7pFFhyRLnVjA",
      "nome": "Tears"
    },
    {
      "numero": 22,
      "url": "https://www.blogger.com/video.g?token=AD6v5dzkt80f4PMM-FJTzA1al4VcTJRVtaSKYuwjJzjPu9zftZehrf_T84afxwJYFQIGJQh1J3ghhe40jDEbKNR3HnL--lwue7z8FNPSsxQU5ydvHrzieODa3KLMwPmVTMDqllPjFcU",
      "nome": "The Last Piece"
    },
    {
      "numero": 23,
      "url": "https://www.blogger.com/video.g?token=AD6v5dzuvTQyPxCJNpnJ_dJxZ8GxswerLJpPyyVIHZUVGqMET6R7zW8fy_1hAFY5c0mQNb-YSiJONIQs9uvelf7EAxGSw2Bmdfj5B3yFtydIivA3Ws3nIQNDcx-DxK2_jqT1ENZW-Z9w",
      "nome": "The Moon and the Hoop"
    },
    {
      "numero": 24,
      "url": "https://www.blogger.com/video.g?token=AD6v5dwMbj4DV_R7uxEfUTRlv0enlhJ0KiFVXMVq1N_3icAakobVsGaNlLPbMbsbbBzgRCBnz03Jh9RgFeZk4ItIUYc5a0Titg1kuEnZ8AT3gItfx188ZyVxw1-CTnh_DkvFVd0hvinx",
      "nome": "Light"
    },
    {
      "numero": 25,
      "url": "https://www.blogger.com/video.g?token=AD6v5dxzTgm_oM3PNpELUi1OluN7BTxesINv26V-5BSoLEuhatV0KMUu4_Sb99b-29RXbWpJEM1fZ3TYjBWcavfO9XeyiqrNHTelaRgqjxsrxN4SRbqKjP53-X610rOlXpDFlC2MN7dy",
      "nome": "Undiscovered Talent"
    },
    {
      "numero": 26,
      "url": "https://www.blogger.com/video.g?token=AD6v5dwtLpNlbrGRa_twoSGfj7ZCtHriIgafQ43nJ0_zgwhEmYlzHe2IjxxxFuW8yIfKovVZyTYgWPFMgjq6BlJqO8zbSumB9B1Z9H2W8Tbrj4qOsc9zCahiYI7qqmJD5AAi7DM329nn",
      "nome": "Rush and Rush"
    },
    {
      "numero": 27,
      "url": "https://www.blogger.com/video.g?token=AD6v5dyDWgop3brysCT6bynRJQaUvLOWFWYfRTQGjI7lJh-2iPE59iQbYFfcTKrwo8cnvkQf0XiJJalnF4ThMxH95eK75qbe_4MbjS03I8XjDYZknrhWHNhpa78e-T1czwjIzgIf9BqL",
      "nome": "The Hard Play"
    },
    {
      "numero": 28,
      "url": "https://www.blogger.com/video.g?token=AD6v5dyd95DdGivRUYDWQwS3J2hKVzKW9BInujc5j5ioHDkKjcnO93-h5H5Lj5Yed1tKSHscwzB2PZxciPIRmM0FjXTOPKzsIIEYv4mztemza0o38U0st7fhi3YpYFFAFZQUXuaXjEtJ",
      "nome": "VOW"
    },
    {
      "numero": 29,
      "url": "https://www.blogger.com/video.g?token=AD6v5dwtAdHQ9y_C-QWUnmIu33B-VKjI-_VAY6uWnZ8Vt69i09YL-U1NmF_61-JiQFmu1wdGTTB_3a6zX2U1sqlNIcYQEbGVp2CiFTSwt6lD3vdGRP16WIm_qFwfjHzWvqy3pE8Xdt4",
      "nome": "BONDS"
    },
    {
      "numero": 30,
      "url": "https://www.blogger.com/video.g?token=AD6v5dxPeEOH_S0pxwgcnfuJbvh0EeU6kTmFoHuObcHn-buQ1SCHdlDBEuqWxIKilYV2ZJaIePHHTZT6M1nPYtPJknt9HFo1Ka2hae4QghmNJft0VWtAnx1wTMo2-s5CV_sWP82Y0ptl",
      "nome": "REASON FOR LIVING"
    },
    {
      "numero": 31,
      "url": "https://www.blogger.com/video.g?token=AD6v5dzPDsUTy3h6O2EpK-MFhrVW4JabQalxe30U4tZi_GMd2L2gbpZBrAADp9HurEXrzmjPGWDH6k9ck2cHW0NzRvN5k9da-WKq9969i-ABzxUE8reUzRHbfd579vFpdmP1bquSvmA",
      "nome": "What Must Be Protected"
    },
    {
      "numero": 32,
      "url": "https://www.blogger.com/video.g?token=AD6v5dzRU_VnhPJ2ALZZ5W0MMbJYk8SQaD3_HyFkebdJszx-HCgekcRAthJA_51GlY0h4OBIfGVOS2Hq7CGMsqJPPt35RPGUuWJj3oFMDR70gPjBxyhncq5WDk6AYtUrqf5t4HFan849",
      "nome": "Time Limit"
    },
    {
      "numero": 33,
      "url": "https://www.blogger.com/video.g?token=AD6v5dztKuSNfb6P5HrvTtMl_VDyAaXMTQtgxtCrDZ71mhleZwvY8NDMx8423RTJ7_UURbFrN-VaPEarT1KTKNowukjfiZLV5B6odYBvztU2OSyy8OrfO4CB79FXiFT3rqMeSSTAr9dX",
      "nome": "Life"
    },
    {
      "numero": 34,
      "url": "https://www.blogger.com/video.g?token=AD6v5dzoLm5-krGMRZ9RwqEm97RAjVx5S7nY1jQHUE68Vg8N9M92SLstwQWEG2swkwQO2hu84yIkEVgApi5BfKf4gBkfUYDFMv6-8ys6BZr_dSHDUUiIK5PhppiUW4CpyKQtVX-QFiA",
      "nome": "Light Trails"
    },
    {
      "numero": 35,
      "url": "https://www.blogger.com/video.g?token=AD6v5dyClOLDMj7bgoO9HCoWdyY8SCsWGZYPjZyOkWdsy3x3Fe34srDljVqrEsQDiLmkhX1C74AgMQiQjsDUEMKPMRXPpWZgGiH5eiNAKRNQSSe2xAIZ-Mc3HQpNfqXgNrWn-c6IJv4",
      "nome": "Stand"
    },
    {
      "numero": 36,
      "url": "https://lightspeedst.net/s3/mp4/ahiru-no-sora/fhd/36.mp4",
      "nome": "Kids Are All Right"
    },
    {
      "numero": 37,
      "url": "https://lightspeedst.net/s3/mp4/ahiru-no-sora/hd/37.mp4",
      "nome": "Tender"
    },
    {
      "numero": 38,
      "url": "https://lightspeedst.net/s3/mp4/ahiru-no-sora/hd/38.mp4",
      "nome": "Earring"
    },
    {
      "numero": 39,
      "url": "https://lightspeedst.net/s3/mp4/ahiru-no-sora/hd/39.mp4",
      "nome": "Fight for Rock for Life"
    },
    {
      "numero": 40,
      "url": "https://lightspeedst.net/s3/mp4/ahiru-no-sora/hd/40.mp4",
      "nome": "Stop & Go"
    },
    {
      "numero": 41,
      "url": "https://lightspeedst.net/s3/mp4/ahiru-no-sora/hd/41.mp4",
      "nome": "Challenger"
    },
    {
      "numero": 42,
      "url": "https://lightspeedst.net/s3/mp4/ahiru-no-sora/hd/42.mp4",
      "nome": "War Declaration"
    },
    {
      "numero": 43,
      "url": "https://www.blogger.com/video.g?token=AD6v5dyiPT3AflrGkAW-M6fvNNAUfnjNvNyOv5UO5XXytyDX3V9egRIEUd-k4X2y4oa2jggBJb7TwgiX4-493eVL6QPPdaDxCTsJ9_BGmTR1BW4jv-qYtmWTBNhayrYfyof7TWwsRj5M",
      "nome": "The Best Lineup"
    },
    {
      "numero": 44,
      "url": "https://www.blogger.com/video.g?token=AD6v5dzJESSRm_BdqjryG3ENbhW67MYg8zF4PE1gBkW5XSxkQl7mqI0cvB7ocDGCbV_Uk4FUvhXbE1QXFrZ_ap3OHgI254gn7FU6h8gL6nkNRl7IpOpUhi2XW5iQH6dv8inTQcv8Ij1a",
      "nome": "Fuse"
    },
    {
      "numero": 45,
      "url": "https://www.blogger.com/video.g?token=AD6v5dwiUeKIVLbIXvWKzqDmiWS_Zhf_qMkCFI2GjkfHparPb2it2__1kVaEQGHkkFBJlEjmm1285wtpXAW1wAc7dCmmVidRPggajITASd6CGoIwrYWSlW1W3N7OVoROSJE8dj0Czfg",
      "nome": "Break"
    },
    {
      "numero": 46,
      "url": "https://lightspeedst.net/s3/mp4/ahiru-no-sora/hd/46.mp4",
      "nome": "Certain Proof"
    },
    {
      "numero": 47,
      "url": "https://www.blogger.com/video.g?token=AD6v5dwWLoifkpgpX-8yj0DWpPnoq-m2jIFvv6t1OY2OQJ_OBg1iVrjbqufXWgbsxk_ryR-1RdNhw1p2CQhlJ_EsIqb4u1_TJs4tS1cj8Gflu0mgBEtGXd1DDbBpQUjA89cYTvTIGQku",
      "nome": "Sora the Duck"
    },
    {
      "numero": 48,
      "url": "https://lightspeedst.net/s2/mp4/ahiru-no-sora/hd/48.mp4",
      "nome": "The Straight Story"
    },
    {
      "numero": 49,
      "url": "https://lightspeedst.net/s3/mp4/ahiru-no-sora/sd/49.mp4",
      "nome": "The Last Period"
    },
    {
      "numero": 50,
      "url": "https://lightspeedst.net/s3/mp4/ahiru-no-sora/sd/50.mp4",
      "nome": "Bridge"
    }
  ]
}