{
  "id": 34881,
  "title": "Aho Girl",
  "title_jp": "アホガール",
  "slug": "aho-girl",
  "type": "legendados",
  "format": "TV",
  "images": {
    "poster": "https://cdn.myanimelist.net/images/anime/7/86665l.webp",
    "banner": "https://cdn.myanimelist.net/images/anime/7/86665.jpg"
  },
  "trailer": "https://www.youtube-nocookie.com/embed/Auh5pgYXa5c?enablejsapi=1&wmode=opaque&autoplay=1",
  "synopsis": "Yoshiko Hanabatake is an idiot beyond all belief. Somehow managing to consistently score zeroes on all of her tests and consumed by an absurd obsession with bananas, her senseless acts have caused even her own mother to lose all hope. Only one person is up to the task of keeping her insanity in check: childhood friend Akuru \"A-kun\" Akutsu.\n \nThough he bemoans the ridiculous behavior he has to endure, the studious but terrifying A-kun is always ready to put an end to any stupidity Yoshiko gets up to, with no qualms about using physical force. Unfortunately, no matter how many times he attempts to knock some sense into her, the girl bounces right back to her usual shenanigans, even dragging in some other eccentrics along for the ride. Try as he might to rein in her nonsense, every moment is unpredictable with Yoshiko and her profound idiocy on the loose.\n\n[Written by MAL Rewrite]",
  "score": 6.71,
  "genres": [
    "Comedy"
  ],
  "episodes": [
    {
      "numero": 1,
      "url": "https://www.blogger.com/video.g?token=AD6v5dxiXpJt0FksECnFpT9-eJrZZWYjNY7jMmqwwW_TbYmolfDjuqq1OqBaTseDqdR4_UqfGzetYdoomha2VGrqDFydcozTW_ItSHCYeu4YSzy7FL68DWLup3S3Dy8roCYlC7xvUWY",
      "nome": "She's Here! Aho Girl!"
    },
    {
      "numero": 2,
      "url": "https://www.blogger.com/video.g?token=AD6v5dwFUuR6LoGYTJXnBAlLM7VORdT19-_Hv2l2bWLviZ6a9j3UV1-oQTQU_h0_vQdqtgc9z1_6F03iIFlzlnXp5DBjOvXhxmph_lhxGumJMD4ko0lhfeYC7Cudj-xlOU-PkjwvVft_",
      "nome": "Aho Girl Multiplies!"
    },
    {
      "numero": 3,
      "url": "https://www.blogger.com/video.g?token=AD6v5dwzgFCl08U4z0Z4bLTN7hB7pFttzjZDB98XRAZqA5pZLnOsLLHwE8xI2_RZjDjw-laiZ-pH5l2z2SM-G-FCGmfIhvm9z0FXcyeuNEPgto-Vyl8-t4DkxosQTFya6uad65JCBEU",
      "nome": "Security in Senior Citizenship! Aho Girl!"
    },
    {
      "numero": 4,
      "url": "https://www.blogger.com/video.g?token=AD6v5dyNU8hG4K52OTAfPhMH-BLUzolfpH6usuNN5jercJ_y-BlXjHH18aRAnIJNAUxoUaFQw9ephZda2T3_RGV9kqfFrsAGa--V7f6IQ5IQ3tz3a-ZDR2UH83z6rESEsvzlDNnk2yp9",
      "nome": "Charge! Aho Girl!"
    },
    {
      "numero": 5,
      "url": "https://www.blogger.com/video.g?token=AD6v5dyqecNUA_tUERPPUZwKJsH3iu3cv8bzhukG7je0NM8xtDC3IE2ANcZnqzHuG_rdcbzRkDzNQeU5LdG8LiqbsWByLoRMkwI_tvqu6xIpGcI4l8-Sxtj6pzCLrP-vGd3Afp1SB30I",
      "nome": "Summertime! Aho Girl!"
    },
    {
      "numero": 6,
      "url": "https://www.blogger.com/video.g?token=AD6v5dy8EATW61j-_HItGUbd8DBRWxQgacsLAz91IkWK2uSu-h8oOao-qhNk_qNtrYa2-IYTy9y7zmqOvbXqzKRQKd_0CUtUpy6H_mZI_9mULAMNyMPYidFUitCUx8JwYAxrIdNzikg",
      "nome": "A Hot Summer! Aho Girl"
    },
    {
      "numero": 7,
      "url": "https://www.blogger.com/video.g?token=AD6v5dwp24TfPD3b42P6-KjRHWVTANIlJ_LUhGEyFprZhflBZYnNcMuC9yFViJX98ZReBSD3hsxiv8mchfWYRX2UN_RmW2MAaZ0Ou_D-AjTN4q9CqXLaPJU7GfY2n9MymlENQZia_Jg",
      "nome": "The Gal! Aho Girl!"
    },
    {
      "numero": 8,
      "url": "https://www.blogger.com/video.g?token=AD6v5dzBvqffR1AQRQOPvFC46HQO5tfYDOm-7eLkZHvH5MsTkdlNL_O4EenhlDwh5ACFvdlsFPmAKxg91ZPym2s4Zz8gfEV8tXP-_o35RKSArtwmhVq_YmQmFp6LTm8In6vjZMwbJEg",
      "nome": "Like an Angel! Aho Girl!"
    },
    {
      "numero": 9,
      "url": "https://www.blogger.com/video.g?token=AD6v5dwBGbsMl9Aov1UyjCor9fmOC2WT0iCFlv6CZUV0tvk0gDcA6rYVKz-7sehy6mUuNjUK5fgjdo3Z16qPNqCvKq5iyK8W4eg4xDIVhNHUwRGkqpQhQdnAtzXzJtAjqjV1TXGnfw",
      "nome": "Festival! Aho Girl!"
    },
    {
      "numero": 10,
      "url": "https://www.blogger.com/video.g?token=AD6v5dy6tiRfepL91bco3ccJu2brIrX7RogC-P5vc6MhSRUkCvkDpBA_dU0HKn5B8_el_qkFGS0Oyx3-BVINdOpXcSvR54uXfm6JoSpak6IqTzvkLXRr6b8jl64ChWjlqGQbtxW3u0Z2",
      "nome": "Drive! Aho Girl!"
    },
    {
      "numero": 11,
      "url": "https://www.blogger.com/video.g?token=AD6v5dz_EPZfZJDFbi-JfJs54QwczDTq9Qp9R3yhUrF_gJtYjVynpPR8s5xKJvcCwgDxO-CG_AT4IHrtBLFvKfIp1SkwXQsNEeCn0HxjWuZ5B4hupnk2vti0yiO_dyW2-htk69Iw0yKg",
      "nome": "Final Battle! Decisive Blow! Aho Girl"
    },
    {
      "numero": 12,
      "url": "https://www.blogger.com/video.g?token=AD6v5dx3SfLzyVttn_aQQ0LC_jevNJG72LaybS8AzRfD_bAFbivjOcfeby-oy8nIZXHR1RMEREUCuwWJ4e9UQ9Pj1wlBuwjcQOg7wiM7KSCbqyuQ9cakF7G0iNPzg44-_85jbGQBNiS8",
      "nome": "Meeting... And! Aho Girl"
    }
  ]
}