{
  "id": 12501,
  "title": "Ai Mai! Moe Can Change!",
  "title_jp": "あいまい! 萌えCanちぇんじ!",
  "slug": "ai-mai-moe-can-change",
  "type": "legendados",
  "format": "OVA",
  "images": {
    "poster": "https://cdn.myanimelist.net/images/anime/11/39157l.webp",
    "banner": "https://cdn.myanimelist.net/images/anime/11/39157.jpg"
  },
  "trailer": null,
  "synopsis": "The OVA adaptation Moe Can Change! is created by Frontier Works, based on a free-to-play game developed by Ambition for mobile phones. The original \"playful bishoujo Miroid-raising / clothes-changing moe game\" has the player joining a beta test program for androids, who the player must raise and dress up as girls.\n\n(Source: Animekon)",
  "score": 5.45,
  "genres": [
    "Comedy",
    "Sci-Fi"
  ],
  "episodes": [
    {
      "numero": 1,
      "url": "https://lightspeedst.net/s3/mp4/ai-mai-moe-can-change/sd/1.mp4"
    }
  ]
}