{
  "id": 2387,
  "title": "Ai Monogatari: 9 Love Stories",
  "title_jp": "愛物語 9 Love Stories",
  "slug": "ai-monogatari-9-love-stories",
  "type": "legendados",
  "format": "OVA",
  "images": {
    "poster": "https://cdn.myanimelist.net/images/anime/5/2646l.webp",
    "banner": "https://cdn.myanimelist.net/images/anime/5/2646.jpg"
  },
  "trailer": null,
  "synopsis": "An OVA based on the work of Kawaguchi Kaiji consisting of nine independent stories, each animated by a different director. With Beatles music involved, somewhere.\n\n(Source: AniDB)",
  "score": 6.51,
  "genres": [
    "Drama",
    "Romance"
  ],
  "episodes": [
    {
      "numero": 1,
      "url": "https://lightspeedst.net/s3/mp4/ai-monogatari-9-love-stories/sd/1.mp4"
    }
  ]
}