{
  "id": 53787,
  "title": "AI no Idenshi",
  "title_jp": "AIの遺電子",
  "slug": "ai-no-idenshi",
  "type": "legendados",
  "format": "TV",
  "images": {
    "poster": "https://cdn.myanimelist.net/images/anime/1706/136176l.webp",
    "banner": "https://cdn.myanimelist.net/images/anime/1706/136176.jpg"
  },
  "trailer": "https://www.youtube-nocookie.com/embed/BDxJaOEVJEk?enablejsapi=1&wmode=opaque&autoplay=1",
  "synopsis": "In the near future, 10 percent of the population will consist of Humanoids—machines with advanced functions and artificial intelligence resembling human personalities, easily recognized by their sideways pupils. These specialized patients likewise require a special doctor. By day, Dr. Hikaru Sudou runs a medical clinic for Humanoids; by night, under the moniker of Moggadeet, he performs illegal procedures and gathers information about his lost mother.\n\nHikaru encounters patients with varying problems unique to this society: a Humanoid struggling with the question of whether she and the source of her backup data are the same person, a teenage Humanoid who cannot improve athletically, and even a robot teddy bear with memories of multiple owners. As the world's technology constantly evolves, newer and more complex questions surrounding humanity arise. With each new advance, it becomes more difficult to define what truly makes one human or Humanoid.\n\n[Written by MAL Rewrite]",
  "score": 6.51,
  "genres": [
    "Drama",
    "Sci-Fi",
    "Suspense"
  ],
  "episodes": [
    {
      "numero": 1,
      "url": "https://lightspeedst.net/s6/mp4/aI-no-idenshi/hd/1.mp4",
      "nome": "Backup"
    },
    {
      "numero": 2,
      "url": "https://lightspeedst.net/s6/mp4/ai-no-idenshi/hd/2.mp4",
      "nome": "Limits of Growth"
    },
    {
      "numero": 3,
      "url": "https://lightspeedst.net/s6/mp4/ai-no-idenshi/hd/3.mp4",
      "nome": "Where the Heart Lies"
    },
    {
      "numero": 4,
      "url": "https://lightspeedst.net/s6/mp4/ai-no-idenshi/hd/4.mp4",
      "nome": "Four Cases"
    },
    {
      "numero": 5,
      "url": "https://lightspeedst.net/s6/mp4/ai-no-idenshi/hd/5.mp4"
    },
    {
      "numero": 6,
      "url": "https://lightspeedst.net/s6/mp4/ai-no-idenshi/hd/6.mp4"
    },
    {
      "numero": 7,
      "url": "https://lightspeedst.net/s6/mp4/ai-no-idenshi/hd/7.mp4"
    },
    {
      "numero": 8,
      "url": "https://lightspeedst.net/s6/mp4/ai-no-idenshi/hd/8.mp4"
    },
    {
      "numero": 9,
      "url": "https://lightspeedst.net/s6/mp4/ai-no-idenshi/hd/9.mp4"
    },
    {
      "numero": 10,
      "url": "https://lightspeedst.net/s6/mp4/ai-no-idenshi/hd/10.mp4"
    },
    {
      "numero": 11,
      "url": "https://lightspeedst.net/s6/mp4/ai-no-idenshi/hd/11.mp4"
    },
    {
      "numero": 12,
      "url": "https://lightspeedst.net/s6/mp4_temp/ai-no-idenshi/12/720p.mp4"
    }
  ]
}