{
  "id": 5784,
  "title": "Ai No Kusabi (2012)",
  "title_jp": "間の楔",
  "slug": "ai-no-kusabi-2012",
  "type": "legendados",
  "format": "OVA",
  "images": {
    "poster": "https://cdn.myanimelist.net/images/anime/7/75531l.webp",
    "banner": "https://cdn.myanimelist.net/images/anime/7/75531.jpg"
  },
  "trailer": null,
  "synopsis": "The story is set in the future on the planet named Amoi which is controlled by a supercomputer named Jupiter. Among the mostly male human population, the light-haired elite class is allowed to temporarily keep the dark-haired \"mongrels\" as pets. One elite member, Iason, encounters a mongrel named Riki in the slums and decides to take him in. However, Iason keeps Riki longer than it is socially approved, and rumors abound about their possible relationship.",
  "score": 6.53,
  "genres": [
    "Boys Love",
    "Drama",
    "Sci-Fi",
    "Erotica"
  ],
  "episodes": [
    {
      "numero": 1,
      "url": "https://www.blogger.com/video.g?token=AD6v5dyqiZPdo-Z0IVJzRbUXhBiSUcjb5WYpG-8ZuaRmaRmsm-eL6W0-jDsciyvf1mNA8mrBw2f3QNnk9SbpQlvffSQlZoT76UXkkK1zoTRqxWtSYbZdtIUtBp6KHk3L2-Zy9PWqor0",
      "nome": "Petere: Caged Beast"
    },
    {
      "numero": 2,
      "url": "https://www.blogger.com/video.g?token=AD6v5dxiLMYc7GMbBmIhX6ecXddlR3h9mH11KJ6a8Rz6B-sQYkFxBL-JzwtvO6oafqa8cdC5SCHzu8FoIuaoq2aq3ewmHv9wGgjFuDQOZZPPNLja-8o48ry-HFU2x8wt5oV8KFaVVoXw"
    },
    {
      "numero": 3,
      "url": "https://www.blogger.com/video.g?token=AD6v5dxCulmaokdOLagqtlIWCw_6JtvFk1k0GmLpQpteGAdZq_sqf387wVKbMFLnZLkG-ByJk1gVnoUHNTUrQ335MQt1oRSSr7NvPopHol0lygq61zJfUS5zdIb7RDwUUV1tajH-CxAU"
    },
    {
      "numero": 4,
      "url": "https://www.blogger.com/video.g?token=AD6v5dxlRYIGAsm4SYO8dW_e_wYQ7eMdg6mGz-rZaG2ROVqnHxaDxBq2DiwECj1C6z9gjkF0OCk6NPml1ma7pfpSW6v1igHALpeikvtReL_L3NkZjwB_p3O0udyBvbmYDJ5WMUOSjVU"
    }
  ]
}