{
  "id": 24699,
  "title": "Ai Tenchi Muyou!",
  "title_jp": "愛・天地無用!",
  "slug": "ai-tenchi-muyou",
  "type": "legendados",
  "format": "TV",
  "images": {
    "poster": "https://cdn.myanimelist.net/images/anime/12/67801l.webp",
    "banner": "https://cdn.myanimelist.net/images/anime/12/67801.jpg"
  },
  "trailer": null,
  "synopsis": "The franchise is celebrating its 20th anniversary with this new project.\n\nNote: The recap episodes are not included in the main episode count and are now included here.",
  "score": 6.14,
  "genres": [
    "Comedy",
    "Sci-Fi"
  ],
  "episodes": [
    {
      "numero": 1,
      "url": "https://www.blogger.com/video.g?token=AD6v5dwwEFRCD37BatFEH37weTZ-rxAxsIUyqEdKs6EdfeQLa5l33gQW1rgfNGE_jHR9wQUPoGrSY5NG9lcdZotWMx-11FW4NTFT37ZkjvEMFLEtjGUSoMOgkIVPc5Z8dhZuupVNvKv9",
      "nome": "Tenchi Arrives"
    },
    {
      "numero": 2,
      "url": "https://www.blogger.com/video.g?token=AD6v5dw2JNq8fnD206zVl8_oYd36UUuqosTapFMMeE6upOgJARfuX2_d79bNYG6VxWPqGUeJFSxN88BAmS-_6EHxMxWI4uSjx_jPiPnpRweC5JY0VEuFVqELEE5PQ4yO7w1cwvwNJOTg",
      "nome": "Orientation"
    },
    {
      "numero": 3,
      "url": "https://www.blogger.com/video.g?token=AD6v5dxiQklB0huXRJVIJ6_ViJpNr1NB4xS4g-10y6qsv4vtrWblhz8GANCvaPsGgCANX86BAPl24cVNeVsWGnDrtvHTbB4j3uAuaK0mT-RZOOiIdixS8MFRycAJ2CSmGEyI9Y-Qo38",
      "nome": "Tenchi Departs"
    },
    {
      "numero": 4,
      "url": "https://www.blogger.com/video.g?token=AD6v5dwOOrGSq5gU99QyPAIGTFbn1AIywb3kFNUQKfnnyRb5o4bZMaXxZXRLdFpRT4LoEAsMlNTj3pax91fxuZHdtgkWrqor9dLnCzFZqjKZes1-TDlpg9Ar7h-M47uIdEAkG-KQHw0",
      "nome": "Underground Unrest"
    },
    {
      "numero": 5,
      "url": "https://www.blogger.com/video.g?token=AD6v5dxqehMJzP4cDt79FH_2b0I_obvJZZ_8kkVfKRXY3uT0Dc8QAvAmOrbQ5SxinCn-ZeSy_2m0QMaV21GmVR-twIWvywXmWbgHRRiEMhzd2OvtJcrL6F4sut6RZwpCtAOu7yL3eVk",
      "nome": "Dodging a Bullet"
    },
    {
      "numero": 6,
      "url": "https://www.blogger.com/video.g?token=AD6v5dxZdm6hhVg0czpvkaweVME4l84uCcIyT5SfWCsOVzzNOC6iQ9u5Bw0uXC3UI-fKwBko4G2IS07Ov24frlKPZ2OnjaX4OmTxT4JkDQUpLuNSWHW89ElAtHO0SUjfictTHRGxzpCn",
      "nome": "One Day Down"
    },
    {
      "numero": 7,
      "url": "https://www.blogger.com/video.g?token=AD6v5dxqtMOsH7AdEPaOT6pQsPCemQUDD9gmy5piNlckSLvf4IeVdF_vbGVK0w0P9_XasmUJxqSzKD2WR11cB5uFaYqlNsceo1CHyGNym9uyfVMGKuKr0wUeHuGRpbGrM7SMv-GH4cmi",
      "nome": "Tenchi's Encounter"
    },
    {
      "numero": 8,
      "url": "https://www.blogger.com/video.g?token=AD6v5dzDOwrHhrDrxfUy0cVoQqJWOdNDqwauL3SZ5iBO_036wfyWXk_4XkX-Zic1SVaYXoLxtOttcub7WfZWWZO4YEF6Az54xaTHR_EycS9InMFhgoFBIdMM6zwn_kB_MF4sIRzAQ5E",
      "nome": "Festival Preparations"
    },
    {
      "numero": 9,
      "url": "https://www.blogger.com/video.g?token=AD6v5dwXSrsoxagwPpLvGP2Uk6c3RTvp4jQlcm2bUTSe4vgEVN63PGlhD33mFP75soQlIpks6U9n-vCTyyFNvQT4fDFfnDmUmVh6GcGJtEk1gkOgBfvb67N1SlA0rsvUTr2s0AylCA",
      "nome": "Walking the Maze"
    },
    {
      "numero": 10,
      "url": "https://www.blogger.com/video.g?token=AD6v5dyybLRCC6JLYaz1nc9vxoJ2AmxzLvjMMBpM7dfkRWJ9bDxVfmnMAoDG2wOnE2zMAeX33I9b9HL0pNew2n6M6eBwfJoSUd3MI5e_Rrwe_Uwfj-18FJomaXHvhHiU9aBFxDAP8Jwg",
      "nome": "Stuck Together"
    },
    {
      "numero": 11,
      "url": "https://www.blogger.com/video.g?token=AD6v5dyENSYYDOY3zGVnCJEyrIqxDSGsmZUp8Ugg70p01UNVgSyThr7lbuzq4z39JBeV6NYI6PDOz-WfkewLivqgkSinzQpDpSuAxwIZne_uj3c80gp3sEEaFq5DBaLxx7erAUaLuIv1",
      "nome": "Break Right Through"
    },
    {
      "numero": 12,
      "url": "https://www.blogger.com/video.g?token=AD6v5dyH1EnMe3d_WmwOx4W9kEZAJtqj6yF-cHp08ZX2GdSPYgOtX2G2GwvdJYtaOlPIwjZ3S0DOB9bqsLDx0gm0yxqfLX3BNkatdyOkxMrkEukPVUE_c_sgUS7LC_QeFu-J02Pi1A",
      "nome": "Slip of the Tongue"
    },
    {
      "numero": 13,
      "url": "https://www.blogger.com/video.g?token=AD6v5dxP4BbcUdsr1YD04AghrGC4kK0VTSWMBq9dCbTCCAXRIgx4PL13qfaURDcukju-6P23j4YKiGmPQnXBY5ZLS-RWInSFY08nUszikib_xSD6jKkeq1aagh_U4NU-Y7DhpQrGdeq5",
      "nome": "Tenchi's Discovery"
    },
    {
      "numero": 14,
      "url": "https://www.blogger.com/video.g?token=AD6v5dz2DGjGn8XMvycRMVZYZrAmjKCroItZMKnlPPFyzsP0tSXWnL5PLG-fAT4jZ9CgjwYQSeXZtUIctSPPdtWegZaejbvXuOL7MAdqz47_p_-C0o_h6PtTBLbGHTyMSpNEzvOPjlM",
      "nome": "The Festival Begins"
    },
    {
      "numero": 15,
      "url": "https://www.blogger.com/video.g?token=AD6v5dwyhHFvQtn_x_ZjDzk-4SCSqpMSUGjNJ1LWC0ZrOhFoEms5WXPC46FPn-rQpHkbTRVCeHQNCEhDHeXaCZlgWWmSRfJgK9jHl8gcYVtC2xpiffr0NklAyKLnde-mKJMkVDYvOVQ",
      "nome": "Tenchi's Kiss"
    },
    {
      "numero": 16,
      "url": "https://www.blogger.com/video.g?token=AD6v5dy9fgtJ0TCVz3a5bY3qQNFGDkv6PZIV9xftQyhyIQzsWTL12r70KEalEUAkLsfCgbG0bPRz5Km7rAq67twDAwAmUiAAwlrRMe5_wFtIsJV0jM-M65ePR_wqn25ZTRITXkKnu79D",
      "nome": "Tenchi's Metamorphosis"
    },
    {
      "numero": 17,
      "url": "https://www.blogger.com/video.g?token=AD6v5dxJHekZsjQjfkQ7elWqxjVqVdj4WmhvSKLz1lRbxnT8EvgzhouWrS1p2qKOS_9-8zQz0g2okx5z_WYffwexpcZl8rcpd9ZAx2HI53_-UbJEvT1JoIr40KI7E9S_CMMla9Up_IM3",
      "nome": "Banquet of Beauty"
    },
    {
      "numero": 18,
      "url": "https://www.blogger.com/video.g?token=AD6v5dx_-jh7b2ved_Vf93OM70sQMcqZmBsPuZ_efFeNG8G9QXPcmFflnl812Wv4jR0nmMjjvSl9sKsZ_H42r8WyqPLRNSB4T88kUSah39ELI1VE1mHGgg0848Hz5fNJ3A66VzEUDC4",
      "nome": "Calm before the Storm"
    },
    {
      "numero": 19,
      "url": "https://www.blogger.com/video.g?token=AD6v5dzNfnM8JXzSafbGhDuV52qXytMmxlQl6cXH7FVWYIdu6J56Pozqu3HQcdApJd2pzT_6FaTHeIWPQSlG2b4_ry1zpk9n6I8BJ3Yn4WyP48FxmoY1KRw5eTuoa01pKxbTnAxHx5w",
      "nome": "The Opening Announcement"
    },
    {
      "numero": 20,
      "url": "https://www.blogger.com/video.g?token=AD6v5dyTsW4tabE_TkBHmQ9ZfzLWVwJZVdnHuy6VKZPc4wv01rlxEb6jf1hNG28TnK4LY0866J4IM0c1O12sR60Ppk7itXEsrGRqeiu2MAmfAFt-u6IRhE6A0Rd4hKnwiR6YwXtj2R8",
      "nome": "Obstacle Course"
    },
    {
      "numero": 21,
      "url": "https://www.blogger.com/video.g?token=AD6v5dwK1rqOwtxLud_081TUZLuUZbWbmPd6GkSj3P_YRHnbDUpJ-OgREGFWvUZ7Fk0vWNtDnlHIapBHGsboJCnwMTPMA1rFrMTn7NA0qGAN7PMBGtydGlznoOqxcCpoexf4FxGvqHsi",
      "nome": "Mounted Battle"
    },
    {
      "numero": 22,
      "url": "https://www.blogger.com/video.g?token=AD6v5dwYVxSletRPj2delNb760QOK3T1oLwN1XVwF7bWs9M_Jkoye0L-HcMzr9A--EF09h2T2PXN-M3mckAKc_VcdYewQjGN-Tv12OrteEYujw9SdQY57IEn9xDE-xd4uLuboyJZMmTE",
      "nome": "Battle of the Buns"
    },
    {
      "numero": 23,
      "url": "https://www.blogger.com/video.g?token=AD6v5dxolaFpKsF95T9ABvNqVkcslXqhWrr0s-bPoniFGqPpG4-X2ylYvX3JmD13X1je--mXGoRpk9Sll9rn-Na1n_t2MUUl2TVDE59FnabkJDDJbYbyd9GS9Tk-xm-gdUmYmsqEtAuT",
      "nome": "Super-Overtime"
    },
    {
      "numero": 24,
      "url": "https://www.blogger.com/video.g?token=AD6v5dzc68qclfLHv6VxQ-mmJ3mG_1IHg0-AdsAI_68Es1K1wnQV2rgTo_ZUkpjPylO6SZNmeTAVWtktMcCuMzX4_P7uUUxsMHyM_P_KO10BN-HdXIi75R43yq9aJ7qFc_7LbhA15KhQ",
      "nome": "Dorm Duty Begins"
    },
    {
      "numero": 25,
      "url": "https://www.blogger.com/video.g?token=AD6v5dys_lGOZL-5lIH5Ovv2GTTGqaw9Xgg_CGXrSqM9rH8z-cPRK_dTTp7njjpbJidFb5WvvP8ToFjWN4qmtyTx4Wt4KP0UaudzGhrgXTOY8Dwx4SfaFP96asC1hP9sseYAivt7DfQ_",
      "nome": "Shrouded in Steam"
    },
    {
      "numero": 26,
      "url": "https://www.blogger.com/video.g?token=AD6v5dzWU-PyiFTI3npoDpQBMlhx6zj-ysY8V2YhiVxi4jbv-sklZFA36_Wr9WBUpkhHNhd6JPrfkbn28UlUbfKtELmr4GNVOzeyb7FNRYcmxNexdvZCYfXvDT5XyapVWYLd_RjHtZ3w",
      "nome": "A Disturbing Dinner"
    },
    {
      "numero": 27,
      "url": "https://www.blogger.com/video.g?token=AD6v5dwr5-Yv5NHDP9kojl-LbxdU8UoBpXNF0GgQsibGcbY4XM3-W93WXaIDQJ2BigOHUgXDGiUvU9FLFaDvhtGerbYq1hE964EvXz5bqqQ1D-8Hr1bg2En87shKOZNhHaTX34cY6ds",
      "nome": "Tenchi's Rescue"
    },
    {
      "numero": 28,
      "url": "https://www.blogger.com/video.g?token=AD6v5dxrC1szbNY2febjTHXs6z8xX3v3vZUqz6QXrgz8RWul6DEYiAnC8vB6lzfOsj6h0XowTHlvHQAaftlGM2eAuNApKXn_aZftFlgO0pf9GwqkNtxq7PTfoTsfV_I51faTe3FG3uJD",
      "nome": "Meeting on the Roof"
    },
    {
      "numero": 29,
      "url": "https://www.blogger.com/video.g?token=AD6v5dwaqMdsSlYi3TNRRnuJlwZ8OB0oBIToBGdSdvhrJyqth1DOaRMpcWzDJCo2O_RGLp-0c-a-GiM9jkcO2VuVnfevVwdhOjtdHpCtcOypSIGFfh6GRcuQ2BiZbarApDb2OBqavYA",
      "nome": "Courtyard Cookout"
    },
    {
      "numero": 30,
      "url": "https://www.blogger.com/video.g?token=AD6v5dx1C2aXUu2llAbsNZy9EzDJX3gFpZdDAb-LnDVLKD3Ql_LEjdhI2dlQuexUpohO51h_Y-lVh9G-qlawU-BuJf30BuVvKf7ep2CLWLNVdiYJjrUZw-rlZmsK6fEi553RPfJwHQni",
      "nome": "Mr. Tenchi Begins"
    },
    {
      "numero": 31,
      "url": "https://www.blogger.com/video.g?token=AD6v5dxDLQzBXNos6qe2q109CdjCy39XJB-kfcbUFtsls7x_oqo6Q5G696XAT9xco2AKg-l_EsLi6bLGUkxWKHfNORH5IsRg8yj7M00JtTHJRmkmE6M4f3gPAXYItmCnHupwyENBo8iQ",
      "nome": "Tenchi Taken Captive"
    },
    {
      "numero": 32,
      "url": "https://www.blogger.com/video.g?token=AD6v5dzxFdbIJVq6ZfeC4iOV_Gf_K_Hcuo9xvmz25napr74cBD3s3Ij-O7l1F1GcGswRV88WL6A8IG_0NPUJFHeYzmLJulxNhlwlVPj4RUEc1b93jwryFTbv6wygGzJQT6WRZlbFcfJv",
      "nome": "Strange Traces"
    },
    {
      "numero": 33,
      "url": "https://www.blogger.com/video.g?token=AD6v5dyptw_Lxn3FKl_80S7NRLKQSUYe-6gxJBuAB0RpSuKdJgbm7UShU5sM5kWLtaWX8p9jvqCI_E2One2FLVvC0vOi1HmqKhyyTRyxxvxp_8Ksleu7XgbwZuT8VNveTSw3dy-H8aqF",
      "nome": "Clash in the Ruins"
    },
    {
      "numero": 34,
      "url": "https://www.blogger.com/video.g?token=AD6v5dwFJ4120k5R0PaO7rPITkBvx3_FjCbT06lmwwyQUnk7ztazxmW14BuYlytTExANpSxBFmdHVMkijfMKlffu4cbhmeHikCG2wbUtYgfECl2fR0veXQh9vMmVxtN1BT39AKIrHbA",
      "nome": "The Decision"
    },
    {
      "numero": 35,
      "url": "https://www.blogger.com/video.g?token=AD6v5dzeXApLQRWgJu7Y47ula_Su5ZrsvG3iiJxiOBOyiyR0yzG4dL7bBh_9WD05aByUsNtPxoOQfWhGLH75TxfuILCwif65DygntQsvkmDcgvXxaltO4RvrwxcAlVtcj22B3Py7Zx8",
      "nome": "Gathering Storm"
    },
    {
      "numero": 36,
      "url": "https://www.blogger.com/video.g?token=AD6v5dwxMVWBPBCVLQ1SN_cNFIGTeldIRuT-4DTiR5spZZLqgOdeEDnKp1-rn2MEitBAQAXlzz_iGBTtGjy3-sOQ6l4poZhoowZ8oqoBkpaEZz1UqT_KI7H86w-Q_4aVQcZn0Guy-VVd",
      "nome": "Declaration of War"
    },
    {
      "numero": 37,
      "url": "https://www.blogger.com/video.g?token=AD6v5dzQ0WqEhcH3elq3yDewCgB3nt4QHeyBEZwlhyAPS-1vfsv6azc_8yec4L1zWkRZ1SiX6dh7Y_gV-uFs8ibVWaMWAh4bonMbvF9EJhbIEXO2mCrrrKFXIX9Dp-6CvmOhCmBa7M-B",
      "nome": "The Corruption Scandal"
    },
    {
      "numero": 38,
      "url": "https://www.blogger.com/video.g?token=AD6v5dyQrm-ObUWOjsxwGwfvkVY7nJRplZ7NBjudbxVudlNXdwyEI8tbeE-fc5iFxpYlJqB12ykUzikM8cCG0Sf7OAZtlr5pEjyfm2oJElqrFqkBMRHln4nTXuoRXQDw6TlJo9zBoFM",
      "nome": "Search and Seizure"
    },
    {
      "numero": 39,
      "url": "https://www.blogger.com/video.g?token=AD6v5dzlUWnqqUuHU1-E9FYtMmHNwvHxDIZLMipzySaNGKU1CuKk3X2MeP9sa4DHQHthXBblh_yWQZsePXzvMqrQR23ykGN3luG-pY8r5U3nuuAW-vbQ3FZ_4kbrssrLqi54mTR9JSMo",
      "nome": "The Scandal Breaks"
    },
    {
      "numero": 40,
      "url": "https://www.blogger.com/video.g?token=AD6v5dxFEn8pNbT5c6JWD4FaUJ15qDxF99QnmPfIfFTWdrhEtoKfVPnOBpdOhHTqygMLz7urejnS824rD6oyRckzbbnVn9BBrFXYDlhCmzpZVPl9hK-W4bH81qjyYpxTDRYjGos-FqEC",
      "nome": "The Big Showdown"
    },
    {
      "numero": 41,
      "url": "https://www.blogger.com/video.g?token=AD6v5dwGkmQ6xPfkcvgOtJ7TM4TjV5YjQwYrnLrr9c7qOZUBxkgqfXYN70KxdEP_6ZmSqlcG8Ad46sRqbgwlFbqf_p--ERRpSSUxhzqzZA5hX7iCQRkhNhf5_iClcVoODCiix85QkEq9",
      "nome": "Breakdown of Trust"
    },
    {
      "numero": 42,
      "url": "https://www.blogger.com/video.g?token=AD6v5dyRzE6v2xk23E7R8u45cJBoF-caz2KlkXxwfLnRZlGioQTosLqBgIMwqy6PAqThlfL_IIsv1ZNgAG1G4iR814Ej5BE3-XxrFLAB4nDISgrnnOvtGDTMD5nZhGvfv5NC7sum_sLh",
      "nome": "Demons Descend"
    },
    {
      "numero": 43,
      "url": "https://www.blogger.com/video.g?token=AD6v5dyukOWV3wIGhGFkr7Xv5k8ZYPiVJl6mwr5W5bPyvtAp3T6gmYfVq68iTB4ywGPMf616Qwrfqrfy-LAKxr6sXb_hs9TzjlVUKUuse_YRvUUbLIGKJaI2TkH1VNsAGfJe8-C7UZw",
      "nome": "Showdown in the Ruins"
    },
    {
      "numero": 44,
      "url": "https://www.blogger.com/video.g?token=AD6v5dx-vIL1FER8z2jnS4jO5NOxfsExCx4JRVIu7TQeBoFTA6Gp0mAeaaID_ibgu-1NVCZjD7rAJMswM406kscfnpnznADZpMdEaXxUY1ai2twc-wyh62gg39wWzh1xOg5pGU6wJtTq",
      "nome": "Bombarded"
    },
    {
      "numero": 45,
      "url": "https://www.blogger.com/video.g?token=AD6v5dys6ECnVfMyaLlapbsIPnI8LlH65MPUjpqLYy-wXKsIm-oSaAzq1svdnv0PBuaGKO8AZMpt0mDUd3Qa7-NcLiSQDAbzmlbYkb2DLJiIsEsXDic1dPA6ppztDwtczY6jJIJqWB8",
      "nome": "Karmic Encounter"
    },
    {
      "numero": 46,
      "url": "https://www.blogger.com/video.g?token=AD6v5dz4_asB1KY7v9BaPrEqThvjO-SLS8MWe7IHgV9EPWPLhFXSa8vZCwwzexmrlanO28zarhNsAXAFMjCeLSigUeRhoMXracRCS-o-kAwMjxrgXpaAD_xw5hF5dORWEg6PIq1-ss_e",
      "nome": "Adrift"
    },
    {
      "numero": 47,
      "url": "https://www.blogger.com/video.g?token=AD6v5dyWFoJuTX2JNsGJFPYqhWKBgcxeGM-wUSLQevIympp51qQ5Xn_XVW86GYhgdVpM4k1rWEQmudjo2i6WyUmdhhhMB-2cDlekT6FiMcv1QBMFU3bwVppkttjLXxboSoCgdgL_yzb9",
      "nome": "Asunder"
    },
    {
      "numero": 48,
      "url": "https://www.blogger.com/video.g?token=AD6v5dyFBSvceMuDSpVMcPfUAmlHGkLHNjb3AyCj2ElHTvEUFuQeF264X-is6GYeJQAemUJcHvSTeLDRWnipwMmKas9mGCEjV6BfflJkLKJV7qJVnYa3xCznr-2kHIBvbMwtiStdentt",
      "nome": "Over and Over"
    },
    {
      "numero": 49,
      "url": "https://www.blogger.com/video.g?token=AD6v5dyju9ypv_zMS43iN1etCyGA7_RuuqEvY6bfmmrh_A8uhzlKcuvGDIYrFxcHFSUna4XV4esHiM0C-ts_L4hBSY5Qh4mzBKTnNwKvY8CKARnWCGNFmyuxpMqu5ph7P0Q0MdS1X6w",
      "nome": "One and Only"
    },
    {
      "numero": 50,
      "url": "https://www.blogger.com/video.g?token=AD6v5dzVGsL9iYf-kbpvmCCi7NxmSOeFrlkoR-YgFCIOH7M8iiAaNQY5LCvPzsYL6WoQtV98HaNo2OccWES3FBf3ZvB7ZRkrh6rapnGgT3eBtusvkJXlN6IVhs_A4pPTgTa8_clT5xQ",
      "nome": "Once in a Lifetime"
    },
    {
      "numero": 51,
      "url": "https://www.blogger.com/video.g?token=AD6v5dwmTwYua9xPzWcyFY8t_s9alslw6YSdGecwKOgAlGyWC6bXz-DDOvWD8XsOcrrCZ61olICHKgFWy1W3dcvuXG9jBjqaNnUtt6dhOlJ5EbOUK--dHhHPACnLZg6ud5uWubqX6aA"
    },
    {
      "numero": 52,
      "url": "https://www.blogger.com/video.g?token=AD6v5dyM92HGycp-w_REKOGwmMDt229YPHcEtBbgH0J1aT4a8MyZkKaLvU_D7R6MPSdnE_bxQVhsNZWteti0nPE4Fv0_9YNI0IaZ3EnJHwfuVAlmy5Buj5cMTpc-VLWOoGmsv9Oksys"
    },
    {
      "numero": 53,
      "url": "https://www.blogger.com/video.g?token=AD6v5dzD0gLp01Kg_Bl3rVFtQQSvqn8GbfbN7yNeLeauEVVTeTlzB3IucuTSNK49QPteUYqkak4RhHBCLidA3Kt1yspbtMvBWFfJDXszSm81xfAiqG1hXz1OYBbkfeM2J3wjpSOCUrE"
    },
    {
      "numero": 54,
      "url": "https://www.blogger.com/video.g?token=AD6v5dw4BcmnDd-4fTrZDZkqB77kSGz6KM0Y7Xmnp4pYGGxKQuIlzksL1MU_BvJnWmiyeJt7IMpm5zXwb1UGB4fADHKq_WKcyGyLFML_unsR9lwAGej3y7Ny46Ttmau5CLhqeanI8_8"
    },
    {
      "numero": 55,
      "url": "https://www.blogger.com/video.g?token=AD6v5dy_xzp8CowO-fO85c8yaPI5N5nS4049ug9iR3Fwn1F09XOD_o7msFbWoSpXx3r5WUA5QcR6-DRpV64JQMyStrfOSGI1HugDdWdYJI6Rqdt08o_Z1yfnPxqCyu5UNaBE4HK6tr_8"
    },
    {
      "numero": 56,
      "url": "https://www.blogger.com/video.g?token=AD6v5dwtcVxjgzglx9DKWNTg6jAh4sEgFvPnsArsTFCItx_TMt-LnwTaKUJVfGuRFivTk5fqxdxbTwZwxmutl_Nlz4GK0UG65Caum9_4_eSHDFwa3cbHRiKta5oByCh_6LadeVQPWg"
    },
    {
      "numero": 57,
      "url": "https://www.blogger.com/video.g?token=AD6v5dxFyfbx3ZLBYRWaqAkVNTnoI1NHpkMhp2TaCzdbepHaA3ZQse_qeC3d5LgpBcPsoDGVjEPhg7QutV2mfEOB64Thioa8wyyyF4WqHIQc5-ImFylF1-bR9MVMMH1ygwEvlXgBMCQ"
    },
    {
      "numero": 58,
      "url": "https://www.blogger.com/video.g?token=AD6v5dyzvO03_H165J_OM7qJHf3oO2hw23EEmvGEi4qpuLnH_ZevrzuRxnhXSdD0E5M7q72yErKLHzEnvfUIJDRTysI_eAnLuxIe3cn6CWS7LIo_VDqm6vYixJeB2PDaeEJF0Kri3JNQ"
    },
    {
      "numero": 59,
      "url": "https://www.blogger.com/video.g?token=AD6v5dwfuW7P2HKVIypWoskTdb2BiyeXG-4pZVJn5L2sfHoeg0Kqh5ajUNi3jJhpZXvOZLqmbV-qKOefX0t11f3I3hWgxB0UjR2KsFb-6T201qxupkNkahk59MlQgGHV5dqJMmD23Lt-"
    },
    {
      "numero": 60,
      "url": "https://www.blogger.com/video.g?token=AD6v5dyuppPf0YGHmHAmxQcuURqX0WT4jBI7RE0p_5dR7oqQy9NGx4Gc3J9LD8o79Q_jh4b8WiLIn7Mr9kBmEF5IzBWip4bEGiCW2fKH1oi_yGa2ETbW2NiuRKEKddeTLYDZaufN9zRy"
    }
  ]
}