{
  "id": 1533,
  "title": "Ai Tenshi Densetsu Wedding Peach",
  "title_jp": "愛天使伝説 ウェディングピーチ",
  "slug": "ai-tenshi-densetsu-wedding-peach",
  "type": "legendados",
  "format": "TV",
  "images": {
    "poster": "https://cdn.myanimelist.net/images/anime/7/20446l.webp",
    "banner": "https://cdn.myanimelist.net/images/anime/7/20446.jpg"
  },
  "trailer": null,
  "synopsis": "There are three known worlds—the human world, the angel world, and the devil world. The evil queen Raindevilla yearns to destroy the angel world with help or her many devil minions. The goddess Aphrodite sends an angel to the human world, Limone, to summon three love angels in the form of three school girls, Momoko Hanasaki, Yuri Tanima, and Hinagiku Tamano, who together become Angel Lilly, Angel Daisy, and Wedding Peach. The three girls must fight to overcome the evils of the devils, as well as their own lives, and restore peace to the angel world by gathering all pieces of the Sacred Four Somethings (or Saint Something Four) and defeat the evil queen once and for all.\n\n(Source: ANN)",
  "score": 6.74,
  "genres": [
    "Comedy",
    "Romance"
  ],
  "episodes": [
    {
      "numero": 1,
      "url": "https://lightspeedst.net/s3/mp4/ai-tenshi-densetsu-wedding-peach/sd/1.mp4",
      "nome": "Celebration! Birth of the Love Angel"
    },
    {
      "numero": 2,
      "url": "https://lightspeedst.net/s3/mp4/ai-tenshi-densetsu-wedding-peach/sd/2.mp4",
      "nome": "Splenedid! Bridal Dress Change"
    },
    {
      "numero": 3,
      "url": "https://lightspeedst.net/s3/mp4/ai-tenshi-densetsu-wedding-peach/sd/3.mp4",
      "nome": "The Targeted Bride"
    },
    {
      "numero": 4,
      "url": "https://lightspeedst.net/s3/mp4/ai-tenshi-densetsu-wedding-peach/sd/4.mp4",
      "nome": "Angel Lily Is Born"
    },
    {
      "numero": 5,
      "url": "https://lightspeedst.net/s3/mp4/ai-tenshi-densetsu-wedding-peach/sd/5.mp4",
      "nome": "The Third Love Angel"
    },
    {
      "numero": 6,
      "url": "https://lightspeedst.net/s3/mp4/ai-tenshi-densetsu-wedding-peach/sd/6.mp4",
      "nome": "Jama P’s Counterattack"
    },
    {
      "numero": 7,
      "url": "https://lightspeedst.net/s3/mp4/ai-tenshi-densetsu-wedding-peach/sd/7.mp4",
      "nome": "Take Care Against Eating Too Much"
    },
    {
      "numero": 8,
      "url": "https://lightspeedst.net/s3/mp4/ai-tenshi-densetsu-wedding-peach/sd/8.mp4",
      "nome": "Pajama and the Sleeping Princess"
    },
    {
      "numero": 9,
      "url": "https://lightspeedst.net/s3/mp4/ai-tenshi-densetsu-wedding-peach/sd/9.mp4",
      "nome": "The Stolen Something Four"
    },
    {
      "numero": 10,
      "url": "https://lightspeedst.net/s3/mp4/ai-tenshi-densetsu-wedding-peach/sd/10.mp4",
      "nome": "Good Work! Friendship Renewal"
    },
    {
      "numero": 11,
      "url": "https://lightspeedst.net/s3/mp4/ai-tenshi-densetsu-wedding-peach/sd/11.mp4",
      "nome": "Time Traveling Hinagiku"
    },
    {
      "numero": 12,
      "url": "https://lightspeedst.net/s3/mp4/ai-tenshi-densetsu-wedding-peach/sd/12.mp4",
      "nome": "The Beautiful Devil’s Love Fortune Telling"
    },
    {
      "numero": 13,
      "url": "https://lightspeedst.net/s3/mp4/ai-tenshi-densetsu-wedding-peach/sd/13.mp4",
      "nome": "Challenge! The Devil’s Penalty Kick Battle"
    },
    {
      "numero": 14,
      "url": "https://lightspeedst.net/s3/mp4/ai-tenshi-densetsu-wedding-peach/sd/14.mp4",
      "nome": "Stolen Ring Of Love"
    },
    {
      "numero": 15,
      "url": "https://lightspeedst.net/s3/mp4/ai-tenshi-densetsu-wedding-peach/sd/15.mp4",
      "nome": "Infiltration! The Devil’s Forest"
    },
    {
      "numero": 16,
      "url": "https://lightspeedst.net/s3/mp4/ai-tenshi-densetsu-wedding-peach/sd/16.mp4",
      "nome": "The Devil's Pride"
    },
    {
      "numero": 17,
      "url": "https://lightspeedst.net/s3/mp4/ai-tenshi-densetsu-wedding-peach/sd/17.mp4",
      "nome": "The Secret Of Saint Hanazano Campus"
    },
    {
      "numero": 18,
      "url": "https://lightspeedst.net/s3/mp4/ai-tenshi-densetsu-wedding-peach/sd/18.mp4",
      "nome": "Love Angels, We'll Fight, Even During Summer Vacation"
    },
    {
      "numero": 19,
      "url": "https://lightspeedst.net/s3/mp4/ai-tenshi-densetsu-wedding-peach/sd/19.mp4",
      "nome": "Midsummer Night's Mystery"
    },
    {
      "numero": 20,
      "url": "https://lightspeedst.net/s3/mp4/ai-tenshi-densetsu-wedding-peach/sd/20.mp4",
      "nome": "Seaside Pendant"
    },
    {
      "numero": 21,
      "url": "https://lightspeedst.net/s3/mp4/ai-tenshi-densetsu-wedding-peach/sd/21.mp4",
      "nome": "Resound, Piano, To the Starry Sky"
    },
    {
      "numero": 22,
      "url": "https://lightspeedst.net/s3/mp4/ai-tenshi-densetsu-wedding-peach/sd/22.mp4",
      "nome": "Jama-P Targeted"
    },
    {
      "numero": 23,
      "url": "https://lightspeedst.net/s3/mp4/ai-tenshi-densetsu-wedding-peach/sd/23.mp4",
      "nome": "My First Kiss Is Going to Be Stolen"
    },
    {
      "numero": 24,
      "url": "https://lightspeedst.net/s3/mp4/ai-tenshi-densetsu-wedding-peach/sd/24.mp4",
      "nome": "Exciting School Festival"
    },
    {
      "numero": 25,
      "url": "https://lightspeedst.net/s3/mp4/ai-tenshi-densetsu-wedding-peach/sd/25.mp4",
      "nome": "A Devil's Kiss Isn’t Sweet"
    },
    {
      "numero": 26,
      "url": "https://lightspeedst.net/s3/mp4/ai-tenshi-densetsu-wedding-peach/sd/26.mp4",
      "nome": "The False Wedding Ceremony"
    },
    {
      "numero": 27,
      "url": "https://lightspeedst.net/s3/mp4/ai-tenshi-densetsu-wedding-peach/sd/27.mp4",
      "nome": "No Way! Senior Yanagiba Has a Lover?"
    },
    {
      "numero": 28,
      "url": "https://lightspeedst.net/s3/mp4/ai-tenshi-densetsu-wedding-peach/sd/28.mp4",
      "nome": "Girls In Love Are the Strongest!"
    },
    {
      "numero": 29,
      "url": "https://lightspeedst.net/s3/mp4/ai-tenshi-densetsu-wedding-peach/sd/29.mp4",
      "nome": "A Halloween-esque Witch"
    },
    {
      "numero": 30,
      "url": "https://lightspeedst.net/s3/mp4/ai-tenshi-densetsu-wedding-peach/sd/30.mp4",
      "nome": "Good-bye, Dear Devil"
    },
    {
      "numero": 31,
      "url": "https://lightspeedst.net/s3/mp4/ai-tenshi-densetsu-wedding-peach/sd/31.mp4",
      "nome": "Trespassing! Rival for His Love"
    },
    {
      "numero": 32,
      "url": "https://lightspeedst.net/s3/mp4/ai-tenshi-densetsu-wedding-peach/sd/32.mp4",
      "nome": "Putting Your Love In a Muffler"
    },
    {
      "numero": 33,
      "url": "https://lightspeedst.net/s3/mp4/ai-tenshi-densetsu-wedding-peach/sd/33.mp4",
      "nome": "The Love That Blossomed on the Battlefield"
    },
    {
      "numero": 34,
      "url": "https://lightspeedst.net/s3/mp4/ai-tenshi-densetsu-wedding-peach/sd/34.mp4",
      "nome": "The Marionette of Love"
    },
    {
      "numero": 35,
      "url": "https://www.blogger.com/video.g?token=AD6v5dyKP0sb7cyRx70xi87yaQ-luQDBGwfJ3V0KMTi74KEr8FmZyY0FYdNF0SdzRa2ZaQiU_GxpeF4KiTrQ0hzyqoXnltb8apr2po47wzO-jvWDpYlxBfCqpVbvUenkKww8AIf0djU",
      "nome": "The Fourth Love Angel"
    },
    {
      "numero": 36,
      "url": "https://www.blogger.com/video.g?token=AD6v5dzFb21g69O57cTP1BNl5cLRjZU2xp1VD_zwnvHdgns41EpGad3KFsveM6jrtt0nIHFbHiFDM1-KTeN44Hxf4YYRHMxzPbpnZN3McP8P28sI4Qj2Mm8O6xprDJ0iR0KWr103mTc",
      "nome": "The Lone Wolf Love Angel"
    },
    {
      "numero": 37,
      "url": "https://www.blogger.com/video.g?token=AD6v5dx75BL0Kn2bBwZ8vC8yF4UDGTcINLFM1HsoSmWltdV0yEkEngHhqrMMlqoLsmsnKiWaIKJAtBc9Ig-_NX4mraaM_QVdPqvMfGz46Qk10nUod9B3b7FTiP_n3PeqmiI2YUAzwWI",
      "nome": "Salvia's Tears"
    },
    {
      "numero": 38,
      "url": "https://www.blogger.com/video.g?token=AD6v5dyKtmaa_umeLjeW3sNREiW3qrMOnd3mXAQm0-GA8S_Uq_9VK7B6HRaTGzUZMeIAeah2pTLoGRnF2dML8YNl4CYD0YXUMJxAXQve0iulA_PNW8OtXvGjuVBUc9_1obEYF6fXaJM",
      "nome": "Passionate Farewell Kiss"
    },
    {
      "numero": 39,
      "url": "https://www.blogger.com/video.g?token=AD6v5dwttyf1ZnuIeU41VdgLiKWnzqIBUtepJClGJJP4fU_ecf-iwTSUcStuIJcwRH3DuSMfevCY5bd7OPgU7GRN0AJuIJMjV0Q5z6No5_wQDO3pgJR-9Z9B0BfH9IsBJFcU_vK_feE",
      "nome": "The Teacher Is a Devil?"
    },
    {
      "numero": 40,
      "url": "https://www.blogger.com/video.g?token=AD6v5dyVVE17vghJtHn0EMKQtPtqQY7i7x3G024H1HaluEtK5tjT2VBs0CD0h57BcG8es5vjomWk7bbuSwi-UqicFzpVzQL4nzTWO7NQiNqI7HL4rlnt2d73_IjLd4r0JhYrKyFVDxk3",
      "nome": "My Love Is Being Sucked Away!"
    },
    {
      "numero": 41,
      "url": "https://www.blogger.com/video.g?token=AD6v5dxFFCHOClzuU_m1thalZL4TD3UANndPvbgF4OOf1fx3ickGgJJeX7O5nUNUujtdQLVQr8sAxGNsg9ICxYDx5YsORiIwwsNnnzdFf26cAz9Da85t8_Lpz0YnME2INo2-g1ccCg",
      "nome": "Pretend Love - Great Skiing"
    },
    {
      "numero": 42,
      "url": "https://www.blogger.com/video.g?token=AD6v5dyWVc9-GNswV6bjFvdT-zRRzQgtduOlgIu5kUTwDs00_HdTenM4JeNhCIRZ7Hfnrrd7ZncEm4jrdUgctFqxOcrLnW_FVv1BRZStU6vpHOEb1UdnCOpXjXnKUzhtXB9a9jmTbOA",
      "nome": "Yuri's Lips"
    },
    {
      "numero": 43,
      "url": "https://www.blogger.com/video.g?token=AD6v5dwgBjv43Ipr9nyqoPM3y9ENwBymWh8hHomq-39AJxZigLZAFuAkcBgNacwLbztDduAXBlFgt9uvDtv-gdfkGfng5MuFImhHfgvltOokaxfGRB12ZeiWUeM0qo-lomGpHDdLsTP6",
      "nome": "The Truth About Raindevila"
    },
    {
      "numero": 44,
      "url": "https://www.blogger.com/video.g?token=AD6v5dyVm-8yFtd5Xm787AVE2b5x1ePhXiBkt3QjdaUDR9qIRmFE7rwCkdFaINE62xT7tzPQI8cD5y9Qe4IW-ggDjNGExZiFkYiT5gRKWEcIfqjf2JbKTsAU0TH2sT2P_na02tdsk54",
      "nome": "Jama-P's First Love"
    },
    {
      "numero": 45,
      "url": "https://www.blogger.com/video.g?token=AD6v5dx91f1Fk4hmSUeNvHNJWiqgBPqGlBgV1IxQ4R6ZKPHKE1cWeRJlKlSzpeN0j9R38Z6_wXQMORtVYQut7WyMgbLI-ccRNTrH3C4dKE8tkwpjpK7UI4tVHlglUiKtgQpApsWy1wA",
      "nome": "Mama's Come Home"
    },
    {
      "numero": 46,
      "url": "https://www.blogger.com/video.g?token=AD6v5dz0QFfXf7kHYTXvT5VVDgP7xm2MI-ln5kwQpb9Tep82N7hgmmZaqZ2G-C3XzEpsEXtg6uAkGxZNVwIIR7ycBxta14nKzMzp1_Bp1_W50NQ5A_53Y9CMVdVU9NYgve3C0-a6RxE",
      "nome": "My Boyfriend Is a Devil"
    },
    {
      "numero": 47,
      "url": "https://www.blogger.com/video.g?token=AD6v5dwGziYHIUcDRM80DnWM2f0YsIosUAm1DJHjq8dSKmNPurGihZS065KX3sC27xK4PVXJx8XWxZxRcPZoFqk4hnCQt6oHJYRPXzCMYKSv7FHumexLCC0MZ6daZfOAsm1QZXfmhiqg",
      "nome": "Revive, Memories of Love"
    },
    {
      "numero": 48,
      "url": "https://www.blogger.com/video.g?token=AD6v5dwmmIuLZ7t3CHiapn2j77TbN0dCVTKK1ORdYTRfHIhkIqvi2SKGAA8yUG-EMBro8c5S8TvtUdeUDQPr3VMEhMdxWqYvn0WxoYGcdYfN806dyc-bHiQgTjEx-c_ybWcQHKQZlJ0J",
      "nome": "Loving is Painful"
    },
    {
      "numero": 49,
      "url": "https://www.blogger.com/video.g?token=AD6v5dxGgKvM-k51CkjF9rTe4Z58FvIY4U3e5HsOE3O9UXAz2bV0nLgvul8CvnoL7fRL4J4G3n2uVFVbUHZ1Vfw7BtQaAnZwuZtLdqXvTyN_k56bJCc6dlBY1CTZFRjQpTPbWshRl9rQ",
      "nome": "The Night for Just the Two of Us"
    },
    {
      "numero": 50,
      "url": "https://www.blogger.com/video.g?token=AD6v5dzkUIBPimaimmPPQhmzgddgd1RSb21LI8fGzpoG1OaF01dBuL69G1ifCNiE8V8zfC6KignaVV21Jd001Uem5zKl3L3U86Ec-0iOvpy_9WVoWPXpUGUU2kBAiimZeGmD0n8YEQI",
      "nome": "Inseparable Hearts"
    },
    {
      "numero": 51,
      "url": "https://www.blogger.com/video.g?token=AD6v5dywEH256ZMkKMC6rfK2WLrUnIzmpuPLkyYMhGkvj5r2iQan0atNxWbAXZmOdBnUV5UriTUro6QAz3NLwPIMkcU4smOWHCQSuuMS7S7swffWv7aPri33Z7zlPeB8ByoyuBtn8VuH",
      "nome": "Last Wedding"
    }
  ]
}