{
  "id": 394,
  "title": "Ai Yori Aoshi: Enishi",
  "title_jp": "藍より青し～縁～",
  "slug": "ai-yori-aoshi-enishi",
  "type": "legendados",
  "format": "TV",
  "images": {
    "poster": "https://cdn.myanimelist.net/images/anime/10/71425l.webp",
    "banner": "https://cdn.myanimelist.net/images/anime/10/71425.jpg"
  },
  "trailer": null,
  "synopsis": "Two years after meeting Aoi, Kaoru and gang are still up to their normal habits. Kaoru now in grad school and the tenants being as rowdy as ever what will become of Aoi and Kaoru's love.\n\nTwo years has passed since Aoi and Kaoru were freed from the bonds of their families. They continue to live their normal lives with their usual friends in their house.",
  "score": 7.11,
  "genres": [
    "Comedy",
    "Drama",
    "Romance"
  ],
  "episodes": [
    {
      "numero": 1,
      "url": "https://lightspeedst.net/s3/mp4/ai-yori-aoshi-enishi/sd/1.mp4",
      "nome": "Spring Blossom"
    },
    {
      "numero": 2,
      "url": "https://lightspeedst.net/s3/mp4/ai-yori-aoshi-enishi/sd/2.mp4",
      "nome": "Friends"
    },
    {
      "numero": 3,
      "url": "https://lightspeedst.net/s3/mp4/ai-yori-aoshi-enishi/sd/3.mp4",
      "nome": "Tennis"
    },
    {
      "numero": 4,
      "url": "https://lightspeedst.net/s3/mp4/ai-yori-aoshi-enishi/sd/4.mp4",
      "nome": "Phantom"
    },
    {
      "numero": 5,
      "url": "https://lightspeedst.net/s3/mp4/ai-yori-aoshi-enishi/sd/5.mp4",
      "nome": "Piano"
    },
    {
      "numero": 6,
      "url": "https://lightspeedst.net/s3/mp4/ai-yori-aoshi-enishi/sd/6.mp4",
      "nome": "Journey"
    },
    {
      "numero": 7,
      "url": "https://lightspeedst.net/s3/mp4/ai-yori-aoshi-enishi/sd/7.mp4",
      "nome": "Summer Resort"
    },
    {
      "numero": 8,
      "url": "https://lightspeedst.net/s3/mp4/ai-yori-aoshi-enishi/sd/8.mp4",
      "nome": "Fish and Water"
    },
    {
      "numero": 9,
      "url": "https://lightspeedst.net/s3/mp4/ai-yori-aoshi-enishi/sd/9.mp4",
      "nome": "White"
    },
    {
      "numero": 10,
      "url": "https://lightspeedst.net/s3/mp4/ai-yori-aoshi-enishi/sd/10.mp4",
      "nome": "Bathrobe"
    },
    {
      "numero": 11,
      "url": "https://lightspeedst.net/s3/mp4/ai-yori-aoshi-enishi/sd/11.mp4",
      "nome": "Moonlight"
    },
    {
      "numero": 12,
      "url": "https://lightspeedst.net/s3/mp4/ai-yori-aoshi-enishi/sd/12.mp4",
      "nome": "Bonds"
    }
  ]
}