{
  "id": 53,
  "title": "Ai Yori Aoshi",
  "title_jp": "藍より青し",
  "slug": "ai-yori-aoshi",
  "type": "legendados",
  "format": "TV",
  "images": {
    "poster": "https://cdn.myanimelist.net/images/anime/7/10172l.webp",
    "banner": "https://cdn.myanimelist.net/images/anime/7/10172.jpg"
  },
  "trailer": "https://www.youtube-nocookie.com/embed/4wyQ6ZAojI8?enablejsapi=1&wmode=opaque&autoplay=1",
  "synopsis": "Kaoru Hanabishi, a college student who lives alone, met a beautiful but bewildered girl dressed in a kimono at a train station. He volunteered to guide her way to the address she was looking for, which happened to be in his neighborhood, but turned out to be an empty lot. Not knowing what to do next, Kaoru invited the devastated girl to his apartment and asked for any additional clues to her destination. She supplied him with a photo of two children whom Kaoru immediately identified as himself and Aoi Sakuraba, his childhood friend. It turned out that the girl in front of him is Aoi Sakuraba herself, his betrothed fiancee who came all the way to Tokyo to marry him. Her revelation was not only surprising but also reminded the deepest part of Kaoru's memory for why he left the Hanabishi family in the first place.",
  "score": 7.1,
  "genres": [
    "Comedy",
    "Drama",
    "Romance"
  ],
  "episodes": [
    {
      "numero": 1,
      "url": "https://lightspeedst.net/s3/mp4/ai-yori-aoshi/sd/1.mp4",
      "nome": "Fate"
    },
    {
      "numero": 2,
      "url": "https://lightspeedst.net/s3/mp4/ai-yori-aoshi/sd/2.mp4",
      "nome": "Supper"
    },
    {
      "numero": 3,
      "url": "https://lightspeedst.net/s3/mp4/ai-yori-aoshi/sd/3.mp4",
      "nome": "Separation"
    },
    {
      "numero": 4,
      "url": "https://lightspeedst.net/s3/mp4/ai-yori-aoshi/sd/4.mp4",
      "nome": "Living Together"
    },
    {
      "numero": 5,
      "url": "https://lightspeedst.net/s3/mp4/ai-yori-aoshi/sd/5.mp4",
      "nome": "Old Friend"
    },
    {
      "numero": 6,
      "url": "https://lightspeedst.net/s3/mp4/ai-yori-aoshi/sd/6.mp4",
      "nome": "Family Tradition"
    },
    {
      "numero": 7,
      "url": "https://lightspeedst.net/s3/mp4/ai-yori-aoshi/sd/7.mp4",
      "nome": "Spiritual Illusion"
    },
    {
      "numero": 8,
      "url": "https://lightspeedst.net/s3/mp4/ai-yori-aoshi/sd/8.mp4",
      "nome": "Cherished Treasure"
    },
    {
      "numero": 9,
      "url": "https://lightspeedst.net/s3/mp4/ai-yori-aoshi/sd/9.mp4",
      "nome": "One Night"
    },
    {
      "numero": 10,
      "url": "https://lightspeedst.net/s3/mp4/ai-yori-aoshi/sd/10.mp4",
      "nome": "Place of Learning"
    },
    {
      "numero": 11,
      "url": "https://lightspeedst.net/s3/mp4/ai-yori-aoshi/sd/11.mp4",
      "nome": "Debutante"
    },
    {
      "numero": 12,
      "url": "https://lightspeedst.net/s3/mp4/ai-yori-aoshi/sd/12.mp4",
      "nome": "Kiss"
    },
    {
      "numero": 13,
      "url": "https://lightspeedst.net/s3/mp4/ai-yori-aoshi/sd/13.mp4",
      "nome": "Star Festival"
    },
    {
      "numero": 14,
      "url": "https://lightspeedst.net/s3/mp4/ai-yori-aoshi/sd/14.mp4",
      "nome": "Servant"
    },
    {
      "numero": 15,
      "url": "https://lightspeedst.net/s3/mp4/ai-yori-aoshi/sd/15.mp4",
      "nome": "Feelings of the Heart"
    },
    {
      "numero": 16,
      "url": "https://lightspeedst.net/s3/mp4/ai-yori-aoshi/sd/16.mp4",
      "nome": "Shores"
    },
    {
      "numero": 17,
      "url": "https://lightspeedst.net/s3/mp4/ai-yori-aoshi/sd/17.mp4",
      "nome": "Waves"
    },
    {
      "numero": 18,
      "url": "https://lightspeedst.net/s3/mp4/ai-yori-aoshi/sd/18.mp4",
      "nome": "Bedsharing"
    },
    {
      "numero": 19,
      "url": "https://lightspeedst.net/s3/mp4/ai-yori-aoshi/sd/19.mp4",
      "nome": "Lap Pillow"
    },
    {
      "numero": 20,
      "url": "https://lightspeedst.net/s3/mp4/ai-yori-aoshi/sd/20.mp4",
      "nome": "Cure"
    },
    {
      "numero": 21,
      "url": "https://lightspeedst.net/s3/mp4/ai-yori-aoshi/sd/21.mp4",
      "nome": "Influenza"
    },
    {
      "numero": 22,
      "url": "https://lightspeedst.net/s3/mp4/ai-yori-aoshi/sd/22.mp4",
      "nome": "Going Home"
    },
    {
      "numero": 23,
      "url": "https://lightspeedst.net/s3/mp4/ai-yori-aoshi/sd/23.mp4",
      "nome": "Determination"
    },
    {
      "numero": 24,
      "url": "https://lightspeedst.net/s3/mp4/ai-yori-aoshi/sd/24.mp4",
      "nome": "Aoi"
    }
  ]
}