{
  "id": 32806,
  "title": "Aikatsu!: Nerawareta Mahou no Aikatsu! Card",
  "title_jp": "アイカツ！〜ねらわれた魔法のアイカツ！カード〜",
  "slug": "aikatsu-nerawareta-mahou-no-aikatsu-card",
  "type": "legendados",
  "format": "Movie",
  "images": {
    "poster": "https://cdn.myanimelist.net/images/anime/1163/133977l.webp",
    "banner": "https://cdn.myanimelist.net/images/anime/1163/133977.jpg"
  },
  "trailer": null,
  "synopsis": "Short anime screened alongside Aikatsu Stars! Movie. The film and the short will mark the first time the franchise is screening a double feature.\n\n(Source: ANN)",
  "score": 7.28,
  "genres": [
    "Slice of Life"
  ],
  "episodes": [
    {
      "numero": 1,
      "url": "https://www.blogger.com/video.g?token=AD6v5dwiPoHkYtK90E9lFysXs2PC84sUQpIeX1wl-Z-Vx_gWIJCQRNip5dVVz09V69iTA4P8s-O4h0l63mWMX6pxqErFhXDW0edgDW6282xPR0T6yCg9j-Ilw9RC2aupRXRaxRZG5u8"
    }
  ]
}