{
  "id": 2163,
  "title": "AIKa R-16: Virgin Mission",
  "title_jp": "AIKa R-16:VIRGIN MISSION",
  "slug": "aika-r-16-virgin-mission",
  "type": "legendados",
  "format": "OVA",
  "images": {
    "poster": "https://cdn.myanimelist.net/images/anime/3/9069l.webp",
    "banner": "https://cdn.myanimelist.net/images/anime/3/9069.jpg"
  },
  "trailer": null,
  "synopsis": "Aika is a smart and athletic high school girl. She is so competent that she successfully passes the salvagers license test, obtaining a C-class license. Yet, she is young and hotheaded, so much so that Gota still treats her as a child. Due to this personality, no one is willing to hire her for salvaging jobs.\n\nSince she had taken the trouble to get her license, she decides to post an ad in her school to attract clients. She manages to get the attention of Erika, a daughter of a rich family and the leader of the treasure hunting club. She asks Aika to salvage something from the sea and Aika delightfully accepts the request.\n\nHowever, upon seeing the state-of-the-art submarine loaded onto Erika's private cruiser and discovering their destination, Aika realizes the terrible nature of her assignment. This results in a clash with a group of high school girls in the southern islands.\n\nWho is the mysterious girl named Karen? So begins Aika's newest challenge!\n\n(Source: AnimeNfo)",
  "score": 5.88,
  "genres": [
    "Action",
    "Comedy",
    "Ecchi"
  ],
  "episodes": [
    {
      "numero": 1,
      "url": "https://www.blogger.com/video.g?token=AD6v5dwxeSz03BpkqaTvqe_fNfLSrfEeI-VSpsRAkbe5KGoWYNdSkr0Vwt58c1riUQyZjY9jP3TYH9LDVj4nuAu3MCreHOYqOB67HwkhjuLxI2Ywj4UrA1CkwU-ZH6lixV8S0hEV79w",
      "nome": "Secret Game"
    },
    {
      "numero": 2,
      "url": "https://www.blogger.com/video.g?token=AD6v5dyunPuE7s0gTm2Q7H1gL_BBny5sbbs0Lbq5fWZwD-pn2Yw3nyzEPMaOcgE86rOGXYRjvvpHKcs3A-ST0S1BJEWc8p2MRRxEyngOTNJXUBvn-nTMLB49uNL90A0OnAnSFmy_P2g",
      "nome": "Peach Peach Beach"
    },
    {
      "numero": 3,
      "url": "https://www.blogger.com/video.g?token=AD6v5dxuy-jvYtLYcknMD7MPzaWME_8zRY1hFmkSHwRi9nB6rE2-uMYVUs6smliqC5sTsVegmWq_Im2ZhsYdwg0sBazMvxW3p27EnDoWZcBCGdO0ydrsG_AjMtqDyCpot4IVlO03Ygmi",
      "nome": "Deep Blue Girl"
    }
  ]
}