{
  "id": 366,
  "title": "AIKa",
  "title_jp": "ＡＩＫａ",
  "slug": "aika",
  "type": "legendados",
  "format": "OVA",
  "images": {
    "poster": "https://cdn.myanimelist.net/images/anime/11/61673l.webp",
    "banner": "https://cdn.myanimelist.net/images/anime/11/61673.jpg"
  },
  "trailer": "https://www.youtube-nocookie.com/embed/ov0jIMsj9wA?enablejsapi=1&wmode=opaque&autoplay=1",
  "synopsis": "A catastrophic earthquake has left Tokyo, and most of the Earth for that matter, under the sea. Aika is a salvager who retrieves various remains from the watery ruins. When Aika accepts the dangerous mission of locating and obtaining the mysterious Lagu, she discovers that she's not the only one after it.",
  "score": 5.96,
  "genres": [
    "Action",
    "Adventure",
    "Comedy",
    "Sci-Fi",
    "Ecchi"
  ],
  "episodes": [
    {
      "numero": 1,
      "url": "https://lightspeedst.net/s3/mp4/aika/sd/1.mp4",
      "nome": "Beautiful Agent"
    },
    {
      "numero": 2,
      "url": "https://lightspeedst.net/s3/mp4/aika/sd/2.mp4",
      "nome": "Naked Mission"
    },
    {
      "numero": 3,
      "url": "https://lightspeedst.net/s3/mp4/aika/sd/3.mp4",
      "nome": "Takeoff Position"
    },
    {
      "numero": 4,
      "url": "https://lightspeedst.net/s3/mp4/aika/sd/4.mp4",
      "nome": "A Flower Blooming in Space"
    },
    {
      "numero": 5,
      "url": "https://lightspeedst.net/s3/mp4/aika/sd/5.mp4",
      "nome": "The Golden Delmo Operation"
    },
    {
      "numero": 6,
      "url": "https://lightspeedst.net/s3/mp4/aika/sd/6.mp4",
      "nome": "Delmo Operation: White Silver"
    },
    {
      "numero": 7,
      "url": "https://lightspeedst.net/s3/mp4/aika/sd/7.mp4",
      "nome": "Break the Decisive Battle! Delmo Base!"
    }
  ]
}