{
  "id": 32717,
  "title": "Aikatsu Stars!",
  "title_jp": "アイカツスターズ！",
  "slug": "aikatsu-stars",
  "type": "legendados",
  "format": "TV",
  "images": {
    "poster": "https://cdn.myanimelist.net/images/anime/12/78658l.webp",
    "banner": "https://cdn.myanimelist.net/images/anime/12/78658.jpg"
  },
  "trailer": "https://www.youtube-nocookie.com/embed/gw0TvthA6fc?enablejsapi=1&wmode=opaque&autoplay=1",
  "synopsis": "Yume Nijino has been accepted into Four Stars academy, home of the beautiful and talented S4 idol group. She and the other newcomers are determined to discover their talent, with a choice of specializing in beauty, singing, dancing, or drama. A tough road lies ahead of them, and they must rely on each other to overcome their weaknesses and develop their unique strengths.\n\nAt the first-years' opening performances, Yume performs stellarly but faints and is unable to remember being on stage at all. Struggling to find her talent, she meets Rola \"Laura\" Sakuraba, and the two develop a friendly rivalry, working together to learn and improve.\n\nThough they have their differences, all the students share the same goal: to become the next S4 idol. But hard work and determination, along with teamwork, are needed if they want to join the elite S4.\n\n[Written by MAL Rewrite]",
  "score": 7.62,
  "genres": [
    "Slice of Life"
  ],
  "episodes": [
    {
      "numero": 1,
      "url": "https://video.wixstatic.com/video/f3773b_4bb732e5b9334b9bab6a937f40dfa7ff/480p/mp4/file.mp4",
      "nome": "The Beginning of a Dream"
    },
    {
      "numero": 2,
      "url": "https://video.wixstatic.com/video/f3773b_4bb732e5b9334b9bab6a937f40dfa7ff/480p/mp4/file.mp4",
      "nome": "The Two of Us are Rivals!"
    },
    {
      "numero": 3,
      "url": "https://video.wixstatic.com/video/f3773b_4bb732e5b9334b9bab6a937f40dfa7ff/480p/mp4/file.mp4",
      "nome": "The Sky of My Color"
    },
    {
      "numero": 4,
      "url": "https://video.wixstatic.com/video/f3773b_4bb732e5b9334b9bab6a937f40dfa7ff/480p/mp4/file.mp4",
      "nome": "Always 100%"
    },
    {
      "numero": 5,
      "url": "https://video.wixstatic.com/video/f3773b_4bb732e5b9334b9bab6a937f40dfa7ff/480p/mp4/file.mp4",
      "nome": "My Dress Make!"
    },
    {
      "numero": 6,
      "url": "https://video.wixstatic.com/video/f3773b_4bb732e5b9334b9bab6a937f40dfa7ff/480p/mp4/file.mp4",
      "nome": "ROCK! Rock Girls!"
    },
    {
      "numero": 7,
      "url": "https://video.wixstatic.com/video/f3773b_4bb732e5b9334b9bab6a937f40dfa7ff/480p/mp4/file.mp4",
      "nome": "Simple is the Best!"
    },
    {
      "numero": 8,
      "url": "https://video.wixstatic.com/video/f3773b_4bb732e5b9334b9bab6a937f40dfa7ff/480p/mp4/file.mp4",
      "nome": "A Small Radiance"
    },
    {
      "numero": 9,
      "url": "https://video.wixstatic.com/video/f3773b_4bb732e5b9334b9bab6a937f40dfa7ff/480p/mp4/file.mp4",
      "nome": "Miracle Girls☆"
    },
    {
      "numero": 10,
      "url": "https://video.wixstatic.com/video/f3773b_4bb732e5b9334b9bab6a937f40dfa7ff/480p/mp4/file.mp4",
      "nome": "A Dream's Start Line!"
    },
    {
      "numero": 11,
      "url": "https://video.wixstatic.com/video/f3773b_4bb732e5b9334b9bab6a937f40dfa7ff/480p/mp4/file.mp4",
      "nome": "Stuck To! A Day with Hime Shiratori"
    },
    {
      "numero": 12,
      "url": "https://video.wixstatic.com/video/f3773b_4bb732e5b9334b9bab6a937f40dfa7ff/480p/mp4/file.mp4",
      "nome": "The Fluttering Girlfriend♪"
    },
    {
      "numero": 13,
      "url": "https://video.wixstatic.com/video/f3773b_4bb732e5b9334b9bab6a937f40dfa7ff/480p/mp4/file.mp4",
      "nome": "Story of the Little Fairy"
    },
    {
      "numero": 14,
      "url": "https://video.wixstatic.com/video/f3773b_4bb732e5b9334b9bab6a937f40dfa7ff/480p/mp4/file.mp4",
      "nome": "Mahiru's Battle"
    },
    {
      "numero": 15,
      "url": "https://video.wixstatic.com/video/f3773b_4bb732e5b9334b9bab6a937f40dfa7ff/480p/mp4/file.mp4",
      "nome": "The Moon and The Sun"
    },
    {
      "numero": 16,
      "url": "https://video.wixstatic.com/video/f3773b_4bb732e5b9334b9bab6a937f40dfa7ff/480p/mp4/file.mp4",
      "nome": "Miracle Baton Touch"
    },
    {
      "numero": 17,
      "url": "https://video.wixstatic.com/video/f3773b_4bb732e5b9334b9bab6a937f40dfa7ff/480p/mp4/file.mp4",
      "nome": "The Serious Switch!"
    },
    {
      "numero": 18,
      "url": "https://video.wixstatic.com/video/f3773b_4bb732e5b9334b9bab6a937f40dfa7ff/480p/mp4/file.mp4",
      "nome": "Together with Yuri-chan"
    },
    {
      "numero": 19,
      "url": "https://video.wixstatic.com/video/f3773b_4bb732e5b9334b9bab6a937f40dfa7ff/480p/mp4/file.mp4",
      "nome": "Midsummer Top Dancer☆"
    },
    {
      "numero": 20,
      "url": "https://video.wixstatic.com/video/f3773b_4bb732e5b9334b9bab6a937f40dfa7ff/480p/mp4/file.mp4",
      "nome": "Passion and Pride"
    },
    {
      "numero": 21,
      "url": "https://video.wixstatic.com/video/f3773b_4bb732e5b9334b9bab6a937f40dfa7ff/480p/mp4/file.mp4",
      "nome": "The Desire to Win"
    },
    {
      "numero": 22,
      "url": "https://video.wixstatic.com/video/f3773b_4bb732e5b9334b9bab6a937f40dfa7ff/480p/mp4/file.mp4",
      "nome": "The Road to Her Hero"
    },
    {
      "numero": 23,
      "url": "https://video.wixstatic.com/video/f3773b_4bb732e5b9334b9bab6a937f40dfa7ff/480p/mp4/file.mp4",
      "nome": "Descent of the Tundra Diva"
    },
    {
      "numero": 24,
      "url": "https://video.wixstatic.com/video/f3773b_4bb732e5b9334b9bab6a937f40dfa7ff/480p/mp4/file.mp4",
      "nome": "Smile is Rainbow☆"
    },
    {
      "numero": 25,
      "url": "https://video.wixstatic.com/video/f3773b_4bb732e5b9334b9bab6a937f40dfa7ff/480p/mp4/file.mp4",
      "nome": "Broadway☆Dream"
    },
    {
      "numero": 26,
      "url": "https://video.wixstatic.com/video/f3773b_4bb732e5b9334b9bab6a937f40dfa7ff/480p/mp4/file.mp4",
      "nome": "A Dream That Can't Be Taken"
    },
    {
      "numero": 27,
      "url": "https://video.wixstatic.com/video/f3773b_4bb732e5b9334b9bab6a937f40dfa7ff/480p/mp4/file.mp4",
      "nome": "The Tale of a Tiny Dress"
    },
    {
      "numero": 28,
      "url": "https://video.wixstatic.com/video/f3773b_4bb732e5b9334b9bab6a937f40dfa7ff/480p/mp4/file.mp4",
      "nome": "Halloween★Magic"
    },
    {
      "numero": 29,
      "url": "https://video.wixstatic.com/video/f3773b_4bb732e5b9334b9bab6a937f40dfa7ff/480p/mp4/file.mp4",
      "nome": "True Rivals"
    },
    {
      "numero": 30,
      "url": "https://www.blogger.com/video.g?token=AD6v5dwQvXmvfs669vaJFXL_PlAW9WVtq4pRqFk00XcyM7WXQmcY_9Dzu1ihIz9F34p8Rcmben5m64ujwASWFa9h04oBtauFLCBnLv3tz94H6v8F_21bvEHT9HOE9bZTTW5yRwuDt7w",
      "nome": "Rainbow Candy"
    },
    {
      "numero": 31,
      "url": "https://www.blogger.com/video.g?token=AD6v5dzU6yrxKw0zI-kHuJIM-vMJcL68aAtNgiVx20Gau95u-DndinMpr6n81rg-sbxbulqLUSO4DY8z8eF0F6kEeAD0VIbJ2SRPJBsLBJJkqiM31UpmKMa2rJH-kDCguqTvYhFsbPFN",
      "nome": "Take Flight, Sky-Girl!"
    },
    {
      "numero": 32,
      "url": "https://www.blogger.com/video.g?token=AD6v5dya8OYkMIUhBmmsx3s-nbAuMcxC1RLP48afy2ye9oYVzBS9TsDsCbjj9jeOscN4LMxNenpdg3jMcv-Sl6hWSeWoK3bTm0EjyXRx4reA5nmuvVotK60t9CY5CYuZ9hE-dUaFtks",
      "nome": "Go Forth, Yuzukoshou!"
    },
    {
      "numero": 33,
      "url": "https://www.blogger.com/video.g?token=AD6v5dyGRYt8zIxOHvouaZMl77sgqXxLR1yfLgHS9fKSbMcDEq-5_s04-QWnlgBBNPjy4xx4Y_FJQW1EtXTjPhw9t9_at3MJZLrRgl0M_875CUmGtqa3vxMJI_ROQGxy-OwsXoKGedg",
      "nome": "Lost Rola!?"
    },
    {
      "numero": 34,
      "url": "https://www.blogger.com/video.g?token=AD6v5dzBYyqXK0qbkRTuBYvZQvbXQqUheK5viI6NOGG6Cgw4kJR8c0rMhh3ImVs219buULVIL434l1lyjiSIvz4yGj3UevNn7kMtflD0lvH7ydCblP3BXm74V2eqd0LBTEN2Jt8cqTc",
      "nome": "Make Up Girl Lesson"
    },
    {
      "numero": 35,
      "url": "https://www.blogger.com/video.g?token=AD6v5dwlJ0clbuIn2PG57LCTdYZ05h0f9vOEoGrgEFEjsmR7N7oW8gBoR9NOUop7wTdc5nMHeYzPEVWQ1pjXolPxylWxEFpdH3iL2jZ2nGmx-PqZyauX68M2hAOv7v5bEcOq825XW84w",
      "nome": "The Selected Stars"
    },
    {
      "numero": 36,
      "url": "https://www.blogger.com/video.g?token=AD6v5dwEkvwY9SpzxdbFp4-iFT2LOftOEf2Unw3RmB9STMkUiOHgt2RKA1OJn5nBa4n6_tvW8NARCa-DJOwP0xkE-mIWfXtDtM78NVbzSWSII17ifgWFWaaLm3kooenYpBX5jjCuwas",
      "nome": "Beyond the Rainbow"
    },
    {
      "numero": 37,
      "url": "https://www.blogger.com/video.g?token=AD6v5dzTjWmH6BuLYJIcN_IhOS44vDwzJ8UtdGS1VOzx2pcfyV8i0aD99MMQfawmm_F2V6dA9Q3AJFITvJuaSCko6OqJHJXWU1Nad7aKXBQxWLvda-OLkw7xDAUZo1q2XOwwMEubr84",
      "nome": "An Exciting Christmas!"
    },
    {
      "numero": 38,
      "url": "https://www.blogger.com/video.g?token=AD6v5dxXm4TFKspGQZZYEKbDqlkp69MoDWmW3_mSs7gzlp2EgLglN5suAS4Ub_xeUx-naummXeZN_jBv6g4hcVAz-Z4aeHSHv8MiP1Ja5qwVtVBcxJlTrlBkEVmTY69VDwqLFXV4SzE",
      "nome": "Aikatsu New Year!"
    },
    {
      "numero": 39,
      "url": "https://www.blogger.com/video.g?token=AD6v5dx6hksQcMfuQvrfRWd7gpAnG2ECQoOVj6BhadKmPBpMr2uJFPx00Up3Tkn1s26wczENqb1dWpU1DKj2CHQSEOn0dKeUkdBXPwIxdno1qSdeiZT6GrsAvguVR4g-TU703R6QsXA",
      "nome": "Yottsuboshi Academy in Danger!?"
    },
    {
      "numero": 40,
      "url": "https://www.blogger.com/video.g?token=AD6v5dy4hv_6a0hjT3dFfsUpv3iHQUyFJbK4faL90gKLvTY64eLFwW0qoeoGdYnMqsnU7IrRGKt4KWSKDrVhkTZTXY0lgIOx-Sl6dVrvsGW32sOu73xSSDLNyM_auQkh_WLXwz1a8yTB",
      "nome": "Chase After the Princess Diamond!!"
    },
    {
      "numero": 41,
      "url": "https://www.blogger.com/video.g?token=AD6v5dyIBYIwUJY2kHYnwaO1m1Q38R22YjhU_Mfb-IObzeq8AVKn4qkntABw8FM-BHD9Gtmu0OJmwOhUAwt01u87Nlq9SKB0fErw4-af2qNSep8IPyUJegf3n4IzBLbF_EWrJjVU9WUM",
      "nome": "Burn! Star Catching Festival!"
    },
    {
      "numero": 42,
      "url": "https://www.blogger.com/video.g?token=AD6v5dyjd_BzEISqEc8SESx7-DIC1RB7ocXwdNpx1ZFbyQU28NnI8cnLGt6G3kjLQ1wrhRot3JfP1jwrMcYd2aZBJ8CJJqi3sMiADCl0AymxBduv2B5sDQm5SxXqeyjDFkdRK6Da6hc",
      "nome": "The Two Childhood Friends"
    },
    {
      "numero": 43,
      "url": "https://www.blogger.com/video.g?token=AD6v5dy7KpZIeoUCIGsvNF-604SVAUuX6Pre3mxvUxM2bpSAgv-krkHfrZOCw311tMxQQM40ud26o703XlQ238LuBSMIpXVWh9EWBZkG58FC7waCZTZWRjvOYi_euDyvjF-9Tio3IQ",
      "nome": "A Song Choc-full of Affection"
    },
    {
      "numero": 44,
      "url": "https://www.blogger.com/video.g?token=AD6v5dwcRAMvF2D0q4WXtq8W7jshtUQD4LPxZyvuZq-3WsBTMF-dfiDOhVa6K6EmOajeOmkeDZPRuuLb_0E9XlE5X-lgXeBop1NM4ikTEkI9-cZ2LTahdOX97z-rUEcnYpwxIb_ni_Wa",
      "nome": "Premonitions of Spring♪"
    },
    {
      "numero": 45,
      "url": "https://www.blogger.com/video.g?token=AD6v5dw_9eN2srDlc-jjD9khm_qK7vIlCNlySZLybQsSriq8oho_hCulqauuXyIgwoInL8d0eCHUq-xqqDtGoNKRPxpAS1Gb6d-Qdj6WpTvKwJDyG-J2A-GYlnJNWrkE1Q9tSmHmLEVh",
      "nome": "Ako, Headlong!"
    },
    {
      "numero": 46,
      "url": "https://www.blogger.com/video.g?token=AD6v5dybWKomMGEqM6iG6G9mdC5Kv9AZGIwgFNul4liCw4SRhLOvX8adjczCxpzo0hioZF3xwmIQPlKfa_EvWJ-_qSs9l8Dnv2BtLIfzm_Jh6UJdWSBhQPUAX1FxdHnv5QNuD0aszDxw",
      "nome": "Fiery S4 Selection!"
    },
    {
      "numero": 47,
      "url": "https://www.blogger.com/video.g?token=AD6v5dyTx5nDlepNdUwHbQkTwBoER6J1up4o5MlbVRsZR2X-W7Xk4hC4UdlpFlAv83PhuDJ8P_oEv8MYTkAvOsJkebCk3iRy4ZGumK5JQIz6Qc4Ve0QPSCEvXVzYk5g0U_iyVIOhc8_S",
      "nome": "Kasumi Sisters, Battle!"
    },
    {
      "numero": 48,
      "url": "https://www.blogger.com/video.g?token=AD6v5dwqiBG53qG241F6T989lOTbjvsgeKZL08yXpDDJa9J7R_GE5cSfJPzjMie45N7fZ6jmZNfB_Q3hJw7PvuUrd1RNxGE6j3u5vP5bLWZCx3sGKoaCZsMODwdOren4kAaL5soEW4LZ",
      "nome": "My Only Song"
    },
    {
      "numero": 49,
      "url": "https://www.blogger.com/video.g?token=AD6v5dwHOh3sBjWcDirRtvPfhX68Nirlo_NvcHX2NAtdoxmtU32efn8UbhsRf5z7npdld269MJucRfKNYUGbb_cBzQjZJWCC2xVmHzEepCHDIx9D6TiyBu9d244RzXecOkIivBAR3JP4",
      "nome": "Become the Top Star"
    },
    {
      "numero": 50,
      "url": "https://www.blogger.com/video.g?token=AD6v5dwK37r_WvLbtXp9ljJXO86ynw3LIiOE2d_4K9fADEmT-OcXbQq2UbOmGrXHgFkHYVUGLUQomDuZ3TiSs-IheCm7fx5UggOfm0MkPJ8nukPZkpW2zdG9BFEhNpxr8T_gFZ7uoHl-",
      "nome": "The Greatest Live"
    },
    {
      "numero": 51,
      "url": "https://www.blogger.com/video.g?token=AD6v5dyLzJ5Mcm4inKs443Rv0-yqAV5sdoS6IUHwl5L6-IAoGY2ya0-YVaAn-1Tv5yZYF12PSu6IK_tlKMORUIog2zSrLQCKRumcJpB25KL-GgaXNiObnfISAfEx1liXI7H4dXK1pxQ",
      "nome": "Perfect Idol Elsa"
    },
    {
      "numero": 52,
      "url": "https://www.blogger.com/video.g?token=AD6v5dxnBg91CEimIHKgK4hfMrFuees484vHRLQ91tjRMab-stwrmCL6Xu_2KErinM6BBFjnkz4eePPIoTIp7P9BtlzF8A8RbS1xPKDFIID7u11NXtrJcfyF81a-68BrINkAuJWR021T",
      "nome": "The Targeted Idol!?"
    },
    {
      "numero": 53,
      "url": "https://www.blogger.com/video.g?token=AD6v5dyYvQbOtasI-sypwSaRUeP9Ej5DGZPtHiTVUz4xKBlkoyYJfNYUQ29AZggsGTbmk9BDwo79r2lvb5ttNnAjznJxZy9VN6dpEwC2nUhhWUZ3WQq2pwRplKkkMm8x7BWXi1-tnQ",
      "nome": "Open Sesame! Obtain the Star Wings!"
    },
    {
      "numero": 54,
      "url": "https://www.blogger.com/video.g?token=AD6v5dzUeAd0zWpuDklhiG1zZw4x8GZSUmjWei9J_UubrHxljQ7vSIkyEHEtZDgFVFA05ON6vtZ0PBsmk6rClcczboevWHNmF61iG-fhA3MqtJGbtWP34_Kf4WyBCzHpC6y6mZn80yf_",
      "nome": "Kirara ☆ The Fluffy Idol"
    },
    {
      "numero": 55,
      "url": "https://www.blogger.com/video.g?token=AD6v5dxzhA3ZHTvPSawramgsFnO_8XY3Xl8fODhomIZV9Fki6H-OtptCuVoLN57iz4-fKYagQEzDNPXKAlUlWmlygPVStI7yrQNWRqnrPhWzL1JAkVEgUJiyTOpU0CaIkaALQGRtpjkJ",
      "nome": "All Aboard ☆ Venus Ark!"
    },
    {
      "numero": 56,
      "url": "https://www.blogger.com/video.g?token=AD6v5dxdKI4eeFr6s91b4T05_9GE3_VDvFHaFOWH09PoDIsWTG4PfZbfNXqo4w3d4HTKOSmds769jLCr1-y1fsBDOEKG8IE3mRaEJjYiFt8tX9IiS7qUGiRmdCNVc1B1-WhpqjdSWn8",
      "nome": "Kya! Warning☆"
    },
    {
      "numero": 57,
      "url": "https://www.blogger.com/video.g?token=AD6v5dw8NvupmFKpLuD8bEGxycjSvqUmVxmlKYZBVuR1C2u09MTNwFzk24Ze5l92rl4YsYgtCqPCNJ3mjulM9whRWAq6ivGslCo_Vi7JRcXw5agaedQ5aGZbhQTDMhBaghtvPynKiRsM",
      "nome": "Shining ☆ A Good Day For a Stroll"
    },
    {
      "numero": 58,
      "url": "https://www.blogger.com/video.g?token=AD6v5dy1U8Uwrd0PzpBWsw8mLIqFX9Zxb4ZBw9TB29ILkjyQHPogMQQfR1wXx8v2JbQmGrDoQOFSNNdlgSzxYouCDKeb1FLqTb7ICpZ-fsuKBCF5Yxup4LBELbnHAIZyp4BOajQHXrI",
      "nome": "Miracle Audition!"
    },
    {
      "numero": 59,
      "url": "https://www.blogger.com/video.g?token=AD6v5dwPq1OHX_uBTUpLMB6F2-1nix9NZvYBZz_LeOU__az18FzHYXOR5laE4xGzcbMewcutadeNmQqjw3C7BkAiJ02g7yPXtdzkJCsO5rHObipPpL9y8F0-Gak5zrrFTlmiMULxoUU",
      "nome": "Shine For You"
    },
    {
      "numero": 60,
      "url": "https://www.blogger.com/video.g?token=AD6v5dwnxeVEkBtYY0L3ynuy82Y5HT93uEuI_VGmMdIhkIJDnLS2SzdPWqw2aCf0gHa5i0VBMDeWZLY6UNZfuDbhhJg45O4iORv35QR0eDggp-IfSLjBmUgETGwIRkLAX41NqPBxEwc",
      "nome": "Stop Contact! A Day in the World of Elsa Forte"
    },
    {
      "numero": 61,
      "url": "https://www.blogger.com/video.g?token=AD6v5dzEJKJ-Z5xriZWbH-v5BVtt8-TPICCGVhK-nlkNNNRTSJwOlzYHPbYIKzdWzN0q-ID7LXJ_p8Ew-qoMb6Fwkwr9kAYOBK9y7Ksw26hlRtb4BT6tl9BdkByXuZxiG8yeHsdDaujm",
      "nome": "Feelings of Love!"
    },
    {
      "numero": 62,
      "url": "https://www.blogger.com/video.g?token=AD6v5dy3agPy7P4FyW5MLAX3KgUV050pGk25bxph0uLipflE9PwwkdeXqwTVgmgfNLbjjF__9580RDDfEKPylzSqnfrkDAVDCTA9QOFyUjPWYbgcRW0htQehQ7CL0AcrGj1QWQH4pXs",
      "nome": "With Going My Way ♪"
    },
    {
      "numero": 63,
      "url": "https://www.blogger.com/video.g?token=AD6v5dxRZYlCCVZ4xPIsfEzdKU7ZijJpLuO-CtDux5n28iLQGwVTTZHhP-80oKIlybW37Bazl499j2Y5Q-aZoAo4_YBECve4RCkR9DhG2JDbZPph_jRjaY2EnhaF1NiRk3YuWdgcQx16",
      "nome": "A Hot Wind From the Tundra"
    },
    {
      "numero": 64,
      "url": "https://www.blogger.com/video.g?token=AD6v5dyBVj_lCS6yL50d4hPBfk2ujizODdRBhSzWaDZziwh50uPXa9eSkFG2ezqX6WBZaMwarcWpzJhGRkXfRHsXF7vTQ2It9x9J_6iRpAFQjMbvPe_KvuNaltWT8z4ftsU8AqCSVTzB",
      "nome": "Wish Upon a Star"
    },
    {
      "numero": 65,
      "url": "https://www.blogger.com/video.g?token=AD6v5dzL5QvfwBErycZq3-hjnHc_ol2KNY6QC1Y9ZOuuoStzdJTXATSJCFwSfbbUQAtIjGf3ur2SHnrE-0tMXoyvpjLKcHgKx9j0zGyLKc4iWIjYBT9ktMNNzvo5FhrtJVVlj0jMW1WB"
    },
    {
      "numero": 66,
      "url": "https://www.blogger.com/video.g?token=AD6v5dxQ1LU5Y-tnfvzlxYfzKiuTjYhb8wJXcMSkFP85P-9t4TwfkvIfIzlr8i5_PD3g4m-XuUfWRarbtwD7z33C3WXzjyA3-vCD-ruMvb4Sm0eyhj18o3eb0d8WuxzBuHhNe_So_FQB"
    },
    {
      "numero": 67,
      "url": "https://www.blogger.com/video.g?token=AD6v5dxu9qnyAYeYsjLRBj8KK5SXxwf-npdNx5kdzgaquu8Ufdr5a6wvw9HIb8uY2HZgpDytqyPNwrw6yJnq3HRHBUc4s9cFCz0ajSnsDzrrN57C7SxI4rGUcP2FdXS5lZu_lhcCcPeZ"
    },
    {
      "numero": 68,
      "url": "https://www.blogger.com/video.g?token=AD6v5dykkTuounCeNYA_ZH0YKLxjVIvkWiCdWdzdnfNk8V0l3Pu12kOAd5_oqRmisZeSIk6NNQflKKEsgcTf-VQPX_a0MdCxo58QQ2f7zgelYgZ-YOPXX6zn4dA7Wub89gCbFIedg_c"
    },
    {
      "numero": 69,
      "url": "https://www.blogger.com/video.g?token=AD6v5dxME1opZg7fRfFRz75b23SuZRQMcCLL7ZsYszl1LBSyzFUjx5xIyPw4gyBsYXmA19cIMgv_Df8Ij0zUOBZGepXbedgb-OOjMgokaWDKYxzb3qD588K0bHVTpleCT-ciOG8db5s"
    },
    {
      "numero": 70,
      "url": "https://www.blogger.com/video.g?token=AD6v5dyTE1s8BDXZfUDK95ONEAYRJ85ivV24F0hDABwIjsmSEBDuMj4v0ZpF9Mh_lj-h9pXMblDbPLBGexi6qEZyQR9flEMEClhe0SAxQiSi2VN0Yz4-WXy0uh2SKB8edLtzMdSgfnc"
    },
    {
      "numero": 71,
      "url": "https://www.blogger.com/video.g?token=AD6v5dze9tnH2eUtGT_dmC7_8gDn042huAI4pM6wgrr1OO6vCG_G4c6HHkEFWz74WQy_hPmlXAbk2PYFPV8Y2_c9r2zNK-mfIJq5jSafyqBxExVrDwrSs5ouFWa99UDvm7_ACYIz0xs"
    },
    {
      "numero": 72,
      "url": "https://www.blogger.com/video.g?token=AD6v5dwNApYmVXV0DQ8uX5Z9eSUSwT4Ew3V3bAIAg1Dl3MzLnTx8E9gBvb3mgmVKC-7Xp4sa4T7hG99QdJkQ895ZgSgd4bqLzhB6ah2oPt3eayA9ce183bTfPnr2nEPYEWzEOYFiQx0"
    },
    {
      "numero": 73,
      "url": "https://www.blogger.com/video.g?token=AD6v5dxCNL87jSbBh7VzaUxGu71GA3palpV9M1MG9Ic7ib3zmRKvVoCjoIn3tuRd21zWBYFsPhJ8PQbdN1S-1UwK6C_1ySp7g-bHQBACX_oza93wBYNcN8wSh62DiIXqsgFOeMDCIR4"
    },
    {
      "numero": 74,
      "url": "https://www.blogger.com/video.g?token=AD6v5dxciLMSeTkTF_QxgpU0iUQUSEtOZHyjol8EPwyIPDuvjDvQWz6E2Ohug348DsS2_Vc8iSHERfE0oBTamUzxESz9nx8XdYIFI5gYOIRDArSOQHEpx-3EgvXXIR1VboJTXsaAJ4E"
    },
    {
      "numero": 75,
      "url": "https://www.blogger.com/video.g?token=AD6v5dyzau-FdFlzUdaZTDICve5WOTSethZnqjxfaoDQ_hDKaOQFnA4RQqGJbO78BdLs8qICmyCxuF5kC38143oN9Jlkg_M56fwjjLmQ6dHypIuatnVVr2dG-vspsUWJBmI-EOdF0VQk"
    },
    {
      "numero": 76,
      "url": "https://www.blogger.com/video.g?token=AD6v5dzrj_P3ysBzgTT1l4rpiy3_FqpflqzN6YdlPKoRi97-t4IBwhBljd7Qaj2zXIxCVJzBBaqSVV-kx3Ph5qQzHCYPaQuIHEMlKaaBfAaaWG6Vp43T4pYRSlPDlFis1rL_xmzPj1KJ"
    },
    {
      "numero": 77,
      "url": "https://www.blogger.com/video.g?token=AD6v5dyspC5KltulDA9GwyByDWAt8n9XrF-VPqCRm2WVdfjkMndbVEVYItzRL4nEYx7BhJnp1z-Ko6FiLcwx7tAtcXHwYnDLLwrgdWVkBj899CCrOndPNQnaB91nc6S7jwmXLENXtvI"
    },
    {
      "numero": 78,
      "url": "https://www.blogger.com/video.g?token=AD6v5dz64DIViz4SZt06q2cymwzaOKf8TMsJMIEzEdm0UYPhqTPb5lCCZAXeav7aK0Jq9vPQRixhp_tP9jZvLxy9Y8MQFAmV7MziSdSU1GAo1z8luS3SQIanun1NpzrVp9Gpzq6Q8S4"
    },
    {
      "numero": 79,
      "url": "https://www.blogger.com/video.g?token=AD6v5dwonMyB-FHJ3oaOC8-HunovDKeCz0ynEaIkknDrWbzglQzsDLtyvyRscouhrwhjv8s2-fqYpe_N9Sy0CyQnUPzwYlYZz5ucJ5Vtb6m5DMSIKuw0EvnxBlGyzDFloveeyUCLWdQ"
    },
    {
      "numero": 80,
      "url": "https://www.blogger.com/video.g?token=AD6v5dzdoBM5F7UovzyFkQyUwuIyrmixjJ9EwRlvZ6kxC572cB2VCjqZJBfHHN8ZZ_2RxfiCDgO-xl8elZSHRy-qW0ibr_I5WbpL3tqU4KF5QPKdfdjzVvyJnaEnkjtJoJTAZm5VBqM"
    },
    {
      "numero": 81,
      "url": "https://www.blogger.com/video.g?token=AD6v5dwqpYK9Le4d2x8vOUg3d84oimyBZUn5VcpN5vYa3p_i0tPjHxZybgwxc7P5VXubCyUl6laC65PmKEV7SsK2Pb53LwAXLghAe0LXC_LMYTRgq7HH8dv8anqRPQw2gyQHP7W_ZgM"
    },
    {
      "numero": 82,
      "url": "https://www.blogger.com/video.g?token=AD6v5dx8oduSqRBvLmgm7Kywu2Pa4glwLobck8jFWnclzIBlVMqjCDLKG43dXD2RSXFW24yX6oWCJABwQMIHtyfkpUOOljbVHuAaqR1TmANgIeCGqfAkJke43EZqxBtV3DV6g9g5CnhH"
    },
    {
      "numero": 83,
      "url": "https://www.blogger.com/video.g?token=AD6v5dwRkGFOfREal5d_ThTyfUdvgUCETGLbQubZhQvNkaAZmZ7vMVKvvwGqbUyqtyQ8JworXFMqdU880qzBKfUN6UCFOQTKpGrjhlenaKyJFpAinE6rfhzrMoGoAEOaxbDSV_o12R3d"
    },
    {
      "numero": 84,
      "url": "https://www.blogger.com/video.g?token=AD6v5dzleUf2iWsllF0ux9T2YONBo952yKvbP0Mw10jYTGvejRhEH20NHnuhzvXYjANbzLcE-AV3WhfzprLtPOpIdcQmKCwkihEia4G1b9PaSGFro9lwnTNjhoyOZjUI6e6J3ddvWHD4"
    },
    {
      "numero": 85,
      "url": "https://www.blogger.com/video.g?token=AD6v5dzKvTO3MKyZShtwdq1EOcJkmUsbB72wvsbZ1B7cjLSVVWz4VHGKPR5__EjC3wjufHkJ-7NmyQQDsiUbjaYps4tu2BlT2QrAiKm8W57QRykBPzNgP1fpUGobMNo_7S5v6sJuXzRX"
    },
    {
      "numero": 86,
      "url": "https://www.blogger.com/video.g?token=AD6v5dzPMTYkNscXYLwsHLrZAxzMu3Udo8_CyfIn2ic5Fm7wDX3Xvy-SejjvXmDtlVejF4_Jkt0LfG6oUudYsm8Qij8LImDV9Tyfp8DN41-Vd9hOI54_gKY1j0VexVB4QO3FT8P-4iYD"
    },
    {
      "numero": 87,
      "url": "https://www.blogger.com/video.g?token=AD6v5dzcJBLeICIGW_cQNodq2KYK8CDTpd-QdLtZtxwsx-nAkjeXG-qbEYhJQMjRzVgi1XDgxovLjBh5Car4_BefLmf_4BuS9dsPvU-KHZmrEL7laud4INxuJxlXLnPbRV2xUvbr8aA"
    },
    {
      "numero": 88,
      "url": "https://www.blogger.com/video.g?token=AD6v5dzro8oqZopNrK9U8em8RUJfgPichqDWP46mXGk_K5uQmm-mJLF3hfH1HXEg_jwF9ZWv6FdaIttg_YPs2rAHRge53IB751vcwOlvxe8ZfjSl65DZTPYOc0ZKG3CqjySEvqjrynlW"
    },
    {
      "numero": 89,
      "url": "https://www.blogger.com/video.g?token=AD6v5dyvk80jWrpXkHc_m8fcXE7YOW05QCBM2UWcbjN180PxqAhuy7hEkU0c18dw3JM3GLdu5LUGa4oTM2KtHBMRq1ynHwXBKtXtayK4gn4JXhBtIpeR7PC1KTJm-xea5Ei5dcKXRJI"
    },
    {
      "numero": 90,
      "url": "https://www.blogger.com/video.g?token=AD6v5dwtw9RILZj4sEcXn_OoM5RLZvo0MS7xQ-hskrf1UUVXGTfJy0ENaHNB33yhAmnwK3bTXri6rOpGbLW9JtUMYU_i7JdzKz_AW0CDvuG6M_koEx8ARJNZoKIUSyyJijA2MqoeTJE"
    },
    {
      "numero": 91,
      "url": "https://www.blogger.com/video.g?token=AD6v5dx2rfnHSMVQ9IgQ6tR4NrJeO7Z9mnI6SLB1Xxa6216VCUTjoGBSMDCYEHqWcwJ8NwTtzznRRQ10OCGBj2MuswDqXa2pmse0yTzCxeXBrdXxkHaZjPmgWuqAhTy1HwYTyervUr0"
    },
    {
      "numero": 92,
      "url": "https://www.blogger.com/video.g?token=AD6v5dwS8wkyc_J7IznBcLO2nRfUAb27bewws5uCWJHX9Hc--58DnsP3_hmV3N8bbSx-sbUOL3QPY4jUpMbjBjDCTWUvTNKR_b-BqL7z9f4lDGxy6Ye-7bNAgvMGgSv1ZL2KCozsfQ"
    },
    {
      "numero": 93,
      "url": "https://www.blogger.com/video.g?token=AD6v5dwfhd4-N4Q6SJtoPur9xEKjw3Oo5OnLO-uc4zu5r3_FCuelvVBojg7YGQsIhE7Znt7cjbRKo2tu0oBwvt3aTfYDos2gl71s2-skMipZyrSf7pF1Q462gUIAdb8Uu-JBVwDVrlYd"
    },
    {
      "numero": 94,
      "url": "https://www.blogger.com/video.g?token=AD6v5dwP-ZPq1jpRZAk5eYsZmBPsld_LraWvXybwKPGoqsGeE7QpyA39OEbJ-z_v-UEX-pR6yKKI0MwyQ5KJcEoGZrZ5ZTde0B1nO2BN6AT2_4pBVa3iRj44hcwszg_SKPZY2b-TyfbB"
    },
    {
      "numero": 95,
      "url": "https://www.blogger.com/video.g?token=AD6v5dzdvPcPqOAFtbirEckZeJOBvEV7i8vaWEja52zq_TLk9LP-QRhbm5g6zDKEBTCIN4Wvnap194VPnasnEA3gvObuz9nI7nUM-rcGWHxMPY4QpkvQufws5gvX0S45W7hW_N6Kn6yf"
    },
    {
      "numero": 96,
      "url": "https://www.blogger.com/video.g?token=AD6v5dxSmEjmSz5Biyq-eowdygVhK-PTvWv1b2tyEVWruQObe2RRWTYfqc0DnpwO9UeViZ1Z57E8M4E4CPqauu6MkqgOkWh8V0g8kmydq4cciEfoOQvJKovAm_w2xs-hWpPs1a4iKCU2"
    },
    {
      "numero": 97,
      "url": "https://www.blogger.com/video.g?token=AD6v5dwuHeVDNTB_Ds1AsfNddOrYdKKAs81gztm1M_I5yufMjMSuCr0fjqWFSfDrxARkyZI1SNhonWZQJLEFkZKXkwSL_Q6lX14V4tN_k9TrqwHKC28KUCUBLwAG_5ahIj_tbchh4epX"
    },
    {
      "numero": 98,
      "url": "https://www.blogger.com/video.g?token=AD6v5dxuqpzBFgu9mBEyZrHrRUoZQPipyIGMQFpip-r571_aMi_3qJRi-cDeXDJWO9ZZViCbk2BXugNa6ADkYb5jqnNZe3hyE9kOnnbNRFIj4Jgi3O0gqtnXumFNi4Z6F116sQAnDcKm"
    },
    {
      "numero": 99,
      "url": "https://www.blogger.com/video.g?token=AD6v5dy3onlQKRAnqOKCoVep-nAw901sUNImNQac6aNBt1uvdZ9Y8XWUzSmlEdv0kKk6Ig2uta3ks8gnkeNjDOGTQ1vGxozi2VWOORjqtSmXzfQFkFuePZKsKaOezC-UU1SbD7-IazmR"
    },
    {
      "numero": 100,
      "url": "https://www.blogger.com/video.g?token=AD6v5dytUntCxJcOCkOttipi8-DEvOD2GO06PfukZS6gSG1dX99raZSAkHF9zG5RrZBVkRw3ABJ3IbyGF5APaekQUUfyhh7B5VbHrE_LEc_r037Fiv3OVl8SHVWx5KpczD0fJDZSKJg"
    }
  ]
}