{
  "id": 15061,
  "title": "Aikatsu!",
  "title_jp": "アイカツ！アイドルカツドウ！",
  "slug": "aikatsu",
  "type": "legendados",
  "format": "TV",
  "images": {
    "poster": "https://cdn.myanimelist.net/images/anime/6/74783l.webp",
    "banner": "https://cdn.myanimelist.net/images/anime/6/74783.jpg"
  },
  "trailer": "https://www.youtube-nocookie.com/embed/HoPITmefUMU?enablejsapi=1&wmode=opaque&autoplay=1",
  "synopsis": "An idol's brilliance illuminates the dreams of humanity. Starlight Academy, a holy ground for celebrities in training, seeks to realize this belief. Behind its rigorous entrance requirements lie not only the top young stars in the entertainment business, but some of the best memories these students will ever have.\n\nOr so Aoi Kiriya believes. Alongside her best friend Ichigo, Aoi decides to apply for the prestigious private school in hopes of living up to the praise of the biggest idol in the world: Mizuki Kanzaki. As they journey through the numerous laughs, friendships, and heartbreaks that await them, can the two girls light up the lives of others as Mizuki has done for them?\n\nWhether it be chopping down Christmas trees, traversing obstacle courses, or even rock climbing, there's always a playful new adventure to be found in the world of Aikatsu!.\n\n[Written by MAL Rewrite]",
  "score": 7.49,
  "genres": [
    "Slice of Life"
  ],
  "episodes": [
    {
      "numero": 1,
      "url": "https://video.wixstatic.com/video/f3773b_4bb732e5b9334b9bab6a937f40dfa7ff/480p/mp4/file.mp4",
      "nome": "I Can Become an Idol?"
    },
    {
      "numero": 2,
      "url": "https://video.wixstatic.com/video/f3773b_4bb732e5b9334b9bab6a937f40dfa7ff/480p/mp4/file.mp4",
      "nome": "Idols Everywhere!"
    },
    {
      "numero": 3,
      "url": "https://video.wixstatic.com/video/f3773b_4bb732e5b9334b9bab6a937f40dfa7ff/480p/mp4/file.mp4",
      "nome": "I Wanted to Know More About You"
    },
    {
      "numero": 4,
      "url": "https://video.wixstatic.com/video/f3773b_4bb732e5b9334b9bab6a937f40dfa7ff/480p/mp4/file.mp4",
      "nome": "Oh! My! Fan!"
    },
    {
      "numero": 5,
      "url": "https://video.wixstatic.com/video/f3773b_4bb732e5b9334b9bab6a937f40dfa7ff/480p/mp4/file.mp4",
      "nome": "Ran! Runway!"
    },
    {
      "numero": 6,
      "url": "https://video.wixstatic.com/video/f3773b_4bb732e5b9334b9bab6a937f40dfa7ff/480p/mp4/file.mp4",
      "nome": "Absorbed in Signing Autographs!"
    },
    {
      "numero": 7,
      "url": "https://video.wixstatic.com/video/f3773b_4bb732e5b9334b9bab6a937f40dfa7ff/480p/mp4/file.mp4",
      "nome": "The Trouble with Sparkler"
    },
    {
      "numero": 8,
      "url": "https://video.wixstatic.com/video/f3773b_4bb732e5b9334b9bab6a937f40dfa7ff/480p/mp4/file.mp4",
      "nome": "Underground Sun"
    },
    {
      "numero": 9,
      "url": "https://video.wixstatic.com/video/f3773b_4bb732e5b9334b9bab6a937f40dfa7ff/480p/mp4/file.mp4",
      "nome": "Move on Now!"
    },
    {
      "numero": 10,
      "url": "https://video.wixstatic.com/video/f3773b_4bb732e5b9334b9bab6a937f40dfa7ff/480p/mp4/file.mp4",
      "nome": "Rainbow-colored Otome"
    },
    {
      "numero": 11,
      "url": "https://video.wixstatic.com/video/f3773b_4bb732e5b9334b9bab6a937f40dfa7ff/480p/mp4/file.mp4",
      "nome": "Otome's in Love With Someone!"
    },
    {
      "numero": 12,
      "url": "https://video.wixstatic.com/video/f3773b_4bb732e5b9334b9bab6a937f40dfa7ff/480p/mp4/file.mp4",
      "nome": "We Wish You a Merry Christmas!"
    },
    {
      "numero": 13,
      "url": "https://video.wixstatic.com/video/f3773b_4bb732e5b9334b9bab6a937f40dfa7ff/480p/mp4/file.mp4",
      "nome": "Tragedy of Calories!"
    },
    {
      "numero": 14,
      "url": "https://video.wixstatic.com/video/f3773b_4bb732e5b9334b9bab6a937f40dfa7ff/480p/mp4/file.mp4",
      "nome": "Naughty Detectives"
    },
    {
      "numero": 15,
      "url": "https://video.wixstatic.com/video/f3773b_4bb732e5b9334b9bab6a937f40dfa7ff/480p/mp4/file.mp4",
      "nome": "Camphor Tree Love"
    },
    {
      "numero": 16,
      "url": "https://video.wixstatic.com/video/f3773b_4bb732e5b9334b9bab6a937f40dfa7ff/480p/mp4/file.mp4",
      "nome": "Exciting Special Concert, Part 1"
    },
    {
      "numero": 17,
      "url": "https://video.wixstatic.com/video/f3773b_4bb732e5b9334b9bab6a937f40dfa7ff/480p/mp4/file.mp4",
      "nome": "Exciting Special Concert, Part 2"
    },
    {
      "numero": 18,
      "url": "https://video.wixstatic.com/video/f3773b_4bb732e5b9334b9bab6a937f40dfa7ff/480p/mp4/file.mp4",
      "nome": "A Little Chocolate Love"
    },
    {
      "numero": 19,
      "url": "https://video.wixstatic.com/video/f3773b_4bb732e5b9334b9bab6a937f40dfa7ff/480p/mp4/file.mp4",
      "nome": "The Secret Scent of the Moonlit Girl"
    },
    {
      "numero": 20,
      "url": "https://video.wixstatic.com/video/f3773b_4bb732e5b9334b9bab6a937f40dfa7ff/480p/mp4/file.mp4",
      "nome": "Vampire Scandal"
    },
    {
      "numero": 21,
      "url": "https://video.wixstatic.com/video/f3773b_4bb732e5b9334b9bab6a937f40dfa7ff/480p/mp4/file.mp4",
      "nome": "Stylish Phantom Thief ☆ Swallowtail"
    },
    {
      "numero": 22,
      "url": "https://video.wixstatic.com/video/f3773b_4bb732e5b9334b9bab6a937f40dfa7ff/480p/mp4/file.mp4",
      "nome": "Idol Aura and Calendar Girl"
    },
    {
      "numero": 23,
      "url": "https://video.wixstatic.com/video/f3773b_4bb732e5b9334b9bab6a937f40dfa7ff/480p/mp4/file.mp4",
      "nome": "Swallowtail's Muse"
    },
    {
      "numero": 24,
      "url": "https://video.wixstatic.com/video/f3773b_4bb732e5b9334b9bab6a937f40dfa7ff/480p/mp4/file.mp4",
      "nome": "Enjoying Time Off♪"
    },
    {
      "numero": 25,
      "url": "https://video.wixstatic.com/video/f3773b_4bb732e5b9334b9bab6a937f40dfa7ff/480p/mp4/file.mp4",
      "nome": "An April Fool Promise☆"
    },
    {
      "numero": 26,
      "url": "https://video.wixstatic.com/video/f3773b_4bb732e5b9334b9bab6a937f40dfa7ff/480p/mp4/file.mp4",
      "nome": "The Cherry Blossom Season"
    }
  ]
}