{
  "id": 7453,
  "title": "AIKa Zero Picture Drama",
  "title_jp": "AIKa ZERO",
  "slug": "aika-zero-picture-drama",
  "type": "legendados",
  "format": "Special",
  "images": {
    "poster": "https://cdn.myanimelist.net/images/anime/10/17813l.webp",
    "banner": "https://cdn.myanimelist.net/images/anime/10/17813.jpg"
  },
  "trailer": null,
  "synopsis": "Short specials added to DVDs and Blu-rays.",
  "score": 5.52,
  "genres": [
    "Ecchi"
  ],
  "episodes": [
    {
      "numero": 1,
      "url": "https://lightspeedst.net/s4/mp4/aika-zero-picture-drama/sd/1.mp4",
      "nome": "Cosplay Cafe \"White Knights\""
    },
    {
      "numero": 2,
      "url": "https://lightspeedst.net/s4/mp4/aika-zero-picture-drama/sd/2.mp4",
      "nome": "The Secret Garden"
    },
    {
      "numero": 3,
      "url": "https://lightspeedst.net/s4/mp4/aika-zero-picture-drama/sd/3.mp4",
      "nome": "Female Leopard"
    }
  ]
}