{
  "id": 6443,
  "title": "Aika Zero",
  "title_jp": "AIKa ZERO",
  "slug": "aika-zero",
  "type": "legendados",
  "format": "OVA",
  "images": {
    "poster": "https://cdn.myanimelist.net/images/anime/2/14628l.webp",
    "banner": "https://cdn.myanimelist.net/images/anime/2/14628.jpg"
  },
  "trailer": null,
  "synopsis": "Aika's story continues, she is now 19 years-old, 3 years older than in R-16 and 7 younger than in Agent AIKa. Strange phenomena have been occuring at a girls academy. Slowly but persistently the most cute and beautiful girls are joining an internal club, but instead of a sing-in they just get abducted by a strange being that takes control over them by some indecent means. \n\nBy coincidence Aika was flying-by on her plane when one of this abductions occurred and she was attacked to prevent her from comming closer, but instead of repelling her, she is intrigued about the attack's origin and then the opportunity shows up when her late partners from R-16 decide to investigate those abductions. The story remains full of action and panty flashing that are a must in Aika's series.\n\n(Source: ANN)",
  "score": 5.86,
  "genres": [
    "Action",
    "Adventure",
    "Comedy",
    "Ecchi"
  ],
  "episodes": [
    {
      "numero": 1,
      "url": "https://www.blogger.com/video.g?token=AD6v5dxHZK8NirzpzIDLoQqZ40Rgfki_c9mAIL6131ZD0SFeIe2YWoktIDXZhCb1BVgNQmu3SHGaUalREl0OFFIIpZ7YD7wJH11Dqd0EEUGyR0hxL7pdBcQT43ousgmN9OBXq1qd9_rf",
      "nome": "Whight Kinghts"
    },
    {
      "numero": 2,
      "url": "https://www.blogger.com/video.g?token=AD6v5dyrjCCuUoUUcn9ZWT4g3ODMrB_bgg1PChzTq_AodyrNsDNmkjGAbEGZjairm93SICozKywfEQ7RVxyIUAQMNzwCQ5i0ADt3fGYy9C0f2eyOoIGrSm1jb_DRsNjnldLizB3ZQ_ZD",
      "nome": "E.T.A.I."
    },
    {
      "numero": 3,
      "url": "https://www.blogger.com/video.g?token=AD6v5dzUU0OM1Uodw93Ktnx89EGku-UJl_y5J-kBboqx1GhazGzuo08sT14gxePBB_zgOd0gK9WEobudsHhhZ-XmyZG9A6VuWLIdXI3rLdHX8tay9X9Eb7d_AX8O5n1vmRuz8hFqkpZA",
      "nome": "Zero"
    }
  ]
}