{
  "id": 40266,
  "title": "Aikatsu on Parade!",
  "title_jp": "アイカツオンパレード!",
  "slug": "aikatsu-on-parade",
  "type": "legendados",
  "format": "TV",
  "images": {
    "poster": "https://cdn.myanimelist.net/images/anime/1712/102652l.webp",
    "banner": "https://cdn.myanimelist.net/images/anime/1712/102652.jpg"
  },
  "trailer": "https://www.youtube-nocookie.com/embed/ZBB7H21KXss?enablejsapi=1&wmode=opaque&autoplay=1",
  "synopsis": "Raki Kiseki is a second-year middle school student who transfers to Star Harmony Academy to become an idol. However, when she uses an Aikatsu Pass she received from her big sister (an Aikatsu engineer), something mysterious happens. Lots of doors appeared before her, and when she opens them, she meets Aikatsu idols she never knew before, such as Yume Nijino (Aikatsu Stars!). Raki vows to design her own premium dress and perform in it on stage. \n\n(Source: Anime News Network)",
  "score": 7.04,
  "genres": [
    "Slice of Life"
  ],
  "episodes": [
    {
      "numero": 1,
      "url": "https://www.blogger.com/video.g?token=AD6v5dz3KQGc5P7ye9Y_p6gghcpPaNX35qykA89NAErX-IppWvlRabgl46VIZmonhFJ7v2RSUUE2B7yFufoOEVcJdedWOtvo13swgJ2yDi4AoWHDmjp6BD22HKwPxbKShzQDX6dB-QW0",
      "nome": "Let's Open It! The Door to Aikatsu!"
    },
    {
      "numero": 2,
      "url": "https://www.blogger.com/video.g?token=AD6v5dxQ9_1J3cveAJDIa43jETvruHE-CnihGz6kzDTB1cxupzcbJbC1S9CF-ipgeoCbNZYkn8FCHqiuwXbm7yN4QZUNNTUc-EFoRGo8GIlJp_AfbjIBWoZbG7BErhF1skwEHLAsF0g",
      "nome": "Exciting Inspiration"
    },
    {
      "numero": 3,
      "url": "https://www.blogger.com/video.g?token=AD6v5dzJ3R068kLhXL34mRnxnauIHwFr90mBAGTK6Rl5hvWDYMhANbIV1xXIAvXjttA1Byc0F_1ryw8S3JcBgxuMYIsTLzmKqo5DPXLW4CfcYSa9U0WXcwPPQYN5iIOTzV7dzSpFQA",
      "nome": "The Unexpected Mermaid"
    },
    {
      "numero": 4,
      "url": "https://www.blogger.com/video.g?token=AD6v5dyA4nT-8fiNfD3ItsyenT7iEZynKivjInh3TF9NUoFdD-hIb-gg5mmJPuDnJv2Rxq7-s-Y_FFXth-IHE9UMm8ud0nXGSIj_78OcRgAVbHMeM5sAMarzP5ryrcAq1krN-Rw2Ky8",
      "nome": "Feel it! The Passionate Wind"
    },
    {
      "numero": 5,
      "url": "https://www.blogger.com/video.g?token=AD6v5dzyo8Fez-wbk0-Sro7BSbpSerbbOLQmOM0VKSqIcmD6Oag0oe9E_KKUFq53sSfZsp9jE_7eh4-uXMRg2nUA2LPMUfOKfWezDAw83sYZlTRDIQ2Bit18EH5RnTC0MrVhDbmWGROO",
      "nome": "Lucky Halloween"
    }
  ]
}