{
  "id": 37204,
  "title": "Aikatsu Friends!",
  "title_jp": "アイカツフレンズ！",
  "slug": "aikatsu-friends",
  "type": "legendados",
  "format": "TV",
  "images": {
    "poster": "https://cdn.myanimelist.net/images/anime/1198/90430l.webp",
    "banner": "https://cdn.myanimelist.net/images/anime/1198/90430.jpg"
  },
  "trailer": "https://www.youtube-nocookie.com/embed/jinurWYblbg?enablejsapi=1&wmode=opaque&autoplay=1",
  "synopsis": "Aine Yuuki, who is a regular student at Star Harmony Academy's normal division, meets Mio Minato from the idol division, who invites her to join Aikatsu to fulfill Aine's goal to make friends. She also befriends Maika Chōno and Ema Hinata who are also idols. Aine and Mio form a pair to become best friends to become the bright \"Diamond Friends\". Karen Kamishiro and Mirai Asuku are categorized as \"Diamond Friends\" and are in the Diamond Class!\n\n(Source: Wikipedia)",
  "score": 7.18,
  "genres": [
    "Slice of Life"
  ],
  "episodes": [
    {
      "numero": 1,
      "url": "https://lightspeedst.net/s3/mp4/aikatsu-friends/sd/1.mp4",
      "nome": "Hello Friends!"
    },
    {
      "numero": 2,
      "url": "https://lightspeedst.net/s3/mp4/aikatsu-friends/sd/2.mp4",
      "nome": "The Invincible Love Me Tear☆"
    },
    {
      "numero": 3,
      "url": "https://lightspeedst.net/s3/mp4/aikatsu-friends/sd/3.mp4",
      "nome": "Vivid Inspiration"
    },
    {
      "numero": 4,
      "url": "https://lightspeedst.net/s3/mp4/aikatsu-friends/sd/4.mp4",
      "nome": "The Aspiring My Brand"
    },
    {
      "numero": 5,
      "url": "https://lightspeedst.net/s3/mp4/aikatsu-friends/sd/5.mp4",
      "nome": "Maika, Like a Butterfly!"
    },
    {
      "numero": 6,
      "url": "https://lightspeedst.net/s3/mp4/aikatsu-friends/sd/6.mp4",
      "nome": "Hinata Emergency!?"
    },
    {
      "numero": 7,
      "url": "https://lightspeedst.net/s3/mp4/aikatsu-friends/sd/7.mp4",
      "nome": "The Ongoing Road towards Mirai"
    },
    {
      "numero": 8,
      "url": "https://lightspeedst.net/s3/mp4/aikatsu-friends/sd/8.mp4",
      "nome": "Mio's Grand CM Operation!"
    },
    {
      "numero": 9,
      "url": "https://lightspeedst.net/s3/mp4/aikatsu-friends/sd/9.mp4",
      "nome": "The Melody of Courage"
    },
    {
      "numero": 10,
      "url": "https://lightspeedst.net/s3/mp4/aikatsu-friends/sd/10.mp4",
      "nome": "Prett Sexy Honey Cat!"
    },
    {
      "numero": 11,
      "url": "https://lightspeedst.net/s3/mp4/aikatsu-friends/sd/11.mp4",
      "nome": "The Dramatic Confession!"
    },
    {
      "numero": 12,
      "url": "https://lightspeedst.net/s3/mp4/aikatsu-friends/sd/12.mp4",
      "nome": "Tomatoes, Bring It On☆"
    },
    {
      "numero": 13,
      "url": "https://lightspeedst.net/s3/mp4/aikatsu-friends/sd/13.mp4",
      "nome": "How to Karen"
    },
    {
      "numero": 14,
      "url": "https://lightspeedst.net/s3/mp4/aikatsu-friends/sd/14.mp4",
      "nome": "Go Go Friends!"
    },
    {
      "numero": 15,
      "url": "https://lightspeedst.net/s3/mp4/aikatsu-friends/sd/15.mp4",
      "nome": "AiTube☆Cinderella"
    },
    {
      "numero": 16,
      "url": "https://lightspeedst.net/s3/mp4/aikatsu-friends/sd/16.mp4",
      "nome": "Mio, Becoming the Hero"
    },
    {
      "numero": 17,
      "url": "https://lightspeedst.net/s3/mp4/aikatsu-friends/sd/17.mp4",
      "nome": "The Encounter of Fate is of the Moon's Guidance"
    },
    {
      "numero": 18,
      "url": "https://lightspeedst.net/s3/mp4/aikatsu-friends/sd/18.mp4",
      "nome": "Even a Slight Chance"
    },
    {
      "numero": 19,
      "url": "https://lightspeedst.net/s3/mp4/aikatsu-friends/sd/19.mp4",
      "nome": "Let it Reach! Friends' Power"
    },
    {
      "numero": 20,
      "url": "https://lightspeedst.net/s3/mp4/aikatsu-friends/sd/20.mp4",
      "nome": "Lacrosse or Friends!"
    },
    {
      "numero": 21,
      "url": "https://lightspeedst.net/s3/mp4/aikatsu-friends/sd/21.mp4",
      "nome": "Spreading Harmony♪"
    },
    {
      "numero": 22,
      "url": "https://lightspeedst.net/s3/mp4/aikatsu-friends/sd/22.mp4",
      "nome": "Premonition of the Full Moon"
    }
  ]
}