{
  "id": 230,
  "title": "Air Master",
  "title_jp": "エアマスター",
  "slug": "air-master",
  "type": "legendados",
  "format": "TV",
  "images": {
    "poster": "https://cdn.myanimelist.net/images/anime/2/21019l.webp",
    "banner": "https://cdn.myanimelist.net/images/anime/2/21019.jpg"
  },
  "trailer": null,
  "synopsis": "A former gymnast, Aikawa Maki has turned her skills to a different way of life—street fighting. The only thing that truly makes her feel alive is violence. With amazing power and grace, she fights opponent after opponent, repeatedly demonstrating the gymnastic talent that earns her her nom de guerre, \"Airmaster.\"",
  "score": 6.94,
  "genres": [
    "Action",
    "Comedy"
  ],
  "episodes": [
    {
      "numero": 1,
      "url": "https://www.blogger.com/video.g?token=AD6v5dzPgP4vRJQQIUl_NlXK58PO3uwjyGR-LvRKoPmFmehstbtN1BgNeMB9nbg-ajrs669StG4g42vTvYZWb8f-fWRohmDlxnEcVAiEMv-0cLnY1gbwk9aFKzMoRO6o0cAOwuysSeI",
      "nome": "Fly! Air Master"
    },
    {
      "numero": 2,
      "url": "https://www.blogger.com/video.g?token=AD6v5dxjLNmmZvqcqzQIaptY3LnQjM8lATNLfgFA8ch63d1o6tGcXpC0Cw-Dd2m75CWNCAgIKPQ-s5gjiUTw6V-vrkQZ5SHcIXdpLJ6W07ZukmbvVe1PF6Vdu_pPuQAxcKsfSSbI2Z5V",
      "nome": "Howl! Kaori Sakiyama"
    },
    {
      "numero": 3,
      "url": "https://www.blogger.com/video.g?token=AD6v5dwYXNxqNFgGXpH-Y-0eNHcIo88Mrxd3HDtvLgR0K6ypujm2hgFtsZWYiBxYFLrs4RY5rXoiFHOZBVsyg_ykpA-liw4AbAVyVDE8JhqP0y8Zm5nXPxja74jk-yW_Hn1zsxdhiw",
      "nome": "Challenge! Shinnosuke Tokita"
    },
    {
      "numero": 4,
      "url": "https://www.blogger.com/video.g?token=AD6v5dweHTx0-WRYKZ51lbEDTTkLZ51_4wPw0r7JLfywYZ6ARRxoGGlyRXg6WzoA9WFCSJY5eB6I5De_xIrz8Q9hLWP_EwUPoDQsrMgNtZSEFEb4NALR688i2WBvkn4rhvZ-oXJ0cec",
      "nome": "Stand out! Tsukio and Reiichi"
    },
    {
      "numero": 5,
      "url": "https://www.blogger.com/video.g?token=AD6v5dzmleuyQiXyedOkzumkVvg1PSgFiFpJMFMhaLSo9XNPymDg39z1ekRdpdiZ5bxNmCxQIw5icWlEzFkz_vJN1K2qTkM64pN1-TQfK-dZB17_i8RwHcZy6jrIoadb9DMuwulsrYn7",
      "nome": "Sing! Julietta Sakamoto"
    },
    {
      "numero": 6,
      "url": "https://www.blogger.com/video.g?token=AD6v5dxUV61rVFcXSt5QRBcHyh0l0UdGNFZkBWwdhh-mD5WIb9BPIMRSqMDGn2CfZS-NDwuaotrAMG6jGZVPv6SvEixMKScMDF6HKxWFTTQdvccDueGFP2PaY-Cl4--rqVYGLc4sAQ",
      "nome": "Ride it! Maki"
    },
    {
      "numero": 7,
      "url": "https://www.blogger.com/video.g?token=AD6v5dxN0qMtweTt9IpKSV9CdD8EgLKB8nn69Jin9rLC2yCADJa5IcunZ2bhlCkxSfxQRVdNvcavVcBz8E3znbxONVGoITdWc8Htx5VDdLUpzeX_CCEUlUJDQlFdc7IPCwvvfREQ7FY5",
      "nome": "I Won't Let Me Say That Again!!"
    },
    {
      "numero": 8,
      "url": "https://www.blogger.com/video.g?token=AD6v5dxIszX2g1cMviUR4RL7s5P6njiREWfbjBb5tffxUUbgmhdZu-0elIr014SC81wKsJ1wJ4HVIKGeysYEBnJ4R3gm-dlRpsi8It_KDLrFa3ZMH3TCDHESRPACe1eBfd6AUBUMq2s",
      "nome": "Resound! Mina Nakanotani"
    },
    {
      "numero": 9,
      "url": "https://www.blogger.com/video.g?token=AD6v5dw0IJZiQDX1MvhKwbEgjOB_IfxKKVl8RRh-0r0yDUqvky4fzVbXVH4I9-9donvDDNcSost7B1zzCjzgPFAXQesY-GoKAH2tjiXBuGCgR_H52E__eZ7RoH4S5FhN8-NOxU1Vkcbl",
      "nome": "Go! Black Alliance of Justice and Sincerity"
    },
    {
      "numero": 10,
      "url": "https://www.blogger.com/video.g?token=AD6v5dzVKQKWgDlh8X-hbW1x7DdDFSccs8aDi1Pn4yB7IVBf_ZBrDKhmjcgm9aRUx4jF1QeJGU_6wYIGAyLKyodQGCtC-AJFU60OXsSOBnnXULyE8UUWib6lpyxHUcsyrh7tZYhRAYc",
      "nome": "Blaze! Kinjiro Kitaeda"
    },
    {
      "numero": 11,
      "url": "https://www.blogger.com/video.g?token=AD6v5dxUBP2DfQclLBK60dp7FaoRFH5zyx8YsePcR_69sL9yZ0MaHS98T2Vin7wogzGsRzBcx-SPVZv7okpc9N9jvHMzQUQQ_JzhketADmnKfCO2WmQsVVfPpLGQfwseBAD-q6NutKM",
      "nome": "Beat it in! Maki Vs. Kinjiro"
    },
    {
      "numero": 12,
      "url": "https://www.blogger.com/video.g?token=AD6v5dy8Cdu4F4VG_RtIC2GQCoDuR9QeoGHOXTxc_TgWEnk9GOyQpINplGoPCKIZHr2pGI7TSpnvm21HqfRxK6VP3Eu0_ijPADYXCtF-5F2ddM2wAuNz6eNr33E7gr8Nuw30X1IngBPD",
      "nome": "Make Yourself Known! Fami-Wrestlers"
    },
    {
      "numero": 13,
      "url": "https://www.blogger.com/video.g?token=AD6v5dwTCGg3GLyh0f8duVE642pK2BwD1dkXFv22hAaWPbqmrGI7ouFcrDMLuu2sz3FNIk8-x93uLM8BJ-1RpeYJF1ymRn8kE3GLTvM7LJD72D2u1YkX-TmyDkGNTbs7Jh4Nr5APbyI",
      "nome": "Sparkle! Sky Star"
    },
    {
      "numero": 14,
      "url": "https://www.blogger.com/video.g?token=AD6v5dw6orAzetDb8DhNPG9YAdM_gPi-C21_fcyZaJIm7TSyqFWyBbacHcbmY4CZxOlsN-9T2OiNZGjFfJr65ZPQhVtZmkWxWXLRUMJI2JJMVX6V8V7yFOi_uB0nUpa_GNbXzlQ99XB6",
      "nome": "Fly Through! Kai and Maki!"
    },
    {
      "numero": 15,
      "url": "https://www.blogger.com/video.g?token=AD6v5dzL-Y4CiJy61lmSWnCAammxjpaYND2K3ByVUfgDSwX8pFXengjzoy1qxqs_7GvxuC3kkM-lIx5g9bGN3AK7jIG92OEGh9EgwwaHCcq9wiGO6lHkjdI98o22YgojwwT2pAxU-Bw",
      "nome": "Conquer! Empress Cockroach"
    },
    {
      "numero": 16,
      "url": "https://www.blogger.com/video.g?token=AD6v5dwqwPFQ-l5XO6pbKbptV5sYn7E2K90XzKPvmjAgmVbYpXG6IsYXMht_PKa44h7eZ4r8FR3wnUXFT3esXmXEh7RJ48dCIt784pUOT79KzzvTDZvbaBDSVLRCTWu2oZrhpxtyfUM",
      "nome": "Fight! Fukamichi Ranking"
    },
    {
      "numero": 17,
      "url": "https://www.blogger.com/video.g?token=AD6v5dz3NXglnyXw7XySaxr0gQwsHq_51ZzivnfyxmX8z7KbUnu2UekUXgHvvZgziW130omoLH5i8u-MsoYCGxPwtoEmzpGu1r1DWTZbGpILqzeg4BW0yODJvF28vD7KIaE7I1cGrpWl",
      "nome": "Gather Round! Street Fighters"
    },
    {
      "numero": 18,
      "url": "https://www.blogger.com/video.g?token=AD6v5dxpp6ZLIV8DjtuPNNx0uM4I2PjSDsn7ZWxgzaupTmjkjW2yonxQfDt3FhnOTOo3_mELtPhJ1nW-bwWcA1iL53Rjsru2F--kR22HeRsZvbFKhrSzE-Asub81HgHIxM0K26MFZ10",
      "nome": "Cosplay! Shigeo Komata"
    },
    {
      "numero": 19,
      "url": "https://www.blogger.com/video.g?token=AD6v5dw7QbRyfsolfg7qZvV9UU3hYfopBLcPeaRe03TPWtX_IqlEZSRKfdIBiQL9SyFo0vV-mYbZ4GCSrQEWoirzl6R4Tp83VHmwSr2qKXJ6qyBsrRVWXDWTYdRsqiOfFbOkkJsGBABP",
      "nome": "Lurk in the Shadows! Koji Ogata"
    },
    {
      "numero": 20,
      "url": "https://www.blogger.com/video.g?token=AD6v5dznR8wj0iZ_rId4Z_jSONQ2VZEhZ_-5vV43or9AQrp6gLuqnB6mDNPv0XiNS0nWzpuNeOGW0XEjGl1DejqvvtC6Sf2RcmNSFOkExJ5B1bw37fc3Zr6-FVyk2FnPoHLpGBZDhN8f",
      "nome": "Strike! Kai vs. Kinjiro"
    },
    {
      "numero": 21,
      "url": "https://www.blogger.com/video.g?token=AD6v5dwEy6zxDL6aBzoL-ARbRp88rQ0EHJyaeIWfgyMx8DucLM64DVUbBFiHRfvCZd0HT6owsUl7a3a05S8jgMTakl0VoViyoFyoMlTRPO-AdKYhM8u0itfcsU1tU3zGLvZaI4sr9pM",
      "nome": "Make Him Talk! Fukamichi (Little Brother)"
    },
    {
      "numero": 22,
      "url": "https://www.blogger.com/video.g?token=AD6v5dxKgXXQZXEIaM4iaZiaaET87rCEk2W3zkYAVOyAtg_7gl1K2d2PpnqYWDIoRwR9J2gpdWRjZ99nloJZqnrG3VkApbbIu6_XXMNLAqYGRmrYnMqJWYJ3gLtufXXJamFKrvILcoO4",
      "nome": "Launch it! The Flame Fighter"
    },
    {
      "numero": 23,
      "url": "https://www.blogger.com/video.g?token=AD6v5dwCA5nep5eojDeW0Kt_tpsW8IulWMRn8hA9XJL8gkqxWkpwYOV6QkdztzOB4jyZraSRBqtWYeG82H8Vx0Igi7Zhy3E4_aCbS3mrgFF5kZzcj2HZmHwhtfKbwfdP9ITpTNk",
      "nome": "Slash Through! Yuki Minaguchi"
    },
    {
      "numero": 24,
      "url": "https://www.blogger.com/video.g?token=AD6v5dycb6HfUZVRtOu5oSuZbNx5h514BGwmtJzrgdNt2VEwGApGj119TgboZbrLXWTYIBM4dzjzxo9CLz6aMLAY-00697vHghbG7TPo8zSwx0woEQtiNzkO0MOsDkTx1rPOXEJ2gw",
      "nome": "Grill it! Meat"
    },
    {
      "numero": 25,
      "url": "https://www.blogger.com/video.g?token=AD6v5dwG2P2MiH7JKDhXlKDLaAbKTtX-og6BROrbKoXgSri0hS8lajjUlNKqtEXlGVmWhOuVLZ94H7gQt_gO-I4JMrk2gKS8R4XAMF2_FGIpoZmPzymN3sPL3Vuc5egiqQs0sABDB3s",
      "nome": "Break! Konishi vs. Julietta"
    },
    {
      "numero": 26,
      "url": "https://www.blogger.com/video.g?token=AD6v5dxMZFCfPsBRxIzqf3g1tfHqfWoXETG5S0VVe6FqtK1LQvL7qhJtLyT9Kdrxan-gRs0KzBEKqhfisNl5RrMyy9md3ar34LFkbGAayeikzoPJI06vhMv4Euv2jWeNWwMx1wtd5hI",
      "nome": "Feel it! The Wind of the Fight"
    }
  ]
}