{
  "id": 857,
  "title": "Air Gear",
  "title_jp": "エア・ギア",
  "slug": "air-gear",
  "type": "legendados",
  "format": "TV",
  "images": {
    "poster": "https://cdn.myanimelist.net/images/anime/11/18227l.webp",
    "banner": "https://cdn.myanimelist.net/images/anime/11/18227.jpg"
  },
  "trailer": "https://www.youtube-nocookie.com/embed/9lKEW0lvqcs?enablejsapi=1&wmode=opaque&autoplay=1",
  "synopsis": "Air Trecks, also known as AT, are motorized and futuristic inline skates that are the new craze taking the nation by storm. Although each AT comes with a speed limiter, a community of daredevils known as the \"Storm Riders\" are brave enough to tamper with the device. Utilizing AT's in underground battles, individual teams wager valuable AT parts or team emblems—their symbol of pride—to dominate the streets.\n\nLiving in this era is Itsuki Minami, a middle school student notorious for engaging in street fights. Always wanting to reach heights no one else is able to, the reckless punk will break through any obstacle that stands in his way, alongside his best friends Kazuma Mikura and Onigiri. However, it is when he discovers a pair of Air Trecks in his house that the path to his true desire finally opens: to rule the skies.\n\n[Written by MAL Rewrite]",
  "score": 7.48,
  "genres": [
    "Sports",
    "Ecchi"
  ],
  "episodes": [
    {
      "numero": 1,
      "url": "https://www.blogger.com/video.g?token=AD6v5dw-92qP3-tIdu60NPHvi0GIsdw-lYAAeiP46hMv6l3gM765ZCtmXJUb2nDrbk0FwaUWO-SHebBQbOIzEm0tCC5xNHWG_m8EQBgnsybSLpnphbLg7GCeJDpNN-goYl0qIXmceu_7",
      "nome": "The Invincible Baby Face"
    },
    {
      "numero": 2,
      "url": "https://www.blogger.com/video.g?token=AD6v5dxfdKOZQb-urC560_2c0C43LPmUIiEBaM2R_QZ8tY3VDT_hVQhmlVU_drpkU1sKJPCqMQfS-l9VhFGTdoE133p0LTeopYNRy0KPNBKYI5EGjKvJAUhLrV27XEwUoomjRJoqbFL4",
      "nome": "Screams of the Rez-Boa Dogs"
    },
    {
      "numero": 3,
      "url": "https://www.blogger.com/video.g?token=AD6v5dzWp0VRYOkSnLIfen-HrKyQNWZvBV7Up7FoGHD-IvT03EmmwZl0Z2iJXyPZwBsuWOu8QKnD3djUXK6EnDsVuig8Ffm4aAqob53j34fD0tH2V_HlPBLGmwePqE5ZW6PDZIDytx8",
      "nome": "Enter the Night Kings"
    },
    {
      "numero": 4,
      "url": "https://www.blogger.com/video.g?token=AD6v5dzpM3HzXu7gCGd5AQDeZGnrXuVosTUwjsqTWDV7SHglwUdn_q5NjShwOveHXPEN85Is8ZT920T8DyTn9IzSYKE7d5Op26SXsYwO0yvaqwO46uiV-fn8xSFkRyq7guvnUefSoGQ",
      "nome": "A Battle for Kazu, Onigiri, and My Pride"
    },
    {
      "numero": 5,
      "url": "https://www.blogger.com/video.g?token=AD6v5dxGzVidhoyAEjo_VP-8cpcoTS8s-y8yprb7EEJo7RL9NHDIOU1gk7sJTiiybLMkyyS4a48cXGH9YfzK-5L7dgy49eC6r8oCTrg4vZNSOD7G77a85FnGHu_Ehtc1hYZeE3vVcnc",
      "nome": "My Body, My Heart Is Being Set Aflame"
    },
    {
      "numero": 6,
      "url": "https://www.blogger.com/video.g?token=AD6v5dw2f2G-RJWoViTYH9fMaih3gaDjXYjJoKTwKggGL0h7fOOSB6AN3jw982Kr5vKHoQSZYWNtQuCqWvgRZs4VeNNsiSDhXlFdyuHTfF5raumOwvy28vt0w4D-iwQjpBtdPL6Hmg",
      "nome": "It's a Rematch! I'll Get My Emblem Back!"
    },
    {
      "numero": 7,
      "url": "https://www.blogger.com/video.g?token=AD6v5dyh9h_7TVHdkRyH_iQnUebQ9zdPZ7caEOezNtW6BzwrRndpwNiPGTMkRu1BqoiCr0k_pnQ7qtHq2vtg4IV6Mytp9HaqrMDwLD1oBiMoc554M2GCDvuPTVK66cWl-MFB-SB4FSo",
      "nome": "What's Wrong with Rejection? Onigiri, We're Comrades!"
    },
    {
      "numero": 8,
      "url": "https://www.blogger.com/video.g?token=AD6v5dz1L9-XGVEd6wijxwABXBS7htRz8xEbrgbcmq-EjEXRY_zUzRA6tCM9iLThYcslnUQwTKqGPqgorMHzP7Be0bG50PqIsx99teOuotKMiHlhwvS3asdcVi6dQ8l3ztyJwlJuIziW",
      "nome": "Defeat Orihara-sensei's Supllementary Exam: Let's Rediscover Ton-chan-sensei's Past"
    },
    {
      "numero": 9,
      "url": "https://www.blogger.com/video.g?token=AD6v5dwuY4vRGgvHasdxZAAgVQDnc-qRJwfV4PvnJBPBF5s5Fci4b97LOgLBBCENauGvnLUgAcemtwZqSJSPUr9Pv0qozrOiSwPrmmGXFxotaFqU3VCKl9BAAsxvHH9V7gx7Ev4k67y-",
      "nome": "Clash! Buffalo vs. Great White Shark"
    },
    {
      "numero": 10,
      "url": "https://www.blogger.com/video.g?token=AD6v5dw9HPunFks2gmFSuLWVAu_16vKVY2AqFzGWPb48YHLJKtcYZEcuV5PWueorsF_v3NxjORFafG3R8tYWrNiLcbL6p_TxXxcjkkotsxuGaAkyTqcAkuM1VlcAXIjJe8141mDgPa8",
      "nome": "Agito, I'll Drag You Up from the Bottom of the Well"
    },
    {
      "numero": 11,
      "url": "https://www.blogger.com/video.g?token=AD6v5dyc2ylElC4EZNjXxGRy_7R0EtfD-3rRfI8VtwsP_nuMtFaWM0wyO9LGepGlo9rsq5PX6ZaeUe9JxH4065K6U0m1vyHqZ46z2kgvwnfiNuYaqqBj5A1W5jXkhqzC5BigVV4COrXb",
      "nome": "Team Kogarasumaru Take-off"
    },
    {
      "numero": 12,
      "url": "https://www.blogger.com/video.g?token=AD6v5dwtVqFy07vGMN5MUAHwZszEZlpU9QA0irfBDQUFfD7kLSwHPXg6kZdjeX3Fa-Fxl3QVGn1F8HN5idSmMNynkl7-IUwQNA-coPCwkIAAHb78WvaxL8gPjM0fZEGk1CbLKUaWldnV",
      "nome": "She's Finally Here: the Savior Rider"
    },
    {
      "numero": 13,
      "url": "https://www.blogger.com/video.g?token=AD6v5dxmhjHKGuhvdnS4vOtEKOTyN4dLMjku6ll1KQNq71WYvxkexZ8HZfLMAR9ANGFdGvf8vjPxm_vEImpn_TEjeAKScoUwfz_eDQmEnEHPyFSrVbRnYR0_pydFzINQLJqOATK5Cg",
      "nome": "What Do You Mean by Icarus' Wings? I'll Show You My Talent, Rika-nee"
    },
    {
      "numero": 14,
      "url": "https://www.blogger.com/video.g?token=AD6v5dzsHr5Tcn0kU7VlvHOpEzFCQTesi5O-GMz6sPm3RL5Hl3gK5kEHcytQ7txS48U6RwtZDcZbu6xJDMjaPzQa-xxuzUmKssB_CdNnry6MBUUB2uaAjTJKuRBvryJwikQNfUdVYVU",
      "nome": "Collision! The Old & New Sky King's Heir vs. the Old & New Sleeping Forest"
    },
    {
      "numero": 15,
      "url": "https://www.blogger.com/video.g?token=AD6v5dx09SWzb8xR-kuYB-uKk90dqarQOYuyhCWpSAYvUD0Se0EXu2sp2QDJbMf20dcDf9CgSg8XkHuAlSWrsVjFmmY7izEXsDGeVjlw9dzolGJT3--shfJqcvW49ZKyQxK5wLWiQ6U",
      "nome": "I'll Cut Off the Shackle of Thorns!"
    },
    {
      "numero": 16,
      "url": "https://www.blogger.com/video.g?token=AD6v5dw2DQ_AKJ6NPpGCYsCZJe-PD2kVhz3YHfSGlFSJdgWgug2gS5PDObIp2wg4L1_cG_Cw8T9WAV-s3ArpnDSyfZuB_YAsNFcWumHWVNDtZdAYNiS06V0a_tYipFzt7TF2r9m4YvEC",
      "nome": "Let's Go, Kogarasumaru!"
    },
    {
      "numero": 17,
      "url": "https://www.blogger.com/video.g?token=AD6v5dybnG-CSQKw1wQtbzt63NKIIwNQt4jt--7kTLGKrij6EyCnrFW-fnxH1r8lY2NPGy8b8Lh9aew2zFxL6AXew5_ivGQfIGLR0YVEhmFoy6NY7XhiO8HHuY80yT3kkQvxdTBtcrY",
      "nome": "The Cube Battle in Hell: Kogarasumaru Evolves"
    },
    {
      "numero": 18,
      "url": "https://www.blogger.com/video.g?token=AD6v5dzndIo8zW74TJ0vqp--fGTXEFgG_-GuHl7NEJizDNB5fKrUD2s0jLcx8J7IeBcv4lGPYdQEXdvx2WDr-5ahpg_8Nqv1aWmZEW6vcUMM_vleyMsyrjOaEg0KhUmWwC2UukSUvf-5",
      "nome": "Finally a Win."
    },
    {
      "numero": 19,
      "url": "https://www.blogger.com/video.g?token=AD6v5dzg_M72vA6siQ1hphSmsDdM9ewaVF4cE1G6eLRBE00QpxmHdY5dkt0bAXuVcprcpxZwrEjIorvWxKyr56XMhRR1XzfUANNauMT3wFAO0u6McyFEJCpr35A_TSbhIeTSytSbY8k",
      "nome": "The Fang's Regalia of destiny is howling!"
    },
    {
      "numero": 20,
      "url": "https://www.blogger.com/video.g?token=AD6v5dwQHEGNBBpRI9SSd8oiuZahSgo5E3i7E4DiRs9STA6zAiUvwM_nf3zmPWV-V74c8qbCsGnS7cNqaYADvviQcTV4nfSvQlDwfRbj7mFKknoHsJ6OsXHHo5tDy48IFKlh6wJ7jsc",
      "nome": "It's finally the end."
    },
    {
      "numero": 21,
      "url": "https://www.blogger.com/video.g?token=AD6v5dxhyFQxWKvg_ZgaREerg35jJn2DZbAvKv97Xl2aEmOyKPbMV2unm8kZs-O5zerIeZpqQmNd7wbJczUMzIUQ_sdHOsbYaePPQTQVzmfXFqLUJge7V7lCaLSdGXWTWXdW0W5fzUGr",
      "nome": "Genesis strikes"
    },
    {
      "numero": 22,
      "url": "https://www.blogger.com/video.g?token=AD6v5dxjjTJenTashvSK33_qUkKBjk41cUrVF9VHyWSg5FCrbd9wNWZ6MCH3LVRaydhFiiOkvsTqRvckwk5QP0kEYJ7JIBtYhxJ2Gv30BmXq_nfcUFnSgYepNgU80AmEMiHVYWaZreW1",
      "nome": "The battle for Agito's documents!"
    },
    {
      "numero": 23,
      "url": "https://www.blogger.com/video.g?token=AD6v5dxgW2mlCBB0YdpoTKWfUtDlhdPE-qG1L84T9RwW7lppac2CyIjrpiDykRZkT5k_GgNjCUr5YgZ2Vz4EqsXdFIn45lOoL2x-Mp5cs_pT05dMMDZzTpB-_1A9BJ6j5nnC28uPQGxm",
      "nome": "Genesis's Kansai Division Appears"
    },
    {
      "numero": 24,
      "url": "https://www.blogger.com/video.g?token=AD6v5dxLfA9OA88xF7tHzlG8jC92VSiSFdZBUrEnzLgS4zaPJVt376sPlj9hF40ytjm4KevknzKCQJm9vejYvwlPcwHHaLaD6IFrNfUcO5e4E7CgXss_sUSjFuzKVT5SEGUcuXaZG4s",
      "nome": "A true spirit's battle!"
    },
    {
      "numero": 25,
      "url": "https://www.blogger.com/video.g?token=AD6v5dw53XUt_KRSpB7e55z9f4xhrGDiK_gedT7ZiP8DiF_mezNntgl_lCthpl2sQlDDnrax6k5X2yAtz4YxuVgZY4n2vkqG1hW3ARqCf7Yb3CdlRsQlLDv9uhMv4n_4a_Kt2EVxHOHM",
      "nome": "I'm a genius!"
    }
  ]
}