{
  "id": 9201,
  "title": "Air Gear: Kuro no Hane to Nemuri no Mori - Break on the Sky",
  "title_jp": "エア・ギア 黒の羽と眠りの森 -Break on the Sky-",
  "slug": "air-gear-kuro-no-hane-to-nemuri-no-mori---break-on-the-sky",
  "type": "legendados",
  "format": "OVA",
  "images": {
    "poster": "https://cdn.myanimelist.net/images/anime/8/74158l.webp",
    "banner": "https://cdn.myanimelist.net/images/anime/8/74158.jpg"
  },
  "trailer": "https://www.youtube-nocookie.com/embed/WXx0MnZPJK8?enablejsapi=1&wmode=opaque&autoplay=1",
  "synopsis": "First episode is based on the 16th volume of the manga. Features Ikki vs. Ringo.\n\nSecond episode is based on the 23rd/24th volume of the manga. Features Kogarasumaru vs. Sleeping Forest inside Inorganic Net.",
  "score": 7.56,
  "genres": [
    "Comedy",
    "Sports",
    "Ecchi"
  ],
  "episodes": [
    {
      "numero": 1,
      "url": "https://www.blogger.com/video.g?token=AD6v5dyYkaB-111LHJ_U8zoLFgIN1IQE4RFRkdvTkYDIx5IKPIGGQZly4gqCvGQgfSzZxjjQav5CGYG6UsnqteNlXuzNJGMA-5YV1Tjpt1_M3_UfTDZHIVPjTMmMMPYIphKsdV5wbtQl",
      "nome": "Episode 1"
    },
    {
      "numero": 2,
      "url": "https://www.blogger.com/video.g?token=AD6v5dxSaDiTuKjBrCfeyxOF6TnjlJq7k_g1-Hp7AMZHgOApFXhBw9HS6XX7f_EohX2tHO-q8WqHB0-tX0nDNtqNzHV2HGrmERqmLvbaBbObdTowNxt0hMr-e_3V7FtomU6v77wfflxw",
      "nome": "Episode 2"
    },
    {
      "numero": 3,
      "url": "https://www.blogger.com/video.g?token=AD6v5dzPvCPnvvDDlJbKLPNTDhTRCNyly1rLbDEP5EIDlSnlXI8T7kIwKUfl21V0PhxECsBIsGZywRNDuK_UBuVcziW77L3PDS07K514h7xQXkEuVxce38FAEtzdLTU7uZd2U8LxoH4P",
      "nome": "Episode 3"
    }
  ]
}