{
  "id": 101,
  "title": "Air",
  "title_jp": "AIR",
  "slug": "air",
  "type": "legendados",
  "format": "TV",
  "images": {
    "poster": "https://cdn.myanimelist.net/images/anime/1825/146531l.webp",
    "banner": "https://cdn.myanimelist.net/images/anime/1825/146531.jpg"
  },
  "trailer": "https://www.youtube-nocookie.com/embed/9oTsWYOUZHU?enablejsapi=1&wmode=opaque&autoplay=1",
  "synopsis": "Yukito Kunisaki is on a journey in search of the Winged Maiden who was bound to the sky centuries ago, after hearing an old childhood tale from his mother. As Yukito shows his puppet show to people in an attempt to make some money, he finds himself in a small town in which he did not expect to stay very long. However, when he meets an unusual girl named Misuzu, things take a drastic turn as he is invited to stay with her.\n\nBy staying in the quaint town, Yukito soon becomes friends with the locals. As he gets to know them better, he learns of their problems and decides to help, putting his search for the Winged Maiden on hold. With his search on hold, and his growing attachment to Misuzu and the small town, will Yukito ever find the Winged Maiden, or is she closer than he thought?\n\n[Written by MAL Rewrite]",
  "score": 7.27,
  "genres": [
    "Drama",
    "Romance",
    "Supernatural"
  ],
  "episodes": [
    {
      "numero": 1,
      "url": "https://www.blogger.com/video.g?token=AD6v5dxysK_h4Pbx1SIGVu1E21_SBnwWLr1bBSceMxs4RXm1Qk4EEqQVH9YE5YhFtJDtr1ViBWe9RLeYmJxTTr--EU_JlpHflJ4ARHCeCB-8Y_2N0lm5KOSgylQtiyPRHT1YRAmSnIU",
      "nome": "Breeze"
    },
    {
      "numero": 2,
      "url": "https://www.blogger.com/video.g?token=AD6v5dzv2T_IYXHrgB0iob-EjoqMCfMkQebr1JXfYgf5L-Y1GI0Qp_Q0sP0mk_mwB0J2x12BUApfo-J1wxNQSRdpmouflXi1kiGLh00xg-6c4ZMl1xRba2hskpeoRitCwqgMGoH6LreB",
      "nome": "Town"
    },
    {
      "numero": 3,
      "url": "https://www.blogger.com/video.g?token=AD6v5dwx1CWDoD0P94vd_EForj3Kn5PAuAg4YohTw-NP2yencGRrTRLL_AnC_rrXIOxkvG46ps6EQmqSodOFPDnACk-ErT7SkbUp_V1pEyOWPA9lEAC3RbyQXF0tzcYuE-5kMD5EQzE",
      "nome": "Whisper"
    },
    {
      "numero": 4,
      "url": "https://www.blogger.com/video.g?token=AD6v5dwfxpmXjBQIlJa-e4oiTx3-8JN_KPxGb36mG4F1YT2ysttG2oZ0VNhFBohkh-CbkF3o9sHCqZJNQgfkyaoS-qZYfJvx7CPuZ2m3aJxIWdH5rvYIh5MmBzmSLrKvkrQiJRDnmFk",
      "nome": "Plume"
    },
    {
      "numero": 5,
      "url": "https://www.blogger.com/video.g?token=AD6v5dye48EoBCKf-ucp8t0PKPv2HJoYHGH3rct2D1PoFCZMyTIWjorq_6Ck8sE8QyjwgWtF5Xr4xs6ERkxRHGjGXTW7DMHJqjxvvMH-VTVKVrcmvjO2TLJiLHjjfvEiBf2sm5exMGS0",
      "nome": "Wing"
    },
    {
      "numero": 6,
      "url": "https://www.blogger.com/video.g?token=AD6v5dyrUWsrdKElFMjWjN-LaNGySx5sQV0HyaEUv4lOX8jhax47fucxmn_tcapEZa3vAFOUc4QXbFBtv4k-Sw50dzQUR5gkMvfresUXxIxintH9AEE-geCBi5_vgz7v1o0HBINP0G0",
      "nome": "Star"
    },
    {
      "numero": 7,
      "url": "https://www.blogger.com/video.g?token=AD6v5dw8UC4FDol4r9PVU_H8H7LGZrKbPPO8L5ZLSqDvRQnZyj_kGMRdhsg4WVreZ6oewepriT9osPJs59Mxqvfg65huP5pbmihd0q64psc8g8Bxaje3Wrx4IEFXFVvIKJ-2DKyO2UM",
      "nome": "Dream"
    },
    {
      "numero": 8,
      "url": "https://www.blogger.com/video.g?token=AD6v5dxAA7USFQrXot559dyMwjIvsmt7uW6Y2nOWzhFQJSLAjdzn0QJBMjP_iKEzSTAJntf0z_zD-TC2fV14d0varq7zJuB1LMWdsD6inahE6rjhoB9rDCrFc1Uz1pfvJjwSxVWyhLhu",
      "nome": "Summer"
    },
    {
      "numero": 9,
      "url": "https://www.blogger.com/video.g?token=AD6v5dz9WMqPdD5bQFkSnFYCBNhO7UYDPWubl9I6rxrWe-MWtxR8-bKLp7QIDY8A7QlCl86VR46FuNUuH44MS9cjNYed3Z7MBzVN5Icj3ypY-iJQQ0D6SmV7pPw-TIrdA_mVb2M71Y0",
      "nome": "Moon"
    },
    {
      "numero": 10,
      "url": "https://www.blogger.com/video.g?token=AD6v5dyJJrhnLEx53zbztLt5TzHjBbAEdE0rdnS0dSSEKY06LI7EehL6EK4d_wVbZY_FsfdDVjD2bUa0-YDVmzZgbmDcirkhZUZX2nCSL9F0KUsuzidB7bIx6C30bU-cfgfKMsBb8Uvz",
      "nome": "Light"
    },
    {
      "numero": 11,
      "url": "https://www.blogger.com/video.g?token=AD6v5dwrUGR3IncAz4dpA-tbCqDDgHAv1lkzr7vmi9KHGV-0s8jKiKj03Vo_-00-j9SznuICWgpyNISOMZZOG3fVqyMiKPziDWttlEL_hMxHU6Zxq4-Nzx500ikbwtcvjD4jv35eTHao",
      "nome": "Sea"
    },
    {
      "numero": 12,
      "url": "https://www.blogger.com/video.g?token=AD6v5dyTSj6PomsHzsQpRpgW8SUoH4sQbmVxDL9sJjAIh8gmqsCiwQFCJlEHCAKovzK2x1D61ScRhQIo290XTXNFjOYvQyxHmfPJihVwGRdK3IHl_w1nK3ogJC7VQHcgLkiKQj1jwmE",
      "nome": "Air"
    },
    {
      "numero": 13,
      "url": "https://www.blogger.com/video.g?token=AD6v5dxn2l3pqC3sT2hQZthx2J68BZp2czlMqHE62zaGxZJuu2Z_9Xpy4qQcqMpKQIoD_j6QcWyDCi2khmm_0pS0qZ5zWTwy6w75zpFeCyGOvJ-0EtF0dbr9SldpfkJd2VWiWAfrge2I"
    }
  ]
}