{
  "id": 102,
  "title": "Aishiteruze Baby★★",
  "title_jp": "愛してるぜ ベイベ★★",
  "slug": "aishiteruze-baby",
  "type": "legendados",
  "format": "TV",
  "images": {
    "poster": "https://cdn.myanimelist.net/images/anime/2/69665l.webp",
    "banner": "https://cdn.myanimelist.net/images/anime/2/69665.jpg"
  },
  "trailer": null,
  "synopsis": "Katakura Kippei is in every way a high school playboy. Spending his days flirting with any girl he can see, responsibility is the last thing on his mind. Life takes an unexpected turn for him as one day he returns home to find himself with the full-time task of caring for his 5-year-old cousin. Kippei's aunt Miyako had disappeared, appearing to have abandoned his cousin, Yuzuyu. With Kippei's lack of responsibility and knowledge of childcare and Yuzuyu's injured heart with the disappearance of her mother, their time together is in for a bumpy ride.",
  "score": 7.43,
  "genres": [
    "Comedy",
    "Drama",
    "Romance"
  ],
  "episodes": [
    {
      "numero": 1,
      "url": "https://lightspeedst.net/s3/mp4/aishiteruze-baby/sd/1.mp4",
      "nome": "Yuzu is ★ 5 years old!"
    },
    {
      "numero": 2,
      "url": "https://lightspeedst.net/s3/mp4/aishiteruze-baby/sd/2.mp4",
      "nome": "Yuzu's Rice Ball!"
    },
    {
      "numero": 3,
      "url": "https://lightspeedst.net/s3/mp4/aishiteruze-baby/sd/3.mp4",
      "nome": "Where's Mama"
    },
    {
      "numero": 4,
      "url": "https://lightspeedst.net/s3/mp4/aishiteruze-baby/sd/4.mp4",
      "nome": "Yuzu's Crayons"
    },
    {
      "numero": 5,
      "url": "https://lightspeedst.net/s3/mp4/aishiteruze-baby/sd/5.mp4",
      "nome": "The Reason for Tears"
    },
    {
      "numero": 6,
      "url": "https://lightspeedst.net/s3/mp4/aishiteruze-baby/sd/6.mp4",
      "nome": "Bye-Bye, Yellow Hat"
    },
    {
      "numero": 7,
      "url": "https://lightspeedst.net/s3/mp4/aishiteruze-baby/sd/7.mp4",
      "nome": "One, Two! Pudding!"
    },
    {
      "numero": 8,
      "url": "https://lightspeedst.net/s3/mp4/aishiteruze-baby/sd/8.mp4",
      "nome": "Mr. Bear and Carrot and Papa and Mama"
    },
    {
      "numero": 9,
      "url": "https://lightspeedst.net/s3/mp4/aishiteruze-baby/sd/9.mp4",
      "nome": "Kokoro All Alone"
    },
    {
      "numero": 10,
      "url": "https://lightspeedst.net/s3/mp4/aishiteruze-baby/sd/10.mp4",
      "nome": "Jealousy"
    },
    {
      "numero": 11,
      "url": "https://lightspeedst.net/s3/mp4/aishiteruze-baby/sd/11.mp4",
      "nome": "Dumplings, Yuzu, and Kokoro"
    },
    {
      "numero": 12,
      "url": "https://lightspeedst.net/s3/mp4/aishiteruze-baby/sd/12.mp4",
      "nome": "Yuzu's Errand ♪"
    },
    {
      "numero": 13,
      "url": "https://lightspeedst.net/s3/mp4/aishiteruze-baby/sd/13.mp4",
      "nome": "Mama..."
    },
    {
      "numero": 14,
      "url": "https://lightspeedst.net/s3/mp4/aishiteruze-baby/sd/14.mp4",
      "nome": "Shouta-kun from Cherry Blossom Group"
    },
    {
      "numero": 15,
      "url": "https://lightspeedst.net/s3/mp4/aishiteruze-baby/sd/15.mp4",
      "nome": "Big Sister Goes to Parents' Day!\""
    },
    {
      "numero": 16,
      "url": "https://lightspeedst.net/s3/mp4/aishiteruze-baby/sd/16.mp4",
      "nome": "Shou-chan, Let's Meet Again..."
    },
    {
      "numero": 17,
      "url": "https://lightspeedst.net/s3/mp4/aishiteruze-baby/sd/17.mp4",
      "nome": "It's a Pool, It's a Bathing Suit, I'm Scared"
    },
    {
      "numero": 18,
      "url": "https://lightspeedst.net/s3/mp4/aishiteruze-baby/sd/18.mp4",
      "nome": "Miki-chan with the Red Hair"
    },
    {
      "numero": 19,
      "url": "https://lightspeedst.net/s3/mp4/aishiteruze-baby/sd/19.mp4",
      "nome": "Let's Walk in a Line"
    },
    {
      "numero": 20,
      "url": "https://lightspeedst.net/s3/mp4/aishiteruze-baby/sd/20.mp4",
      "nome": "Let's Go Home"
    },
    {
      "numero": 21,
      "url": "https://lightspeedst.net/s3/mp4/aishiteruze-baby/sd/21.mp4",
      "nome": "Summer is Ending..."
    },
    {
      "numero": 22,
      "url": "https://lightspeedst.net/s3/mp4/aishiteruze-baby/sd/22.mp4",
      "nome": "When I Grow Up"
    },
    {
      "numero": 23,
      "url": "https://lightspeedst.net/s3/mp4/aishiteruze-baby/sd/23.mp4",
      "nome": "Two Box Lunches"
    },
    {
      "numero": 24,
      "url": "https://lightspeedst.net/s3/mp4/aishiteruze-baby/sd/24.mp4",
      "nome": "A Letter to Your Favorite Person"
    },
    {
      "numero": 25,
      "url": "https://lightspeedst.net/s3/mp4/aishiteruze-baby/sd/25.mp4",
      "nome": "Mama's Pajamas"
    },
    {
      "numero": 26,
      "url": "https://lightspeedst.net/s3/mp4/aishiteruze-baby/sd/26.mp4",
      "nome": "I Love Everyone, Everyone"
    }
  ]
}