{
  "id": 32323,
  "title": "Aishen Qiaokeli-ing...",
  "title_jp": "爱神巧克力ING...",
  "slug": "aishen-qiaokeli-ing",
  "type": "legendados",
  "format": "ONA",
  "images": {
    "poster": "https://cdn.myanimelist.net/images/anime/6/78011l.webp",
    "banner": "https://cdn.myanimelist.net/images/anime/6/78011.jpg"
  },
  "trailer": null,
  "synopsis": "Jiang Hao Yi, a normal, high school student who is extremely scared of getting into trouble suddenly becomes the Harem King of his school and gets confessed to by a bunch of beautiful girls! The worst thing is, Jiang hao doesn't know any of the girls who confessed to him! What on earth is happening?\n\n(Source: Overworld Scans)",
  "score": 6.78,
  "genres": [
    "Comedy",
    "Romance"
  ],
  "episodes": [
    {
      "numero": 1,
      "url": "https://www.blogger.com/video.g?token=AD6v5dxCSfMRjfFOyjEhfEF8jfjvEnnrXKzJE-j25L4sNJgNmifPNwurVna0M562jJQszhIRgYNRFWM0thqaV-DYH1rK7KdgQQ0JTKmcFhqp_Oi_bLzKovJtu8_cc_NcDMX7YEZMqMU"
    },
    {
      "numero": 2,
      "url": "https://www.blogger.com/video.g?token=AD6v5dxCQBPWBXT5xNMcdV85GrR6UEZqj927WyRlLsha-ttQYHpl2WYfGuj47DDw30MHTjEu1faQtI-0mtPJyVr-fmSVKmB4WHq6RIAqg2Aw0tfiGGCUpBZEsWyT7EDNA9YIhL4Emvxh"
    },
    {
      "numero": 3,
      "url": "https://www.blogger.com/video.g?token=AD6v5dzf7wPGE57FDzrjuM-7Uf9ynJfXZXjQ5Tj1fa_yUoKayL0D0nhXC1RPBB6APfHmp-22pIYrK0TUODqM6aOP0q-wh0s1WNjRNMoGzUjB_jSZ-OklZMm-oQT7rbopI6ZHVg05OC4"
    },
    {
      "numero": 4,
      "url": "https://www.blogger.com/video.g?token=AD6v5dzzDhcDxHHQRP0mWH6iHanBt7AqxIE77uco1gbBTehldc_IvkkcjFbtUCv4cNMNP63atmPifN-i20xxsqNKGyO97MF7Mkb6EL2y6AnPVMwntK08zNp63DWsu_86BiU6IWFjLRo"
    },
    {
      "numero": 5,
      "url": "https://www.blogger.com/video.g?token=AD6v5dzhXfxXfhklIPP_PD8eDgdQrKYM_LOMnM_XVEGW9mIUIfSxgZQeVEa5x05AYxgtEAFNPYJ_VWxDRHaewuDsvSDR0rrZySWPh74X_lB7WY2X_Pr1HApxsiMtpLHq6M2YNKfBzxk"
    },
    {
      "numero": 6,
      "url": "https://www.blogger.com/video.g?token=AD6v5dx2_bqf5d6Z2sbEiL4Vck3RKmRKETLo1xEg4bRQKN9VgEkHjG17WlguDLQ7EAvIgQUozdntQ8oExHWWnCE5GFO1Dr3HPS_nGMJy9h0xRZsrnSWTI6JuHzLFoBAAYRLaKt2ObDE"
    },
    {
      "numero": 7,
      "url": "https://www.blogger.com/video.g?token=AD6v5dwFmR2dLagaZZCPMw8bS_Jrb2aiou-uNj9JvsUPAGA3CcEd6RtFB0Y7PGnnzL6tQIEXieuy6RN1YmNGQyQ3o1nwrD4Rs_JO_bnn0zRokJ3y47LXqJTlHwuBRITl1LSy7Ioi7ds"
    },
    {
      "numero": 8,
      "url": "https://www.blogger.com/video.g?token=AD6v5dw22saXbRa8Q-_9-3eaM0TBQX3uZuGL64lYUSLM2A1JE_2h3tLdN9p6MLBK4dTatRNoo644kTiQBvrEyk0-v9TRVltturhBDP0k7uwHjKv6HuEP_YEnGoXgXVFgEFjmy8YJ1Po"
    },
    {
      "numero": 9,
      "url": "https://www.blogger.com/video.g?token=AD6v5dy_NT30FKfbB_3macZUtdh-HlUx2nyxu94dawdkakivZ5KPDujq38v-FvMSfn0h1X5mp2f1fiA64Tj9ys8NM6k5BVsVTsySmbJUVuOJhg-r0dqM0fy7AZBYLMNFlDRfasSkh3Ru"
    },
    {
      "numero": 10,
      "url": "https://www.blogger.com/video.g?token=AD6v5dx2DgG-PAsM2poYeK2GENslp2o3Zcpz3pxBNNhq2HsmTiOwLN_VxxQ6TRLcYkIdKLRtCEDPsvYvZ10581ejCAvYbbLObuzVW8gtOuIv_87FmU4Ugjp5W8wZuzNrncLdklU_0fMX"
    },
    {
      "numero": 11,
      "url": "https://www.blogger.com/video.g?token=AD6v5dxrirk3_webBFYPSMkD-9WFJ3QHBA9U6f73SKJ4XlRGz9ZGlRFUQio2ks_nwbYs3A4PkdVsOyxCRk0sDG1rQuf3XWPqGvHfRCmTtZzkNGpVw6Ec4tmODBCQs9x5jAREc6B2SpLl"
    },
    {
      "numero": 12,
      "url": "https://www.blogger.com/video.g?token=AD6v5dxvQrL6JHi3VZuuPR_qpCrw0jExMMPTyYCqbPiBp1dK-QQCy1vAHSMTzRKzDWhmLFgsR46nzbpT1hj2_7yOPEs30oi7FptzOELOevgKtixEjemKwcE0KZ6alcHUbjLNo9viSJM"
    },
    {
      "numero": 13,
      "url": "https://www.blogger.com/video.g?token=AD6v5dy8ITbEzoa6D0gF88zAGtYNUWIrhrwDmqEmGvvImZ3GyfznzJaUiN_oLiZba5uLMYFl9mipKWaBCqe5V-PkGI_dpJQ2e7KXhyGR4RXuAy0PLktZ_9qt--z-Lw_r_0sqwlNxga8"
    },
    {
      "numero": 14,
      "url": "https://www.blogger.com/video.g?token=AD6v5dySZKYt3Ys7MyFtGmWTCaGSIekXlU6NrDiZQbNquHYEFibl9_50L-NhpUSgM-VWXL1LQnNc4lVLM7kaYy1LNlEIXMdaIO_jU1yI2F8EaATTZHQfZ4bBQ9COw3CBpeCIUzPnxJM"
    },
    {
      "numero": 15,
      "url": "https://www.blogger.com/video.g?token=AD6v5dyqvbZra1rDceDSHfVa6kBFBtgQSJEcjQ2m0sCqrCqOkkD2qALSO2mhRVtBum3ET1lE7EiFnoWjHrQmWb0dxIsnGUcMkLTa8fy5tKekmsAWvHu9rx5-w1YjFK68Te3RQMOmu7QC"
    }
  ]
}