{
  "id": 32323,
  "title": "Aishen Qiaokeli-ing... 2nd Season",
  "title_jp": "爱神巧克力ING...",
  "slug": "aishen-qiaokeli-ing-2nd-season",
  "type": "legendados",
  "format": "ONA",
  "images": {
    "poster": "https://cdn.myanimelist.net/images/anime/6/78011l.webp",
    "banner": "https://cdn.myanimelist.net/images/anime/6/78011.jpg"
  },
  "trailer": null,
  "synopsis": "Jiang Hao Yi, a normal, high school student who is extremely scared of getting into trouble suddenly becomes the Harem King of his school and gets confessed to by a bunch of beautiful girls! The worst thing is, Jiang hao doesn't know any of the girls who confessed to him! What on earth is happening?\n\n(Source: Overworld Scans)",
  "score": 6.78,
  "genres": [
    "Comedy",
    "Romance"
  ],
  "episodes": [
    {
      "numero": 1,
      "url": "https://www.blogger.com/video.g?token=AD6v5dwzMG6sg5t2db1Cx8LWE-XVgyByaYjJj1RCNQ8I1ub8mOQ8Uas79tymZ4Ezm850In5gotePHq7NuHlZQDymy_lCNWsImMFd-2bcmbrT3omjGwCIB1dPJ6XXe-Ii0QANZ2pO0WOw"
    },
    {
      "numero": 2,
      "url": "https://www.blogger.com/video.g?token=AD6v5dwnoj5Dqs-2D5sXQwlTDMfq2UGXT7saJ1oJMLD63qjkkkl47YebjqUreFLyvL2ct73ld9K-4DxgttzIxuJjHn5rWDRPpBeoRT9IidvbfOoxpag0LvWr4SpJ63Fex7jeagTf4Yc"
    },
    {
      "numero": 3,
      "url": "https://www.blogger.com/video.g?token=AD6v5dzx-AZGkU9hgjmcbeTGLOBVeJqkN-0xl_8JraF6gWX96eDdJLDeEqus8BIckk1e3P4ERprnH6Dq6IdrPcLQwreI2MqUgntkdJK0EjtrZZAL_JQqCsVOzodjioegcI_rVasVfGLc"
    },
    {
      "numero": 4,
      "url": "https://www.blogger.com/video.g?token=AD6v5dzlDDlZWsf8nBlM3bBIVUciLGMwSSHHfe1TxO5_0LisDPCMjVpFLBM9IqtX2H81U64Bo2v98pySoM2N4TPScaoSvcW47HoZ8nZzHDNuQDlophrccp07RuTM9dnT2HAjEq87Jps"
    },
    {
      "numero": 5,
      "url": "https://www.blogger.com/video.g?token=AD6v5dyH96DiLusaibjAQXrM3Q3z7zZI_Wps7tCw7TKsFLwG3FDZJKWglAzRHUoTEIfOS4IxqfOLoc2ixNAlci0SF-7yUiKeejBzAhC7B7olQ0AuhtoJVK4Jy6Rl14o05vwBqKl1pPXx"
    },
    {
      "numero": 6,
      "url": "https://www.blogger.com/video.g?token=AD6v5dzogi5mfq0yInBJzUaeDr6h-KsUQTs25MvcFvQO7z9CNNiv38uGpm1A90iC3-L1d-d4UBQ1bur1i4tPUt7HXpJPxlMu98MSTQVwxvEa-LZXHMTujCPRHFiVkDYBdencfCf2HAM"
    },
    {
      "numero": 7,
      "url": "https://www.blogger.com/video.g?token=AD6v5dwtkWaa7h5Zxhh5sQ2VXB32RFeHEqs-VWDVM4YSU2bl6tNuZW73eDPN0FGeMIwRmip6f-222IXKbRrFK9XAKDjhpmiC4T0hOhtyb6fNCoG1I-FW7GApkT-uJ8hla7iVWoDLGsk"
    },
    {
      "numero": 8,
      "url": "https://www.blogger.com/video.g?token=AD6v5dwyYFwrFKofXIXFkADTDwXzJBorVKhbxO4OtvpdeHtsQdRR40iK6r_B_-rUn-pbNyUhnCrYgTC7Wjv4zzEnIvL_hh5ZNqbh33Qw0TgXDldi6p4R_oxmg39mknfeKRF7vjVkfeDh"
    },
    {
      "numero": 9,
      "url": "https://www.blogger.com/video.g?token=AD6v5dxPC_oXBLtcmY2TSL6rbgFxoyBCC8mx0c0XjAlj1bq-HMvWj7_-boBg85O0ZOKeHCYIhKUwi7Cvn1X3j7vw3sNEIJZvzwgPMyt20yKOY-VlvA2yBOUVF_SohuGPffp_u8felsIq"
    },
    {
      "numero": 10,
      "url": "https://www.blogger.com/video.g?token=AD6v5dy5c9iskEdrezEvZn2llo25DyZpWsCmfKjRuQDzUORU8q2HKoVRiBjM9W0IMOHw3TArP2QNnUPzIziAqI0coSuBRKU7VkWF0UyLdAdbBdghxiBMwg1LnPvSX1bhLgF8SjlnZl4"
    },
    {
      "numero": 11,
      "url": "https://www.blogger.com/video.g?token=AD6v5dwsaCmuOmXr6t1DiXoVWKkF6PfgidEn-zOyRrSO1SZbXMzy0w2-pSaW0YE8XWxNFBmNjDxjEMYzS3EfUZY06nqElhjtMAZrRp8T71CnYjCn0DdSg0WRFP89mwoTlj4bif3zbHY"
    },
    {
      "numero": 12,
      "url": "https://www.blogger.com/video.g?token=AD6v5dzPI4VZlFTnqS8nKDWf96k5dvD9DXA278lMgRI5aAcrcA2fEe9hYX5N4IhXQcQ6avVTarNeHH3NGn8BCdLyAAPeS0F_YAfwXbROM-gD8_mHBjO-JjZQv8GGb_AgkAXivIK4B0rA"
    },
    {
      "numero": 13,
      "url": "https://www.blogger.com/video.g?token=AD6v5dylwON20C3HjGZG6sTfHv5NqNFR8Bn57VMDDFyKlP8AX0wXwfKoymWOa7Ec7tvKIUs30YsP5mQFdN2IMJEJlcTrEWQJB1E6V7Vd-oAmGUrLBlRiSauQIJ8vwOA_TAWt33MX8Uo"
    },
    {
      "numero": 14,
      "url": "https://www.blogger.com/video.g?token=AD6v5dxWbA3Wpf75apfBu_zgmfzeoQamKX-0mkid_WhBcXsft1kUrtALqoS5VMfVfSzF1mMFWAdzTaNMGodE9SI-BSy3jY7ocy4tTEM8Ciu6NOAtat7_rhwOmcSRwQsrY6EvxxcaNuU"
    },
    {
      "numero": 15,
      "url": "https://www.blogger.com/video.g?token=AD6v5dxWbA3Wpf75apfBu_zgmfzeoQamKX-0mkid_WhBcXsft1kUrtALqoS5VMfVfSzF1mMFWAdzTaNMGodE9SI-BSy3jY7ocy4tTEM8Ciu6NOAtat7_rhwOmcSRwQsrY6EvxxcaNuU"
    },
    {
      "numero": 16,
      "url": "https://www.blogger.com/video.g?token=AD6v5dxd6PnGuv8IY3f_RYwkKLzfBqfAtGb3BJZuLGn4O1VeJ8Mw7uoWfkxeFEB4z9LvQPhsywzsYWQO5io_Pdej6QPFfuGmzNLsDt72-qT18hLyVB2751thWixJRDkDDYuro8i4XHg"
    }
  ]
}