{
  "id": 17082,
  "title": "Aiura",
  "title_jp": "あいうら",
  "slug": "aiura",
  "type": "legendados",
  "format": "TV",
  "images": {
    "poster": "https://cdn.myanimelist.net/images/anime/4/60699l.webp",
    "banner": "https://cdn.myanimelist.net/images/anime/4/60699.jpg"
  },
  "trailer": "https://www.youtube-nocookie.com/embed/tcCk8nqjS2I?enablejsapi=1&wmode=opaque&autoplay=1",
  "synopsis": "As spring vacation comes to a close, a new school semester approaches. Deciding to make the most of the remaining holiday, Ayuko Uehara takes a stroll into her neighborhood and stops by a small cafe. However, her peaceful day is abruptly disturbed when a girl clumsily bumps into her. Left puzzled by the encounter, Ayuko is even more surprised when she meets them again as freshmen at the same high school she attends. Recognizing her from the store, the girls introduce themselves as Kanaka Amaya and Saki Iwasawa, and the three quickly become friends.\n\nAs they go through their daily lives as high school girls, the trio's distinct personalities—Kanaka's happy-go-lucky attitude, Saki's tomboyish behavior, and Ayuko's easygoingness—are sure to make every mundane school day filled with silly and fun interactions.\n\n[Written by MAL Rewrite]",
  "score": 6.64,
  "genres": [
    "Slice of Life"
  ],
  "episodes": [
    {
      "numero": 1,
      "url": "https://www.blogger.com/video.g?token=AD6v5dyzhyqlZtNDMdi3pMLamU_5VW0M3zxjYaE7PNU_23CZtLkIdhklw6Nf-HPcQQ1KtbEkdRrGBER_cXbYxgMA7wa-8kN4UAAnuv77LRwIneWqt-kK7R3SMIpcot4Q3tZfoGodR0IM",
      "nome": "The Day Before"
    },
    {
      "numero": 2,
      "url": "https://www.blogger.com/video.g?token=AD6v5dwLN_aCtm7LZKWvzvYW_dsrTzuBzFa6wZMgcDfvrgfDNG5L8kG6QZVIqGEeIPurKXT2wsUHZ4TTJTpbDCKWCmjPt2ZTBCouMOuzu6lsl5t3-FTC0IHRtWVXj_ITeandna6KdkA",
      "nome": "First Day of School"
    },
    {
      "numero": 3,
      "url": "https://www.blogger.com/video.g?token=AD6v5dx2J1LnP1ni9N_M5jeQtbofT4NiQfPu6UQRH8sU4lIf0Iep0Lbndj5GXsWORFIRdF4hzsbfCkqhQXn9FlnTAmWsTexMuzY53c4_Ei_DAOlTq9eGfgMpxtnbsFAAXkxvxVNCyGM",
      "nome": "Home Room"
    },
    {
      "numero": 4,
      "url": "https://www.blogger.com/video.g?token=AD6v5dynSfGCSiDUbqcMVfXYTqGhzCC6U_reHalEmlWwm5LX-jB0BWTSgvWYEkHO12dNqM4SdBt6EZa9Z4U3d6d_zBueJeNmTlno7BODNKMh1GB9HxTY4xyR9vbFNivn-ICNBkFtZtQ",
      "nome": "Sensei"
    },
    {
      "numero": 5,
      "url": "https://www.blogger.com/video.g?token=AD6v5dziyrfN0EmQ5P8fB5YYOLJmLD6kGHS4s41EgriR-cuE4Mf2vJ_R-TD0EAIDcXWWe_jd_JVRcXFpHrZa9vSvgvPBlouITcxKzMEQ1q87XpvAGBZi_IBvuiIFhDJPqERxLMVmwbyZ",
      "nome": "Incident"
    },
    {
      "numero": 6,
      "url": "https://www.blogger.com/video.g?token=AD6v5dxujOK3hiZceNZ3EuDkdN_khrWwgn-p26DU_kAPVT1maY2VUmfYP0R_BT3W8QFrOROryEcaD8pJayYogU1AYmc0R9TjQqK-D1hwzz9uBFVHKeOK2vajen2TpyXJmHAmdFimr5I",
      "nome": "Younger Brother"
    },
    {
      "numero": 7,
      "url": "https://www.blogger.com/video.g?token=AD6v5dwkZzynJJSXSbRQruxRJ_swL-KtY-d7wIvGXo_NgBrColysKvmwLfptYCS7QPdUgUoYyrXBm6ENn6swSR65h4N3vKFZDUDSvbSnMdiiBywnTQcv2CiGtj5BxtxMbvVThqvbsQs",
      "nome": "The Amaya Household"
    },
    {
      "numero": 8,
      "url": "https://www.blogger.com/video.g?token=AD6v5dzrWcJcD85ZJhxHhmj0RR9X6cfbPwLRCN8JQD2n1lwZG2tzrMQtvt8CfHuCNakWVguXMRGD58aNCiHkpFUoULMeGyZbkScxQKWzIheON6aDCBM9oTuxFtkzOVhzsyc7pR9tG39y",
      "nome": "Club Activities"
    },
    {
      "numero": 9,
      "url": "https://www.blogger.com/video.g?token=AD6v5dzliGJ71bmJdVNayfTTQkVw_BsbBF7n5AXBAGrpLNc9pD95u1WSxpbBKDmdBErUJYJFilyNtpAUtb66cv4Fhn0KXa6Szt17jYnJYelEtbknbJuSVskuywTZI-2ubVnkRbk5tbEa",
      "nome": "Dreams"
    },
    {
      "numero": 10,
      "url": "https://www.blogger.com/video.g?token=AD6v5dxI9HQUcxtV3N7pZ7qB3CnO_4Y9EF6avhs-ws69osUGrGAxLXhyFY2-El8mbZdn0gAZk6LdubFnIhZ7wn0OrDxoqUPfe3-ncn2-iT_PUMbolI50XL91RrXekGDQsm2ziITtyNt-",
      "nome": "Problem"
    },
    {
      "numero": 11,
      "url": "https://www.blogger.com/video.g?token=AD6v5dzDKr9S1c09zLH3g6Xo8PPRNID_IrCGDk9OWh3Ta06xxYBHYSnSft43Hps015UbATFyWP37Q1bOAMPOvxeW5T-axp5VZei47BXfKUf2L47IkWedk_QjhaKZDVFqE6rGaU7ajHs",
      "nome": "Rain"
    },
    {
      "numero": 12,
      "url": "https://www.blogger.com/video.g?token=AD6v5dzJEaGQqWqBcg03YdmtBdYAN1Cv8TH0t2Opm5H0hUsWUJBqdGtomgttX2nizlo6J-l129eW8rvNHq6XBqeSbf1ZyPOZDVtrnTK9ffvnkh1ePTRa_IU3oYbtMlwf4FUzKvDW8x0",
      "nome": "See You Tomorrow"
    }
  ]
}