{
  "id": 31580,
  "title": "Ajin",
  "title_jp": "亜人",
  "slug": "ajin",
  "type": "legendados",
  "format": "TV",
  "images": {
    "poster": "https://cdn.myanimelist.net/images/anime/13/77968l.webp",
    "banner": "https://cdn.myanimelist.net/images/anime/13/77968.jpg"
  },
  "trailer": "https://www.youtube-nocookie.com/embed/V62kcgCXNJU?enablejsapi=1&wmode=opaque&autoplay=1",
  "synopsis": "Mysterious immortal humans known as \"Ajin\" first appeared 17 years ago in Africa. Upon their discovery, they were labeled as a threat to mankind, as they might use their powers for evil and were incapable of being destroyed. Since then, whenever an Ajin is found within society, they are to be arrested and taken into custody immediately.\n\nStudying hard to become a doctor, Kei Nagai is a high schooler who knows very little about Ajin, only having seen them appear in the news every now and then. Students are taught that these creatures are not considered to be human, but Kei doesn't pay much attention in class. As a result, his perilously little grasp on this subject proves to be completely irrelevant when he survives an accident that was supposed to claim his life, signaling his rebirth as an Ajin and the start of his days of torment. However, as he finds himself alone on the run from the entire world, Kei soon realizes that more of his species may be a lot closer than he thinks.\n\n[Written by MAL Rewrite]",
  "score": 7.38,
  "genres": [
    "Action",
    "Horror",
    "Mystery",
    "Supernatural"
  ],
  "episodes": [
    {
      "numero": 1,
      "url": "https://www.blogger.com/video.g?token=AD6v5dy9RvXa4oeyl6v8Qgb-xJkds2UrTn3m6Ze-8N_ChjaUH5IWYhmZDMDM4q9SoPwHxCBCXzaA1iVhCYk2FbDCM1_JKDJ3UtvPbPUeYAajw2-de7IW-eiBFT5omXL6vL2o-C-tgDY",
      "nome": "A Topic That Has Nothing to Do with Us"
    },
    {
      "numero": 2,
      "url": "https://www.blogger.com/video.g?token=AD6v5dziHJt4KdVEO6w8xFqwDQwEGPufTFU1pphyChD5P3Pq2iXRFOzBXBWo1hzeXRLxSnAnp_qFrZOgldn2n7Dkrfg39a2GONeeRnrjsUbOF8jKrvgqpRm6me1JXW0liurGJHf52HYl",
      "nome": "Why Is This Happening to Me? I Didn't Do Anything Wrong!"
    },
    {
      "numero": 3,
      "url": "https://www.blogger.com/video.g?token=AD6v5dzGbsWBIotPpylv6mSlfS7r-vYeu3p9N8OAY1a1klEj2QXfpMxIr56TCIghzJm3Vc_RJSEJmT9KTUnFvunbKro3E1L1Y3YBplbWL0sTuaRTU1sAsmc7_ig0g47o7lvehDlWdyIg",
      "nome": "Maybe It's Hopeless Now?"
    },
    {
      "numero": 4,
      "url": "https://www.blogger.com/video.g?token=AD6v5dyTJBJzTNnpfFs_IVkC6Rjx0CkLbx_MfkctwxL5vo7IQmvpNx1q6HDpXDHH0joAhl18O1vIf5EIzroaoUnjgZi4ex394P9uz0m0GjzjsueNtPM7vaSGQ84Yx7Kz0k47pavJemh8",
      "nome": "Have You Seen a Black Ghost?"
    },
    {
      "numero": 5,
      "url": "https://www.blogger.com/video.g?token=AD6v5dw-UYqzhkeDieoDYutUQTC2zId-YE7hfL-Xz6x8Mjgsdw65yVkeJl1uVXV_NrLS5RFGQV33s1AfEBhhjyiXo08LoMukVKl1qrtSJv3ERhUEUhE87ey5IJo7j37Bz0kZ_9Pbnykz",
      "nome": "The Kind of Garbage That Looks Down on Others, Yet Begs for Their Help"
    },
    {
      "numero": 6,
      "url": "https://www.blogger.com/video.g?token=AD6v5dw-V9IlwUECSM2aNyAaO2iRn5XaSreK65P33sxdGoMS8SZfAGTrv_BjICy_EbUq4JQWJI55BqPepGe9BxDpYqypfX3jmSv9WWSbM2qBNXIe6C1H__8s9mP6V0v4GU6A_ACT0Ac",
      "nome": "I'm Going to Kill You Too!"
    },
    {
      "numero": 7,
      "url": "https://www.blogger.com/video.g?token=AD6v5dzt848ydZ-V6YQWtw7lI77GGeyA-Q_jIw4MhZlHGHnHXI_JfHw9SaoO6EeylQxk4jAduURJXFbfeUIcUlwqHqUrbby4tQPOAmyQop98h7pAatq0vUS70J-Dy2tgsQ5ET0b2vB4",
      "nome": "And Conceal Them in a Place Where They'll Never Be Found Again"
    },
    {
      "numero": 8,
      "url": "https://www.blogger.com/video.g?token=AD6v5dx0ppanyDJobdAqOL0E-CeQTNs_nP1CYh6_9Jr1rzNKf8DiBrbtfTiCef5J70prYM0L0dW4jxjPftxw6JMxHLriS9n3krB8x24UNCFXFv0p9NIHLMAJHQ3yYE6ub8XQKmvR6pA",
      "nome": "Brace for Impact"
    },
    {
      "numero": 9,
      "url": "https://www.blogger.com/video.g?token=AD6v5dzN6njIrUTsIlTGP8fNI9k33CILaes7D_OWDoRiBqjrEZv9w1NZMOMd9uYrqSi4yGQSzy-3FG2PgqiDkDg_sDRvkhhMmFpIxtfBX2ks5XJk0ZEv7Ryk52iaRciiZvCo42WUhAxt",
      "nome": "Wait, Let's Keep Talking"
    },
    {
      "numero": 10,
      "url": "https://www.blogger.com/video.g?token=AD6v5dyR6GQKhFGc3pfr-J2FMy4yxCFnIGgk6cVWn5wDxlvzTSAS6pK8ak9hTMns3c5-tzkMWk35bcnc7dK9WBPuT121DDNz8xTEXzphnjFdbI6lCNNvXRLKlqeVzAutLiLjGvhO3nbu",
      "nome": "It Starts Decaying the Moment It's Created"
    },
    {
      "numero": 11,
      "url": "https://www.blogger.com/video.g?token=AD6v5dwbpLrd1zb2gxIBjjlUPWsOERCIbL2vOtyvO-u3jYWvQXDr0EQERQX3ywKdE-gJ-bLJwHue1xneXy7bE3BGk0Rj4KwXzRC4CeLC5pnwkBdtltH312xJORZNBcrRixkKt5xmBDxj",
      "nome": "Now Then, It's Showtime"
    },
    {
      "numero": 12,
      "url": "https://www.blogger.com/video.g?token=AD6v5dwBxPbLfIQq4sM1WuMQ6sG8LD1RF5Jp8Q4UJuHaDWpq6JvBJuYkK63O2UuGuI9U8givPyu8HHkHVGROYbACR3C_3t1ZWnM0JE5HMynism_DxKWnn3cG6kRsPs6XT48WRFbIuYKA",
      "nome": "Man, That Sure Was Tiring"
    },
    {
      "numero": 13,
      "url": "https://www.blogger.com/video.g?token=AD6v5dyxfLepZGmUZ4coiiaAOVffkQ3yfQlVJo_fG3TrCw4M5bU34UfNh1Htb3LqTcpoxNnrIRj8UINHab0XZZEQEl8aZ_SDXMLqk_41RVOwfBLzs_78g3uYfC9Rt1nc3zOWZb5IH8xx",
      "nome": "Satou-san, It's Your Fault Everything's Messed Up"
    }
  ]
}