{
  "id": 31483,
  "title": "Akagami no Shirayuki-hime: Nandemonai Takaramono, Kono Page",
  "title_jp": "赤髪の白雪姫 ～なんでもない宝物、この頁～",
  "slug": "akagami-no-shirayuki-hime-nandemonai-takaramono-kono-page",
  "type": "legendados",
  "format": "OVA",
  "images": {
    "poster": "https://cdn.myanimelist.net/images/anime/10/77943l.webp",
    "banner": "https://cdn.myanimelist.net/images/anime/10/77943.jpg"
  },
  "trailer": "https://www.youtube-nocookie.com/embed/G2aAl0bbU04?enablejsapi=1&wmode=opaque&autoplay=1",
  "synopsis": "Bundled with the limited edition 15th volume of the manga.",
  "score": 7.71,
  "genres": [
    "Drama",
    "Romance"
  ],
  "episodes": [
    {
      "numero": 1,
      "url": "https://lightspeedst.net/s3/mp4/akagami-no-shirayuki-hime-nandemonai-takaramono-kono-page/hd/1.mp4"
    }
  ]
}