{
  "id": 283,
  "title": "Akage no Anne",
  "title_jp": "赤毛のアン",
  "slug": "akage-no-anne",
  "type": "legendados",
  "format": "TV",
  "images": {
    "poster": "https://cdn.myanimelist.net/images/anime/1365/115824l.webp",
    "banner": "https://cdn.myanimelist.net/images/anime/1365/115824.jpg"
  },
  "trailer": "https://www.youtube-nocookie.com/embed/4RMCIB_oe6k?enablejsapi=1&wmode=opaque&autoplay=1",
  "synopsis": "Life is not easy for Anne Shirley, an 11-year-old orphan with a vast imagination and a short temper. In a twist of fate, she gets taken into the Cuthbert house in Avonlea. The elderly occupants Marilla and Matthew Cuthbert were looking for a young boy to help in the fields, but they're in for quite a shock when they realize Anne is a girl.\n\nAdapted from the acclaimed classic by L. M. Montgomery, Akage no Anne portrays Anne's upbringing from 11 to 17 years of age and her encounters and separations with various people. Only time will tell what major decision Anne has to make that will change her life forever.\n\n[Written by MAL Rewrite]",
  "score": 7.86,
  "genres": [
    "Drama"
  ],
  "episodes": [
    {
      "numero": 1,
      "url": "https://lightspeedst.net/s2/mp4/akage-no-anne/sd/1.mp4",
      "nome": "Matthew Cuthbert is Surprised"
    },
    {
      "numero": 2,
      "url": "https://lightspeedst.net/s2/mp4/akage-no-anne/sd/2.mp4",
      "nome": "Marilla Cuthbert is Surprised"
    },
    {
      "numero": 3,
      "url": "https://lightspeedst.net/s2/mp4/akage-no-anne/sd/3.mp4",
      "nome": "Morning at Green Gables"
    },
    {
      "numero": 4,
      "url": "https://lightspeedst.net/s2/mp4/akage-no-anne/sd/4.mp4",
      "nome": "Anne's History"
    },
    {
      "numero": 5,
      "url": "https://lightspeedst.net/s2/mp4/akage-no-anne/sd/5.mp4",
      "nome": "Marilla Makes up Her Mind"
    },
    {
      "numero": 6,
      "url": "https://lightspeedst.net/s2/mp4/akage-no-anne/sd/6.mp4",
      "nome": "Anne of Green Gables"
    },
    {
      "numero": 7,
      "url": "https://lightspeedst.net/s2/mp4/akage-no-anne/sd/7.mp4",
      "nome": "Mrs. Rachel Lynde is Properly Horrified"
    },
    {
      "numero": 8,
      "url": "https://lightspeedst.net/s2/mp4/akage-no-anne/sd/8.mp4",
      "nome": "Anne's Impressions of Sunday School"
    },
    {
      "numero": 9,
      "url": "https://lightspeedst.net/s2/mp4/akage-no-anne/sd/9.mp4",
      "nome": "A Solemn Vow"
    },
    {
      "numero": 10,
      "url": "https://lightspeedst.net/s2/mp4/akage-no-anne/sd/10.mp4",
      "nome": "Anne Plays with a Best Friend"
    },
    {
      "numero": 11,
      "url": "https://lightspeedst.net/s2/mp4/akage-no-anne/sd/11.mp4",
      "nome": "Anne Loses Marilla's Brooch"
    },
    {
      "numero": 12,
      "url": "https://lightspeedst.net/s2/mp4/akage-no-anne/sd/12.mp4",
      "nome": "Anne's Confession"
    },
    {
      "numero": 13,
      "url": "https://lightspeedst.net/s2/mp4/akage-no-anne/sd/13.mp4",
      "nome": "Anne Goes to School"
    },
    {
      "numero": 14,
      "url": "https://lightspeedst.net/s2/mp4/akage-no-anne/sd/14.mp4",
      "nome": "A Tempest in Class"
    },
    {
      "numero": 15,
      "url": "https://lightspeedst.net/s2/mp4/akage-no-anne/sd/15.mp4",
      "nome": "Fall is Coming"
    },
    {
      "numero": 16,
      "url": "https://lightspeedst.net/s2/mp4/akage-no-anne/sd/16.mp4",
      "nome": "Diana is Invited to Tea"
    },
    {
      "numero": 17,
      "url": "https://lightspeedst.net/s2/mp4/akage-no-anne/sd/17.mp4",
      "nome": "Anne Returns to School"
    },
    {
      "numero": 18,
      "url": "https://lightspeedst.net/s2/mp4/akage-no-anne/sd/18.mp4",
      "nome": "Anne Rescues Minnie May"
    },
    {
      "numero": 19,
      "url": "https://lightspeedst.net/s2/mp4/akage-no-anne/sd/19.mp4",
      "nome": "Diana's Birthday"
    },
    {
      "numero": 20,
      "url": "https://lightspeedst.net/s2/mp4/akage-no-anne/sd/20.mp4",
      "nome": "Spring Once Again"
    },
    {
      "numero": 21,
      "url": "https://lightspeedst.net/s2/mp4/akage-no-anne/sd/21.mp4",
      "nome": "The New Minister's Wife"
    },
    {
      "numero": 22,
      "url": "https://lightspeedst.net/s2/mp4/akage-no-anne/sd/22.mp4",
      "nome": "The Wrong Ingredient"
    },
    {
      "numero": 23,
      "url": "https://lightspeedst.net/s2/mp4/akage-no-anne/sd/23.mp4",
      "nome": "Anne is Invited to Tea"
    },
    {
      "numero": 24,
      "url": "https://lightspeedst.net/s2/mp4/akage-no-anne/sd/24.mp4",
      "nome": "An Affair of Honour"
    },
    {
      "numero": 25,
      "url": "https://lightspeedst.net/s2/mp4/akage-no-anne/sd/25.mp4",
      "nome": "A Letter to Diana"
    },
    {
      "numero": 26,
      "url": "https://lightspeedst.net/s2/mp4/akage-no-anne/sd/26.mp4",
      "nome": "The Concert Plan"
    },
    {
      "numero": 27,
      "url": "https://lightspeedst.net/s2/mp4/akage-no-anne/sd/27.mp4",
      "nome": "Matthew and the Clothes Shop"
    },
    {
      "numero": 28,
      "url": "https://lightspeedst.net/s2/mp4/akage-no-anne/sd/28.mp4",
      "nome": "The Christmas Concert"
    },
    {
      "numero": 29,
      "url": "https://lightspeedst.net/s2/mp4/akage-no-anne/sd/29.mp4",
      "nome": "Anne Starts the Story-telling Club"
    },
    {
      "numero": 30,
      "url": "https://lightspeedst.net/s2/mp4/akage-no-anne/sd/30.mp4",
      "nome": "Vanity and Heartache"
    },
    {
      "numero": 31,
      "url": "https://lightspeedst.net/s2/mp4/akage-no-anne/sd/31.mp4",
      "nome": "An Unfortunate Lily Maid"
    },
    {
      "numero": 32,
      "url": "https://lightspeedst.net/s2/mp4/akage-no-anne/sd/32.mp4",
      "nome": "An Epoch in Anne's Life"
    },
    {
      "numero": 33,
      "url": "https://lightspeedst.net/s2/mp4/akage-no-anne/sd/33.mp4",
      "nome": "An Invitation to Queen's Class"
    },
    {
      "numero": 34,
      "url": "https://lightspeedst.net/s2/mp4/akage-no-anne/sd/34.mp4",
      "nome": "Diana and the Students at Queens"
    },
    {
      "numero": 35,
      "url": "https://lightspeedst.net/s2/mp4/akage-no-anne/sd/35.mp4",
      "nome": "Longing for the Summer Holidays"
    },
    {
      "numero": 36,
      "url": "https://lightspeedst.net/s2/mp4/akage-no-anne/sd/36.mp4",
      "nome": "The Future of the Story Club"
    },
    {
      "numero": 37,
      "url": "https://lightspeedst.net/s2/mp4/akage-no-anne/sd/37.mp4",
      "nome": "A 15-Year-Old's Spring"
    },
    {
      "numero": 38,
      "url": "https://lightspeedst.net/s2/mp4/akage-no-anne/sd/38.mp4",
      "nome": "My Number is 13"
    },
    {
      "numero": 39,
      "url": "https://lightspeedst.net/s2/mp4/akage-no-anne/sd/39.mp4",
      "nome": "The Results"
    },
    {
      "numero": 40,
      "url": "https://lightspeedst.net/s2/mp4/akage-no-anne/sd/40.mp4",
      "nome": "The Concert Hotel"
    },
    {
      "numero": 41,
      "url": "https://lightspeedst.net/s2/mp4/akage-no-anne/sd/41.mp4",
      "nome": "Off to Queen's College"
    },
    {
      "numero": 42,
      "url": "https://lightspeedst.net/s2/mp4/akage-no-anne/sd/42.mp4",
      "nome": "Life on a New Campus"
    },
    {
      "numero": 43,
      "url": "https://lightspeedst.net/s2/mp4/akage-no-anne/sd/43.mp4",
      "nome": "Home for the Weekends"
    },
    {
      "numero": 44,
      "url": "https://lightspeedst.net/s2/mp4/akage-no-anne/sd/44.mp4",
      "nome": "The Winter at Queen's"
    },
    {
      "numero": 45,
      "url": "https://lightspeedst.net/s2/mp4/akage-no-anne/sd/45.mp4",
      "nome": "The Glory and the Dream"
    },
    {
      "numero": 46,
      "url": "https://lightspeedst.net/s2/mp4/akage-no-anne/sd/46.mp4",
      "nome": "Matthew's Love"
    },
    {
      "numero": 47,
      "url": "https://lightspeedst.net/s2/mp4/akage-no-anne/sd/47.mp4",
      "nome": "The Reaper Whose Name is Death"
    },
    {
      "numero": 48,
      "url": "https://lightspeedst.net/s2/mp4/akage-no-anne/sd/48.mp4",
      "nome": "Matthew's Farewell"
    },
    {
      "numero": 49,
      "url": "https://lightspeedst.net/s2/mp4/akage-no-anne/sd/49.mp4",
      "nome": "The Bend in the Road"
    },
    {
      "numero": 50,
      "url": "https://lightspeedst.net/s2/mp4/akage-no-anne/sd/50.mp4",
      "nome": "All is Well on Earth"
    }
  ]
}