{
  "id": 30123,
  "title": "Akagami no Shirayuki-hime",
  "title_jp": "赤髪の白雪姫",
  "slug": "akagami-no-shirayuki-hime",
  "type": "legendados",
  "format": "TV",
  "images": {
    "poster": "https://cdn.myanimelist.net/images/anime/10/75764l.webp",
    "banner": "https://cdn.myanimelist.net/images/anime/10/75764.jpg"
  },
  "trailer": "https://www.youtube-nocookie.com/embed/XzXLibJm6GE?enablejsapi=1&wmode=opaque&autoplay=1",
  "synopsis": "Although her name means \"snow white,\" Shirayuki is a cheerful, red-haired girl living in the country of Tanbarun who works diligently as an apothecary at her herbal shop. Her life changes drastically when she is noticed by the silly prince of Tanbarun, Prince Raji, who then tries to force her to become his concubine. Unwilling to give up her freedom, Shirayuki cuts her long red hair and escapes into the forest, where she is rescued from Raji by Zen Wistalia, the second prince of a neighboring country, and his two aides. Hoping to repay her debt to the trio someday, Shirayuki sets her sights on pursuing a career as the court herbalist in Zen's country, Clarines.\n\nAkagami no Shirayuki-hime depicts Shirayuki's journey toward a new life at the royal palace of Clarines, as well as Zen's endeavor to become a prince worthy of his title. As loyal friendships are forged and deadly enemies formed, Shirayuki and Zen slowly learn to support each other as they walk their own paths.\n\n[Written by MAL Rewrite]",
  "score": 7.76,
  "genres": [
    "Drama",
    "Romance"
  ],
  "episodes": [
    {
      "numero": 1,
      "url": "https://www.blogger.com/video.g?token=AD6v5dz24cbicFIPokhzIqcZlNaGLJGu4-ozqzYzR4mhCn0m2HgIRTYT0I21HZQBqZElWXfX6NKhwVQ4gYKZRFGgkAL-bnXDxKOYpUqsVei_Ryou9CzrsrodFiZ7_Beg54XK1LviQA",
      "nome": "Encounter... Changing the Color of Fate"
    },
    {
      "numero": 2,
      "url": "https://www.blogger.com/video.g?token=AD6v5dzqxR0G71TKfXn1he9mXXYP3SbFgyZ0O7VzKBuIVig7mdCxs0YOsdVjxrBk_Rj1lAMEQY8zyuweFYS4B8ooYqRoJKc3qzXvvwEK81czXFnNlsW-c4xDCGwEh5vH1EQ5qixQsd1x",
      "nome": "Following the Sound of Your Heart"
    },
    {
      "numero": 3,
      "url": "https://www.blogger.com/video.g?token=AD6v5dwnLl8CThWeJrC9bQqaKhhVuFKtg_nx6RLPystZlKaugr8iBLhml-TvhVRbHrKKhGpePOaxgyrkF32H0do2Um9ggxgd9Om5DW71PRIlBhnqYJ-Y5wZ8C7VwRZoF-U0PPn-znUQ",
      "nome": "Shining Time of Promise"
    },
    {
      "numero": 4,
      "url": "https://www.blogger.com/video.g?token=AD6v5dxsmF8q_hscpmW-DpCc0WABRTHc4rXtVUqJZZJMwj6zqy0uBRKjUPpW0-03TdEqDnW0AZSbeMTJtbyqlVVdVuGNzZSRgKNtv0Z8pfQLpC_ndQVI6vYqDofFNCVcQO_adMtyi-k",
      "nome": "From the Small Hand, a Burgeoning Concerto Resonates"
    },
    {
      "numero": 5,
      "url": "https://www.blogger.com/video.g?token=AD6v5dw-HLxgYVgcLWuOwvkmEJXbPKHArM52XBdJoUtPi7bJAIB7QG-fQPNsu_Wbf207RhY4ECvrk2LdDFSj1jKXmJ_EChcybQlP34Mns-GgPWDyDXfVTSpply38ngwSrgD4Hym1vzg",
      "nome": "This Path, the Crystallization of Premonition"
    },
    {
      "numero": 6,
      "url": "https://www.blogger.com/video.g?token=AD6v5dyVP1WkLzEWXxuOafCr0IMlBcBeU6XcpeBWXn-ev6OhfyKMvNyAwXBtiRvHqo8gCHxUz4BkC_acBRCi5ujZuyV-JBGf-7ggicuXU9_-eGV2yr4tKSjL8p7y1SyL1XHA7eS21Pg",
      "nome": "The Back Full of Meaning"
    },
    {
      "numero": 7,
      "url": "https://www.blogger.com/video.g?token=AD6v5dwa-7TEjqpl3j6vwnaVLZPG7LW4LT3Uzn0DxFN30k-0sskiqU_5VdFzD1wm2gk81opOODtV6NUWV6SSMgyAgO9BxYvvIayI2Y7xQsy5h5FHR5VUxb1PuhjnL-hW9Nfscj6LT5w",
      "nome": "Let Me Hear the Melody of Your Smile"
    },
    {
      "numero": 8,
      "url": "https://www.blogger.com/video.g?token=AD6v5dz1OfHa68sqnICD_5dOZcnbTNuX-qlezuccszAGeQIlxsg4mMm91Mo_kfYYA-pSRQAMIIoOAHDO_z-1fAicbFbS955762MQVdXhVdG-Piu3TP44io4R85s3FB3nxsemV5tR7Rti",
      "nome": "Memories Draw Spirals of the Past..."
    },
    {
      "numero": 9,
      "url": "https://www.blogger.com/video.g?token=AD6v5dyB3CLv2Vp_TQBRyKnbeuL496lXZtEwddUe0XPAG7Cs81HWwropmojhExrKyLoMqPpzKFrdCpUU4ZCQBeUKMZ-ti_FQXRIoedaFDsdDZFI2IN4nmdhgaEdrCgq1YECGU4PyYWI",
      "nome": "Feelings that Connect and Reach"
    },
    {
      "numero": 10,
      "url": "https://www.blogger.com/video.g?token=AD6v5dz3sRBz1PgrelvklpoMNpMrKKycdvVDFPop78OiJTfKga5xbpnbhQV9gfyIPUAl6VyS2dxvKarW-DATHlFBAVzkD2Wb73mJzDJy-82rSKVYMxqcWg5wY7OE-0pj1pxGreb1Krfz",
      "nome": "Inexperienced Heart, Going Deeper"
    },
    {
      "numero": 11,
      "url": "https://www.blogger.com/video.g?token=AD6v5dzkzbLV3f_F1OX4x4G4opqurG3DqrxZ3Vo6FvZer621I_pz927nezQFWW3yubIFk7hmlOVEYVnWgMCMr5KtQTgsR1O9rKfI77b4nd9k6G0NkuCEuZrFdkNvTsLStiGsIualBqo",
      "nome": "Encountering... A Color for the First Time"
    },
    {
      "numero": 12,
      "url": "https://www.blogger.com/video.g?token=AD6v5dxNV1wQx1qqywkelZa00A31zvng4S3AbCr-MJONjoqRcxmBGH0yccqXVXEMDW9KhezgJP3GSqtTKdqfwHxExkShiFZHmU4UQxgDhdzdQSdYRn53awUmIp6QcLCDWW9p8qpXoAah",
      "nome": "Goodbye to the Beginning"
    }
  ]
}