{
  "id": 31173,
  "title": "Akagami no Shirayuki-hime 2nd Season",
  "title_jp": "赤髪の白雪姫",
  "slug": "akagami-no-shirayuki-hime-2nd-season",
  "type": "legendados",
  "format": "TV",
  "images": {
    "poster": "https://cdn.myanimelist.net/images/anime/12/77834l.webp",
    "banner": "https://cdn.myanimelist.net/images/anime/12/77834.jpg"
  },
  "trailer": "https://www.youtube-nocookie.com/embed/yP9kzpaQF20?enablejsapi=1&wmode=opaque&autoplay=1",
  "synopsis": "Shirayuki and Zen Wistalia have finally confirmed their romantic feelings for each other, and everyone has resumed their daily lives. Shirayuki remains an apprentice court herbalist at the royal palace of Clarines, and Zen continues his duties alongside his aides.\n\nHowever, their daily routines are disrupted when Crown Prince Izana, Zen’s older brother, receives an invitation from Raji Shenazard, the prince of Tanbarun. The herbalist finds herself ordered to go to Tanbarun for seven days, to build a new friendship with the formerly selfish and haughty ruler who once ordered Shirayuki to become his concubine. Along the way, Shirayuki is bound to run into trouble once again, as she is sought by a mysterious boy named Kazuki, someone she has never met.\n\n[Written by MAL Rewrite]",
  "score": 7.97,
  "genres": [
    "Drama",
    "Romance"
  ],
  "episodes": [
    {
      "numero": 1,
      "url": "https://www.blogger.com/video.g?token=AD6v5dyc73Sb_bu8HWAfMGh1O-CyFU9YBpPIREWFUWJNR2PudZnvQe64iDeClMZ0nBldm2cIC6nm72NAshtAsDVX7Jbr_-IbqCLcx7rUxjYLq5ez1uWiN2CREpJRYW45KPod42GX5UcY",
      "nome": "The Red that Spins Fate"
    },
    {
      "numero": 2,
      "url": "https://www.blogger.com/video.g?token=AD6v5dwABq4yoz-Ikd4p34a0WH2N1mnjWu1JBmY0qNCzhAO22QhweX8J99W8x0cVEHet9uYUAY0AFR-aH60gMtg89aU9LuCWbupQW5ckc4yf1gsMa1R61fKULConkzw8TlVfw587bcQ",
      "nome": "Eyes that Protect and Look Forward"
    },
    {
      "numero": 3,
      "url": "https://www.blogger.com/video.g?token=AD6v5dxDyP-UgqiAKZE5-A0-iSOzhLQv0kYmVLp71GIixyny4L0zPnNP1lWWJCOYy3fZ5RXUAdD5Yn51LJEUXji4x_H_UOitY80prlb408RXTu3DydmoE8T4owFKInP7_lRm2rKbBO1m",
      "nome": "Indecision Caused By Confusion"
    },
    {
      "numero": 4,
      "url": "https://www.blogger.com/video.g?token=AD6v5dw6ORiCdevDHuJxiV3iSmsAu03g10VQ2U0Z8gGe3JrYI_KjNEpQ_AHGbbGjWqF2j99aFxpK-6PFEigk8nx33haB2vfDdC8GbuKhJ6h7NllnLHw_K3I_ce8JDkq_nmYeUaRxSq40",
      "nome": "The Name of that Step Is Change"
    },
    {
      "numero": 5,
      "url": "https://www.blogger.com/video.g?token=AD6v5dzZIYKo-FjeRiylA_VtJGzf8EHSzHJ91wEgCzlzFUmL8teHl9rdZp7h6ML39Kngomi_F3djHg4E6hl8-5RQXxb_SV_xnsxmfVUWJ3FuoRIdF2G4wuku5yVTtZtAYYAyCOJAUY0",
      "nome": "Prologue of the Quietly Twisting Night"
    },
    {
      "numero": 6,
      "url": "https://www.blogger.com/video.g?token=AD6v5dxJhgB8J0eMtTVXE_tVMnYOpZX74Zv1gB5ejC64-c2lXpEjR_9hW3AK4qU5XEqHVW-qEzRegz2COpr1yDnZRxrGwXW0wZgNPZIjomuSDB9aABzBP0GdIp4lXDTKOzM2UpoSp71_",
      "nome": "Many Different Resolves"
    },
    {
      "numero": 7,
      "url": "https://www.blogger.com/video.g?token=AD6v5dxxyqCc-PnEjyeiQTIszylpG1GSp4pO95EWltZcUPh4HCALSiTI63VuxFKxjGdTywhHx6vbaAzbBSPHNyLminB9aadiIPYRNaqcvEy1NfOj_DhwuSLdu4fzuz0sRzLaJvZKz3sW",
      "nome": "Wave of Determination"
    },
    {
      "numero": 8,
      "url": "https://www.blogger.com/video.g?token=AD6v5dx3Pqd-ey0HiC6ub8rOZadkzYsEZVuGprfuL_9sz1T7lljRBtFSXJC3htCybk2UtX8IkjRRAkHpJFDjk0jAVDcsRQyVcWY7gT6wsSBeTPQaOAluAL_ZG2h0EB_naRDcRbb8G9Fq",
      "nome": "The Temperature of a Smile, a Cherished Place"
    },
    {
      "numero": 9,
      "url": "https://www.blogger.com/video.g?token=AD6v5dwO6CM8_cpBsbjEk02cRtEQqw1p_8Gg1xnrCWKtSmZE280YtAo0mAjwwcU9yk-sOzEclS2fMOp0De53-FdTNUSJHfiRiNUbPKjdi4ytFC44Zz-DqiT-8C6lhKF8r95F4Wx0KpQ",
      "nome": "When I'm with You…"
    },
    {
      "numero": 10,
      "url": "https://www.blogger.com/video.g?token=AD6v5dzw640-4HZVNNxfemANULSM-lT5J10UR0o9Go-r1ZQX-U2p5ZGPzpflSSYTylrYc_V9sXvTMak5g6dyBoZGdhQWkieMVvCizIuQCzqjqzB2pBdBBNiCs0Jv0cLU7cv0wjvy1Xc",
      "nome": "The Spring of Intent Will Quench Your Thirst"
    },
    {
      "numero": 11,
      "url": "https://www.blogger.com/video.g?token=AD6v5dxcyDblOFe3SoXLrENFyETVOg5IdX9NpzcKtE22SjzVwdTl05V-jMwI5qha-YObt1KzGKJxxSZmM7QYm0TrU7-a121HotRABjYo9D_UgGCnaRznoScag8RnZGMdfuk9QhtNFTzO",
      "nome": "The Future Because of Who You Are"
    },
    {
      "numero": 12,
      "url": "https://www.blogger.com/video.g?token=AD6v5dyd7G3s98giU6bFr6VnTTsyDYpx-dI2se-_h_n0fFeuu-J5kdt1tSfHBPAt63ilT_4E2d_RTHL9udyGboW4Px6XTkct4n0pg5k02J-OPQ1aWtgJRYN4TbFOs31C7lNGkpAO-zpV",
      "nome": "My Story, My Path"
    }
  ]
}