{
  "id": 309,
  "title": "Akahori Gedou Hour Rabuge",
  "title_jp": "あかほり外道アワーらぶげ",
  "slug": "akahori-gedou-hour-rabuge",
  "type": "legendados",
  "format": "TV",
  "images": {
    "poster": "https://cdn.myanimelist.net/images/anime/4/75541l.webp",
    "banner": "https://cdn.myanimelist.net/images/anime/4/75541.jpg"
  },
  "trailer": null,
  "synopsis": "Akahori Gedou Hour Rabuge is an anime series that combined episodes of two related stories into one broadcast block.\n\nZettai Seigi Love Pheromone\nYoshizumi Aimi and Sasajima Kaoruko are comic duo, Their dream is to become popular and stand on the Broadway stage.However, their names are not well-known, and they have to do part-time jobs.To make their names popular, they decided to do side job. It is heroines of justice, They will beat villains one after another, but after that, there is nothing but ruins. People are afraid of them and even rumor that they are evil. (Source: ANN)\n\nSoreyuke! Gedou Otometai\nThe five Hokke sisters lost their parents when they were quite young. Although they are poor, they`re living comfortably because they have a dream, which is to be evil. The Hokke Family has belonged to an evil organization and worked as a combatant. When their father died, he left them a message that asked them to become a villain that he couldn`t become. However they wondered how to become the best villains.\n\nOne day, the youngest sister Utano found a jar. They were told not to open it until they we`re 18. It was sealed by a talisman labeled R18. Akuma-ko broke the seal on the jar and a devil appeared. The demon said they had special powers inside of them, when they have the weapons in their hands they would turn into Gedo Otome Tai. (Source: AnimeNfo)",
  "score": 6.09,
  "genres": [
    "Comedy"
  ],
  "episodes": [
    {
      "numero": 1,
      "url": "https://lightspeedst.net/s3/mp4/akahori-gedou-hour-rabuge/sd/1.mp4"
    },
    {
      "numero": 2,
      "url": "https://lightspeedst.net/s3/mp4/akahori-gedou-hour-rabuge/sd/2.mp4"
    },
    {
      "numero": 3,
      "url": "https://lightspeedst.net/s3/mp4/akahori-gedou-hour-rabuge/sd/3.mp4"
    },
    {
      "numero": 4,
      "url": "https://lightspeedst.net/s3/mp4/akahori-gedou-hour-rabuge/sd/4.mp4"
    },
    {
      "numero": 5,
      "url": "https://lightspeedst.net/s3/mp4/akahori-gedou-hour-rabuge/sd/5.mp4"
    },
    {
      "numero": 6,
      "url": "https://lightspeedst.net/s3/mp4/akahori-gedou-hour-rabuge/sd/6.mp4"
    },
    {
      "numero": 7,
      "url": "https://lightspeedst.net/s3/mp4/akahori-gedou-hour-rabuge/sd/7.mp4"
    },
    {
      "numero": 8,
      "url": "https://lightspeedst.net/s3/mp4/akahori-gedou-hour-rabuge/sd/8.mp4"
    },
    {
      "numero": 9,
      "url": "https://lightspeedst.net/s3/mp4/akahori-gedou-hour-rabuge/sd/9.mp4"
    },
    {
      "numero": 10,
      "url": "https://lightspeedst.net/s3/mp4/akahori-gedou-hour-rabuge/sd/10.mp4"
    },
    {
      "numero": 11,
      "url": "https://lightspeedst.net/s3/mp4/akahori-gedou-hour-rabuge/sd/11.mp4"
    },
    {
      "numero": 12,
      "url": "https://lightspeedst.net/s3/mp4/akahori-gedou-hour-rabuge/sd/12.mp4"
    },
    {
      "numero": 13,
      "url": "https://lightspeedst.net/s3/mp4/akahori-gedou-hour-rabuge/sd/13.mp4"
    }
  ]
}