{
  "id": 2688,
  "title": "Akai Koudan Zillion (Dublado)",
  "title_jp": "赤い光弾ジリオン",
  "slug": "akai-koudan-zillion-dublado",
  "type": "dublados",
  "format": "TV",
  "images": {
    "poster": "https://cdn.myanimelist.net/images/anime/8/41797l.webp",
    "banner": "https://cdn.myanimelist.net/images/anime/8/41797.jpg"
  },
  "trailer": null,
  "synopsis": "The story takes place on the planet Maris in the year 2387. Around this time, the Nozas started to genocidally kill all humans in order to lay eggs and reproduce on the planet. Three mysterious guns dubbed the \"Zillion Weapon System\" appear and three teens (JJ, Champ, and Apple) are chosen to wield them as the White Knights in order to fight back against the Nozas.\n\n(Source: Wikipedia)",
  "score": 6.59,
  "genres": [
    "Action",
    "Adventure",
    "Sci-Fi"
  ],
  "episodes": [
    {
      "numero": 1,
      "url": "https://www.blogger.com/video.g?token=AD6v5dwyMT9QWP2Mj3e48P1J25PZoW5kGfMCatZX6F62Tbo93_uFEm_WN_vFDGG_q-I64NnjoLMz-2thNaP2NojO-s1Uh6TEwLK3u9b388-Rr36vSx1W5C-RdPenVUMzLhdyHWQJptk"
    },
    {
      "numero": 2,
      "url": "https://www.blogger.com/video.g?token=AD6v5dy1JHa5bPYBXLnnbMW9hGiZUoMHbThhDcGV8Mx2sweapbQMYyHBdiFD1I9ugdI2oRlsaRdG6N-bksn2-dNQ75yLXLiV5W9sMn-5Vo8nEDN2kc7feEckGiyjW0O9Dc9NUVRleyc"
    },
    {
      "numero": 3,
      "url": "https://www.blogger.com/video.g?token=AD6v5dzjVkBQTyXu0Ocf95PdJsApTg5BXZdzIgfIcsMuWxhz0o7AW-Z_1VXImbmJY8S7YI-bvx2M00SG61nEpxbKsNuGcSRoBHIJ8T8OSg6G9urvi4LH0BZP_moeg5dHbs6gZbiwxus"
    },
    {
      "numero": 4,
      "url": "https://www.blogger.com/video.g?token=AD6v5dzDooTA9Ir5JxiV2Tykk-kbR_gcLjLEE7ni2satVbonnbadoEhtLwHMC5PePXMeOsOwQUIn9M6gkW58gYQQuuURSZrUewemo8uX3JUV5cGskhoVjn4Zbe7e3tH0uADYChvo9DI"
    },
    {
      "numero": 5,
      "url": "https://www.blogger.com/video.g?token=AD6v5dwRONJq41qBIMRGTKX6qyOFgEHdGIdwz6QQNYA2VWBKAwVLtuQZxD8Kg2c4p3Rg99W-zkGWml74CGjPuQXwMMVny0c2oiUQyC8JA1A7O4UtW3WZkdlQRRGra8s-lCLwf8zHJ1s"
    },
    {
      "numero": 6,
      "url": "https://www.blogger.com/video.g?token=AD6v5dzeJXdJEiwR26Pr_b30YPrJx8hQl5GyKBFjFHz5ZSsAHqtQnhHXMrWZJWRs8gQf3XQWmAOlULhU5HK7ez-jeo_vM9YEIOGiJFoElFZobUH_gS8HIqiN2qVhAO2kTjYTdP20ngsx"
    },
    {
      "numero": 7,
      "url": "https://www.blogger.com/video.g?token=AD6v5dxrLld0vSgg-09GMnO2rf-NRl6UxS3_ZCHE8phYQXVHiDNTKJrKbMbhXFzwv1VcxQ3sTlzq44qhv3U_GDkYDNdggWXpnv2LH4-qaoP6XfcaIrW5tHSb7iEK6GtdlLUcTvw6riZu"
    },
    {
      "numero": 8,
      "url": "https://www.blogger.com/video.g?token=AD6v5dyAQOTtyGvsSgkJrRojSIOoJGOFXPo81PrBa1mE6u7SbZwIz2io2qEu6bTt4YAXeMr_epIUg1DfxYH9C-pmKhac23rKPQf9Pie8FR8J3qXIpoqMIhdhCtQpqjl0yYZsYnkQn14"
    },
    {
      "numero": 9,
      "url": "https://www.blogger.com/video.g?token=AD6v5dwQyMPfIQWy7eGLXShMbYBhqF36zd_FUu7h3gcIV_NHGElNqO4P3TA3fFi7yoCBRdZwS0G1CG9x_G3X-g6RmWt4O2qt-wVsVNqXWVBjp8NwN0NnL4gDBX3a0pPzqGE17df9V8o"
    },
    {
      "numero": 10,
      "url": "https://www.blogger.com/video.g?token=AD6v5dy9PoZzwo7ftP0iIVK7lhJo4wJ_tlCOf_QFVhDn1Zpxy2Ef2wBPyfIkKbdiuvbMpQiyRW_gEE2-qV0frUMuiXA0z-UZtmKIl_Vt95zO1DIfQuSMy0hR7SAQ6vde1ZmlDONURhNA"
    },
    {
      "numero": 11,
      "url": "https://www.blogger.com/video.g?token=AD6v5dwzUWh7DE68ESev3JwrhFJ7V50RV3t1JKmZjO5_i63sOmlSzUzJuZkXG4oeeI75RhpCRmW3rv9d706h3wuhn3sD1HLQmG_hC77Rukqr2PtSvxWguMsPvymP0PYkmMe0kkyBblk"
    },
    {
      "numero": 12,
      "url": "https://www.blogger.com/video.g?token=AD6v5dxvmAHBCQslDJWyfeA_yEqy_zPhLlgPSFYRjpKJspBm7wLzYASsrju_h0I7AoxYLAhokNQSkgUPi38AiVSlYCfm3u_TnlFzbCFPu1USabq-JewkZvXcTkVEhttxwzIyra1PLPc"
    },
    {
      "numero": 13,
      "url": "https://www.blogger.com/video.g?token=AD6v5dwTaWFUMlp6rm-KO_fCWmTIGbQbrnxOSdjCCIN33F-xdhfX7snZOPLYX-BIiKWnvwtjarg32OiUiaKDxEIT55ejud7vi8s8dOsUpJ1OapxsixtJT3soqGeXDcWzsj9gKpVys4ie"
    },
    {
      "numero": 14,
      "url": "https://www.blogger.com/video.g?token=AD6v5dwPk8-sPSdG28DwMWxGkaxw917YUh2D9K5L9RSN4EFYQZuW7OQs1p4lzabhICPBueBRdml-2fNb796o3zIEUWeNQ9elozsRkmpbw6xeBhzvNDG4PRD8bE5WDhvGcw6Xy24w3oQ"
    },
    {
      "numero": 15,
      "url": "https://www.blogger.com/video.g?token=AD6v5dwxpw4eWZfYxc6Hyx9dbMBBgjccMxJLd2B8x4VSACGks74hIwVGZk30BN9CxvlZLvtLIcYGAXjbpY90gj_2g7uiCp9vMMfxWHWfTKd_tEC8Yg_x9zaK1G3dEpPeVOfklsDOsbE"
    },
    {
      "numero": 16,
      "url": "https://www.blogger.com/video.g?token=AD6v5dyBHSUBfo1ceUOt3aYgNcevByd3cJAmJA3Zn6onNJ7kRPLIolvKlheJKJUXpAhltleDW03Lee6IauEXjgQCHHh6xM0L97kA4r2YiPOTcCqYM4wkmv87FCmOhqpNlNwgNQh4NNcc"
    },
    {
      "numero": 17,
      "url": "https://www.blogger.com/video.g?token=AD6v5dydHkdB1gchsurHVPaonViXdN4Y4mfr66z80MN1rUVEAZgwyBjvsZPiZpBoZ3oatfWRcXjFBhmFHfBQEzdwSALcwjieSSDuMaFpbs8vNkVZmhc0iq0wKypfJmT2PZDe-ccVl2jx"
    },
    {
      "numero": 18,
      "url": "https://www.blogger.com/video.g?token=AD6v5dxPsmW4a95YphlKNIIhTa_cVY_P3bnyMCy4U8QiI74UAvQCzHPBIW5dudzCd7zqSSUQDmcHr2sMeKomCA6g1bK8yduLVo_xtHryaFnO_bHcJ7OvYKJFn0CAGY8k1RXkWsO5xUgN"
    },
    {
      "numero": 19,
      "url": "https://www.blogger.com/video.g?token=AD6v5dzPoMZ7GheJcKFZY5_26qN9ZHE3hCNUioz98AcAcm_gbdRHWd2bJzNz2d2WVcpPpLpw31tM8pd8ZKxgUzJMvLoh7DwjdDOuvWDjjyqCJUTdipIZuouSCYqkj3nGNHj1EvnGOoMe"
    },
    {
      "numero": 20,
      "url": "https://www.blogger.com/video.g?token=AD6v5dzhGkFy42JD8tn-KcPojhlsn7p-9YbUQvbDQ_rxqzlnTIZqxVml67el_m5uSAxrp1P8islhEh_5mWmmTsOPR5K2KabTxLtP8b3nWzZW1lZOrO2BdbW10doSvEQkxM8du4_wNf8"
    },
    {
      "numero": 21,
      "url": "https://www.blogger.com/video.g?token=AD6v5dxo9_tIIA0oXlznIESeCBBEdckd9UK0HZbmSnb6b961veeyXZuYuv1DfN-46Ekik1iwpmrV22Z1cySMWeGw9aTIWz8JGP1H6wgpJhZlIg00iDfoCBKzJwY5exRUosmEvo16oQ"
    },
    {
      "numero": 22,
      "url": "https://www.blogger.com/video.g?token=AD6v5dwEiGqrRHI6wGob44kVUel_nudG6uQ3baUe-XJ25OYg4w5wANFv8Crcd-y390rIwevSp2OXPEuqZifX-w9YSb77nl6deeHpjTR_FSUvbHLaKxnNM2qPS27tspk921LkCXw9Uj1-"
    },
    {
      "numero": 23,
      "url": "https://www.blogger.com/video.g?token=AD6v5dzaMUoZBTkvURAltKFYHR113mwQVxvVWnNC4cyT5_PR92ZJ3KH9s2XHPLaAQY01Se46amvXI3-nYeYFCCSX71CitcISVOn4UWNvDse3cicEOciUHATD6kcV9Q5x5aXOCQOdIB48"
    },
    {
      "numero": 24,
      "url": "https://www.blogger.com/video.g?token=AD6v5dwPOP_xodbW8nkj5W-uBkle7PPsFM_Ce-SAG9wN8RmyTCJoyKD--n5KxIZGnzqwAwjgScTiY0E8ULq-eUGo8_qSMqEs83-JaGxqVUCBBNKM0FDS8xIhTdsOv91SyjJ72cD4DpOR"
    },
    {
      "numero": 25,
      "url": "https://www.blogger.com/video.g?token=AD6v5dzOB0m3b0EANZvyZeqq8RxCO9FQYPdbdAMq5AlcxSUowPwW4AoKcMmQh6r9v5XJzEfrmnv2Fj8Vzd9tKEDADC5aXdA3-NGRUzyt9r_Y9GZAju-0j9FufWNJEXCS0NsTURfZYq0"
    },
    {
      "numero": 26,
      "url": "https://www.blogger.com/video.g?token=AD6v5dwErFty87usE2WupCiDAhZ-xHWMwlqPICsJ-IsnMo-r0Mudd5JQAuFE_fH7irGnIhoegV1pIw1A_QwhoxX5Xhd8DtUMP88AGTaZb1qFN5qS_xSnftqIrB3tNFYroNho4pjDu6z5"
    },
    {
      "numero": 27,
      "url": "https://www.blogger.com/video.g?token=AD6v5dz5BW1rjhAtx2TenyA_mWN50sTB95PcFTIzC9a1uRX0_FScZaVfKDXl9fS0nmZGTHTq5FLUAq6CyZI-n8Gglcygo3I6cgZZz8GtHhJwyFuKWxZGxwU8Ih-eDpPrEBj-em1QoP1g"
    },
    {
      "numero": 28,
      "url": "https://www.blogger.com/video.g?token=AD6v5dx-QZBymTAIRgpS3tsr3NVLDJoqSflQBZnQ32YqPer03SbDp8gN8qihrYGE66ExMnn-ddCn9fHFqbVGM00OGW5xHUmZ94JomDMv95Ky_RZ-bv8_ZOtlpbkfKcr-sFDEo0wPv-o"
    },
    {
      "numero": 29,
      "url": "https://www.blogger.com/video.g?token=AD6v5dzD91aYwuDONocfUHFVAi2qTeHjZqKh2VOtP-O4X0-DKJ-e7DhjNUufPkmwyK78AB8vjO_y_k-qetUE3pKNzT0c6rtFOmAjL62HRmCQbmVKf6APuN-e6hpYEnDYrg8Yk3WrUGA"
    },
    {
      "numero": 30,
      "url": "https://www.blogger.com/video.g?token=AD6v5dwhTCmjK3gyYb4BjpMvZayvtONolIpzSnXOlyFOQtSScFGkjWAYII2RY4KcMomf5shByro28TbxxmP3hoKk1lJknxLzzG12YcU1C4go7ww6PHJ8x6TEqI7vo756vXydFi5AFvI"
    },
    {
      "numero": 31,
      "url": "https://www.blogger.com/video.g?token=AD6v5dwXoMifZUmYb-tX28-JpIazZcmcBn9Q7tqej5GnjBmaMprH1Zibw8JiWE5xhX5bVB3cHMNsEMIBiTFlLj7yRf-b_D4i3x2P8dup-fcNfx7u4O2xgi1zKuL0wEsUPqCgkDdCw_c0"
    }
  ]
}