{
  "id": 22199,
  "title": "Akame ga Kill!",
  "title_jp": "アカメが斬る！",
  "slug": "akame-ga-kill",
  "type": "legendados",
  "format": "TV",
  "images": {
    "poster": "https://cdn.myanimelist.net/images/anime/1429/95946l.webp",
    "banner": "https://cdn.myanimelist.net/images/anime/1429/95946.jpg"
  },
  "trailer": "https://www.youtube-nocookie.com/embed/HOB4GZ1S1Wo?enablejsapi=1&wmode=opaque&autoplay=1",
  "synopsis": "Night Raid is the covert assassination branch of the Revolutionary Army, an uprising assembled to overthrow Prime Minister Honest, whose avarice and greed for power has led him to take advantage of the child emperor's inexperience. Without a strong and benevolent leader, the rest of the nation is left to drown in poverty, strife, and ruin. Though the Night Raid members are all experienced killers, they understand that taking lives is far from commendable and that they will likely face retribution as they mercilessly eliminate anyone who stands in the revolution's way.\n\nThis merry band of assassins' newest member is Tatsumi, a naïve boy from a remote village who had embarked on a journey to help his impoverished hometown and was won over by not only Night Raid's ideals, but also their resolve. Akame ga Kill! follows Tatsumi as he fights the Empire and comes face-to-face with powerful weapons, enemy assassins, challenges to his own morals and values, and ultimately, what it truly means to be an assassin with a cause.\n\n[Written by MAL Rewrite]",
  "score": 7.48,
  "genres": [
    "Action",
    "Fantasy"
  ],
  "episodes": [
    {
      "numero": 1,
      "url": "https://www.blogger.com/video.g?token=AD6v5dzKRtVThA6Loon4Y2BxRt0u2UYpVpcxGPtz8ny88soOAjsvjGeCjJ2UqJvlF2as2qrpDX4ey6ijNrQfzVfHRBCx81gP9YP7D-plIBPDhu_Ijy3LSGoF0ghfNrer3nNtJtHYOho",
      "nome": "Kill the Darkness"
    },
    {
      "numero": 2,
      "url": "https://www.blogger.com/video.g?token=AD6v5dzfNFeVpXgu5ah6psqDJgO7Nt3SXEC25Kb2PdGSt-ZmXQety5lJWz4t1-mrbnBnqbcwVf9FJ3eIHkJMCzRjLrm0St-4xXE3LUM0V3jEcuuHtMDM6441LtON93pfg-AW-fFGM64",
      "nome": "Kill the Authority"
    },
    {
      "numero": 3,
      "url": "https://www.blogger.com/video.g?token=AD6v5dwJKnImQcYOC6zfsrJvwFkQ4yLCzjtgTkiurv2G6jvEceLzFX4WWPCOI9C9PtDskS_CTbuWoh12pv_An_efFasEAmuz7mfRmcS1dnD_s9M25v4gUiCM4hL6UEXiZs49LoaFiJE",
      "nome": "Kill Your Cares"
    },
    {
      "numero": 4,
      "url": "https://www.blogger.com/video.g?token=AD6v5dxdB65wa0cNMgoZGT5MOlRefW2Lyga2V4iEkn0Q2Qa3M9pR4UGH9yVkwl86CJFITHqk3x6VvF6QjwivpFE05vG6TolfA6Dh6WMcI8Q0EmagokTBalIUlERvDt_b1BXpwjmrdpUN",
      "nome": "Kill the Imperial Arm Users"
    },
    {
      "numero": 5,
      "url": "https://www.blogger.com/video.g?token=AD6v5dy6HiYoST47wE4BOXIdKbveZxyfKrAZOEizoEScQJJyePhNiK469viH8UHLD988TVskkng5hGIWyWqIy9DcrlZ85PY7G18yg4Kmq32VKo8WjzhMs-p_SjeShR7nUUUhQjieF1k",
      "nome": "Kill the Dream"
    },
    {
      "numero": 6,
      "url": "https://www.blogger.com/video.g?token=AD6v5dwbdg9ARC4EVsXG3iA1DAc8pH6aei3XoiT2BoI_cauVthh2fvGcy-56xDFcflnzXbzj0igx3vypG6xi9vYqKlcRMiabCUEXVchktfM7LRN4lIHxuJk1T544E_cIzOCY7s76Zaw",
      "nome": "Kill the Absolute Justice"
    },
    {
      "numero": 7,
      "url": "https://www.blogger.com/video.g?token=AD6v5dxFnAM0CjdnOyAVwdzOniTmtA-UYeujbANJ-FEU5HL6lf5vnBLpp0DOJrx_n34y5PNqU6qtnewTgMJCfgt1rNn5CYNRpashww4R7u0hlTlAJiiEA5mmx-9RebAIUxrKUVT2YkIE",
      "nome": "Kill the Three: Part 1"
    },
    {
      "numero": 8,
      "url": "https://www.blogger.com/video.g?token=AD6v5dy7NHdI8pB8yj1IRHEFQQmHCWib7LdQPnGkdl1mol7gB1wSlpF6RZkZF4UKSiMllUVDPlymga1t2MPZQnBseyhOKVnOWYrxPoTkwUsueyEqcTfOJb9TfbqMLb1eP8PYOa9aIfA",
      "nome": "Kill the Three: Part 2"
    },
    {
      "numero": 9,
      "url": "https://www.blogger.com/video.g?token=AD6v5dxxdXWwNqB_bREnxtezvCP-0nvdzFrGGTzcYb1zdXK4h2rF9jj2o9nIUhMLDHkX3TcggJhD3BtVobF_mO4JBOIEMf-yKj-qQ9sssJiCEa59hzEM-CjBlgc3EcOySOBSW4PQZpY",
      "nome": "Kill the Battle Fanatic"
    },
    {
      "numero": 10,
      "url": "https://www.blogger.com/video.g?token=AD6v5dzfaCvBljg8OKvVIzN2AJvT7p23qWdAXKT2_UJyq5NFEeoINnLA02dZaxcoCb3hZXkjroceeYglJcBnGRPfFdhi92IRMXBkxITMTowM9LvliNDTBIvJe5ufT1H_dAVESBktVNw",
      "nome": "Kill the Temptation"
    },
    {
      "numero": 11,
      "url": "https://www.blogger.com/video.g?token=AD6v5dw38RHpMYLk-lEx9WvVyjS4h-txGxdg193Rm2if_E8kbK7yn1rjrB2ZXbO312MLUSXy--ZGYvoCqy3cBHR3quI8tEp3j7QWymzapD3iim5kZ6wTO_S2TbsEJyDi8BYWfl_HiYsb",
      "nome": "Kill the Mad Scientist"
    },
    {
      "numero": 12,
      "url": "https://www.blogger.com/video.g?token=AD6v5dxugfXet8l9gdOKdffgaeSNQb1rUOIgEjcTeHRwS9USIj_tjVqwXvQG_JCiGO-MOEkwvqwJzspY56NIPg4Ao648DPMfSNeAKtrkbExvbzy9IQdBaXHnFJQ41rTvNIvn_gie5Mk",
      "nome": "Kill the Newcomers"
    },
    {
      "numero": 13,
      "url": "https://www.blogger.com/video.g?token=AD6v5dz60V9zZGK-DmElRXiKDnlTaoG_tydUjDs_Q46NfQutMU3rVAON8zRhO5Q2h9XdIIbOmcDzDRbzLRUoV-IPGSLDVWy2deg8NdliO4ElFSsOmJbEWQhKZcWH0z-vtf0WZHUUZlg",
      "nome": "Kill the Nuisances"
    },
    {
      "numero": 14,
      "url": "https://www.blogger.com/video.g?token=AD6v5dwRuthfdkE6CeVgX9VJyJcb_cV_uGvsN3Kc7-GlHKBv6sUXkQ4FbTd0kkKnryrqg6GjCN6m_zdhAbMY6mXzh7kMSlAsjw9Ujd6iTY0BFSn8gTfqdfONJZYlQfDN-YTmZ1xLeY_W",
      "nome": "Kill the Colossal Danger Beast"
    },
    {
      "numero": 15,
      "url": "https://www.blogger.com/video.g?token=AD6v5dyp2k0_I9CMpeV1MLPTP-SPoaAkhMBISsYr-pedUZBVhv6jmiri-Rcki0iJ1v8qVpEan2n3oU09AfbywmhjWkUfmkxTVLGm6QVrWv5EwlZ4hURAUI3shRachjFwjM1BEsDZ8Zsb",
      "nome": "Kill the Religious Organization"
    },
    {
      "numero": 16,
      "url": "https://www.blogger.com/video.g?token=AD6v5dzpqYx5Xr6xIVNR65BFT7LrWgx7b4yzUrk8N_9PEG5liQ35Szi9DD8VtiY8MOQwdzGxlp80UfOuIO9oIJm410bZTHPHmSD91wmFjXZ7XjQZ_6wuQeR-0TLJ_TUdSFDG-tuYkeE",
      "nome": "Kill the Puppets"
    },
    {
      "numero": 17,
      "url": "https://www.blogger.com/video.g?token=AD6v5dwpptvmvJgGolrLj7PCmxAdGME_qGzdWGVLIVUPk0Y1XObQuqRv_ZviriuLRqoPXvCV7OKTLzUyVPunbJUUI77h-DzkNJ62PUNLBvFxG_IXoYQfMaAGqbVr1pdmJoBtFeRZASz8",
      "nome": "Kill the Curse"
    },
    {
      "numero": 18,
      "url": "https://www.blogger.com/video.g?token=AD6v5dzW8BLDUFHVrtWabH25DRJQbY58WTr5ikGwr0mevOc5FBqoe6_cJgolnSZDiyV38GxLFpAuIcf7J6VEus4ekQVvT2-kLFFmZl_a2dKA8B6d13UvUdJ_0nnyS5o6IjzU0QoNmc8",
      "nome": "Kill the Demon"
    },
    {
      "numero": 19,
      "url": "https://www.blogger.com/video.g?token=AD6v5dzpOI6-mAECzMv3TE-QokxWKifdruoYRE9Ash0VN7ZhgUVCxCX6qSsjzyiwkvRgnso6COW7fE87U6I5ezOWj25xq-tIx-ReRDcluCANmPh4jZct3drxpQzZ_GHNEugddxVmdvRp",
      "nome": "Kill the Fate"
    },
    {
      "numero": 20,
      "url": "https://www.blogger.com/video.g?token=AD6v5dxU2YiuWQ2cyOJw4SRHxDZ9IyBFa9kN05iUOOm3qI99Wn9oGVgeQEqlvARkt8inkNU1ulSyAanPQHQePl_WIkMPvnMrSwfjcy33r9-nB7a80MISFftCsiCOZ2bkDRvhHEmkl2E",
      "nome": "Kill the Carnage"
    },
    {
      "numero": 21,
      "url": "https://www.blogger.com/video.g?token=AD6v5dxwnXywU-_9Y_ga0mp9r3N10uTPmm52GbYcCdDAL65xuA7xsf-b6YQXAoBdFXw-AdfDRpqsoWDRF6v-TEuOqdY5Lu-W28Lr-DLVMK9Teawi3jnpuTYuhzEH7T9Y8V240WbTx_g",
      "nome": "Kill the Despair"
    },
    {
      "numero": 22,
      "url": "https://www.blogger.com/video.g?token=AD6v5dxgyR5xQJwEDP9FayQ9Fptfp6cLvIVjJWACL1k5unGR5PZsw4_2LrdxE2SWuUB0w9kmHnWX4BSNrMKDfnWPBQDKxljXz0EJHnJIeVLDVWBUxy-MzVG3XHFwvipXGFH0qoQkdT0",
      "nome": "Kill the Little Sister"
    },
    {
      "numero": 23,
      "url": "https://www.blogger.com/video.g?token=AD6v5dzdSdaFbFCeWUcefns9XVGO991qi_6E9MK-_gMCdzqpCg4K9ifZJcbiv7zT24AgUTmfMM02zHeo4hFdKn7DKuWGIqf2O6OX7tkHSi9jCgLEg-hqsA37m08638bEL4FOUodAJsc",
      "nome": "Kill the Emperor"
    },
    {
      "numero": 24,
      "url": "https://www.blogger.com/video.g?token=AD6v5dyRDvbInMyLDGpjG5-WpQEBwVQQp319vyl4gKBOFXb1ws-POMISwFBqFFwu63ikYQyfbnCmT1a8RrIyYayDSQY_fiY1NgqrHZHx-7CACtJH2PjS2mEV8zS7Ew8ckUFDHMTxfGNN",
      "nome": "Akame ga Kill!"
    }
  ]
}