{
  "id": 25241,
  "title": "Akame ga Kill!: AkaKill! Gekijou",
  "title_jp": "アカ斬る! 劇場",
  "slug": "akame-ga-kill-akakill-gekijou",
  "type": "legendados",
  "format": "ONA",
  "images": {
    "poster": "https://cdn.myanimelist.net/images/anime/6/64537l.webp",
    "banner": "https://cdn.myanimelist.net/images/anime/6/64537.jpg"
  },
  "trailer": null,
  "synopsis": "Short specials that aired on the official website.",
  "score": 6.51,
  "genres": [
    "Comedy"
  ],
  "episodes": [
    {
      "numero": 1,
      "url": "https://www.blogger.com/video.g?token=AD6v5dy58c2X9rKj3cpXA740LRoc2zlTwP-YsHfmip8EnmVfQWp0A7vOlRICU8TeIgOQTfjMIUJ7QrBqRLEmxhSlp0pUa2kPXpYGcAmcH41T1Qqej3kCwVejLRdwh_xg2k-sCktLpqU",
      "nome": "Tatsumi and Leone"
    },
    {
      "numero": 2,
      "url": "https://www.blogger.com/video.g?token=AD6v5dyc27IUmMEvyF9BZityvm-ymxYRe6QigXkbG1NwQDlHUqDuFuDyWcQiBBOUa98PL5jCOdud-zWYvukvrv9c6DjK-UlFsvmVPxlfR1K1wov8JaUHvmj4FTg8cNsaVhGMpCzSuCS_",
      "nome": "1-Minute Meals"
    },
    {
      "numero": 3,
      "url": "https://www.blogger.com/video.g?token=AD6v5dwrEbQet-95wMdzPwL7J-YIXjSQ8rmN0agVKGtUD0nCPaoO3PusT3qBcee-L-wNMb1tuz1JPgi24fOIMVnq6qZr7S-3m02An5NQUSXB8ODBa2dk6-u112imuzqDBjvW0oVX4Z0",
      "nome": "Hot Springs"
    },
    {
      "numero": 4,
      "url": "https://www.blogger.com/video.g?token=AD6v5dx2Tv7p_3K9MqgE6Z2pt0_muuFLi2VwzKtipTaRno4VvKQRANOus9_F3KyLutQwPNRnv9RvOC962LUxp1KezXu-nGLj9pHUgp22OoQTqYi64Zqs56j3JmkAZEdWHGX7xB5Db-ah",
      "nome": "TV Shopping, Part 1"
    },
    {
      "numero": 5,
      "url": "https://www.blogger.com/video.g?token=AD6v5dxQqlKjtTRraDMUWPHc19rMAHmdYdKKGGjrqTs7VcgS21knfk86afcVAt7Ili8jHQXEB5pLFRl1G3R8CdJJYDisgJEvBELzA1gNDP9GxuDmGZ0BdH05iv6JvbpiZOYUNWLGd5tJ",
      "nome": "Glasses"
    },
    {
      "numero": 6,
      "url": "https://www.blogger.com/video.g?token=AD6v5dxehUhYTa0cO8SHGJqpyZa-HLm5z46GV4LPxsbEMxPwcQ6N8s_ayJEUDYH9tzM9xpqcAjq-Uy3knbkRWA98-PWblgS53OO8zdq0YHN98wB4fEQ5c_qsdKi92GmlNyIekmhncusI",
      "nome": "Esdeath's Fun Class on Torture"
    },
    {
      "numero": 7,
      "url": "https://www.blogger.com/video.g?token=AD6v5dzQ5MfCrwxj4zQL5qoUoZXru39SUhvS7ZgiGPsPCA3eUISYlXq7vqCWfbIS7E-JzDwjvYVW3SOyDy226ovGiukQZ_wNGvrfYUkoGaLG9zYwQQy25UHP9CWKaeYgxjI4CIIRT-Ko",
      "nome": "Field Trip"
    },
    {
      "numero": 8,
      "url": "https://www.blogger.com/video.g?token=AD6v5dwNIGtreA-4mUnKsli0G4gIN9lb1RJOb-2fSUn0ht1Q0Zbiyi8SCfEaW5hLi09jeSBHT3KkDKbjMfLhNxyOMFe0OaYZ_Nc_LWHTY0HPC_XnpFc8uWpvBX37exLEXkpQVF4HtA",
      "nome": "The Tale of Estaro"
    },
    {
      "numero": 9,
      "url": "https://www.blogger.com/video.g?token=AD6v5dzhSGuUs3Jhb56hDeTsinP5PLsFaiV_Wa_lV0sV2QxXTAQoXbvoaJL9jn8qNvEQy5egsGeBdJwOAOWi1N2nHRtMTJmk2JeUbPxHPX8JCtONfHpoTW16T66ei0yyEC9c_Mfj4HI",
      "nome": "Interview"
    },
    {
      "numero": 10,
      "url": "https://www.blogger.com/video.g?token=AD6v5dxnKNHeX8f3ejxO_9f3xHquU9CkTCSLsSDBwVJd9DEHCIPES01ZkePj_YQJF6mfo84IMTi0MKwAI9xpSwFzSB3uIzW4wPr7wpt9TqLmgOhTG1bigvDlUqDGdpndo8YRR88x2r5-",
      "nome": "DX Demon Armor Incursio"
    },
    {
      "numero": 11,
      "url": "https://www.blogger.com/video.g?token=AD6v5dzLHM_UwpiSFh_1nJl_S_aXMBO3ok_sVOYi8CGTwSXlmVx8Y-3G_eFD3PYm1zIISiP-NINObcxIhVwETpmRsMn6rjY25i6f6xq4fQXY1l6vdD7p8dWjiqKs5WCjcJdlnxc4QLY",
      "nome": "Girl's Bar"
    },
    {
      "numero": 12,
      "url": "https://www.blogger.com/video.g?token=AD6v5dwe3mAmSnzU8QMBp0vDawHDwdYeNfW9HXt9mw-o4YoD4MKiy8eaHB6Ip5lPw6Th1EvZz-Ys_CllQLsRc8qeMNTeZMOuCNrFhOudvK4pNxkwlaqV_n4OA_QoH0MKXkcaVfuAg28",
      "nome": "TV Shopping, Part 2"
    },
    {
      "numero": 13,
      "url": "https://www.blogger.com/video.g?token=AD6v5dwqUyARyIhZ1OWS9morE_BQDJ8QtjU24or1JuJHRubCIytPRyasIVY58XNQxSc4BShGYNwcnnR3xrpE5H_9vURmELTghfMrt7EzNdZ1is0mj-C5Wf_mQTs7iYvoBNyc8-RUAFVE",
      "nome": "A New Hideout"
    },
    {
      "numero": 14,
      "url": "https://www.blogger.com/video.g?token=AD6v5dwrc1vMXCk7L2Jdg1T6X_lRBuJDfFaaMqSMdqULAsOv-K5mPXP4MEKRm2ql0f-gvaZMLpuuly3Oiq6CflvkLBU2e8jLFDglClicjtCvJRzAWRa3JxV5Ci-rv0g_PYiIUTZ4xpw",
      "nome": "A Serious Love"
    },
    {
      "numero": 15,
      "url": "https://www.blogger.com/video.g?token=AD6v5dwxRv3RjBwpS7AbG9et18j4bTTkZ4L0IRdF8xiHVriJinHS6WMyMKed95Npdd7KsSSaXpCR0G1HO0uoiBjQeh8oA7-OKKom-kfnzN6AqcUvPwyAhqM3-XFPNamY_1ciDlFBOnzd",
      "nome": "Seryu's Fun Safety Class"
    },
    {
      "numero": 16,
      "url": "https://www.blogger.com/video.g?token=AD6v5dzJ8J3ZQKpv_0_PYdp9gvLpyj9tm3dFlGvdTS7d7KGYj2x1UaT3BC0PNupFy7RezvFze5yxiuOV4h7XMi44lxrN437STf_mOa9o3rQo9fblwE50ZGqKq81LM7vq67FPSWsoKK8",
      "nome": "Mother's Memory...!?"
    },
    {
      "numero": 17,
      "url": "https://www.blogger.com/video.g?token=AD6v5dyp8rJBMDyM2OA8gOsW3zUDdqEJwWJe5xtrxhtMKL9dM3tiyGSy5pOCz64d0mCYecWy-FXptnwFUzSzLuOzybeT-7KGN-MJ1Jtr-ZvSc_qJKdfYvJ_5k7EscC_iuaft9P1AiRc",
      "nome": "Haunted House"
    },
    {
      "numero": 18,
      "url": "https://www.blogger.com/video.g?token=AD6v5dxt4zM6Xfu-HDRHDEceb90uvTmNzjQWL3_vv6llKe0uGxnWhaHLBW_pqXVAz3w-0Y9pm0t-kdRbiqIUuPiyD0XFVq6zWWSqabd10XB8QAlJLfR3-tj947jSNdK2MQQJjQy5SIk",
      "nome": "Flash of Lightning! Susanoo"
    },
    {
      "numero": 19,
      "url": "https://www.blogger.com/video.g?token=AD6v5dxd0HwfB-JzrFz-Vmq9BlnrWtt-aYNkn-pOko-KzC3-IUCMM1sPAf6_pYGTfrV8agA136mHVmsS75ZLAryVHxpTzO2ruHcZaWeUjnDUqW-rUDREtADeCSYZi1NTl-N0MO_nqKU",
      "nome": "Syura's Comedy"
    },
    {
      "numero": 20,
      "url": "https://www.blogger.com/video.g?token=AD6v5dyGkk0HRWhd9YmZ1PYZpAORD41SwrKSUGwp6qZSHe5x0Z12YdvRyDspHO0-mQ9q0ngh5LUvrTec-pl216KKEzWjP9aZ0RZNsw5btOqNFgwF-anpifvzlfeeMNkNLr8wh-7YMj3F",
      "nome": "TV Shopping, Part 3"
    },
    {
      "numero": 21,
      "url": "https://www.blogger.com/video.g?token=AD6v5dwOgdnnbdC-gvyMUGJbomLoyfao7etlJhkl0jiI72yatKMW5y0EKgFslrYuFi8g42Q3L0k-Y-kvLHF0kUral89asvRV5CzDWuTXVkDCKiY_ru9ZR0nkcM26TTJzYZtI0nrNcj0",
      "nome": "A Folk Tale: The Grateful Crane"
    },
    {
      "numero": 22,
      "url": "https://www.blogger.com/video.g?token=AD6v5dz0vZxCmrikNW4XK7zASkC5wgWtQ-gmcbnbuByewST7RsIQHrBvGoZ7j2f_sx00_wQTKrVAEwvwL5tuG1pDqN0PkVqgm_jm31vBcAN_vmWUbMhXb1caEbYE_bte5Aq0foQ5QM2E",
      "nome": "Akame and Kurome"
    },
    {
      "numero": 23,
      "url": "https://www.blogger.com/video.g?token=AD6v5dxlw0fbSoxlYJSvoLazRshp-xvC_h8j9hGfH3PUph5N9hNHLxSXoPfXLdE3W2EoPtut9UC1XIyEzA8EX-WTB6Pf8clQHVqaMqFk09JCmGxvPRk4xT9ALiYRcI8YNEWD19hOpWjl",
      "nome": "Setting Out on a Journey"
    },
    {
      "numero": 24,
      "url": "https://www.blogger.com/video.g?token=AD6v5dxSqvSxxOu3bGt4_YACmEeBm5nKBFQGJi6RRVDADBpW1R6PMrGbUWe0Jg1ht-BV8SdobJI5P_MVRfaJtpb6PKl8jzkRGLzF9ujnuP3bZnvQE2VmX71tOqKmgkwO54YeHD8tCWM",
      "nome": "Wrap Party"
    }
  ]
}