{
  "id": 37561,
  "title": "Akanesasu Shoujo",
  "title_jp": "あかねさす少女",
  "slug": "akanesasu-shoujo",
  "type": "legendados",
  "format": "TV",
  "images": {
    "poster": "https://cdn.myanimelist.net/images/anime/1210/95781l.webp",
    "banner": "https://cdn.myanimelist.net/images/anime/1210/95781.jpg"
  },
  "trailer": null,
  "synopsis": "The urban legend of the 4:44 ritual consists of using a radio player to produce frequencies in front of the Akeyuki Sacred Tree at exactly 4:44, transporting people to a different dimension.\n\nWhen Asuka Tsuchimiya and her friends—Nana Nanase, Mia Silverstone, Yuu Tounaka, and Chloe Morisu—decide to perform this ritual as an activity of the Crystal Radio Research Club, they are shocked when the ritual works. The five travel to a parallel world, known as a fragment, where they meet an unsettlingly familiar girl—Asuka's parallel-world self. This Asuka is dubbed as Seriouska due to her serious attitude and capability to fight.\n\nSeriouska tells them about the great danger that faces all the parallel worlds, the Twilight. As it strips the parallel worlds of all of its possibilities, Seriouska seeks the death of the man behind the Twilight, the Twilight King, to stop his onslaught over the multiverse.\n\nAkanesasu Shoujo follows the five girls as they learn to accept their true selves, all the while searching for the Twilight King. However, the solution to the invasive Twilight might be closer than they think.\n\n[Written by MAL Rewrite]",
  "score": 6.43,
  "genres": [
    "Action",
    "Sci-Fi"
  ],
  "episodes": [
    {
      "numero": 1,
      "url": "https://www.blogger.com/video.g?token=AD6v5dw9SzuHga7hJDMXepqixjGX5aUQ-_dJrF6ap6-rwxZxOl6_mixJK6DJoESPq1wmakTy3qczVujHsAwf2i3t9nXJNc0LNWCGwFvrG0xwwxv5rAofXNlv6o4ILd8GTwrLAFo2pdI",
      "nome": "Ritual at 4:44"
    },
    {
      "numero": 2,
      "url": "https://www.blogger.com/video.g?token=AD6v5dwW978_Cikbb6QUqdL3PI3Oemmgi-vfOF8JQ4nhomkGgf6mqLnZl2DE8Ym10w4PHk3FdLg3747JXKEWvcdxgkyePJZIPguy-GtLiunqPjN8pG-reroFmChccQk5TRbMu1h1qGB-",
      "nome": "Another Fragment"
    },
    {
      "numero": 3,
      "url": "https://www.blogger.com/video.g?token=AD6v5dxJkFkwdSBbcpL6HIXmo1744OZx_LYqRJsYvcG2wmkYR0ykbuQXSq459IzJ6BPQunuFcEHaHHHvAX7aWcPio1PZLolLcCZJwOCZOBXCSpKuwqWbuQgLHRMOIbfqfRlYfkeQGIAO",
      "nome": "Before the Wedding Bells Ring"
    },
    {
      "numero": 4,
      "url": "https://www.blogger.com/video.g?token=AD6v5dwoACysK2HPtZMGSKHgmWPtnjP0gkjJczIwUHVxCkJt2PhtZhqwYYuAwwiayLlDg_Rmk24QxIyKDyqUr4Or5ZyTTOdVN3BDgpM-l1WfcddpIjjgi79PyCECCNWTcoXfQ5Y6CrhJ",
      "nome": "The Magnificent Five. Or Eleven"
    },
    {
      "numero": 5,
      "url": "https://www.blogger.com/video.g?token=AD6v5dwkDFZxy2p8ftdBfQew6GwzSet242TBosQrK_lSSCoJLzRnWY_HQ2UVFBH5oxUnU6GRa6k57WmEfRb7isig3Gu9WbBuqeY-FaJooQxHcX8oVg9FbeDzUxSTbh0iM-GDE_oNOwg",
      "nome": "The Hero in Me"
    },
    {
      "numero": 6,
      "url": "https://www.blogger.com/video.g?token=AD6v5dwOuasW1_hUPbxgJjWo4OqjJNSOpS4M3XbiQGlsrm67zPwuMeKRpJe490mJHhP8xds-F2fiXa9PXL-H-z7i6lE5GAJ4LRZ8Z4OXuKWpk3wxIj6jLXCI6x7J46Jf8NBEwgfKVGsW",
      "nome": "Alone on an Island"
    },
    {
      "numero": 7,
      "url": "https://www.blogger.com/video.g?token=AD6v5dwAIrox-JZL9TNYt5bJQoqj2DXsfFpZxTcc175L99yatllT1Jc2pdRE3MHXseUdeH6_3XtQfgN5MMVU_fwvVlEOsPg-fXTjk8csuBIkLNAfc_-TsRompbKm8tqv6I8Bb1OU-01C",
      "nome": "Tu N'Es Pas Seule."
    },
    {
      "numero": 8,
      "url": "https://www.blogger.com/video.g?token=AD6v5dy37jmpT8GnifK6da34FmProH0VYfZCIvLtMH1VPXl829eDpP9yY-iM5lWc8crSL89zzZVCGPIWQvJzIvOGAp0zw61sFgiPRLIimcOkiuOZVhAgX022eK2zxeIJBIJ5FTG27gY",
      "nome": "Asuka and Asuka"
    },
    {
      "numero": 9,
      "url": "https://www.blogger.com/video.g?token=AD6v5dzuipbJ3rMutQfMz6cOM1vmsEx8OpEEMbka73uHhDh0EqNW46xdZUzHhoNC0MFe6mvoF_g3GzyZSvmwUNHNkof7NbwtgPkdZ2xDKTDPqtTPyGOVz7VzZwMY5fRyYA_pvyn_hmaL",
      "nome": "Facing Twilight"
    },
    {
      "numero": 10,
      "url": "https://www.blogger.com/video.g?token=AD6v5dx5MNGwJ7xNGb-TbaWKXYvdyumpq2-_cBzb4p9HbeIN40cGQAmfE-fnfiZs6OgNi4ezzl9hVCkP-uzDY49VXNVBPayWII6P2pCHrVI_ZNXAxTdIzTntkq7mtc39L3KTzxP3aKg",
      "nome": "Liars Party"
    },
    {
      "numero": 11,
      "url": "https://www.blogger.com/video.g?token=AD6v5dwsZCLdh-5xmSI7920dWUQujQlZ6RBG6MK-2LeZT7tT8JAe5Y772oM43MTAGg_gIHb5jf3koVpf0zCqq8xHUkGA5gXufXFqdemW6CSySZ3IF_xvZoPMkwMwbpBTOAeHusyTxtE",
      "nome": "You, The Honor Student"
    },
    {
      "numero": 12,
      "url": "https://www.blogger.com/video.g?token=AD6v5dxavYveJeqBiQU-mVuLD0vu3e1d1K5TOZ_DBFn4Ld4FLL6MSptu8miXD5hMHj-3kqxozTrk114npRnab077znC1h5ZZungedR0RpjTk0LjulFQfkzVNc5qn7ee6lX5CXIIcUJY",
      "nome": "After the Twilight Falls"
    }
  ]
}