{
  "id": 4744,
  "title": "Akaneiro ni Somaru Saka",
  "title_jp": "あかね色に染まる坂",
  "slug": "akaneiro-ni-somaru-saka",
  "type": "legendados",
  "format": "TV",
  "images": {
    "poster": "https://cdn.myanimelist.net/images/anime/9/21525l.webp",
    "banner": "https://cdn.myanimelist.net/images/anime/9/21525.jpg"
  },
  "trailer": "https://www.youtube-nocookie.com/embed/W06t4r3-3kc?enablejsapi=1&wmode=opaque&autoplay=1",
  "synopsis": "Yuuhi Katagiri is not your average girl – she's the treasured daughter of the Katagiri family. She's generally kept under strict supervision, but one day ends up walking home from school on her own. This proves to be instant trouble when a group of boys start harassing her. Junichi Nagase, who was on his way home from a convenience store, sees the troubled Yuuhi and comes to her rescue. One of the boys recognized Junichi as the famed \"Geno Killer\" and they dash off. Yuuhi thanks Junichi and when she asked for his name, he just waves and leaves. Of course, he regrets trying to act cool in front of the beautiful girl right away, wishing he asked her name.\n\nThe following day, a transfer student joins Junichi's class – it's Yuuhi! She calls Junichi out as the \"Geno Killer\", the only name she remembers him by, and rumors about the two spread quickly. Matters are made worse when Junichi kisses Yuuhi due to a misunderstanding. And on top of all that, it turns out that Junichi is Yuuhi's fiancé!\n\nYuuhi doesn't see Junichi as someone worthy. But, she could not go against her father's wishes. The only thing that Yuuhi can do is live with Junichi in the house he shares with his little sister Minato, and prove that Junichi is not worthy to be her husband. Will she succeed in proving his unworthiness, or will she fall in love on the way?",
  "score": 6.37,
  "genres": [
    "Comedy",
    "Romance",
    "Ecchi"
  ],
  "episodes": [
    {
      "numero": 1,
      "url": "https://www.blogger.com/video.g?token=AD6v5dzsvEOYM-L1kxAtAPXyoIlIRD0lUuFi0YtorAmjuFz74uGo-P3IdVU3xuQortSd2qmxLy8lx2AT3JBj5WgfI9xro9uyEiVMRBOMTckIXBBjNaF6S4YmhC6a3SzSCZsrQ7LBos_g",
      "nome": "A Madder Red First Kiss"
    },
    {
      "numero": 2,
      "url": "https://www.blogger.com/video.g?token=AD6v5dx7dXoqx1QmFzrfuhGPN6bjV-mEL1QJaHaK8vmRxSnt_ynVNDWG0FHH3qpxPhLfr267GUbNHrO4HTbqY58rAEELyHtQpzDOCKA36FMAa-GbzRBL0ms61KFZlMv30wyJOC6IaIh-",
      "nome": "A Madder Red Approach"
    },
    {
      "numero": 3,
      "url": "https://www.blogger.com/video.g?token=AD6v5dxYT0TwkPryGlmUw3FEhW5_zpgYE8Mp9uNwovOcXVTOoc2yUeJ858DHyrgp6TE2oULDUR6GbkeK43xmI34ItyhWQROoxpTJgp5JnjkXx8nLbTYKYf_8Nhdf797pQ1O8jOXci5A",
      "nome": "A Mysterious Scream"
    },
    {
      "numero": 4,
      "url": "https://www.blogger.com/video.g?token=AD6v5dy_MZ4Lzq6lJ3dZSWd25Rmkldl2weKbSww2b8Wmp9FGZUT9P1WlgzVwvfs5lAwhfpfAasGZrTkGEQpEChHVXMwADzdg0arafBwcUjSH2piCI9n1Y_1Vo4PZXeO_orryrvq6j6A",
      "nome": "An Indigo Mad Party"
    },
    {
      "numero": 5,
      "url": "https://www.blogger.com/video.g?token=AD6v5dwcFXHk3C-xw57yOcm_NA8PbsWiwLn4zcRkvpacX-xLsuFbkPMTMHqGFUU-5svG-U6RYgHv2K_dMIVvlsIsASnbw1fyYSLCYGAI4lgEWZXOPjhJ_oxqo54fayLNGvXNvjxr2bE",
      "nome": "A Madder Red First Date"
    },
    {
      "numero": 6,
      "url": "https://www.blogger.com/video.g?token=AD6v5dwsgL6Jwg4JFMESdn4Gfwq-Tjzcc5a4hhtFt62Xr7G7armhu6jitERHJiHMZqCdWMjUaUvdrG6vhs8HqRxfTnCmT9zboG41Z8uNPbQJ_-oRoRkPK0dh64r1UAWBsIw18vLGogap",
      "nome": "A Golden Yellow Montage"
    },
    {
      "numero": 7,
      "url": "https://www.blogger.com/video.g?token=AD6v5dy3hgy_01Fy50YGsFCP_Rwpc3Dcb4ZrFwGAZG4WWKN4S3xvgC9rmzxwDsdpI27lT7YVldW5dja2BScOEyycXhkZViqfdPJl8MFYRGrVahTmd4Wh1plUObv6NDPE4QJRWxj_Hnk",
      "nome": "A Steel Festival"
    },
    {
      "numero": 8,
      "url": "https://www.blogger.com/video.g?token=AD6v5dy-W58sWXtlYI4_yZHv-irQbWN5Zfr01c389pyISdnmF3Xzr3LR2dZs1xcgGcqR02eF9p4U1pUNi_ajswjFnBumn41U1MW8m2TCKt7DYF0XtfWbFX6JX5lgjNxiSHTEhLu17B9a",
      "nome": "A Twilight Desire"
    },
    {
      "numero": 9,
      "url": "https://www.blogger.com/video.g?token=AD6v5dzIIlNlpHg_WQ-d8ifH6QkQV41qA-WUBzg7B9BmUrFDPZSbeCQy09zwTX1n16GCdphMZ265HRJaPnesncYIYDoyhVJRcnnc3N5nt5159v9pveC2j_eFXJf6hyW6pcG6gdUDY1xl",
      "nome": "A Madder Red Birthday"
    },
    {
      "numero": 10,
      "url": "https://www.blogger.com/video.g?token=AD6v5dw2VJOKfhRMW3rVhia_VLv-lAzlUEUe9fF83vbYSc1h72Rwj8f2ZTsnPNh0mwT_jAApHBobgCU2u8yR6JkRmihu4V055jFYZISc4zXfQx_3vsIbE7QwnQpaLHIvr-H7EX4yE_7h",
      "nome": "A Madder Red Confusion"
    },
    {
      "numero": 11,
      "url": "https://www.blogger.com/video.g?token=AD6v5dwAA2T_G1bx7Un1imwLUKAPAXwtznQHd3r_HMUzzGHc241_7f59jdRmgk5fr-v3KiVCjY1PyR-hkUdsnGqdEGLd1r12vSL0cAOTDHKKhsV5OdUXGAsxkn12wYfaRCRthnmodQaG",
      "nome": "A Madder Red Puzzlement"
    },
    {
      "numero": 12,
      "url": "https://www.blogger.com/video.g?token=AD6v5dz6QDhHepB6vbUxs463mOe2yVUf7QQuOaMOZUTbLtYpIy_VrjlumBSz4zzBr7QBX0Fq9d0o3CPczP2FlW4MMFuo92RQuz7pGtwJjjxjpabPrGBB-n4AqrHJrPwTq-5M-cTF9vo",
      "nome": "A Madder Red Hill"
    }
  ]
}