{
  "id": 25013,
  "title": "Akatsuki No Yona",
  "title_jp": "暁のヨナ",
  "slug": "akatsuki-no-yona",
  "type": "legendados",
  "format": "TV",
  "images": {
    "poster": "https://cdn.myanimelist.net/images/anime/9/64225l.webp",
    "banner": "https://cdn.myanimelist.net/images/anime/9/64225.jpg"
  },
  "trailer": "https://www.youtube-nocookie.com/embed/mbXTfrDueNw?enablejsapi=1&wmode=opaque&autoplay=1",
  "synopsis": "The kingdom of Kouka is blessed with a beautiful princess whose childlike innocence charms all who come across her. Named Yona, she has grown up sheltered in the royal palace, shielded from any danger that may befall her. However, all good things must come to an end.\n\nYona's perfect world comes crashing down when a heinous act of treason threatens to erase all that she holds dear, including her birthright as the princess of Kouka. Left with no one to trust but her childhood friend and loyal bodyguard Son Hak, she is forced to flee the palace. Faced with the perils of surviving in the wild with a target on her back, Yona realizes that her kingdom is no longer the safe haven it once was.\n\nFree from the shackles of naivety, Yona vows to do everything in her power to become strong enough to crush her enemies. With Hak by her side, she must piece together the remains of an ancient legend that might be the key to reclaiming her kingdom from those who conspired to steal it from her.\n\n[Written by MAL Rewrite]",
  "score": 8.03,
  "genres": [
    "Adventure",
    "Fantasy",
    "Romance"
  ],
  "episodes": [
    {
      "numero": 1,
      "url": "https://www.blogger.com/video.g?token=AD6v5dz7kSPe744Q2WJxzIERQYlMIFNchq6rxe6z-80XFTLFaHD-uf-EyLfS3G-Kd64tc3ij1c2w2nfk-xQnfGwBrtemLvQp_uGYqZNFtNFp4rMFW2grwq7PbxREhClxQ_1X0anujsWg",
      "nome": "The Princess Yona"
    },
    {
      "numero": 2,
      "url": "https://www.blogger.com/video.g?token=AD6v5dzGl8_5SrslksZgjH6XOVxAnbkhHmLLqlQEOqhspiwnPc3XMs_8oJLxIi9Prrwq2D9R8qAOAwx9mRLpRjdkFDH4-QmQnR8vZoQ1d7ILKS1dLBXRnI2EpPufmKjjafxHQQ0vtvqR",
      "nome": "Torn Bonds"
    },
    {
      "numero": 3,
      "url": "https://www.blogger.com/video.g?token=AD6v5dxl4eLjgvU6zZvLKrJqfFUySqQrtVK7HrzLHi79_cgWVICJkZedytX67NCQlexhTaQIOEy9WC2ouwH3YGnzjcqnJIJfTucC-7htXkWRLiQQDtxwXkVmvwZ6NZ0nFyYOUFDXMQQ",
      "nome": "The Distant Sky"
    },
    {
      "numero": 4,
      "url": "https://www.blogger.com/video.g?token=AD6v5dyt3Zn6XMDZVt7DaL_OEq7-t092UUN_fFQEm1Fg0N8kQMnCSzb_ipttPhqRRRkqSXyebtn8v1jPEZyUkBGBbWbM0wcEpSOYNljiBtMS2GJWLt2yq1sHnBfl9zTld9-DEUkEnR9P",
      "nome": "The Wind Clan"
    },
    {
      "numero": 5,
      "url": "https://www.blogger.com/video.g?token=AD6v5dxay5RwY8DMIFUdN2wIp9JzXb9jNRHsquCvdy-LScFn9c3YLseWz_EWrRvmk8L_inE_ailjNfzcjEYoza4LdHAnaagpf81vIOGTlUWxLRo0ZEebajnoQe-_KJbhFIkrr3HEew",
      "nome": "Howl"
    },
    {
      "numero": 6,
      "url": "https://www.blogger.com/video.g?token=AD6v5dwOoQqT6r69nP6jWjD1CZF6A8SS_KtYalJBNJzEEUCzwRyRPYlyQznwGIdagBVrIyUyx8b_cT9djLZnJPbxQIPaaUzXWDW4gluIH8W3VS_N7ZX0-CqJW624C6shtwBzm6HqJqqx",
      "nome": "Red Hair"
    },
    {
      "numero": 7,
      "url": "https://www.blogger.com/video.g?token=AD6v5dzLt7GAYPqO4Eqii46SEyipmik8pySz-p70LkyTgp4ZJCl7XfE_UMJ08-qMc-dsLeXARpbj1xv0-kZp3LF8BlvsGFC8AFbe0QRF7I1TBDsaV3qK7AHwlS34MIGPeFIwrW_Dvo3i",
      "nome": "God's Will"
    },
    {
      "numero": 8,
      "url": "https://www.blogger.com/video.g?token=AD6v5dy5WZCOUv4klj9tgeNdRqEKt1yN93U9UEsIc9aWZFyyFL-iWBat5fIYlo3CjfcrNR3f82oBumN10_qgw0BG2Ng8V1DlCOVmHFIJD8bQMX-21ItLPOs8VDaHOVqH71Dq5oFjeMuA",
      "nome": "The Chosen Door"
    },
    {
      "numero": 9,
      "url": "https://www.blogger.com/video.g?token=AD6v5dxhvuk6SI3i-feGeZtYIEf1u14lVOINJ14cyTrmOFgxR1iSW1vDjSbv-hQsmnPh_g3JybkxHVfcNt6GLoK0UurZve7aPxKw2iQILNbHXqd-Gs55x-hWnKoYU44pT1DsS4H9pvJ9",
      "nome": "Shaking Resolve"
    },
    {
      "numero": 10,
      "url": "https://www.blogger.com/video.g?token=AD6v5dyKVCxnDVJYDfXA24Z7rHhwncYg-1xqo-hbh0iTpKxiX_h3WRgL4PltCL0T1QBa_rmtqdt4ST6It03NZsbRtqt0EXzs_83TcqPp27YDAxa9OgtUPmexnhxf1NCsjtRgCiWmEnov",
      "nome": "Anticipation"
    },
    {
      "numero": 11,
      "url": "https://www.blogger.com/video.g?token=AD6v5dwhule0lUXqwxZ_cQMTXHeOXt6w9c-v3vJ-ban1ctj1Q1-UZxUmNExkmoT9clksN8o_QxWHeZ-lSfUFObEBBzm6O728tFYVS9h3EMWTxL2wQDdjgDnEHQPqbfw9I_Eowr3NIlom",
      "nome": "The Dragon's Claw"
    },
    {
      "numero": 12,
      "url": "https://www.blogger.com/video.g?token=AD6v5dxpuxcfU9-i09XgcwW3nXmoUKmwH0rs_Gy9lCajfVlOPsWbcmy6CMNyNPNm4be1XIyX5k8liMOF9peAVn6r9NZ2EmLqML0Jl7a0PvKm6q_oHJjS502tEdbyrO7AaOZ_1HoQTFk",
      "nome": "Blindfolded Dragon"
    },
    {
      "numero": 13,
      "url": "https://www.blogger.com/video.g?token=AD6v5dybtoo4ouVDbTRIRUBjqsTIEDEuP72IXgllZvIYuTEDPR_DpWf4n_rS_8UUOgub6RQgrN-ROznVJMG9Ebo11rNU3Pch9o4xM-4-tAW07gu1XTopb4lg3H-Wpc3o_U9fsLMxz944",
      "nome": "Echoing Fear"
    },
    {
      "numero": 14,
      "url": "https://www.blogger.com/video.g?token=AD6v5dyusTmDL8lIPW3cslhl7O6hxmnShrjQNMg2lznJFE5S0cUDBh7_1NLK_V4zIW8bJmn2zIXEaqMP0n_Zyy4Im3pFogfOjDt9SOxI9v3LqC0CAjIxl7Kc0dFzmYh0E7H_7gjVnKKF",
      "nome": "Light"
    },
    {
      "numero": 15,
      "url": "https://www.blogger.com/video.g?token=AD6v5dx2alAmCkb5uhIYlFMGWPy878-ClFv8W4JtlLWM3qx6dQlQnrDZo2xB8eqovdDlUDmAhWLUPX8SxWZl7_iwzuUaXQkPuBeVJWaMTDi_disht0rbJTeAH7fhVmOM7ZfmzTvzlKxq",
      "nome": "To a New Land"
    },
    {
      "numero": 16,
      "url": "https://www.blogger.com/video.g?token=AD6v5dzq8vjY-N3sEWFU5m1O9T4K0iibC3LzZ82sa1h9jMQnmZ8mWtVa6bNcZSUfiZMnakA0NfK7Rk9J5FHV7pKsDgUUpYNuZp_Wenf8Yy4LEZBmUquiRZYUH69Cc25U_JmO70QzulVf",
      "nome": "War Games"
    },
    {
      "numero": 17,
      "url": "https://www.blogger.com/video.g?token=AD6v5dwMmARWc29f84WAPx7aANlIisAJwf0GU72xQOO5gwSh4NVt0rK05RBrqpbdGOU4QiRWdnqJ1USwu-4yF6iOGKDxdYA4efyznW13a07tmDUBOrp3iMw8Wl63wx6_jRS1DH0acwvh",
      "nome": "The Pirates of Awa"
    },
    {
      "numero": 18,
      "url": "https://www.blogger.com/video.g?token=AD6v5dxZqIQQZRs78MKwS6O4DBUIpZqnjZMMfN2618JgsGMmEpC_CbV6prn_yz_gCHd5rLRjWwATrCfqDvxDqC0-Eb60QDUq1Sviv8NtQmwtsLJ9PAdAAJ3oI_lKfGkrUKHUCGYfxmqq",
      "nome": "Ties"
    },
    {
      "numero": 19,
      "url": "https://www.blogger.com/video.g?token=AD6v5dwHsnld1Z9g8pSUVr0_wSMz5hgGSPJMMLWsK0iw1isbv9V5Bmkq71DiZGRYLvdTSqtonbkzwUgZvAwwwvYBzQDW1R3iz8-vLgYn-Hzcr350RwLVfTe5jdpqQOGOp0xTXUjTtoY",
      "nome": "The Senjuso Test"
    },
    {
      "numero": 20,
      "url": "https://www.blogger.com/video.g?token=AD6v5dzQQgzBqWgubLZV-wtHgsDdZjy3JaY9yC9j3J-Yh9fL5nxiTJHLvi277XM8UM_w5sZX9D8GPqnTG7NB5FKutZs72EM-7WAHTgP4P-oJXeAyhbvxk1ARcaZuNI7RwKPJXcmh-sVV",
      "nome": "Chain of Courage"
    },
    {
      "numero": 21,
      "url": "https://www.blogger.com/video.g?token=AD6v5dzHkGeZ8RI74mOi3SUrhCHe62IoU1mUyAF9Gn8VPkHZxFjZm5rCzs2X6UFgksmy1N6-_KgVUlPcOyGGYM29AzaLstbJNeWCHkPCU88AxYGWJjKpgdMQoJJfs1pGfR4omRlEKQA",
      "nome": "Spark"
    },
    {
      "numero": 22,
      "url": "https://www.blogger.com/video.g?token=AD6v5dzq_cbPAaKH584mNHYt3miWAmvmWH259vcMKbvG9RKmBuQ2FQNhX65zyU0l2lcgfq_eV-RSXZ_22nG-kGwIyjHIHTOnQNmGdP6S-w0bGY82lTDfFSWlFWC90tmD0TsGS8yhFe0",
      "nome": "The Night History Is Made"
    },
    {
      "numero": 23,
      "url": "https://www.blogger.com/video.g?token=AD6v5dwwOgMbuo7mU9JTDN4hgYlBUMoPi0MiEGPyKEI9HEUYv7lv2d1OqM4Vu329jnDwVfO67-VzLhjVAavmEGbeAZNFiuTTQ8DKjOVp_gKwq5CCTV5E-knozP4wkswn6yx24ivDhz4",
      "nome": "Morning of Promise"
    },
    {
      "numero": 24,
      "url": "https://www.blogger.com/video.g?token=AD6v5dwghyKydduSdH7qpa_UlMitpr8KswLZJzhNnrlZ4vjYJPxMaa-wfYmqfRWHiZ-tv1EFf_VN8YAXPLwQCepBMSbLJAPACVZi7jWi06fe8Pw8dhJ_EMpnaf1rpt74bhkhUEO-D0g",
      "nome": "From Now On"
    }
  ]
}