{
  "id": 14941,
  "title": "AKB0048: Next Stage",
  "title_jp": "AKB0048 next stage",
  "slug": "akb0048-next-stage",
  "type": "legendados",
  "format": "TV",
  "images": {
    "poster": "https://cdn.myanimelist.net/images/anime/11/44450l.webp",
    "banner": "https://cdn.myanimelist.net/images/anime/11/44450.jpg"
  },
  "trailer": "https://www.youtube-nocookie.com/embed/D-jMGN-GsIw?enablejsapi=1&wmode=opaque&autoplay=1",
  "synopsis": "In the year since the 77th generation understudies joined AKB0048, the Deep Galactic Trade Organization [DGTO] and DES have stepped up their attacks on entertainment. In response, AKB0048 brings back the general elections and the center nova position. The understudies are now thrusted into a new competition directly against the successors. But as AKB0048 brings back policies not seen since Acchan's disappearance, a new more powerful enemy is quietly moving behind the scenes.\n\n(Source: ANN)",
  "score": 7.61,
  "genres": [
    "Sci-Fi"
  ],
  "episodes": [
    {
      "numero": 1,
      "url": "https://www.blogger.com/video.g?token=AD6v5dymHddo46dWMCDgscLPE_JjC0ro_b5ZBg5wWNLpQpvDKSygaoQq5E8eUghlwawy6aj-gdDr-OSd6xvXuU6KGAAawan8dpTYJfppiT7an2Uqc0fVdc_pigWzCI3WzGebe-_CQRY",
      "nome": "The Young Girls' Trial"
    },
    {
      "numero": 2,
      "url": "https://www.blogger.com/video.g?token=AD6v5dzqZpnNImYmOS-VtBIMWwEfZTudKrthXWVgfE7YI7cMBh25swaqVWnCEwcYeNl-pV99E-MQ_0vaCELAv2uc9C40BCrdSLEDU_c8XTqXj1Obyl7sMrmjjdHf_eJ00uNHPmsQnJY",
      "nome": "Shocking New Development!?"
    },
    {
      "numero": 3,
      "url": "https://www.blogger.com/video.g?token=AD6v5dxgp3SIcj7acJNNKr000Aba1zYg-NvMsG0qDSr8L17f5O8z9q_9YE-EymNz6mBJihRsDcMoK3jeM_PgO3wQ5XZtrhrzMuwpi-qbdgobF-ANv_zo007tlP1JDcyn8wNCrZdUgH01",
      "nome": "Idols Before Dawn"
    },
    {
      "numero": 4,
      "url": "https://www.blogger.com/video.g?token=AD6v5dyI8Y7Zq3HOUBwh8NTCp_7Tne8M_OgjzzvlnKS9gdOYxauPpOAs8fC-tWUqngxdqrb-a_W9dz3dRRcXFsYmts-h_JtAvhcZsLktJfvTJZMcrEW6TcMvK58p2P-x53en6mR6ZV4",
      "nome": "The General Elections"
    },
    {
      "numero": 5,
      "url": "https://www.blogger.com/video.g?token=AD6v5dza-dRJ_BCVPDjmqgb6GjPDsyyNqo1a_fs9EAnXr4Tq_iMHBns66saWYF5JN59GZDyowzRZR7WXWUBV9mft-zr-Nr-G5_kSqUvpKdopZVCHElr9I2LQwGN4XT_sJz6xKpfArw",
      "nome": "The Forbidden Star"
    },
    {
      "numero": 6,
      "url": "https://www.blogger.com/video.g?token=AD6v5dytLSJm6lY6oDbQMfEyQSgQOkWedcVdSIGodokx1C6DDflWoe0eyNsHvN_YbNfqbm4l_W4KDFrnOD-J8wNDI1DrYlYWKPWxocNKyGRGLzW133Ca_9CRtBzl3w5OLY2SSQDXW1xt",
      "nome": "Inheritor of the Light"
    },
    {
      "numero": 7,
      "url": "https://www.blogger.com/video.g?token=AD6v5dx5X0-onVSxuWB47k2-2MBuTTCr1ShFE2sd6bW44E6sHLNvIGHYse-gbwlqkH0oJx79aJNnofeWO-_2iWFuwws5OMs3wuJFdFdDXrzhj3rl4ezNEYJu3JajPTSltrbVghFYcME",
      "nome": "Mimori's Revolution"
    },
    {
      "numero": 8,
      "url": "https://www.blogger.com/video.g?token=AD6v5dyiikJuBz6yETWPlRIm5_qmVyRD60OoTNCSYTfggreoGpPGbsNX-PKPT6HUPT0b_-P0gX9VcgZMoHDDj5ZFL65LnaOyc1ApdQf1ULTOuo73aUFqYnvG4f8CxwD9h50DRMXUIEcO",
      "nome": "Final Battle on Akibastar"
    },
    {
      "numero": 9,
      "url": "https://www.blogger.com/video.g?token=AD6v5dz3vKLG4veFVe0hUkFlcCnuE29ZvlsKs6He-rktDbHsSrgcsajv-IhpiXPpLe0vmIEYvmlWJ1sNXpKBHrUuGKfIemWUjizAL3UB9PbqZZ5Fd9HiigyZJe9vxMBXlUBPc4eQ8yfb",
      "nome": "Blue Betrayal"
    },
    {
      "numero": 10,
      "url": "https://www.blogger.com/video.g?token=AD6v5dygsVitos69j7n6Sa6XoXrFFX3aLtSERpxnCHUrVXbg1-cc_BicGt6slTXiATdQFgNS48eTw8qFW5FVZdixzqODOHFDSNdCsAsw2pcMAaMqHqRNKFi7OJFCJemUZ67vtd7D7dk",
      "nome": "Shouting Paradise"
    },
    {
      "numero": 11,
      "url": "https://www.blogger.com/video.g?token=AD6v5dwNGXjebKl8ZY-Sl2WAnfJxGaEjkRb1gCJFCuTJ8A2bZ8HN_gnzNqIUxhslOpA-l5DelcufRATujDiSm0eowFiQAV2t6IUu9KH78kb36Fep7KPya3dtyI5xbpch8rqEE7HFp5nS",
      "nome": "Beyond the Door"
    },
    {
      "numero": 12,
      "url": "https://www.blogger.com/video.g?token=AD6v5dybFVXwxvQjWgqsTtAqO9QYN5HyPzc90xCIexwDyXly8aCwIkQSOn7fmSq0NvmmpthiLSMElw81MdVMJiIzmn7AnAYDzd6M827nwCz3oTTgb3VLD-7KJz6fKGVHL4nXoSW3T8o",
      "nome": "The Road to the Stage"
    },
    {
      "numero": 13,
      "url": "https://www.blogger.com/video.g?token=AD6v5dxei_ryUu4_-o_s0iEPVD8rfNhwxCi3qlCzFMrG1PBVu1eAC5jZrXNngFPBiZzp6Fmk6YBHLEbeFNbBCoANrEO2KiMYmgc6uOyuNaQcEA5AxI7h6OiQQ6maNPg87-lXZYyJzI3M",
      "nome": "NO NAME..."
    }
  ]
}