{
  "id": 12149,
  "title": "AKB0048",
  "title_jp": "AKB0048",
  "slug": "akb0048",
  "type": "legendados",
  "format": "TV",
  "images": {
    "poster": "https://cdn.myanimelist.net/images/anime/3/74157l.webp",
    "banner": "https://cdn.myanimelist.net/images/anime/3/74157.jpg"
  },
  "trailer": "https://www.youtube-nocookie.com/embed/Gk6svIufW7o?enablejsapi=1&wmode=opaque&autoplay=1",
  "synopsis": "After an interplanetary war at the beginning of the 21st century, planet Earth has been left in ruins, with much of its ecosystem completely destroyed. Because it was no longer possible to live a normal life on this planet, the inhabitants are forced to move on to other planets where life will, hopefully, be more comfortable.\n\nThe Deep Galactic Trade Organization, a totalitarian government that affects many of the newly inhabited planets, has somehow come to the conclusion that music is a source of evil, and that it must be banned and destroyed for good. The talent group AKB0048 is soon formed, based on the original AKB48 members that once lived on Earth. Even though their music is now considered universally illegal, they make it their mission to bring their music back to life by travelling from one planet to another and holding as many concerts as they possibly can. They must undergo a whole new set of training methods in order to become the best that they can possibly be, while also avoiding the constant danger of being arrested because of their music. Join interplanetary popstars AKB0048 as they try to save the world－with music!",
  "score": 7.34,
  "genres": [
    "Sci-Fi"
  ],
  "episodes": [
    {
      "numero": 1,
      "url": "https://www.blogger.com/video.g?token=AD6v5dxd3CDvQt-rTb-tIuQe5_yA3yO-n7cnsqokeBMrpQDdo796JQ477JwIJk0uRe6jzphhlgXcGV80dnIfWRWfFN3W6T4zV--nA272fcNqXRxTELyfaxzSCJfVw89GKbSKdP8Gij0",
      "nome": "The Indelible Dream"
    },
    {
      "numero": 2,
      "url": "https://www.blogger.com/video.g?token=AD6v5dwfhylRmtr_jWfrOHz0Xt6jlqW2lExG12C3-r2IGAUInS7Mpgou_g7OuA5KXU9s6FjXB3tKABIfx-O5GD4r5wpZELt73GVjrVTnaNqoSf4AtVzF1sODkA7adsk25WDzsRhUCffq",
      "nome": "The Chosen Lights"
    },
    {
      "numero": 3,
      "url": "https://www.blogger.com/video.g?token=AD6v5dzNd0PdAV-hC_qDs0Rv3cLHNQfS4wYBpv0osa6g4Ui6egWXjpmDum-D1vITzKMR6r1ENalyCxPw6S3gC34XLbV6aSI69gwoinx1dL5RvUBODRLKlqyX3c0fVEC92Dw1mzOCi8CL",
      "nome": "Stardust Selection"
    },
    {
      "numero": 4,
      "url": "https://www.blogger.com/video.g?token=AD6v5dyIADnsm0_KrkPUAW6fSyhDJk4GJ2e8tYqd223iGX1zgs3l0nk0BYJEWq690WIpaPePx43AP8Q1LZJLfiuJ23FILq_I2IeG3T9hXOs3FBkuNxN_plbK8OSXqxMWcRvUWSNSfzu2",
      "nome": "Your Efforts Aren't in Vain"
    },
    {
      "numero": 5,
      "url": "https://www.blogger.com/video.g?token=AD6v5dxQH2dF0W85pKCiYRFd8y0CGsufchCSoEbdcvIUz1heSyu6UspTEMnJBPiY12Jn4buCTLFnJVOxmH-2XKajh-qE8QmDHIhcqSGwyGqSwvGVnKOdG_1jyT5AmmYd7WVZgTd390E",
      "nome": "Their Day Off"
    },
    {
      "numero": 6,
      "url": "https://www.blogger.com/video.g?token=AD6v5dxbBaURtbEGcI-FPR0hPcbJclm-AaL8vuv_j_m2gjXNfize6sDIb8sNXLtitSp5yf_6GIl-jakHaXYe25G_zVkSff7jCE5e-bb-7DnZyTlG_mtcHq9W8GyzTEuTjAvQge3foprG",
      "nome": "The First Handshake Event"
    },
    {
      "numero": 7,
      "url": "https://www.blogger.com/video.g?token=AD6v5dy6_mH4PA796nHXxBox8nYePuVkPK_RuKobfyv_kqjjVHexauwDIpAw9ps7Tr-0rlWxDZfu0yC-NmhfHQq0FnQCwikbq6K2GXtyH42ZamrRnUlC9y5gEsvnVWBp049VfeIo-lD8",
      "nome": "Kirara of Succession"
    },
    {
      "numero": 8,
      "url": "https://www.blogger.com/video.g?token=AD6v5dxjNwa_zzp9bdR491JF6-Em9MSzM0zR_ps8R4O_Cx2w17Ww4CHlQ9NQAV0iNIj3hk3tuHzLV99zCQNHPdGI7aymfCRJzBANa01X4uWQgKmgZZZBDb1iuWRP17gPBcJAVTieA38",
      "nome": "To Whom Does That Name Belong?"
    },
    {
      "numero": 9,
      "url": "https://www.blogger.com/video.g?token=AD6v5dyf6SVJLYkC2Syy78pJEfOeu_KlPEo3u45ktn3IVXGFZB0R8dzEln-lmVED7QG9oyeGJotnboVU5k-iVYYW1gf_yZT93X9BjVVBFZLLTRcAOv6yGNivDZH49edQL3glqBPt6pdk",
      "nome": "Emotion Relation"
    },
    {
      "numero": 10,
      "url": "https://www.blogger.com/video.g?token=AD6v5dwCRDw5zRxBzPMaoL4NvYUaG_1KhhPky1hQDR2TQOw244URGLYbGBjXe8T_QdKXKJQo-ARa7TF-183N4odCrgdCxQRZ-Z-I0OfYlwS-UMyO_Oa3P-vizODtQGmaBG_NXRJ2_aU",
      "nome": "Miracle of the Waves"
    },
    {
      "numero": 11,
      "url": "https://www.blogger.com/video.g?token=AD6v5dwM__hc2pQNfc1mhNWqp6G2cdY00IAPNMg44g9jGsEDD5YrbCdc-Irk7K3ghaNmEm40Xrv55ZKkOApX8dE7yMSvgcocWQ-iPW1le47dwMv9qN5ocQYx-EJBUmSGcoMDmBKrFK9i",
      "nome": "Return to Lancastar"
    },
    {
      "numero": 12,
      "url": "https://www.blogger.com/video.g?token=AD6v5dw4ZpkRlFryVUWdFei1PKhg0EdC8GkDQH16LCPI9C9PgjvzCYGDf-73g4d6Gekr9vMnBCAgKRRZJiFb-Ev-ADXaq2RiWrRE0tF4auBlk82kMwAXaH2Uy6l41ghH2JFTEYFy-5w",
      "nome": "The Idol Who Sings of Love"
    },
    {
      "numero": 13,
      "url": "https://www.blogger.com/video.g?token=AD6v5dyQ0ze2zm35EjSY5Gf34i7goocO_h0TqjTWk7SVVI05DMTW_PFIhPtYqU9HyNymTj1au29dJZc5mlwrGRzCXdDj7jLwGyKsHM0GJMXEjDddYGW3pfR3jIuF3hDBLZO1QCMbH1Dk",
      "nome": "For Their Smiles"
    }
  ]
}