{
  "id": 48553,
  "title": "Akebi-chan no Sailor-fuku",
  "title_jp": "明日ちゃんのセーラー服",
  "slug": "akebi-chan-no-sailor-fuku",
  "type": "legendados",
  "format": "TV",
  "images": {
    "poster": "https://cdn.myanimelist.net/images/anime/1820/120520l.webp",
    "banner": "https://cdn.myanimelist.net/images/anime/1820/120520.jpg"
  },
  "trailer": "https://www.youtube-nocookie.com/embed/pX1NO_8Ycuk?enablejsapi=1&wmode=opaque&autoplay=1",
  "synopsis": "Ever since she was young, Komichi Akebi has always adored sailor uniforms, even going so far as to ask her mother to sew one if she succeeds in getting into her mother's alma mater, Roubai Academy. And thus, when she gets accepted into the prestigious school, Komichi is ecstatic. However, much to her surprise, the middle school no longer uses sailor uniforms as its dress code—making Komichi stand out from her schoolmates. Despite this, Komichi is granted permission to continue wearing the traditional attire. \n\nWith renewed confidence, Komichi meets fascinating classmates as they experience school life together. Under the colorful shower of blossoming prospects, an exciting tomorrow awaits them!\n\n[Written by MAL Rewrite]",
  "score": 7.64,
  "genres": [
    "Slice of Life"
  ],
  "episodes": [
    {
      "numero": 1,
      "url": "https://lightspeedst.net/s1/mp4/akebi-chan-no-sailor-fuku/hd/1.mp4",
      "nome": "The Sailor Uniform I Always Wanted"
    },
    {
      "numero": 2,
      "url": "https://lightspeedst.net/s1/mp4/akebi-chan-no-sailor-fuku/hd/2.mp4",
      "nome": "See You Tomorrow"
    },
    {
      "numero": 3,
      "url": "https://lightspeedst.net/s1/mp4/akebi-chan-no-sailor-fuku/hd/3.mp4",
      "nome": "Have You Decided on a Club?"
    },
    {
      "numero": 4,
      "url": "https://lightspeedst.net/s1/mp4/akebi-chan-no-sailor-fuku/hd/4.mp4",
      "nome": "My Image?"
    },
    {
      "numero": 5,
      "url": "https://lightspeedst.net/s1/mp4/akebi-chan-no-sailor-fuku/hd/5.mp4",
      "nome": "I Want to Learn Lots"
    },
    {
      "numero": 6,
      "url": "https://lightspeedst.net/s1/mp4/akebi-chan-no-sailor-fuku/hd/6.mp4",
      "nome": "There's No School Tomorrow, Right?"
    },
    {
      "numero": 7,
      "url": "https://lightspeedst.net/s1/mp4/akebi-chan-no-sailor-fuku/hd/7.mp4",
      "nome": "Please Let Me Hear It"
    },
    {
      "numero": 8,
      "url": "https://lightspeedst.net/s1/mp4/akebi-chan-no-sailor-fuku/hd/8.mp4",
      "nome": "I Want to Win Next Time"
    },
    {
      "numero": 9,
      "url": "https://lightspeedst.net/s1/mp4/akebi-chan-no-sailor-fuku/hd/9.mp4",
      "nome": "Ready... Up!"
    },
    {
      "numero": 10,
      "url": "https://lightspeedst.net/s1/mp4/akebi-chan-no-sailor-fuku/hd/10.mp4",
      "nome": "Fight On! Fight On!"
    },
    {
      "numero": 11,
      "url": "https://lightspeedst.net/s1/mp4/akebi-chan-no-sailor-fuku/hd/11.mp4",
      "nome": "Sharing This Time... With Everyone..."
    },
    {
      "numero": 12,
      "url": "https://lightspeedst.net/s1/mp4/akebi-chan-no-sailor-fuku/hd/12.mp4",
      "nome": "I'm Not Alone"
    }
  ]
}