{
  "id": 6987,
  "title": "Aki-Sora",
  "title_jp": "あきそら",
  "slug": "aki-sora",
  "type": "legendados",
  "format": "OVA",
  "images": {
    "poster": "https://cdn.myanimelist.net/images/anime/10/18611l.webp",
    "banner": "https://cdn.myanimelist.net/images/anime/10/18611.jpg"
  },
  "trailer": null,
  "synopsis": "Sora Aoi has always been close with his siblings. But while Nami may be his twin sister, he and his older sister Aki share a different kind of relationship. \n\nWhat began as an encounter with Aki in the bath led to a startling realization for Sora: he is in love with her. But while Sora is hesitant about his forbidden feelings, Aki confesses that she has always loved him. With their affections out in the open, the two begin a secret relationship.\n\n[Written by MAL Rewrite]",
  "score": 5.86,
  "genres": [
    "Erotica"
  ],
  "episodes": [
    {
      "numero": 1,
      "url": "https://www.blogger.com/video.g?token=AD6v5dxoN1WYDlgY2rB2YawFu-TF3NZgHzCSC3maFSfAKvzKdsfIVDDVjENUIqQaIjPI3kZOWBK9_22juXj8pldi3Ux6rkzDx-g7yKTLj-PhSzKzTaDuXVhf8mhfkPL0rfFOZhyM3kOj"
    },
    {
      "numero": 2,
      "url": "https://www.blogger.com/video.g?token=AD6v5dy94RWTUGlAD5ESu4KdyxNPFILaJfSFK1a-niPCOYOcrcEkMrM_P1evCwRkj1Ks6xoEyIMAGbSlK09kqqM3eWSlxGlW4yS4UxpvFvTQnuiwAhuKZcixzYYsaxBuM-_grFq04ec"
    },
    {
      "numero": 3,
      "url": "https://www.blogger.com/video.g?token=AD6v5dw7lPBbghL9weo1YLTWdp-osj7T-aI65Z6Y_YVlGFdkhVvB7gnUfT6Ew1KbsIILYboC5O71lXl8ubCYzxkBA1ZoDOs3BbwXzcEWT9FXRpXCyrbs_D4zH8ZaKXv5U6YFeM8idUDV"
    }
  ]
}