{
  "id": 2288,
  "title": "Akihabara Dennou-gumi",
  "title_jp": "アキハバラ電脳組",
  "slug": "akihabara-dennou-gumi",
  "type": "legendados",
  "format": "TV",
  "images": {
    "poster": "https://cdn.myanimelist.net/images/anime/12/83429l.webp",
    "banner": "https://cdn.myanimelist.net/images/anime/12/83429.jpg"
  },
  "trailer": null,
  "synopsis": "A \"patapi\" is a cute mechanical creature which is like a cyber pet. It can eat, sleep, play, and even help out its owners with some stuff. When Hibari Hanakoganei receives a patapi from a prince in her dreams, she is thrilled and names it \"Densuke\". When mysterious forces try to steal Densuke, Hibari discovers that Densuke is not just an ordinary patapi. Densuke has magical powers that allows it to transform into a powerful cyber-fighter who looks like Hibari. Hibari's friends also receive similar patapis, and together they form the Cyber Team in Akihabara.\n\n(Source: AnimeNfo)",
  "score": 6.5,
  "genres": [
    "Adventure",
    "Sci-Fi"
  ],
  "episodes": [
    {
      "numero": 1,
      "url": "https://www.blogger.com/video.g?token=AD6v5dy8ue7eOaT6WD8p4m7rt3eKT40Ew1AhOvutnQ8U3Z8hNhsdgTX8wNXteWN6itunSsdkC3OEL3AN5qNClbnyUdLUDWHlNX-8ZiT6o9impijv4czxGF0pjV4WdJ3hXVFNnVENmmI",
      "nome": "Diva"
    },
    {
      "numero": 2,
      "url": "https://www.blogger.com/video.g?token=AD6v5dz6YG_yB6nWTqEwBx5jAgUbJypPwWXQwvQcubop6fT-MhPKCO7swVbmqoJ2A_CB7XFR3dpPh10GOr0txTS1-TMqlSCkqsZGFymUDcEWX-iEWd4XxmPelIPJDZTqz6KeJC7Mkg"
    },
    {
      "numero": 3,
      "url": "https://www.blogger.com/video.g?token=AD6v5dzntwko3fGf2N4AfRadom0_YHKv1MVdxY4c1vGYT0ktB4zP6rSzyZElX9lzxZ8yvT7myFhCv3BoObVPt9Bx4EZnpX2B0KTx066jqoinxg0SDkyDevaZSGByOfZ6p-UurB_lscMk"
    },
    {
      "numero": 4,
      "url": "https://www.blogger.com/video.g?token=AD6v5dxVYokp6lxTWqnnos-AYZMtRABj7ysP1GZCKfYC5WXx7b3VFyvy7u0wOMfkTnP21rx0-NptmPGh9UlNaRFmW8JOc4_UAq6XAhaQ9uxDiiw2l8lkbvayk02MY4A7RkifkEj4hHo5"
    },
    {
      "numero": 5,
      "url": "https://www.blogger.com/video.g?token=AD6v5dwCS-WgvVrfEX8T0Q6f9T2cnui1P5e3bcUwTDu85TqvjU3W6HMn0OhlcwETyUji8r0nf92_sP70k9Ymn5cTpy4ztn3wKQREEmKQdjYEiaZvEnwHQIZJAAdz_Jlxl94KYIii1x3W"
    },
    {
      "numero": 6,
      "url": "https://www.blogger.com/video.g?token=AD6v5dyTo5XkyYvPLTq4Z84I_Mh3P75GIqSzDpRkQpdCBCesyheikcwz-N2qyRfW9THIFuaw7BD7UAibfShd6UdPNGpS7aoO38ZHtjjqUtJTrbd455ouLY0orjYoiHcxqPM-MZf7U3yt"
    },
    {
      "numero": 7,
      "url": "https://www.blogger.com/video.g?token=AD6v5dwB2mmXUDPkuQZq1x6Yp8t6-7ZvnNDFlHrvKshF40yFSZg_a4EuYb5je7IAXuV2WTPtMjb4AhyosJprmzeJ_xL9nWkwRcXJjlWmRNqfDSsWaeBuL321gmxE9X3p_2AAr4-CO-2A"
    },
    {
      "numero": 8,
      "url": "https://www.blogger.com/video.g?token=AD6v5dxsPufwBXPvCmo83TYkwMHBI0eg0d-kP83XUQJX7V5QWfutbPZWyhymN-dzRVvw7XCjmBq39_QiDjW7n_WvG6UsI-sPuQ3mEXGpxVV-at8eR-iLuP3eks72hWky_eOA7IOx2JCH"
    },
    {
      "numero": 9,
      "url": "https://www.blogger.com/video.g?token=AD6v5dwD3cTisJlPrpT30n6WBXiMKtJZGPjqYxIQ7bhbr2M4h8Qe0Zbgkb3k5IT8tqOQoymBCpbPFGvDaNyuVKWrFULCB-Z4I2o9lIadnPAVycNSPxOixAYD__TBt5XMeK23C-eVZ7s"
    },
    {
      "numero": 10,
      "url": "https://www.blogger.com/video.g?token=AD6v5dzxQ4VpTB4IhZAUPacdGcVnpVWsc07bKgBiuDvxem3lMhxa4f4OAwxzjAtlb6WaqX2cOUTZ1oHmX-nenJEFVBBYk_PTHu7Z9YXZm6jdW3JHWXQFaciutS2PqiWQDGnSlBXUnLM"
    },
    {
      "numero": 11,
      "url": "https://www.blogger.com/video.g?token=AD6v5dxYcJ-etgTXkxALBCQJlFbSvn-gOlxrm_eV43Cy1N3tv3PKQ2PSci2rgBsJktB8lJKfvTHiKWDtq0EzTFxYuDRR0z9Py709pvTe3iBpHvKbNyP9UYY6dYKyJINsYtZVOWzKwaN9"
    },
    {
      "numero": 12,
      "url": "https://www.blogger.com/video.g?token=AD6v5dx4gL6rg0jhR5jCZMQuZKEvE1gy-qvE7ALU7fvO_EHMFS9ioHL6rHALb4F3lpxkG_bBot-LbjxcKg2PRe7EGMbpzaRPBfKQfMdg-KGLtbyiNvul18sTPL1c5Q9zc37CCS8YltI"
    },
    {
      "numero": 13,
      "url": "https://www.blogger.com/video.g?token=AD6v5dx9-XVQTt4yeV_zLs06ji3qYP4SGfehge4U_kgXdED-CVU6CpkgHLbAj9rEPr5cjKMyisxw5wdE5PFJkm3DIsFOvMyibCsGv0K0cMMNKHbyx12aVWXAUnBlDhExe5Sg02T2qqQ"
    },
    {
      "numero": 14,
      "url": "https://www.blogger.com/video.g?token=AD6v5dy4URHBn_xJRWWtt0ysFRDAcZl1akfIzsiJ69Ng0gFHJS3gatNf3lMTYbbHnvqU5vljHFrXhvMcKEEz945srFHZ22U3UVqnX2S8_oh55XNVaWSlEQPZYvbxFXw_WkIyii9xWyU"
    },
    {
      "numero": 15,
      "url": "https://www.blogger.com/video.g?token=AD6v5dzaqlYpFGd4qFpoulcHh-sikXAtjZMYgS2is7jioYPeuhqN5jzN1lIgfJtbVh93vipMSt0CME12cBSMGuoYF0_6IgkZp0zuml2LS0fW2srhTJei5MlxI6NV8c9fK0_Y5VAseA"
    },
    {
      "numero": 16,
      "url": "https://www.blogger.com/video.g?token=AD6v5dwnZFl42mM_yvTcB1Au5wD3Or0RkCA3kdZp3oiNtWKeDcCzM1Rg1DDXibl9vUCajVt_rTvbeEap3G0rjuN4yUWgONupEruPgFPrzZsWEzxfFqLc_MyxI3kyEtP7egBfyS1qQJLR"
    },
    {
      "numero": 17,
      "url": "https://www.blogger.com/video.g?token=AD6v5dzaUBDT9ULNWSUejnRtsKBT9yvy2GtBPLZ9FJtVggwr4d-1CS1oPpkFCwyYGrQxIowO0RWwSlvi4QCdk9dp7hxsb6TtBnMkH829Ag2gCY1ovFywA5mZl5GfS6VWNH7XxWR39AE"
    },
    {
      "numero": 18,
      "url": "https://www.blogger.com/video.g?token=AD6v5dwY-T34I4EyamtgwGxAE_EGIHJX3GdZDFRa3_lzueCxU6jihV192wF14OiFKwPkbE5J4X_MTj3m8oYoHOYAsrAkyo9zcrVB_oc_M8x6OPvfxyNbTEW9nbTtK9jAXQ21JrYTb5s"
    },
    {
      "numero": 19,
      "url": "https://www.blogger.com/video.g?token=AD6v5dxYQBOF_6lNCh6uN_4r01zJirQcB8h4RHLl91It5ugDKGrPdLRFI2VWd5lOzIW0ZyrPm4w3SaLC9YyWkVyWe-9qapODp1Lc5fAHf_ti6GXgwvsdOc6OSKqaUC-XcgBBQgTD7GI"
    },
    {
      "numero": 20,
      "url": "https://www.blogger.com/video.g?token=AD6v5dyn-F-vZlE-EUseaDDA9QydDINctHxrb-dphy2l0kgg9L7Zrz599fcpuCXP06DjxNw7p8XifWka-YgekU6e1gDx0y1ys3-EHwb5m2ZC8BG1ZmBbEutYVRZE_t5zGCOsmhvyOks"
    },
    {
      "numero": 21,
      "url": "https://www.blogger.com/video.g?token=AD6v5dyBnJKRFlMTk501jHE9ahVdpoO5TXavFJI01_vtXpsGnI_bzlpJnZ30XZUGPAMN3hhIrLXsyMzWWnpNzs-ZfY0QL2Wjo_LvyGeuThZI7f0W9_APkI5Q2_GrNGGzGWLw_5RR4_La"
    },
    {
      "numero": 22,
      "url": "https://www.blogger.com/video.g?token=AD6v5dwMrx98aGDd0NeqYj3hGYQXXhSp97984Eh0mif0YaySvfOaK7P0dJn4LycP86XV9QWxe10gwF4EBVYBUiJf5Tpt_5Uqe8ZpVEa4SUl5fWO9l8f3GAZnCSFuq7VcHwTg1kyHKOo"
    },
    {
      "numero": 23,
      "url": "https://www.blogger.com/video.g?token=AD6v5dz13cqQ-a7Rui-o7mrYP0OPuRB9BJS3_3UJcaQjSZXtNvz7qldGCr8ABObSNGY7Tup97YwM4N4c84SoUeVHGvtQjrhhXDqPYaWLf5f7lkqG-tplFg2Vt6Pp0RGfP6FLDv6vjnPb"
    },
    {
      "numero": 24,
      "url": "https://www.blogger.com/video.g?token=AD6v5dzZMS0F0SLNoSNL2CaZkB_XuSRxrEDyr9f9sYcGI_39ZRjomKa2hSN8EdfPWyCkNeewszWQEyfkyXRlhZkd1Yrewf4D8mul8-VxKD-4qKOoHbDvOHBbOsqpfvAPO2Z8ALxTcKUO"
    },
    {
      "numero": 25,
      "url": "https://www.blogger.com/video.g?token=AD6v5dyT7QdN7iOVvP0-Ik6FaaZkwdl4Aob-SDnd08TbEN_KXl0AAHt7zT7YSNFZOBLu8BhM9QhnKzaxHLYa3mJJJH-tnt_jsN_eD48smBoH6XTGb2wQusAPTmS_efK4YDVgzEi3-cI"
    },
    {
      "numero": 26,
      "url": "https://www.blogger.com/video.g?token=AD6v5dwW9219q5WoT8mmgcZzx36V6aKvKSdjVIMErx0j4M5NRHXCtbkZ7ahXx4Ywt2cHFTDC5l3z0ekDWNQ7ZUTMMtWdYO_pb86BUoXyNZe87FwIY30NO2JktUOjQf62YM1JlxorfhbW"
    }
  ]
}