{
  "id": 5112,
  "title": "Akikan!",
  "title_jp": "アキカン!",
  "slug": "akikan",
  "type": "legendados",
  "format": "TV",
  "images": {
    "poster": "https://cdn.myanimelist.net/images/anime/5/47093l.webp",
    "banner": "https://cdn.myanimelist.net/images/anime/5/47093.jpg"
  },
  "trailer": null,
  "synopsis": "Hobbies are often a great way of meeting new people, but how could Kakeru Daichi, who collects rare juice cans, have ever suspected that he'd meet a fascinating new girl when he attempted to DRINK her? Naming her Melon, because she's got great melon... soda, Kakeru quickly learns that she's an Akikan—a beautiful girl who's also a special can created to fight other Akikans in a strange experiment to determine what kind of container is better: steel or aluminum! \n\nWill becoming involved in this ridiculously twisted research project gone amuck complicate Kakeru's life incredibly? Of course it will, but because Melon's steel body needs carbon dioxide to breathe, he's now stuck with her since she's too CO2 dependent! And when his wealthy, attractive, best childhood friend Najimi gets HER own aluminum Akikan, the trouble really begins! \n\n(Source: Sentai Filmworks)",
  "score": 6.1,
  "genres": [
    "Comedy",
    "Fantasy",
    "Romance",
    "Ecchi"
  ],
  "episodes": [
    {
      "numero": 1,
      "url": "https://lightspeedst.net/s3/mp4/akikan/sd/1.mp4",
      "nome": "Can You Feel It? First Kiss"
    },
    {
      "numero": 2,
      "url": "https://lightspeedst.net/s3/mp4/akikan/sd/2.mp4",
      "nome": "Time to Study"
    },
    {
      "numero": 3,
      "url": "https://lightspeedst.net/s3/mp4/akikan/sd/3.mp4",
      "nome": "Akikan's Feelings"
    },
    {
      "numero": 4,
      "url": "https://lightspeedst.net/s3/mp4/akikan/sd/4.mp4",
      "nome": "Lost Running and Thinking"
    },
    {
      "numero": 5,
      "url": "https://lightspeedst.net/s3/mp4/akikan/sd/5.mp4",
      "nome": "Dating Relationship?"
    },
    {
      "numero": 6,
      "url": "https://lightspeedst.net/s3/mp4/akikan/sd/6.mp4",
      "nome": "Deeply Touched! Humans and Akikans"
    },
    {
      "numero": 7,
      "url": "https://lightspeedst.net/s3/mp4/akikan/sd/7.mp4",
      "nome": "Transfer Student: A Great Welcome"
    },
    {
      "numero": 8,
      "url": "https://lightspeedst.net/s3/mp4/akikan/sd/8.mp4",
      "nome": "Swimsuit Sensitivity"
    },
    {
      "numero": 9,
      "url": "https://lightspeedst.net/s3/mp4/akikan/sd/9.mp4",
      "nome": "The Moments Hearts Connect"
    },
    {
      "numero": 10,
      "url": "https://www.blogger.com/video.g?token=AD6v5dxFMsPPCIX6pHBSpqCoeJO4rVq34n5GjSGZUajEYEyLqkSyzrb5yT23764SXJcDRpfIv3K_uymcxP7E_zLcJDyna615Tm23CssBUeEF-W3xm3cMFH1MZcWTTyr8n_a7zmumoTdv",
      "nome": "Thanks for the Unchanged Present"
    },
    {
      "numero": 11,
      "url": "https://www.blogger.com/video.g?token=AD6v5dzjueZ9yGljvBqeplwmvD8lTkUo43UceZntQdmsbXg4TxkGhIWiJyi9ewgcrim-24FlZw3CQ4Ly1-StPpugrhiDMZoyxtZ14g6OUpII4latmDOfBYlQtkYjCM2jHy7Wg9nH8Pl7",
      "nome": "Shaken! the Strongest Akikan"
    },
    {
      "numero": 12,
      "url": "https://www.blogger.com/video.g?token=AD6v5dykPF3eqD-eWB91WHrDytv9nMf9quW9_kMlbvx4Atf9SFjOgf2MYwWqzLfMMZpZ5Ko72OsoSAqe2pAD9MCLb86HKPIp0-vsB0dQrmMIVTYxs4pC5WyfEuWCl_iNIlSGrQCG1uYB",
      "nome": "A Toast to the Brilliant Future"
    }
  ]
}