{
  "id": 36864,
  "title": "Akkun to Kanojo",
  "title_jp": "あっくんとカノジョ",
  "slug": "akkun-to-kanojo",
  "type": "legendados",
  "format": "TV",
  "images": {
    "poster": "https://cdn.myanimelist.net/images/anime/1404/90601l.webp",
    "banner": "https://cdn.myanimelist.net/images/anime/1404/90601.jpg"
  },
  "trailer": "https://www.youtube-nocookie.com/embed/LfmTO1p3LFU?enablejsapi=1&wmode=opaque&autoplay=1",
  "synopsis": "Despite his incredible bashfulness, Atsuhiro \"Akkun\" Kagari has landed the girl of his dreams: the sweet and loveable Non Katagiri. However, his embarrassment for affectionate acts—from giving compliments to exchanging a kiss—causes him to act harsh and downright mean to Katagiri in their day-to-day lives. But Akkun is still very much a boy in love; he shows his admiration for Katagiri in his own way. From tailing her in order to take her picture to eavesdropping in on her conversations, he ends up stalking his own girlfriend. \n\nLuckily enough, Katagiri finds Akkun's actions cute and endearing, and knows he doesn't really mean any of his insults. Even if their close friend, Masago Matsuo, finds their dynamic a little odd, Katagiri loves her sweet tyrant just the way he is.\n\n[Written by MAL Rewrite]",
  "score": 6.81,
  "genres": [
    "Comedy",
    "Romance"
  ],
  "episodes": [
    {
      "numero": 1,
      "url": "https://www.blogger.com/video.g?token=AD6v5dzk-AlVo9MtvjhooEJxP8o8UrcRCy7aad4NL7nPqvcHCwl1BsjjulJthpPbovHpLGi0WE4HArNo1McqYxAygP7usMky3AFXtVsE1UgVamn0S2SAYj2UXwFiAxAoHGXXyKfluyXA",
      "nome": "The Boyfriend’s True Nature"
    },
    {
      "numero": 2,
      "url": "https://www.blogger.com/video.g?token=AD6v5dwycrQxMDwi9UIG7zgNK-lDknM4lSEgoD-Qg87fo5ghLhccqW8-4d5qVRlVHXtfNpwsRJ_RUCCzRJU_PxLMzqLUcURU93Ixw8yJkHqFNLn-zypEuCWO-N96Gh2CKESN77eZ7iA",
      "nome": "The Accustomed Girlfriend"
    },
    {
      "numero": 3,
      "url": "https://www.blogger.com/video.g?token=AD6v5dy0BR-J9dVRQJVkRxYWieD2UP0qwAsY_nZR7OtebW-PUbp91-ea5mvE0b8jQoY7Tx2gwg6-oIpo7X1iVypmt36FJpKF85pjoteTvVG5Opg0aZz2OYXMP0KG4pAvLNq4HYIbHHfS",
      "nome": "Number of Chews"
    },
    {
      "numero": 4,
      "url": "https://www.blogger.com/video.g?token=AD6v5dzwjJOyGd0UCJVrQhhgk318E8AOU4wZ0Y123IJ1qsyZCIRgwbjUUHXAEuvahZurRkok86Nkkuze5Sx1HF36SQbLjdoK0_-lxPq1Bf8NYfV2XW81ddbrQpjZGj-qLP_b0dAeafts",
      "nome": "The Beginning Of It All"
    },
    {
      "numero": 5,
      "url": "https://www.blogger.com/video.g?token=AD6v5dxB7qGWiVgK_-G2_ulXnLrx3dCDwkikZtgySF15TixRuTXhKgoy4-0kKqRjIs7J_qKP0D8mmQpMWNJsG7dJKuqx1dD5usYzZSTPIO92UzX808FPeG0G0u6kR873OcWOI5EAcWhS",
      "nome": "Under the Umbrella Together"
    },
    {
      "numero": 6,
      "url": "https://www.blogger.com/video.g?token=AD6v5dz5Jy4eQWLtAdLKvJTLgymN-oaEoekq9W7QOPqMGdroW6jHV8w60Z8T1aN-qPgLU2jp9Noe9MV34Lf2dcX9mzvDmV3Ut-ueaVtbitSAFEHUMa9Pua5ryiaXg3iN1DFgWwqSZPM",
      "nome": "The Parents"
    },
    {
      "numero": 7,
      "url": "https://www.blogger.com/video.g?token=AD6v5dxz1BbgvhK2lTJXpfQOEUIJEqsIaGSLjG3HV2SsYgh3uQZq3NK8F5W-TpjWV-GihTZ-gv_GSC3nd52H0aU0A2wJGYfD5A8SYfsCoAuiDSVXyLtqj5Q601QKZumxaJ26TM_uQV-b",
      "nome": "Irie-san"
    },
    {
      "numero": 8,
      "url": "https://www.blogger.com/video.g?token=AD6v5dxdi7H8No4qOz5MDvIqgiFQlvnoJyua2mOg2ebDbqnUQINzEX2lwM5VtIZD7jdzz9s6iGLPrg6cpWYbH1hZSDDW_ZZl0_X73vKmPh125rwCIxII9B-J8N28YWu5Y_PIS-6W0Hsj",
      "nome": "His Own Way of Studying"
    },
    {
      "numero": 9,
      "url": "https://www.blogger.com/video.g?token=AD6v5dx5GaHC1TQ3y9CuE5tqEpsb8JM_Z1luZenv3zFtOfpEFJ_RZNbyWYwmzDyZVhMqT1NZETS5c3NrvLsPAP_owCde2AwyPYWiaMA03jYAZBUmHV2zoDKZWMqMCbwdGP6IAEBWiNE",
      "nome": "Matsuo and Chiho"
    },
    {
      "numero": 10,
      "url": "https://www.blogger.com/video.g?token=AD6v5dxGfZqvfpK1tURgwl_PRnKTBbDanLZSwt2ewDz4ThWQF5hRU9Ud9T2BCpB7yXCMWwcR0ncuFLoxl35Eq6-l4I3Ygmn5vczqcrJ9ymXK0SafWpOsHphY8iKOwwydirmMhwfu-dAh",
      "nome": "Beach Time"
    },
    {
      "numero": 11,
      "url": "https://www.blogger.com/video.g?token=AD6v5dwnOHcWaQqBZx-UDkBbQLkFUZJuJZ6d71yuONG5yUw8nNNwpTk0Md9MmtfZs4sQvjpwv4wYmjUXIx_hxWZB1GQAegv1uGbOIn6QuyFr3atyGcJ2dyGiD5aNqnkE2LkJfhZ47771",
      "nome": "The Night of the Festival"
    },
    {
      "numero": 12,
      "url": "https://www.blogger.com/video.g?token=AD6v5dzvGvrH_ald14b2QdYdNYVTMBpZ7EuHWK6xHIkOJUEJ2U_yG3FWIWpG-mWNLMPq7qFNGwDPHQmXvZ-kdcOpnyevW0Br9ShF-0S6GkqHMDGr2PY06yJOg8Fa4Gc6MTR6Svb08mA",
      "nome": "Candy Apple Hammer"
    },
    {
      "numero": 13,
      "url": "https://www.blogger.com/video.g?token=AD6v5dzMFZqlDd5C1qJX0CyT-V_-CeSQlF1gky8MQ_VytCTl8uIguRGiNNHU7384uomIoRnknbCKbhsH5oN3tm8ZnmF7-X7s_gtwA5thbN__ETFReTwbJi_rCbshKKmfIz1wLVonmsY",
      "nome": "Memories"
    },
    {
      "numero": 14,
      "url": "https://www.blogger.com/video.g?token=AD6v5dxVyLcxYHcCpr6QXay1VmMAHZ3FAIiHIfycRBYMXRgeWEkpMviPrghj9couu-gVLmenJNk8huK6xKK83xObXSGjuyofEcM4jAYzUiGL5kttvIlDfvGdPMPI6rdbHAmq7v6r8PVw",
      "nome": "Halloween"
    },
    {
      "numero": 15,
      "url": "https://www.blogger.com/video.g?token=AD6v5dwX0hs6YHalHbtcAuBuU1nhKrs216brU3qTiJKnhKU7oOzyRqtTUTkPf3aJAMAvlUfDyGzS7xZmDlC0MruRMu4mpHF1vrtGsxFyWcmfPkkjo3PZ_AD74bYVayexorc6xo5BfU0",
      "nome": "Wishes, Apathy, and Supremacy"
    },
    {
      "numero": 16,
      "url": "https://www.blogger.com/video.g?token=AD6v5dwvK63TziU5Uz5zki-5WH_rBdCQjbaTYL1S9_Jesat_9ic1qCyq1bJTPVzK93GCxDS3BzVRUPhCFj_As6mIkA2osV6nZH75zw0w-v8lHgug9lN8cmBv5wntYHBo3AY3_jXLSuu0",
      "nome": "Matsuo Countermeasures"
    },
    {
      "numero": 17,
      "url": "https://www.blogger.com/video.g?token=AD6v5dzRnBumeVreM_lFhZi0wz7ceg-WHOi4Yldf9slA7wuQ725jxC4wpQH6udj4ZF7JGsLMm7hZpGEmUUDtzUBH7niXptlP_GvMJPSpYEqnpdsdtDx_UaHQpZot9SEjvfGQ8ZdfPIoZ",
      "nome": "Akkun's Sleepover"
    },
    {
      "numero": 18,
      "url": "https://www.blogger.com/video.g?token=AD6v5dw_pP3uHEytxORK9idC40o-MvZ_U02vvCLVFrXmc0tVf_IZW4my_T97JbdKkPPBJz0bGp_p1WZBRbJTZyAJV962lbyu0vqloXGHMYL3-NKadYVn67gTtOr2oJLw-jYrntiD0vtV",
      "nome": "Christmas"
    },
    {
      "numero": 19,
      "url": "https://www.blogger.com/video.g?token=AD6v5dxdUi2sO0KUc8Cf-90WFaRiFWOmSDVTHq8Ks9Dx9uhp0IJ4En6V8Z0xvSoLt4vDl0sZ6gWg8oziPmWxuW3NOo7ycJSo9euM9sasOm_BbT6Px0sNUpwr1sQypJQgSJGLubbBx_v-",
      "nome": "Happy New Year"
    },
    {
      "numero": 20,
      "url": "https://www.blogger.com/video.g?token=AD6v5dxYr_rxHUaPb6uGmoINngbjsa5iNv7vKmy3SHlcCB49HmDK3M_k3cnttz-qcokJkdfE953tUymBRYEm0lIvi-C3XZeDxYlVyjbIIJrCHfB4CXesPcdxLoK_LXbeC4knN764B-D1",
      "nome": "Clean Up Activities"
    },
    {
      "numero": 21,
      "url": "https://www.blogger.com/video.g?token=AD6v5dxh7Nut2Gly9ZEGj2HADh5b7HSeorbrL8hHdY81LfM5fwFUXRBZgrvblXeNH6qi9cpx7iWoVhw6iuk9uOW2V65MmsGGf2f8s5mfs0ZGtUG74zlcAnNNgNgTOhJh5dDWaMcTDPFD",
      "nome": "Honest Words"
    },
    {
      "numero": 22,
      "url": "https://www.blogger.com/video.g?token=AD6v5dz3t7xLPr9NmmNOrU9rrV1rDF7756qJzo0QKy_phAGswiKhLCWrU6w9INXkv2-bTDIJ0TLJDciIg4X2cF4fD3uSNR1z8GYavbljDLg6HP4T58-q71Hcmbus4FP_4ShPuykZyDqc",
      "nome": "Startline"
    },
    {
      "numero": 23,
      "url": "https://www.blogger.com/video.g?token=AD6v5dxpidLgvMdMvX58LdBD-SIeUrxlBkyFB-P0Xaa1WQ05T6eUUW-4BWVIqh0jwnrtDDFpxE8SlJCaPsTGtPPcZqJ4ZIhC_hOuwdaVcmQS-BirKrc3DhJS5b04m1vsAy3qI7Tgj6pY",
      "nome": "Green Onion Plushie"
    },
    {
      "numero": 24,
      "url": "https://www.blogger.com/video.g?token=AD6v5dwvQPNRsj1_6hcjrzzAeYDTfzrj5V0eYiiEIw6mDX2iBNxyW_LmFFJyezAgEHDspYD0pBhROnHH379vc135ryximJ25n9jOdn81q4hpr9N6lDouMU3DYNfFz6F_U6qBTFm_T00",
      "nome": "Hate..."
    },
    {
      "numero": 25,
      "url": "https://www.blogger.com/video.g?token=AD6v5dytMpozHTJy9QfVyZA05SXDQNZw5AwoILLmD82J1Q3HFpzFB8Fx4iO1LikRqSXHYF1paY2rVUQxYAD-Zu-uxkdxt4n7UJuHZ0ihzCC8rm2ejknScJ3rb23NsxtbYgOyFBQxt60",
      "nome": "My Sweet Tyrant"
    }
  ]
}