{
  "id": 16201,
  "title": "Aku no Hana",
  "title_jp": "惡の華",
  "slug": "aku-no-hana",
  "type": "legendados",
  "format": "TV",
  "images": {
    "poster": "https://cdn.myanimelist.net/images/anime/8/50559l.webp",
    "banner": "https://cdn.myanimelist.net/images/anime/8/50559.jpg"
  },
  "trailer": "https://www.youtube-nocookie.com/embed/agNACZm_J7U?enablejsapi=1&wmode=opaque&autoplay=1",
  "synopsis": "Takao Kasuga, a high school student fascinated by poetry, reveres Charles Baudelaire and even decorates his room with the poet's portrait. On a normal day, Takao forgets his copy of The Flowers of Evil in the classroom. When returning to retrieve it, he steals the sports garments of Nanako Saeki—a model student who Takao calls his muse and a femme fatale.\n\nDeeply ashamed of his act which he sees as a sin and what others see as a crime, Takao realizes with horror that Sawa Nakamura, his classmate and social outcast, knows about his theft. Blackmailed by her, Takao is now forced to partake in Sawa's disturbing fantasies, lest she reveals his deeds to everyone. Caught in a negative spiral of increasingly traumatic experiences, will Takao be able to break free from Sawa's thorns and atone for his sins?\n\n[Written by MAL Rewrite]",
  "score": 7.15,
  "genres": [
    "Drama",
    "Romance",
    "Suspense"
  ],
  "episodes": [
    {
      "numero": 1,
      "url": "https://www.blogger.com/video.g?token=AD6v5dx6VBjmxzLWdbTPrl7-njycEFDdfAg4twcAc0JgwuWVwB9p58HNXqv-_zdhY5dXZFsbDKwHy2khD9a2jOw4LwF9t0fZ7p3MWJf29JXaUsruZVEc7l1f-090NBjAwfWUUwZGYudX",
      "nome": "Flowers of Evil 1 of 13"
    },
    {
      "numero": 2,
      "url": "https://www.blogger.com/video.g?token=AD6v5dw3X6vy_6_I_UCYkTaVKf4YdcdH_aX0EKeSiCszPjImXyODoJil7mzGoI-jsJe8owF0N7904PDCGJBmfKYzUqUjRaUrG7ahbEn5l-jDglF6xkxXX2qnf5U0rHeQdcMy3c8WBGI",
      "nome": "Flowers of Evil 2 of 13"
    },
    {
      "numero": 3,
      "url": "https://www.blogger.com/video.g?token=AD6v5dyXVu9aFOIGUhZ-HTBivOGyBhJZ2kGeWxTO2FPFRvfBIR68z_rFJZBvRbTLtUUz0VphoIYFIpg3B6xMBBYpE7PLR0aFEJbqlXfPYYcgBvZhfVmQ9bH2JG5o-ebO7Nt_mWxQ6KQQ",
      "nome": "Flowers of Evil 3 of 13"
    },
    {
      "numero": 4,
      "url": "https://www.blogger.com/video.g?token=AD6v5dwOgdMgdsgLMLmCbQaZuhEjRkR--cyDei5lO_fdMEwD7Czi9B5q3HdPZDJiLSwUosvinaMxtqoloEahr3MwtctsfFDtD_NHlv6NytRaJ5kHrQzh-LajPOvUk-9W7S58PMKANjZS",
      "nome": "Flowers of Evil 4 of 13"
    },
    {
      "numero": 5,
      "url": "https://www.blogger.com/video.g?token=AD6v5dzaTO-_XmX9mCg-jrDjHveJCEPAIqp1zAH3IHE44_rIm3sLB5K3cYyniQqKThOGcO1kWXcsnoJc_90nB45lRPzxi1Qy1qo0WsVo7n_V34YmAgvsn_KBVeO-FBrcZql-QqewLy_5",
      "nome": "Flowers of Evil 5 of 13"
    },
    {
      "numero": 6,
      "url": "https://www.blogger.com/video.g?token=AD6v5dz3Y3XLYZVLj3H5BgrEk4YYepL3w50kd9wcMph1XCqtG1k24-kLeFPN0QGsG8K5uRn6iBjHqiIo-M0Kv5Ri69pCatyTtc6YUfB1ctC5E2GdIvXaMmYHNAH73mJEieIYYeZu28pK",
      "nome": "Flowers of Evil 6 of 13"
    },
    {
      "numero": 7,
      "url": "https://www.blogger.com/video.g?token=AD6v5dwD3fb0r20JqdAyikmYlTsy2MNMS7G-iDLXXgN1ph6eQnJykcot9avKHAJfCfnQMb77y93S4iY9uuwuyUxkRv5ekTmX8U20PRXoOmtiqYaMgLl_CzbbBNcZLKwDaT72BnvO8gY",
      "nome": "Flowers of Evil 7 of 13"
    },
    {
      "numero": 8,
      "url": "https://www.blogger.com/video.g?token=AD6v5dwBQ7AyKFsGtlpdLnJJ1YO769sVjMJj1qtk2ZOTme5gUIy_6e8n9h_oc9KQlkiGbpITLN8f18CVPHWo5PxTrTn0SaoTH2MfTX7qqHnOoIUaBiRryFPKcWnt0QvocZWIlLkSJ5U",
      "nome": "Flowers of Evil 8 of 13"
    },
    {
      "numero": 9,
      "url": "https://www.blogger.com/video.g?token=AD6v5dxA1pelJTiEnm_rzGLEyZ7NIE9L4ohADdcSI3i1WW03e47wRoqF_Fq7A8eDeyLme8RK64ZucGwdX0wXplck5fzZpUl6NL3eDAr87a7mhKHI1jCUI42UA6TRCupVj4l01Yy2DkE",
      "nome": "Flowers of Evil 9 of 13"
    },
    {
      "numero": 10,
      "url": "https://www.blogger.com/video.g?token=AD6v5dySvdHUNBzCRPj_ajRZjPLFYGpjropsw5YBYMICoRG50LQUkQOZT9nT8zbqB1bdtzlKAgwulfOWGMXjGC5_kX1E6exvT9oOl24CnakPNFGB1ZIzS7k9zcTjM8FSxA19DbtGZI3O",
      "nome": "Flowers of Evil 10 of 13"
    },
    {
      "numero": 11,
      "url": "https://www.blogger.com/video.g?token=AD6v5dx52cWTFOxl-8HNZjlWloE5BNh3Io_T36v56vcpDSj97U0themRLfCt2yMZr0_qnzH6yapV6teWeXTykWtUoS0B1OOQ0F6Mu8UhAqMm76heMq1QIUh0OX7qXOHUaFTaBf9oEae2",
      "nome": "Flowers of Evil 11 of 13"
    },
    {
      "numero": 12,
      "url": "https://www.blogger.com/video.g?token=AD6v5dza3cAJFphNy9XdaLPGs0C_6eWhodKJHkYfHUQWF1CcW-qm4R2NslWU4BTkCD92w-qwM60XE-LMRg1CB6cgDjvOMEj9DfNVaK7CFeXfXZh_MDU4YPGXR7dfFWk1jkTkOLs_Ckd9",
      "nome": "Flowers of Evil 12 of 13"
    },
    {
      "numero": 13,
      "url": "https://www.blogger.com/video.g?token=AD6v5dw35s1Nb8mqBk6ztSko3GAxHxowh-tMbtXoZg1dVLpewoLi_7Vy8WT-n5muYpCMakn291-JLStqEzXr4X8RSL_ymOnFLaQI6Qzg_PVMAJN4Vonpg7IP8ad-Ogy-NhwuPLZxAZMv",
      "nome": "Flowers of Evil 13 of 13"
    }
  ]
}