{
  "id": 41433,
  "title": "Akudama Drive",
  "title_jp": "アクダマドライブ",
  "slug": "akudama-drive",
  "type": "legendados",
  "format": "TV",
  "images": {
    "poster": "https://cdn.myanimelist.net/images/anime/1468/109172l.webp",
    "banner": "https://cdn.myanimelist.net/images/anime/1468/109172.jpg"
  },
  "trailer": "https://www.youtube-nocookie.com/embed/41k3bjceNIU?enablejsapi=1&wmode=opaque&autoplay=1",
  "synopsis": "The bustling metropolis of Kansai, where cybernetic screens litter the neon landscape, may seem like a technological utopia at first glance. But in the dark alleys around the brightly-lit buildings, an unforgiving criminal underbelly still exists in the form of fugitives known as \"Akudama.\" \n\nNo stranger to these individuals, Kansai police begin the countdown to the public execution of an infamous Akudama \"Cutthroat,\" guilty of killing 999 people. However, a mysterious message is sent to several elite Akudama, enlisting them to free Cutthroat for a substantial amount of money. An invisible hand seeks to gather these dangerous personas in one place, ensuring that the execution is well underway to becoming a full-blown bloodbath.\n\n[Written by MAL Rewrite]",
  "score": 7.57,
  "genres": [
    "Action",
    "Sci-Fi",
    "Suspense"
  ],
  "episodes": [
    {
      "numero": 1,
      "url": "https://www.blogger.com/video.g?token=AD6v5dwoJ92ShuiB3s0YDCymdjzcGmvx5ccI2cc_IvDrqLA9KM_506rzGAXx0YzlQCvpDLCtvUH5ji3nBhXcMiY9vslKx25SbqRBLvToAJ4L-L_3ZMOoG5YwH-NlPw-jLNzJdvkksbo",
      "nome": "SE7EN"
    },
    {
      "numero": 2,
      "url": "https://lightspeedst.net/s3/mp4/akudama-drive/hd/2.mp4",
      "nome": "Reservoir Dogs"
    },
    {
      "numero": 3,
      "url": "https://lightspeedst.net/s3/mp4/akudama-drive/hd/3.mp4",
      "nome": "Mission: Impossible"
    },
    {
      "numero": 4,
      "url": "https://www.blogger.com/video.g?token=AD6v5dzBEaCcT8GJJT5axi2BD_xmOpohhwqLeKzSzZtzQnGTuXdvJmqykjXKO4IrWyriAi3SnBMSGKN_EcDVakxkYSy0iKuHyonUVDLrCufwBYa1GZz3aOKX8_0zWNtlWKjHPO3GszsR",
      "nome": "Speed"
    },
    {
      "numero": 5,
      "url": "https://lightspeedst.net/s3/mp4/akudama-drive/hd/5.mp4",
      "nome": "Dead Man Walking"
    },
    {
      "numero": 6,
      "url": "https://lightspeedst.net/s3/mp4/akudama-drive/hd/6.mp4",
      "nome": "Brother"
    },
    {
      "numero": 7,
      "url": "https://lightspeedst.net/s2/mp4/akudama-drive/hd/7.mp4",
      "nome": "The City of Lost Children"
    },
    {
      "numero": 8,
      "url": "https://lightspeedst.net/s3/mp4/akudama-drive/hd/8.mp4",
      "nome": "Black Rain"
    },
    {
      "numero": 9,
      "url": "https://lightspeedst.net/s2/mp4/akudama-drive/hd/9.mp4",
      "nome": "The Shining"
    },
    {
      "numero": 10,
      "url": "https://lightspeedst.net/s2/mp4/akudama-drive/hd/10.mp4",
      "nome": "Babel"
    },
    {
      "numero": 11,
      "url": "https://lightspeedst.net/s2/mp4/akudama-drive/hd/11.mp4",
      "nome": "War Games"
    },
    {
      "numero": 12,
      "url": "https://lightspeedst.net/s2/mp4/akudama-drive/hd/12.mp4",
      "nome": "Akudama Drive"
    }
  ]
}