{
  "id": 60162,
  "title": "Akujiki Reijou to Kyouketsu Koushaku",
  "title_jp": "悪食令嬢と狂血公爵",
  "slug": "akujiki-reijou-to-kyouketsu-koushaku",
  "type": "legendados",
  "format": "TV",
  "images": {
    "poster": "https://cdn.myanimelist.net/images/anime/1264/152012l.webp",
    "banner": "https://cdn.myanimelist.net/images/anime/1264/152012.jpg"
  },
  "trailer": "https://www.youtube-nocookie.com/embed/wvutMIYKa2g?enablejsapi=1&wmode=opaque&autoplay=1",
  "synopsis": "Melphiera Marchalrayd, the daughter of a count, dedicates her time to researching the culinary possibilities of monster meat—a peculiar endeavor started by her late mother. By teaching the people of the Marchalrayd lands to prepare such exotic ingredients, Melphiera hopes to help stave off famine. Unfortunately, her unique tastes and intimate knowledge of monsters have led to her social isolation: few nobles interact with her willingly, disdainfully calling her the \"Voracious Villainess.\"\n\nWhen a monster attack erupts at a royal banquet—where Melphiera has been sent to find a husband—Aristide Rogier du Galbraith, the younger brother of the crown prince, leaps to her aid. Due to his terrifying skill in slaying monsters, Aristide has earned the title of \"Blood-Man Duke.\" Charmed by Melphiera's fearlessness and intriguing culinary prowess, Aristide  soon declares his intent to propose.\n\nTogether, Melphiera and Aristide, high society's most eccentric couple, strive to see beyond the cruel rumors and encourage each other's fascination with monsters and the art of preparing them.\n\n[Written by MAL Rewrite]",
  "score": 7.14,
  "genres": [
    "Fantasy",
    "Gourmet",
    "Romance"
  ],
  "episodes": [
    {
      "numero": 1,
      "url": "https://lightspeedst.net/s5/mp4_temp/akujiki-reijou-to-kyouketsu-koushaku/1/720p.mp4",
      "nome": "A Jerky is a Promise: Skatzbitt"
    },
    {
      "numero": 2,
      "url": "https://lightspeedst.net/s5/mp4_temp/akujiki-reijou-to-kyouketsu-koushaku/2/720p.mp4",
      "nome": "A Proposal from Above with a Gift"
    },
    {
      "numero": 3,
      "url": "https://lightspeedst.net/s5/mp4/akujiki-reijou-to-kyouketsu-koushaku/hd/3.mp4",
      "nome": "Grilled Skewers of Prime Meat: Royal Moodle"
    },
    {
      "numero": 4,
      "url": "https://lightspeedst.net/s5/mp4_temp/akujiki-reijou-to-kyouketsu-koushaku/4/720p.mp4",
      "nome": "Signaling Departure with a Pillar of Flame"
    },
    {
      "numero": 5,
      "url": "https://lightspeedst.net/s5/mp4/akujiki-reijou-to-kyouketsu-koushaku/hd/5.mp4",
      "nome": "Night at Fort Ritterd"
    },
    {
      "numero": 6,
      "url": "https://lightspeedst.net/s5/mp4/akujiki-reijou-to-kyouketsu-koushaku/hd/6.mp4",
      "nome": "In Season: Battered and Deep-Fried Monster Fish"
    },
    {
      "numero": 7,
      "url": "https://lightspeedst.net/s5/mp4/akujiki-reijou-to-kyouketsu-koushaku/hd/7.mp4",
      "nome": "Those Who Inherit The Galbraith Name"
    },
    {
      "numero": 8,
      "url": "https://lightspeedst.net/s5/mp4_temp/akujiki-reijou-to-kyouketsu-koushaku/8/720p.mp4",
      "nome": "Uses for Cloudy Quartz"
    },
    {
      "numero": 9,
      "url": "https://lightspeedst.net/s2/mp4/akujiki-reijou-to-kyouketsu-koushaku/hd/9.mp4",
      "nome": "The Voracious Villainess's Resolve"
    },
    {
      "numero": 10,
      "url": "https://lightspeedst.net/s2/mp4/akujiki-reijou-to-kyouketsu-koushaku/hd/10.mp4",
      "nome": "The Blood-Mad Duke's Intentions"
    },
    {
      "numero": 11,
      "url": "https://lightspeedst.net/s2/mp4/akujiki-reijou-to-kyouketsu-koushaku/hd/11.mp4"
    }
  ]
}