{
  "id": 48425,
  "title": "Akuma-kun (ONA) (Dublado)",
  "title_jp": "悪魔くん",
  "slug": "akuma-kun-ona-dublado",
  "type": "dublados",
  "format": "ONA",
  "images": {
    "poster": "https://cdn.myanimelist.net/images/anime/1696/137452l.webp",
    "banner": "https://cdn.myanimelist.net/images/anime/1696/137452.jpg"
  },
  "trailer": "https://www.youtube-nocookie.com/embed/zUKs1svyZsw?enablejsapi=1&wmode=opaque&autoplay=1",
  "synopsis": "Millennium Research Institute, a counseling office where bizarre requests come in. The head of the research institute, Ichirou Umoregi, also known as \"Akuma-kun,\" a genius boy who only appears once in 10,000 years. However, he doesn't know his real family. So Akuma-kun, along with his partner Mephisto III, pursue the mystery of his origin while challenging mysterious cases in this mysterious detective buddy story.\n\n(Source: Fandom)",
  "score": 6.7,
  "genres": [
    "Horror",
    "Supernatural",
    "Suspense"
  ],
  "episodes": [
    {
      "numero": 1,
      "url": "https://lightspeedst.net/s6/mp4/akuma-kun-ona-dublado/fhd/1.mp4"
    },
    {
      "numero": 2,
      "url": "https://lightspeedst.net/s6/mp4/akuma-kun-ona-dublado/fhd/2.mp4"
    },
    {
      "numero": 3,
      "url": "https://lightspeedst.net/s6/mp4/akuma-kun-ona-dublado/fhd/3.mp4"
    },
    {
      "numero": 4,
      "url": "https://lightspeedst.net/s6/mp4/akuma-kun-ona-dublado/fhd/4.mp4"
    },
    {
      "numero": 5,
      "url": "https://lightspeedst.net/s6/mp4/akuma-kun-ona-dublado/fhd/5.mp4"
    },
    {
      "numero": 6,
      "url": "https://lightspeedst.net/s6/mp4/akuma-kun-ona-dublado/fhd/6.mp4"
    },
    {
      "numero": 7,
      "url": "https://lightspeedst.net/s6/mp4/akuma-kun-ona-dublado/fhd/7.mp4"
    },
    {
      "numero": 8,
      "url": "https://lightspeedst.net/s6/mp4/akuma-kun-ona-dublado/fhd/8.mp4"
    },
    {
      "numero": 9,
      "url": "https://lightspeedst.net/s6/mp4/akuma-kun-ona-dublado/fhd/9.mp4"
    },
    {
      "numero": 10,
      "url": "https://lightspeedst.net/s6/mp4/akuma-kun-ona-dublado/fhd/10.mp4"
    },
    {
      "numero": 11,
      "url": "https://lightspeedst.net/s6/mp4/akuma-kun-ona-dublado/fhd/11.mp4"
    },
    {
      "numero": 12,
      "url": "https://lightspeedst.net/s6/mp4/akuma-kun-ona-dublado/fhd/12.mp4"
    }
  ]
}