{
  "id": 19429,
  "title": "Akuma no Riddle",
  "title_jp": "悪魔のリドル",
  "slug": "akuma-no-riddle",
  "type": "legendados",
  "format": "TV",
  "images": {
    "poster": "https://cdn.myanimelist.net/images/anime/6/60479l.webp",
    "banner": "https://cdn.myanimelist.net/images/anime/6/60479.jpg"
  },
  "trailer": "https://www.youtube-nocookie.com/embed/pKs5R0tlxW8?enablejsapi=1&wmode=opaque&autoplay=1",
  "synopsis": "Tokaku Azuma has just transferred to the elite Myoujou Academy, a private girls' boarding school. But there is a catch: she, along with 11 of her fellow students in Class Black, is an assassin taking part in the challenge to kill their sweet-natured classmate, Haru Ichinose. Whoever succeeds will be granted their deepest desire, no matter the difficulty or cost. However, each assassin only gets one chance; if they fail to kill her, they will be expelled.\n\nDespite the extraordinary reward, Tokaku decides to take a different course of action. Though Haru is her target, the young assassin soon finds herself drawn to the very girl she is supposed to kill. With the entire class out for Haru, Tokaku refuses to let her friend die, vowing to protect her from a growing bloodlust.\n\n[Written by MAL Rewrite]",
  "score": 6.59,
  "genres": [
    "Action",
    "Girls Love",
    "Suspense"
  ],
  "episodes": [
    {
      "numero": 1,
      "url": "https://www.blogger.com/video.g?token=AD6v5dxps2inVlae2srMkgPTZIYE8GyFw0bUplDqBjq5BeuYGw8WmzfIHrhkBgCWLSpwbmHMsbIejFmSgHRyeL_9GQHYYhYFXQgacRIDRz1B1ElF78i_TPyiUPaLCPwVyVQi-XOoC9w",
      "nome": "The World Is Full of ___"
    },
    {
      "numero": 2,
      "url": "https://www.blogger.com/video.g?token=AD6v5dyLe3_iyZTkb7x8SgutD_PXH9U6b9x8T0xo8BLdz9vt5ddjV9_t6XDpne4zIZDuuHqrF6h5jQgklG060QWDnIthsY4bz_QgxlhVdljWRBOvzuWULKfRwTv4EyhpLr08GhaWDXI",
      "nome": "What Dwells In Your Heart?"
    },
    {
      "numero": 3,
      "url": "https://www.blogger.com/video.g?token=AD6v5dzjbp3gCmQ-HbepFganw57mQvszxUsAjtjFV6NIDNuHiwxxhuDFBib9T3JhivQU6eHm280C7br7o6tBZYQcHTdHfi7bJXhvrkURMRF7DBv-8JiNpk3nY0b1_dxz-Ny-3ok_OysM",
      "nome": "What's Red, But Isn't Red?"
    },
    {
      "numero": 4,
      "url": "https://www.blogger.com/video.g?token=AD6v5dwmwRoKvx-AfAWGwVNsDas5Fi4ChEDEeszY_dkOmB42fdYN5cP7AGtr8RxhSfXRKXaQ6uM-s_vB5Z2laSN8M-Bmy8mJYsb1sjAboFqK3dNydi3EgAg5YfPZqV0QxxxvrRjqbPc",
      "nome": "What Comes Suddenly and Never Leaves?"
    },
    {
      "numero": 5,
      "url": "https://www.blogger.com/video.g?token=AD6v5dw_gOufKZAWIxynBcamJBsEJtlPDI-uCkngfhSJE76yXVTRlSb87GzFjrRRwNH9gnUMCzR5V2bO7CnVou-h0TPB53zhbIGPi3UCiqgCUtXeU2ZR27ebhzswIWEZraGu-PeYWhyG",
      "nome": "How Do You Get a Bird Out of Its Cage?"
    },
    {
      "numero": 6,
      "url": "https://www.blogger.com/video.g?token=AD6v5dz0cZYOYt54NWsezS4Kus2fgr4xto2zzdI4EJlkHPykCqCaJARP0LYjUCMXkRcMUr1C8KIhu3vyz0QgPWUWVhVHcTd0-AjvLsCjmyEG4ZjX2XKzWAz7KGcP-i-FPYceIREiag27",
      "nome": "Every Pretty Flower Has Its ___"
    },
    {
      "numero": 7,
      "url": "https://www.blogger.com/video.g?token=AD6v5dwrqeBAduCWelK9-xRSo1-_KpEe9yzinsiQCdIWgmAnhr3ww1YMFAG4fP41fQf8QmYrY634BIvQBi2w3Nc9NcxPlF_JD9PDLDgKmRcfmNZix1jS7HdMr_-afUrTm8F-nM5It1g",
      "nome": "What Can You Never Outrun?"
    },
    {
      "numero": 8,
      "url": "https://www.blogger.com/video.g?token=AD6v5dwbLwKg8wR-8U6MJyrTi0LOzNZiklbKOCRvE9LhYOjqDROjypFQmg60RQB0P6F8tmvqu4VosDtqrcnLyUEphR_SJAHafOyyy2TdE4GqkLbZ_G7EPNlBhcovohZvWDjql-8sXjx1",
      "nome": "Which Gatekeeper Is the One Who Lies?"
    },
    {
      "numero": 9,
      "url": "https://www.blogger.com/video.g?token=AD6v5dyokk3VcGYX6IYNdk855yFa15P6ED7l2nUrciBlbEbvA4K52blz2mBGhoNQzNAIaCTaPetmEEtgvCxRz8nW1zXKcfp1r7Pfcvv5Y1Wr2mmFEcbxVob-F6brgPLHCX1xGcLS3fD-",
      "nome": "What Dwells In Your Heart? (Make-up Test)"
    },
    {
      "numero": 10,
      "url": "https://www.blogger.com/video.g?token=AD6v5dz9MO4CUeRmQhqMTn4s7qNl6o0rc22GiQN1c7LWlXltm-COoq4w6je2WIv5l2rhJxaVxJJWDLDn4XZKML3Vp9oH4eFlEvtPgsded_Em7I9vm30ASTm5GMISTu29vbZf0BloZp-a",
      "nome": "Who Is the Queen?"
    },
    {
      "numero": 11,
      "url": "https://www.blogger.com/video.g?token=AD6v5dy1emGbIXpeffTxtyDNeICYR4Il60VEkxrx7f-Uo1KeQihj2qnyl73qOTUJ7E6jQRMa_Y2MnzrH-PeRJ9M5GB9TpGvhxP_FXct8GvEwqVsXyWSrzab89SZQqByGSBYult2ySY4l",
      "nome": "How to Tell Apart a 'Felicitation' From a 'Curse'"
    },
    {
      "numero": 12,
      "url": "https://www.blogger.com/video.g?token=AD6v5dxIh457faEC9ZSXnr4QCo4G8S4_7mnVThTmQVq8Qru5_SITo7l_jM1vuKKKNVUvq4yxL5uF-V9dhAFO97Vk9jXl_rXlnodSv9Iie5458Frjvf9gEXTqwa55H_Teg4viRUavTWs",
      "nome": "Therefore, the World is Full of ___"
    }
  ]
}