{
  "id": 57719,
  "title": "Akuyaku Reijou Tensei Ojisan",
  "title_jp": "悪役令嬢転生おじさん",
  "slug": "akuyaku-reijou-tensei-ojisan",
  "type": "legendados",
  "format": "TV",
  "images": {
    "poster": "https://cdn.myanimelist.net/images/anime/1255/146484l.webp",
    "banner": "https://cdn.myanimelist.net/images/anime/1255/146484.jpg"
  },
  "trailer": "https://www.youtube-nocookie.com/embed/5ex0opawjII?enablejsapi=1&wmode=opaque&autoplay=1",
  "synopsis": "Although Kenzaburou Tondabayashi is a 52-year-old bureaucrat, he is well versed in reincarnation stories where a protagonist suddenly awakens in a fantasy world. After being hit by a truck, Kenzaburou lands in that exact situation. However, what baffles him is the fact he wound up in the world of an otome game—as the young villainess and the daughter of a duke, Grace Auvergne.\n\nFortunately for Kenzaburou, he is somewhat familiar with his new world, as it is based on the game called Magical Academy: Love &amp; Beast. He was a proud father in his previous life, and he often listened to his daughter rave about the game's setting and characters. Armed with background knowledge and a lifetime's worth of dad skills, Kenzaburou strives to make the most of his new life, though his kind-hearted nature makes it difficult to fully embrace the role of a villainess.\n\n[Written by MAL Rewrite]",
  "score": 7.36,
  "genres": [
    "Comedy",
    "Fantasy"
  ],
  "episodes": [
    {
      "numero": 1,
      "url": "https://lightspeedst.net/s7/mp4_temp/akuyaku-reijou-tensei-ojisan/1/720p.mp4",
      "nome": "Dad Becomes a Villainess"
    },
    {
      "numero": 2,
      "url": "https://lightspeedst.net/s5/mp4_temp/akuyaku-reijou-tensei-ojisan/2/720p.mp4",
      "nome": "Dad Becomes a Sorcerer"
    },
    {
      "numero": 3,
      "url": "https://lightspeedst.net/s5/mp4_temp/akuyaku-reijou-tensei-ojisan/3/720p.mp4",
      "nome": "Dad Makes a Pun!"
    },
    {
      "numero": 4,
      "url": "https://lightspeedst.net/s5/mp4_temp/akuyaku-reijou-tensei-ojisan/4/720p.mp4",
      "nome": "Dad Summons a Beast"
    },
    {
      "numero": 5,
      "url": "https://lightspeedst.net/s5/mp4_temp/akuyaku-reijou-tensei-ojisan/5/720p.mp4",
      "nome": "Dad Gets Into Dual-wielding"
    },
    {
      "numero": 6,
      "url": "https://lightspeedst.net/s5/mp4_temp/akuyaku-reijou-tensei-ojisan/6/720p.mp4",
      "nome": "Dad Is Moved to Tears"
    },
    {
      "numero": 7,
      "url": "https://lightspeedst.net/s5/mp4_temp/akuyaku-reijou-tensei-ojisan/7/720p.mp4",
      "nome": "Dad Puts On an Exhibition"
    },
    {
      "numero": 8,
      "url": "https://lightspeedst.net/s5/mp4_temp/akuyaku-reijou-tensei-ojisan/8/720p.mp4",
      "nome": "Dad Becomes a Maid"
    },
    {
      "numero": 9,
      "url": "https://lightspeedst.net/s5/mp4_temp/akuyaku-reijou-tensei-ojisan/9/720p.mp4",
      "nome": "Dad Gets Trapped"
    },
    {
      "numero": 10,
      "url": "https://lightspeedst.net/s5/mp4_temp/akuyaku-reijou-tensei-ojisan/10/720p.mp4",
      "nome": "Dad Cross-dresses"
    },
    {
      "numero": 11,
      "url": "https://lightspeedst.net/s5/mp4_temp/akuyaku-reijou-tensei-ojisan/11/720p.mp4",
      "nome": "Dad Gets Into an Elegant Pickle!"
    },
    {
      "numero": 12,
      "url": "https://lightspeedst.net/s5/mp4_temp/akuyaku-reijou-tensei-ojisan/12/720p.mp4",
      "nome": "Dad Celebrates at the Campus Festival"
    }
  ]
}