{
  "id": 54837,
  "title": "Akuyaku Reijou Level 99: Watashi wa Ura-Boss desu ga Maou dewa Arimasen",
  "title_jp": "悪役令嬢レベル99 ～私は裏ボスですが魔王ではありません～",
  "slug": "akuyaku-reijou-level-99-watashi-wa-ura-boss-desu-ga-maou-dewa-arimasen",
  "type": "legendados",
  "format": "TV",
  "images": {
    "poster": "https://cdn.myanimelist.net/images/anime/1150/140028l.webp",
    "banner": "https://cdn.myanimelist.net/images/anime/1150/140028.jpg"
  },
  "trailer": "https://www.youtube-nocookie.com/embed/ODtKada4LM0?enablejsapi=1&wmode=opaque&autoplay=1",
  "synopsis": "The beginning of Light Magic and the Hero, an otome RPG, unfolds fairly normally: the heroine, Alicia Ehnleit, meets her three love interests one after another and then inevitably comes face-to-face with the villainess. Yumiella Dolkness may be of noble descent, but her dark hair and rare dark-type magic—both associated with the Demon Lord—spark fear in anyone who sees her. When she is five years old, Yumiella regains memories of her previous life in modern Japan, also realizing that her fate is to become the hidden boss that appears after Alicia and her suitors defeat the Demon Lord.\n\nYumiella refuses to live as the game dictates and, as she prefers the game's fantasy elements over its romance, she decides to cultivate her magical skills and level up in secret. However, everything falls apart on the day of the Royal Academy's entrance ceremony. Yumiella's powers are measured at level 99—something thought impossible even for the royal knights, let alone a 15-year-old girl. With the royal family requesting her help, and everyone else insisting that she prove her strength, Yumiella realizes that her dream of a quiet life is no longer an option.\n\n[Written by MAL Rewrite]",
  "score": 7.13,
  "genres": [
    "Fantasy"
  ],
  "episodes": [
    {
      "numero": 1,
      "url": "https://lightspeedst.net/s7/mp4/akuyaku-reijou-level-99-watashi-wa-ura-boss-desu-ga-maou-dewa-arimasen/hd/1.mp4",
      "nome": "The Hidden Boss Enrolls in the Academy"
    },
    {
      "numero": 2,
      "url": "https://lightspeedst.net/s7/mp4/akuyaku-reijou-level-99-watashi-wa-ura-boss-desu-ga-maou-dewa-arimasen/fhd/2.mp4",
      "nome": "The Hidden Boss Shows Her True Strength"
    },
    {
      "numero": 3,
      "url": "https://lightspeedst.net/s7/mp4/akuyaku-reijou-level-99-watashi-wa-ura-boss-desu-ga-maou-dewa-arimasen/hd/3.mp4",
      "nome": "The Hidden Boss Is Summoned to the Castle"
    },
    {
      "numero": 4,
      "url": "https://lightspeedst.net/s7/mp4/akuyaku-reijou-level-99-watashi-wa-ura-boss-desu-ga-maou-dewa-arimasen/hd/4.mp4",
      "nome": "The Hidden Boss Attends Field Lessons"
    },
    {
      "numero": 5,
      "url": "https://lightspeedst.net/s7/mp4/akuyaku-reijou-level-99-watashi-wa-ura-boss-desu-ga-maou-dewa-arimasen/hd/5.mp4",
      "nome": "The Hidden Boss Finds a Conversation Partner"
    },
    {
      "numero": 6,
      "url": "https://lightspeedst.net/s7/mp4/akuyaku-reijou-level-99-watashi-wa-ura-boss-desu-ga-maou-dewa-arimasen/hd/6.mp4",
      "nome": "The Hidden Boss Participates in the Martial Arts Competition"
    },
    {
      "numero": 7,
      "url": "https://lightspeedst.net/s7/mp4/akuyaku-reijou-level-99-watashi-wa-ura-boss-desu-ga-maou-dewa-arimasen/hd/7.mp4",
      "nome": "The Hidden Boss Attempts Dancing"
    },
    {
      "numero": 8,
      "url": "https://lightspeedst.net/s7/mp4/akuyaku-reijou-level-99-watashi-wa-ura-boss-desu-ga-maou-dewa-arimasen/hd/8.mp4",
      "nome": "The Hidden Boss Meets a Dragon"
    },
    {
      "numero": 9,
      "url": "https://lightspeedst.net/s7/mp4/akuyaku-reijou-level-99-watashi-wa-ura-boss-desu-ga-maou-dewa-arimasen/hd/9.mp4",
      "nome": "The Hidden Boss Is Solicited by an Enemy Nation"
    },
    {
      "numero": 10,
      "url": "https://lightspeedst.net/s7/mp4/akuyaku-reijou-level-99-watashi-wa-ura-boss-desu-ga-maou-dewa-arimasen/hd/10.mp4",
      "nome": "The Hidden Boss Enters a Dungeon"
    },
    {
      "numero": 11,
      "url": "https://lightspeedst.net/s7/mp4/akuyaku-reijou-level-99-watashi-wa-ura-boss-desu-ga-maou-dewa-arimasen/hd/11.mp4",
      "nome": "The Hidden Boss Is Confessed To"
    },
    {
      "numero": 12,
      "url": "https://lightspeedst.net/s7/mp4/akuyaku-reijou-level-99-watashi-wa-ura-boss-desu-ga-maou-dewa-arimasen/hd/12.mp4",
      "nome": "The Hidden Boss Battles the Demon Lord"
    }
  ]
}