{
  "id": 1442,
  "title": "Alexander Senki",
  "title_jp": "アレクサンダー戦記",
  "slug": "alexander-senki",
  "type": "legendados",
  "format": "TV",
  "images": {
    "poster": "https://cdn.myanimelist.net/images/anime/1108/95688l.webp",
    "banner": "https://cdn.myanimelist.net/images/anime/1108/95688.jpg"
  },
  "trailer": null,
  "synopsis": "In 356 BC, Alexander the Great arrives in Greece with the ominous destiny that he will become the \"destroyer of the world.\" Inheriting the crown, he becomes king of the Macedonians and starts down a road of conquest with terrific speed. Alexander ultimately confronts his fated nemesis, Darius the Third, in a war with Persia which changes Alexander into the devil he was fated to become, assuring the destruction of all in his path, and possibly himself.\n\n(Source: TBS Global Business)",
  "score": 5.78,
  "genres": [
    "Action",
    "Adventure",
    "Fantasy",
    "Sci-Fi"
  ],
  "episodes": [
    {
      "numero": 1,
      "url": "https://lightspeedst.net/s3/mp4/alexander-senki/sd/1.mp4",
      "nome": "A Prophecy Born This Day"
    },
    {
      "numero": 2,
      "url": "https://lightspeedst.net/s3/mp4/alexander-senki/sd/2.mp4",
      "nome": "The Thunder of Battle"
    },
    {
      "numero": 3,
      "url": "https://lightspeedst.net/s3/mp4/alexander-senki/sd/3.mp4",
      "nome": "A Failure of Diplomacy"
    },
    {
      "numero": 4,
      "url": "https://lightspeedst.net/s3/mp4/alexander-senki/sd/4.mp4",
      "nome": "Ascension to the Throne"
    },
    {
      "numero": 5,
      "url": "https://lightspeedst.net/s3/mp4/alexander-senki/sd/5.mp4",
      "nome": "God of Creation"
    },
    {
      "numero": 6,
      "url": "https://lightspeedst.net/s3/mp4/alexander-senki/sd/6.mp4",
      "nome": "Secret of Samothrace"
    },
    {
      "numero": 7,
      "url": "https://lightspeedst.net/s3/mp4/alexander-senki/sd/7.mp4",
      "nome": "The Gordian Knot"
    },
    {
      "numero": 8,
      "url": "https://lightspeedst.net/s3/mp4/alexander-senki/sd/8.mp4",
      "nome": "Here Shall Stand Alexandria"
    },
    {
      "numero": 9,
      "url": "https://lightspeedst.net/s3/mp4/alexander-senki/sd/9.mp4",
      "nome": "The Oracle of Ammon"
    },
    {
      "numero": 10,
      "url": "https://lightspeedst.net/s3/mp4/alexander-senki/sd/10.mp4",
      "nome": "Persia Shall Fall"
    },
    {
      "numero": 11,
      "url": "https://lightspeedst.net/s3/mp4/alexander-senki/sd/11.mp4",
      "nome": "Unification Before Division"
    },
    {
      "numero": 12,
      "url": "https://lightspeedst.net/s3/mp4/alexander-senki/sd/12.mp4",
      "nome": "The Vanquished Arise"
    },
    {
      "numero": 13,
      "url": "https://lightspeedst.net/s3/mp4/alexander-senki/sd/13.mp4",
      "nome": "The Prophecy Come to Pass"
    }
  ]
}