{
  "id": 41689,
  "title": "Alice or Alice: Siscon Niisan to Futago no Imouto",
  "title_jp": "ありす第13話総集編",
  "slug": "alice-or-alice-siscon-niisan-to-futago-no-imouto",
  "type": "legendados",
  "format": "TV Special",
  "images": {
    "poster": "https://cdn.myanimelist.net/images/anime/1498/116745l.webp",
    "banner": "https://cdn.myanimelist.net/images/anime/1498/116745.jpg"
  },
  "trailer": null,
  "synopsis": "A recap episode that aired a week after 12th episode. It consists of re-edited version of episode 8 with scenes from other episodes mixed in.",
  "score": 5.4,
  "genres": [
    "Slice of Life"
  ],
  "episodes": [
    {
      "numero": 1,
      "url": "https://www.blogger.com/video.g?token=AD6v5dxn-ft0gnDZsAmY0VVh8qOc8ycw_aYHVgvE9Ye924qwEHCo1qjid32-BLT6Nf2iBmJj2_Yx_nkeS9wAY9JoqJ5qUHZRSALVqbp8p5HMIcfsmyqos3_Ke6mBtTQNK6H81TIKWsU"
    },
    {
      "numero": 2,
      "url": "https://www.blogger.com/video.g?token=AD6v5dzGZU4bwIK4nKnrsg1SQ5QjhE52dm_NCFqrdrPdZtsSiQT9eWdLhdIwpCDw0NDb9fcEN44XjmeifOvRm5s0-XyVyt_AywR9U7n1miLVqqR4KJGUwL32we2DRrQU1oRzFWQDHPC8"
    },
    {
      "numero": 3,
      "url": "https://www.blogger.com/video.g?token=AD6v5dx0KDxdxYLE968c9aOjcXrLN5aCWDfPvlBB26eznr6t4PmGqlyttsO8PZ5EWBM38-n2VSK1JCH5fLCNU0t_xTl_R06wpz5gzw7fB8kxjcNXeRW8ou-aoOBgR_GnLj6wDO35WA"
    },
    {
      "numero": 4,
      "url": "https://www.blogger.com/video.g?token=AD6v5dxVBZcWTBNinL2yN_FHiccU3BS3jkqiIjo6NDo1fjU_hJnddj0PKwwIv9zR6tq1NvGm8RYeZq4ZDwXk5w4V8LhDCBUan3-6I-RDpo_Lb_pq_6KovUHwUdtVqGe-JRpMTRtG4wEe"
    },
    {
      "numero": 5,
      "url": "https://www.blogger.com/video.g?token=AD6v5dyiV0rmX4UvEsAdwagBneksjNk7zIypyLkWMGg0-ChcJ3lYBHj4JR4lHbqRq5TL3-84gu0QfhO5YgJxL3pJHJaHyx4KKonuKU8cho59n-B8A8Yzcr9n0Epf--ePUQ8h6Vlofn6C"
    },
    {
      "numero": 6,
      "url": "https://www.blogger.com/video.g?token=AD6v5dyL9TR-kg_G4qjbxu3wkjuppvI68mUjm26mWZtzcivuokryVwu2_xaqC-zcCx3jqa0x-9FwZ_OnhkvLslJ7sfTVtngMJzulQpxGlc0QJ_PJmyT4L2tvT35pd56D_uwtTmlotLM"
    },
    {
      "numero": 7,
      "url": "https://www.blogger.com/video.g?token=AD6v5dy7lsT5H5QkXVZTIYm5jMF8O50fdWY109GW3qiScUYaJE0W3skZVePe6Qd9qUkd2T25NpAVo_uw6Z6NOCUNwqkjpfnMnRleV5mVDpcxLyRCWEFpaPTpEBngrbx09Ja6Apg2K2Ao"
    },
    {
      "numero": 8,
      "url": "https://www.blogger.com/video.g?token=AD6v5dxX7jb-E0dPJCbD-XURSswzLwZcPA_HZXiTXvRGLqjc_SReHc_9wkKnBjM2JkHa3KsYjqaFNm49G1N5ztlEsGJwRy7PPaxJABa1ANitDod9XSCI2iYqMq4y-j1IE7FfwLJZTERR"
    },
    {
      "numero": 9,
      "url": "https://www.blogger.com/video.g?token=AD6v5dzHd3_2CIu0KnnLHmJE-2KoO4DtWDH_aafqmB1U-jMf24GoWIFFg20p9Y8ZjfFAITz7ZTmuFdrALLAJHdtPJF97XNU4Wya23MuTVv3nalLG14lRjbkPkeHnS0F2-X9Lve74uo0c"
    },
    {
      "numero": 10,
      "url": "https://www.blogger.com/video.g?token=AD6v5dzLBGkIZh8afksm-UkiPaUc2m9q13udhTrwEAUJ6ZAxLVAr81FtSVjuYHNy05wJIlo0Gze8VBoUiiGVek185aAA6pqZ5neygP4xoCIicsdpCVZ935OQ9XweswV7rxq4WuMRIlk"
    },
    {
      "numero": 11,
      "url": "https://www.blogger.com/video.g?token=AD6v5dwgvoD-EYqEOZN4cS-3n9dXomo5p7orDnzdWUOF7Fc145nGLcDtFXoT0rn9U_AvWxeLBs1eac_oWbaOnSsu0r7y1V91yvZ9sW0WK21u2lhmOWFc2_BFbk8QAwC9vx44qBeUuEA"
    }
  ]
}