{
  "id": 50871,
  "title": "Alice Gear Aegis Expansion",
  "title_jp": "アリス・ギア・アイギス Expansion",
  "slug": "alice-gear-aegis-expansion",
  "type": "legendados",
  "format": "TV",
  "images": {
    "poster": "https://cdn.myanimelist.net/images/anime/1460/135257l.webp",
    "banner": "https://cdn.myanimelist.net/images/anime/1460/135257.jpg"
  },
  "trailer": "https://www.youtube-nocookie.com/embed/oIQWDU3tlcQ?enablejsapi=1&wmode=opaque&autoplay=1",
  "synopsis": "Centuries ago, mankind abandoned planet Earth after the Vice, a race of mechanical aliens, drove them from their home into a life adrift in space. Now resigned to starships forged of pieces of Earth’s shattered moon, the final hope for humanity lies in the hands of Actresses, young women born with the ability to wield the only weapons that can harm the Vice: Alice Gears, mechanical suits that can finally turn the tide against the alien incursion.\n\n(Source: HIDIVE)",
  "score": 5.71,
  "genres": [
    "Action",
    "Sci-Fi"
  ],
  "episodes": [
    {
      "numero": 1,
      "url": "https://lightspeedst.net/s5/mp4_temp/alice-gear-aegis-expansion/1/720p.mp4"
    },
    {
      "numero": 2,
      "url": "https://lightspeedst.net/s5/mp4_temp/alice-gear-aegis-expansion/2/720p.mp4"
    },
    {
      "numero": 3,
      "url": "https://lightspeedst.net/s5/mp4_temp/alice-gear-aegis-expansion/3/720p.mp4"
    },
    {
      "numero": 4,
      "url": "https://lightspeedst.net/s6/mp4_temp/alice-gear-aegis-expansion/4/720p.mp4"
    },
    {
      "numero": 5,
      "url": "https://lightspeedst.net/s6/mp4_temp/alice-gear-aegis-expansion/5/720p.mp4"
    },
    {
      "numero": 6,
      "url": "https://lightspeedst.net/s6/mp4_temp/alice-gear-aegis-expansion/6/720p.mp4"
    },
    {
      "numero": 7,
      "url": "https://lightspeedst.net/s6/mp4_temp/alice-gear-aegis-expansion/7/720p.mp4"
    },
    {
      "numero": 8,
      "url": "https://lightspeedst.net/s6/mp4_temp/alice-gear-aegis-expansion/8/720p.mp4"
    },
    {
      "numero": 9,
      "url": "https://lightspeedst.net/s6/mp4_temp/alice-gear-aegis-expansion/9/720p.mp4"
    },
    {
      "numero": 10,
      "url": "https://lightspeedst.net/s6/mp4_temp/alice-gear-aegis-expansion/10/720p.mp4"
    },
    {
      "numero": 11,
      "url": "https://lightspeedst.net/s6/mp4_temp/alice-gear-aegis-expansion/11/720p.mp4"
    },
    {
      "numero": 12,
      "url": "https://lightspeedst.net/s6/mp4_temp/alice-gear-aegis-expansion/12/720p.mp4"
    }
  ]
}