{
  "id": 33839,
  "title": "Alice in Deadly School",
  "title_jp": "アリスインデッドリースクール",
  "slug": "alice-in-deadly-school",
  "type": "legendados",
  "format": "OVA",
  "images": {
    "poster": "https://cdn.myanimelist.net/images/anime/1614/110455l.webp",
    "banner": "https://cdn.myanimelist.net/images/anime/1614/110455.jpg"
  },
  "trailer": "https://www.youtube-nocookie.com/embed/NJadE80gnjM?enablejsapi=1&wmode=opaque&autoplay=1",
  "synopsis": "A group of young girls are cornered on the roof of their school when everyone else has turned into zombies. Realizing that the chances of being rescued are slim, they begin planning their escape using their knowledge and skills. In the girls' desperate struggle to survive, they must also find time to contemplate their friendship.\n\n[Written by MAL Rewrite]",
  "score": 5.17,
  "genres": [],
  "episodes": []
}