{
  "id": 1177,
  "title": "Alien 9",
  "title_jp": "エイリアン9",
  "slug": "alien-9",
  "type": "legendados",
  "format": "OVA",
  "images": {
    "poster": "https://cdn.myanimelist.net/images/anime/7/2607l.webp",
    "banner": "https://cdn.myanimelist.net/images/anime/7/2607.jpg"
  },
  "trailer": "https://www.youtube-nocookie.com/embed/OHnGMc1PVvM?enablejsapi=1&wmode=opaque&autoplay=1",
  "synopsis": "Soon after entering middle school, Yuri Otani is coerced into joining the \"Alien Party,\" a single-minded group with one goal: capture any alien attempting to enter school grounds. Terrified of aliens her entire life, Otani is anything but thrilled, and to make matters worse, her kit includes a \"Borg\"—an alien-like creature tasked with ensuring her safety. Despite this, she finds solace in her two partners: the independent and reliable Kumi Kawamura, and the smart and energetic Kasumi Tomine.\n\nAs the Alien Party works to fend off extraterrestrial threats, will their roller blades and lacrosse sticks be enough to overcome the dire challenges ahead, or will they succumb to fear and suffer the grim consequences of defeat?\n\n[Written by MAL Rewrite]",
  "score": 6.77,
  "genres": [
    "Horror",
    "Sci-Fi"
  ],
  "episodes": [
    {
      "numero": 1,
      "url": "https://lightspeedst.net/s3/mp4/alien-9/sd/1.mp4",
      "nome": "9th Elementary Anti-Alien Squad"
    },
    {
      "numero": 2,
      "url": "https://lightspeedst.net/s3/mp4/alien-9/sd/2.mp4",
      "nome": "Boredom, Spaceship and Overgrowth"
    },
    {
      "numero": 3,
      "url": "https://lightspeedst.net/s3/mp4/alien-9/sd/3.mp4",
      "nome": "Summer Vacation, Borg and Death"
    },
    {
      "numero": 4,
      "url": "https://lightspeedst.net/s3/mp4/alien-9/sd/4.mp4",
      "nome": "The End of the Beginning"
    }
  ]
}