{
  "id": 31588,
  "title": "All Out!!",
  "title_jp": "オールアウト!!",
  "slug": "all-out",
  "type": "legendados",
  "format": "TV",
  "images": {
    "poster": "https://cdn.myanimelist.net/images/anime/4/78649l.webp",
    "banner": "https://cdn.myanimelist.net/images/anime/4/78649.jpg"
  },
  "trailer": "https://www.youtube-nocookie.com/embed/dd4sJUqiWLM?enablejsapi=1&wmode=opaque&autoplay=1",
  "synopsis": "Rugby is a sport where anybody can be a star when they hold the ball. The rules are simple: one player has to carry the ball past the goalposts across the field while avoiding the other team, who are allowed to use all their force to knock the enemy down. However, the player can pass to a teammate behind them or kick the ball before they are tackled. Unlike other sports, the game continues even when the person holding the ball is taken down.\n\nKenji Gion is a short but feisty high school freshman at Kanagawa High School. Right after the school's opening ceremony, he meets the tall and timid Sumiaki Iwashimizu, and the two of them get an invitation to observe the rugby club. \n\nWhen Gion watches the match, he realizes that even though big and tall guys have an advantage, there are positions for people of all shapes and sizes. Immediately convinced that he has found a sport he can excel at despite his short stature, he signs up, though Iwashimizu declines. Gion is unable to accept Iwashimizu's excuses and drags him back into the sport. Their training becomes intense as they aim to become the champions of Hanazono, the national high school rugby championships.\n\n[Written by MAL Rewrite]",
  "score": 7.04,
  "genres": [
    "Sports"
  ],
  "episodes": [
    {
      "numero": 1,
      "url": "https://www.blogger.com/video.g?token=AD6v5dwI3WMhpb1FvRsQBbUHK3nCdEzQIwUJ4uU7Tvo-OV9KJoSKA1oQfYyW_jEYubfgURNehNKCz_grW7l9gEN1G9es3UeCTvc3Px-sT54UZyFOCHCC54nx8oEcIAv-OP2woewQN50",
      "nome": "This Year's First-Years are Hilarious"
    },
    {
      "numero": 2,
      "url": "https://www.blogger.com/video.g?token=AD6v5dyKIiZmif_-dleE7wXDao4XYUEHKWctC5pHCmfhqpd9m2oca4yMrxXKoulqP9t4_vPIy6mHTxm4HOza3c_sQ2SVi_Qb8tkUQEtJkkOKuTQYIujZ2YsyXJ_-WGxC2blXJaM-qyM",
      "nome": "I Want to Tackle Someone"
    },
    {
      "numero": 3,
      "url": "https://www.blogger.com/video.g?token=AD6v5dx9oE-4ggBPkCHVJZ9gOFde25uha4LG9fhxEzhfA0CFh9K8DZcuMqsX-PcuS-FcX9l4AxiBL5MMlK0ocOUohPwJLt2flvQWri95i8kJ7r6INogGoG-IWNOLntPjhCGBQBg6QwGU",
      "nome": "What's Most Important"
    },
    {
      "numero": 4,
      "url": "https://www.blogger.com/video.g?token=AD6v5dznuiu8eo1Hb3PG6D59LMkUvV1knh2JChPgULLlkiKY6brkTw_boV9F2Qwww3FaK2-SGEPsu80EbMTvhqkC_x6CLLV9m57yqtmNEpXF0Ec6dL9Vy5fmi1CxezKdOLNOewsiEWoG",
      "nome": "What Should I Do?"
    },
    {
      "numero": 5,
      "url": "https://www.blogger.com/video.g?token=AD6v5dz35iqo6NgQLKgnDDYZGra2nGQNG0kK0DoYdBfDeYj1_62hO6c8JEZwCyJ7mD8hlPcqLlhpyiLrx79WJXkE3I7E535SmwfwoZVzLYfr_42jQH1bSwij_EO_d7i3k4gFNjDc-ST7",
      "nome": "What's Lacking"
    },
    {
      "numero": 6,
      "url": "https://www.blogger.com/video.g?token=AD6v5dzpKYwUXlY8QBBjrvG_CJMlEGYDl9RSu4rNGyWGySXGWqUDvfRV6ODHoCnRgbv7SdNmAe1RHMgGEns58O2tsq6W0hrSYzSf4-WdU-8nEDAaoN8RsIkibPzM4RDuHjPNvyeDbH8",
      "nome": "Giving Everything You've Got"
    },
    {
      "numero": 7,
      "url": "https://www.blogger.com/video.g?token=AD6v5dztUL6l01WxR46Vq9ZnZrMlvtwrx1j-Eq068eeRog8XGsiRQI9RgUVthtIJOQ0KALh6Vcaxq9Ykuof0o3tPhYnrJtr1pslOm5kagbrLqhTL7UPzccishVnCjfE3jx7npTBBjQYR",
      "nome": "I Want to Be Able to Do Everything"
    },
    {
      "numero": 8,
      "url": "https://www.blogger.com/video.g?token=AD6v5dw_C5Kbj_8noZMlG0apXCodozjf4h_-RqNM1GOi-PL4uccSjyCKcFNsL4fH7SuYSEuubFYRNkuOoPFTU-26BfkpZ4b8nu619Q_c3divdFvn9tuZQ7rUVZTXPW_r-qC6f1L1heo",
      "nome": "Ball Games"
    },
    {
      "numero": 9,
      "url": "https://www.blogger.com/video.g?token=AD6v5dyUleBnh01DjGnBeOE4DrkuWAieSHRVjpCMQSWWKakvssGIUU1yJqxWOHwrrUmKmwGZvD-K16uEvPD4o_axV2pPq2VEUM6-97K3bsLLV0rLB_ppSOr9oVBXyeSGt0FmR_QPbQ",
      "nome": "You've Gotten Stronger"
    },
    {
      "numero": 10,
      "url": "https://www.blogger.com/video.g?token=AD6v5dzuUEUb8p6ALKAO-3BinFYPGCLO5UHCWiVXgNo6Z3rAaS--FaL0IzdlS0qChI7PjoqZJsZH3Ner7ao7fO47NpI42MkxL4uNkvwKhgRB5Aw_BudkOuzaXPO-VuqyfBWRJLNNp-I",
      "nome": "I Ate Too Much Shaved Ice"
    },
    {
      "numero": 11,
      "url": "https://www.blogger.com/video.g?token=AD6v5dwMKffvcJWxq_AoFd0Nb6DKqhhJjoBqPGYIRGYGwcWRbv9K3_dZUMslsdNhNH7TTcEt75VyCrnciyP8VEYc1an_aHoIvcgAJXXUi0B6G7w4p4noGZ_-KbxBx4sICNMKPeE2LJTx",
      "nome": "You Have No Feel For the Game"
    },
    {
      "numero": 12,
      "url": "https://www.blogger.com/video.g?token=AD6v5dwhieO4Tb4H47zJ2rZrvfDf-Z_AocgYFCzl26QJgnbo629pMKQYXPvR3CUVA4KSmg04YBymPftFINPhjJPLJWzZ38Qe3Cig3xOngBPWNPwiMvGn-oL5QVLikKggwVzXPUwT7fA",
      "nome": "Joint Practice"
    },
    {
      "numero": 13,
      "url": "https://www.blogger.com/video.g?token=AD6v5dwidaigpVWqG8AC0sKfFbM4o2jPY-SVI7Xs8xnfjUwdUF79pDWiAyoEVNA8phuDgsuIALIMP_eX14J_M6KVJO59eRmyGR8zXh06Cmx5gctGw-ovwRTU1o6hQMMHLvQSzmEGtVA",
      "nome": "Let's Go To Ryogoku Together"
    },
    {
      "numero": 14,
      "url": "https://www.blogger.com/video.g?token=AD6v5dz-07ekHNFmlNTE3Team5elyEKyJ5wtdekTXmuXAI0Jkzf_wA4h252IyrgsqOPCtcaeb9ab88M4BpbP6zI6hCzPfzpggXlXYuUvtySbWaspg0JWdi8OM0zp_acj1Tr4G2PFlxn5",
      "nome": "X Day"
    },
    {
      "numero": 15,
      "url": "https://www.blogger.com/video.g?token=AD6v5dw6V-10vp678ASMJpWp1upD0_kXyBmqJkSDAv0Y4q1WSZVIwrIl_blOWfup7XVFUwQHyjQs1_VnVEZ9fGaRQ5NivUX2Cc65qi0SboO5UOk_OyuL16LRpUHjaiOCR-c3s1_o9YE",
      "nome": "Teammate"
    },
    {
      "numero": 16,
      "url": "https://www.blogger.com/video.g?token=AD6v5dxo1J_pmGIWmn4OHLaXN6-L7k9DJLFaxNiB2RY5kTfr4lz-SC_Cwi6YEuOLtCPHMNWN-T6sn36aB8CHklYtRIf8-025oJrHEyXxhoB82GAfKNyYY3TjrrwocLvwp1p0x0PFFdEX",
      "nome": "You've Prepared"
    },
    {
      "numero": 17,
      "url": "https://www.blogger.com/video.g?token=AD6v5dyBinRVdVFbiMagFfvcwfBUq92AJgjLCkgIAKCg5SbV_SXmYrrqZ3eUw2ciSmYmuXN5DHIrlyTJbyZkpk2RRAdaxboGVAkSg5423WoNvPiNyKnP7fyPzOPupDkbGD4TbLCasDs",
      "nome": "Summer Training Camp"
    },
    {
      "numero": 18,
      "url": "https://www.blogger.com/video.g?token=AD6v5dwh_-ns32rHCp3KaoXPLoK7uS9SqUwObhCFiPHT4L_PB3uqOUA2S7Qr5KBNehmr2KGj9f4Fwr0QVEwXOJWbTzYLc7BzLF-AkJj-yxunZpFg4CvAVcquyMGJRrh7HGWirPOg4hnm",
      "nome": "Study"
    },
    {
      "numero": 19,
      "url": "https://www.blogger.com/video.g?token=AD6v5dxpVGaynoQUn4L-BctZ6Ba8NAFOp8bso6jUaCf2C9ijDcGT9wBKuuVncvFjj-SHfnHFwl8ys3x3WoNoibPaSNzS83xn7jwwCRQYtOZ_WW1TY5fI47fDUG8UJQkQlA3S4VqV88Y",
      "nome": "I'm Not Crying"
    },
    {
      "numero": 20,
      "url": "https://www.blogger.com/video.g?token=AD6v5dxNKbSZHqgtJ-uww4awQtCAbbzgHvbeVG-J1_3_zx97NH9dAxxBlLYjDV3n50ZWuOYFOyeHLlIq3XMvEia7JQ6QoV4pRcyJgTd2q4sj5Quzr0vhPqOGBQJvkMjl3_SxgZ7qPWE",
      "nome": "Aren't You Happy?"
    },
    {
      "numero": 21,
      "url": "https://www.blogger.com/video.g?token=AD6v5dz0w8Vad1Ytfc-V_PuDEmY3sPi4BkCqo9V67zfDJ-BItPC6Lp5DWulZIF5JpwErtczIWT_A5JCY_cfs-HIdjC9hUuut6wDsyj9fWEJvTK8FXuUuONhYgkchpDQBPzKy1it8QA",
      "nome": "Good Luck Charm"
    },
    {
      "numero": 22,
      "url": "https://www.blogger.com/video.g?token=AD6v5dyDWXN_35tAADUiemrQJY2ZLHcmyXWIZM1OlibFB5xMrDfGEsGOIhzITziCBgqE7k2dosSceOtgK_hxkmbST4xRg4tV6czAKiMUu83O1KIig0Utb7dPMIT3qWYapON8EMDBHB9x",
      "nome": "Your Turf"
    },
    {
      "numero": 23,
      "url": "https://www.blogger.com/video.g?token=AD6v5dywGUazHqr_fjW2S5Rk1pQsyeVmqGsrog1dMF_0cpC7O9fpubpvNXZIbdvtvqXm3N8SOT-JjwpLhgeZU_hbdE_anHQPZyhDwYzTwb6brD7NIFba9Nhk3cQxYIGabWlaTU95STw9",
      "nome": "My Friend Taught Me"
    },
    {
      "numero": 24,
      "url": "https://www.blogger.com/video.g?token=AD6v5dwrfwbW_GEr4zKWgaboiKFwqiuvvfjtslQRvodsLhmT8ivZMT7P1s1PcCIy8HPf59oCcW0VA93WN1NOpRGUERCzc_d7uw9PXBoWTSqDUKL_ujzbAQbt01_Uzbx1ozo7dibukwk",
      "nome": "The Opponent We Never Could've Fought"
    },
    {
      "numero": 25,
      "url": "https://www.blogger.com/video.g?token=AD6v5dwZHwwEVOpaGS56eOZCSd3xV3TI2dof4YZpY6lXxHU-Io5EDAZ4uSOzTjYsFtT2tq0HsvClfpgpdL30p3VeMki6nKIfOfcPQoaoojnmf64rwgwVWJqa2FN1UYote4VC3_RxyyU",
      "nome": "All Out"
    }
  ]
}