{
  "id": 3549,
  "title": "Allison to Lillia",
  "title_jp": "アリソンとリリア",
  "slug": "allison-to-lillia",
  "type": "legendados",
  "format": "TV",
  "images": {
    "poster": "https://cdn.myanimelist.net/images/anime/9/50491l.webp",
    "banner": "https://cdn.myanimelist.net/images/anime/9/50491.jpg"
  },
  "trailer": null,
  "synopsis": "Set in a continent divided into two commonwealths that have been engaged in war for hundreds of years, Allison and Will go on a mission to search \"the treasure that will put an end to the war\". Their hope is inherited to their daughter Lillia, who strives to thaw the torn nations into a united country. This anime encourages young generations to believe in a world without hatred or war regardless of nationalities and beliefs.\n\n(Source: Anime Network)",
  "score": 7.32,
  "genres": [
    "Action",
    "Adventure"
  ],
  "episodes": [
    {
      "numero": 1,
      "url": "https://lightspeedst.net/s3/mp4/allison-to-lillia/sd/1.mp4",
      "nome": "Allison to Wil"
    },
    {
      "numero": 2,
      "url": "https://lightspeedst.net/s3/mp4/allison-to-lillia/sd/2.mp4",
      "nome": "To the Enemy Nation!"
    },
    {
      "numero": 3,
      "url": "https://lightspeedst.net/s3/mp4/allison-to-lillia/sd/3.mp4",
      "nome": "Walter's Battle"
    },
    {
      "numero": 4,
      "url": "https://lightspeedst.net/s3/mp4/allison-to-lillia/sd/4.mp4",
      "nome": "Two Person World"
    },
    {
      "numero": 5,
      "url": "https://lightspeedst.net/s3/mp4/allison-to-lillia/sd/5.mp4",
      "nome": "Closed Forest"
    },
    {
      "numero": 6,
      "url": "https://lightspeedst.net/s3/mp4/allison-to-lillia/sd/6.mp4",
      "nome": "Fiona's Valley"
    },
    {
      "numero": 7,
      "url": "https://lightspeedst.net/s3/mp4/allison-to-lillia/sd/7.mp4",
      "nome": "The Entrusted Ones"
    },
    {
      "numero": 8,
      "url": "https://lightspeedst.net/s3/mp4/allison-to-lillia/sd/8.mp4",
      "nome": "The Princess and the Hero"
    },
    {
      "numero": 9,
      "url": "https://lightspeedst.net/s3/mp4/allison-to-lillia/sd/9.mp4",
      "nome": "The Bridge on the Former Battlefield"
    },
    {
      "numero": 10,
      "url": "https://lightspeedst.net/s3/mp4/allison-to-lillia/sd/10.mp4",
      "nome": "The Train Known as Conspiracy"
    },
    {
      "numero": 11,
      "url": "https://lightspeedst.net/s3/mp4/allison-to-lillia/sd/11.mp4",
      "nome": "Shoot At The Armored Car"
    },
    {
      "numero": 12,
      "url": "https://lightspeedst.net/s3/mp4/allison-to-lillia/sd/12.mp4",
      "nome": "A Long Day For Lilliane"
    },
    {
      "numero": 13,
      "url": "https://lightspeedst.net/s3/mp4/allison-to-lillia/sd/13.mp4",
      "nome": "And The Two"
    },
    {
      "numero": 14,
      "url": "https://lightspeedst.net/s3/mp4/allison-to-lillia/sd/14.mp4",
      "nome": "Lillia and Treize"
    },
    {
      "numero": 15,
      "url": "https://lightspeedst.net/s3/mp4/allison-to-lillia/sd/15.mp4",
      "nome": "Disaster!"
    },
    {
      "numero": 16,
      "url": "https://lightspeedst.net/s3/mp4/allison-to-lillia/sd/16.mp4",
      "nome": "Charity Flying Boat"
    },
    {
      "numero": 17,
      "url": "https://lightspeedst.net/s3/mp4/allison-to-lillia/sd/17.mp4",
      "nome": "Wing of Justice"
    },
    {
      "numero": 18,
      "url": "https://lightspeedst.net/s3/mp4/allison-to-lillia/sd/18.mp4",
      "nome": "Reward Kiss"
    },
    {
      "numero": 19,
      "url": "https://lightspeedst.net/s3/mp4/allison-to-lillia/sd/19.mp4",
      "nome": "Winter in Ikstova"
    },
    {
      "numero": 20,
      "url": "https://lightspeedst.net/s3/mp4/allison-to-lillia/sd/20.mp4",
      "nome": "First Dream of a Nightmare"
    },
    {
      "numero": 21,
      "url": "https://lightspeedst.net/s3/mp4/allison-to-lillia/sd/21.mp4",
      "nome": "The Father and Daughter of Destiny"
    },
    {
      "numero": 22,
      "url": "https://lightspeedst.net/s3/mp4/allison-to-lillia/sd/22.mp4",
      "nome": "The Revealed Hidden Treasure"
    },
    {
      "numero": 23,
      "url": "https://lightspeedst.net/s3/mp4/allison-to-lillia/sd/23.mp4",
      "nome": "Accidental Travelers"
    },
    {
      "numero": 24,
      "url": "https://lightspeedst.net/s3/mp4/allison-to-lillia/sd/24.mp4",
      "nome": "The Great Train Operation"
    },
    {
      "numero": 25,
      "url": "https://lightspeedst.net/s3/mp4/allison-to-lillia/sd/25.mp4",
      "nome": "The Criminal Laughs Secretly"
    },
    {
      "numero": 26,
      "url": "https://lightspeedst.net/s3/mp4/allison-to-lillia/sd/26.mp4",
      "nome": "My Prince"
    }
  ]
}