{
  "id": 60781,
  "title": "Alma-chan wa Kazoku ni Naritai",
  "title_jp": "アルマちゃんは家族になりたい",
  "slug": "alma-chan-wa-kazoku-ni-naritai",
  "type": "legendados",
  "format": "TV",
  "images": {
    "poster": "https://cdn.myanimelist.net/images/anime/1631/153644l.webp",
    "banner": "https://cdn.myanimelist.net/images/anime/1631/153644.jpg"
  },
  "trailer": "https://www.youtube-nocookie.com/embed/PXecgOZ0o9o?enablejsapi=1&wmode=opaque&autoplay=1",
  "synopsis": "Alma, an autonomous self-learning robot with advanced combat capabilities, was created by two genius scientists, Enji Kamisato and Suzume Yobane, who developed Alma's artificial intelligence and robotics, respectively. After being mocked by their former acquaintances, the duo have worked together in order to show the world their true talents. But even though they cooperate in their work, the two scientists cannot seem to get along in their personal lives.\n\nHowever, despite their constant bickering, Enji and Suzume develop a glint of mutual affection—feelings that do not go unnoticed by their adorable robotic creation. Now curious, Alma starts to question the true nature of her creators' relationship. As she learns more about humanity from those around her, Alma's bonds with Enji and Suzume only grow stronger.\n\n[Written by MAL Rewrite]",
  "score": 7.15,
  "genres": [
    "Comedy",
    "Romance",
    "Sci-Fi"
  ],
  "episodes": [
    {
      "numero": 1,
      "url": "https://lightspeedst.net/s5/mp4_temp/alma-chan-wa-kazoku-ni-naritai/1/720p.mp4",
      "nome": "Nice To Meet You"
    },
    {
      "numero": 2,
      "url": "https://lightspeedst.net/s5/mp4_temp/alma-chan-wa-kazoku-ni-naritai/2/720p.mp4",
      "nome": "Let's Eat"
    },
    {
      "numero": 3,
      "url": "https://lightspeedst.net/s5/mp4_temp/alma-chan-wa-kazoku-ni-naritai/3/720p.mp4",
      "nome": "See You Later"
    },
    {
      "numero": 4,
      "url": "https://lightspeedst.net/s5/mp4_temp/alma-chan-wa-kazoku-ni-naritai/4/720p.mp4",
      "nome": "Hello"
    },
    {
      "numero": 5,
      "url": "https://lightspeedst.net/s5/mp4/alma-chan-wa-kazoku-ni-naritai/hd/5.mp4",
      "nome": "The Moon"
    },
    {
      "numero": 6,
      "url": "https://lightspeedst.net/s5/mp4_temp/alma-chan-wa-kazoku-ni-naritai/6/720p.mp4",
      "nome": "Friends"
    },
    {
      "numero": 7,
      "url": "https://lightspeedst.net/s5/mp4/alma-chan-wa-kazoku-ni-naritai/hd/7.mp4",
      "nome": "A Project"
    },
    {
      "numero": 8,
      "url": "https://lightspeedst.net/s2/mp4/alma-chan-wa-kazoku-ni-naritai/hd/8.mp4",
      "nome": "Play with Me"
    },
    {
      "numero": 9,
      "url": "https://lightspeedst.net/s2/mp4/alma-chan-wa-kazoku-ni-naritai/hd/9.mp4",
      "nome": "Summer Vacation"
    },
    {
      "numero": 10,
      "url": "https://lightspeedst.net/s2/mp4/alma-chan-wa-kazoku-ni-naritai/hd/10.mp4"
    }
  ]
}