{
  "id": 40613,
  "title": "Altered Carbon: Resleeved",
  "title_jp": "オルタード・カーボン: リスリーブド",
  "slug": "altered-carbon-resleeved",
  "type": "legendados",
  "format": "ONA",
  "images": {
    "poster": "https://cdn.myanimelist.net/images/anime/1879/106531l.webp",
    "banner": "https://cdn.myanimelist.net/images/anime/1879/106531.jpg"
  },
  "trailer": "https://www.youtube-nocookie.com/embed/L4EKEwceNiY?enablejsapi=1&wmode=opaque&autoplay=1",
  "synopsis": "Set in the same universe as the live-action series. This work will explore new elements of the story mythology.",
  "score": 6.45,
  "genres": [
    "Action",
    "Drama",
    "Sci-Fi"
  ],
  "episodes": [
    {
      "numero": 1,
      "url": "https://lightspeedst.net/s3/mp4/altered-carbon-resleeved/hd/1.mp4"
    }
  ]
}