{
  "id": 32828,
  "title": "Amaama to Inazuma",
  "title_jp": "甘々と稲妻",
  "slug": "amaama-to-inazuma",
  "type": "legendados",
  "format": "TV",
  "images": {
    "poster": "https://cdn.myanimelist.net/images/anime/6/80546l.webp",
    "banner": "https://cdn.myanimelist.net/images/anime/6/80546.jpg"
  },
  "trailer": "https://www.youtube-nocookie.com/embed/dyDTqDFprlY?enablejsapi=1&wmode=opaque&autoplay=1",
  "synopsis": "Since the death of his wife, Kouhei Inuzuka has been caring for his young daughter Tsumugi to the best of his abilities. However, with his lack of culinary knowledge and his busy job as a teacher, he is left relying on ready-made meals from convenience stores to feed the little girl. Frustrated at his own incapability to provide a fresh, nutritious meal for his daughter, Kouhei takes up an offer from his student, Kotori Iida, to come have dinner at her family's restaurant. But on their very first visit, the father and daughter discover that the restaurant is often closed due to Kotori's mother being away for work and that Kotori often eats alone. After much pleading from his pupil, Kouhei decides to continue to go to the restaurant with Tsumugi to cook and share delicious homemade food with Kotori.\n\nAmaama to Inazuma follows the heartwarming story of a caring father trying his hardest to make his adorable little daughter happy, while exploring the meanings and values behind cooking, family, and the warm meals at home that are often taken for granted.\n\n[Written by MAL Rewrite]",
  "score": 7.53,
  "genres": [
    "Gourmet",
    "Slice of Life"
  ],
  "episodes": [
    {
      "numero": 1,
      "url": "https://lightspeedst.net/s3/mp4/amaama-to-inazuma/sd/1.mp4",
      "nome": "Uniforms and Pot Rice"
    },
    {
      "numero": 2,
      "url": "https://lightspeedst.net/s3/mp4/amaama-to-inazuma/sd/2.mp4",
      "nome": "Pork Soup and Restaurant Lights"
    },
    {
      "numero": 3,
      "url": "https://lightspeedst.net/s3/mp4/amaama-to-inazuma/sd/3.mp4",
      "nome": "Tsumugi and the Long-Awaited Hamburg Steak"
    },
    {
      "numero": 4,
      "url": "https://lightspeedst.net/s3/mp4/amaama-to-inazuma/sd/4.mp4",
      "nome": "Hated Vegetables and Bits in Gratin"
    },
    {
      "numero": 5,
      "url": "https://lightspeedst.net/s3/mp4/amaama-to-inazuma/sd/5.mp4",
      "nome": "A Day Off and Special Doughnuts"
    },
    {
      "numero": 6,
      "url": "https://lightspeedst.net/s3/mp4/amaama-to-inazuma/sd/6.mp4",
      "nome": "A Gyoza Party with Friends"
    },
    {
      "numero": 7,
      "url": "https://lightspeedst.net/s3/mp4/amaama-to-inazuma/sd/7.mp4",
      "nome": "Gohei Mochi and a Grand Adventure"
    },
    {
      "numero": 8,
      "url": "https://lightspeedst.net/s3/mp4/amaama-to-inazuma/sd/8.mp4",
      "nome": "Squid and Taro Stew That's Still Yummy Tomorrow"
    },
    {
      "numero": 9,
      "url": "https://lightspeedst.net/s3/mp4/amaama-to-inazuma/sd/9.mp4",
      "nome": "Our Family's At-Home Curry"
    },
    {
      "numero": 10,
      "url": "https://lightspeedst.net/s3/mp4/amaama-to-inazuma/sd/10.mp4",
      "nome": "Summer Vacation, Kitty, and Aji"
    },
    {
      "numero": 11,
      "url": "https://lightspeedst.net/s3/mp4/amaama-to-inazuma/sd/11.mp4",
      "nome": "A Play and Sweet Potato Crêpes"
    },
    {
      "numero": 12,
      "url": "https://lightspeedst.net/s3/mp4/amaama-to-inazuma/sd/12.mp4",
      "nome": "Okonomiyaki Filled With Affection"
    }
  ]
}