{
  "id": 886,
  "title": "Amaenaide yo!! Katsu!!",
  "title_jp": "あまえないでよっ!! 喝!!",
  "slug": "amaenaide-yo-katsu",
  "type": "legendados",
  "format": "TV",
  "images": {
    "poster": "https://cdn.myanimelist.net/images/anime/1686/153268l.webp",
    "banner": "https://cdn.myanimelist.net/images/anime/1686/153268.jpg"
  },
  "trailer": null,
  "synopsis": "In this sequel, a girl named Kazusano Kazuki joins up with the 6 girls and Ikko. With Kazuki around, Ikko will find himself in more embarrassing situations with these priestesses-in-training.\n\n(Source: ANN)",
  "score": 6.61,
  "genres": [
    "Comedy",
    "Romance",
    "Supernatural",
    "Ecchi"
  ],
  "episodes": [
    {
      "numero": 1,
      "url": "https://lightspeedst.net/s3/mp4/amaenaide-yo-katsu/sd/1.mp4",
      "nome": "Don't Tempt Me!!"
    },
    {
      "numero": 2,
      "url": "https://lightspeedst.net/s3/mp4/amaenaide-yo-katsu/sd/2.mp4",
      "nome": "Don't Fan Me!!"
    },
    {
      "numero": 3,
      "url": "https://lightspeedst.net/s3/mp4/amaenaide-yo-katsu/sd/3.mp4",
      "nome": "Don't Come Back!!"
    },
    {
      "numero": 4,
      "url": "https://lightspeedst.net/s3/mp4/amaenaide-yo-katsu/sd/4.mp4",
      "nome": "Don't Haniwa Me!!"
    },
    {
      "numero": 5,
      "url": "https://lightspeedst.net/s3/mp4/amaenaide-yo-katsu/sd/5.mp4",
      "nome": "Don't Fall!!"
    },
    {
      "numero": 6,
      "url": "https://lightspeedst.net/s3/mp4/amaenaide-yo-katsu/sd/6.mp4",
      "nome": "Don't Lose Yourself!!"
    },
    {
      "numero": 7,
      "url": "https://lightspeedst.net/s3/mp4/amaenaide-yo-katsu/sd/7.mp4",
      "nome": "Don't Be In Heat!!"
    },
    {
      "numero": 8,
      "url": "https://lightspeedst.net/s3/mp4/amaenaide-yo-katsu/sd/8.mp4",
      "nome": "Don't Egg Me!!"
    },
    {
      "numero": 9,
      "url": "https://lightspeedst.net/s3/mp4/amaenaide-yo-katsu/sd/9.mp4",
      "nome": "Don't Cry!!"
    },
    {
      "numero": 10,
      "url": "https://lightspeedst.net/s3/mp4/amaenaide-yo-katsu/sd/10.mp4",
      "nome": "Don't Meddle!!"
    },
    {
      "numero": 11,
      "url": "https://lightspeedst.net/s3/mp4/amaenaide-yo-katsu/sd/11.mp4",
      "nome": "Don't Act Spoiled!!"
    },
    {
      "numero": 12,
      "url": "https://lightspeedst.net/s3/mp4/amaenaide-yo-katsu/sd/12.mp4",
      "nome": "Don't End!!"
    },
    {
      "numero": 13,
      "url": "https://lightspeedst.net/s3/mp4/amaenaide-yo-katsu/sd/13.mp4"
    }
  ]
}