{
  "id": 591,
  "title": "Amaenaide yo!!",
  "title_jp": "あまえないでよっ!!",
  "slug": "amaenaide-yo",
  "type": "legendados",
  "format": "TV",
  "images": {
    "poster": "https://cdn.myanimelist.net/images/anime/2/32071l.webp",
    "banner": "https://cdn.myanimelist.net/images/anime/2/32071.jpg"
  },
  "trailer": null,
  "synopsis": "Satonaka Ikkou, a 16 year old boy, is a first year trainee at the Saienji Buddhist Temple. He was sent there by his parents to be trained by his grandmother, the Saienji Priestess. At the temple he finds himself surrounded by beautiful female priestesses-in-training. Upon seeing a girl naked, Ikko has the ability to turn into a super-monk, performing massive exorcisms for the good of the temple.\n\n(Source: ANN)",
  "score": 6.41,
  "genres": [
    "Comedy",
    "Romance",
    "Supernatural",
    "Ecchi"
  ],
  "episodes": [
    {
      "numero": 1,
      "url": "https://lightspeedst.net/s3/mp4/amaenaide-yo/sd/1.mp4",
      "nome": "Don't Get Me Aroused!!"
    },
    {
      "numero": 2,
      "url": "https://lightspeedst.net/s3/mp4/amaenaide-yo/sd/2.mp4",
      "nome": "Don't Fool Around!!"
    },
    {
      "numero": 3,
      "url": "https://lightspeedst.net/s3/mp4/amaenaide-yo/sd/3.mp4",
      "nome": "Don't Peek!!"
    },
    {
      "numero": 4,
      "url": "https://lightspeedst.net/s3/mp4/amaenaide-yo/sd/4.mp4",
      "nome": "Don't Be Scared!!"
    },
    {
      "numero": 5,
      "url": "https://lightspeedst.net/s3/mp4/amaenaide-yo/sd/5.mp4",
      "nome": "Don't Cosplay!!"
    },
    {
      "numero": 6,
      "url": "https://lightspeedst.net/s3/mp4/amaenaide-yo/sd/6.mp4",
      "nome": "Don't Transform!!"
    },
    {
      "numero": 7,
      "url": "https://lightspeedst.net/s3/mp4/amaenaide-yo/sd/7.mp4",
      "nome": "Don't Search!"
    },
    {
      "numero": 8,
      "url": "https://lightspeedst.net/s3/mp4/amaenaide-yo/sd/8.mp4",
      "nome": "Don't Confess!!"
    },
    {
      "numero": 9,
      "url": "https://lightspeedst.net/s3/mp4/amaenaide-yo/sd/9.mp4",
      "nome": "Don't Sing!!"
    },
    {
      "numero": 10,
      "url": "https://lightspeedst.net/s3/mp4/amaenaide-yo/sd/10.mp4",
      "nome": "Don't Get Me Wet!!"
    },
    {
      "numero": 11,
      "url": "https://lightspeedst.net/s3/mp4/amaenaide-yo/sd/11.mp4",
      "nome": "Don't Tease Me!!"
    },
    {
      "numero": 12,
      "url": "https://lightspeedst.net/s3/mp4/amaenaide-yo/sd/12.mp4",
      "nome": "Don't Awaken!!"
    },
    {
      "numero": 13,
      "url": "https://lightspeedst.net/s3/mp4/amaenaide-yo/sd/13.mp4"
    }
  ]
}