{
  "id": 55071,
  "title": "Amagami-san Chi no Enmusubi",
  "title_jp": "甘神さんちの縁結び",
  "slug": "amagami-san-chi-no-enmusubi",
  "type": "legendados",
  "format": "TV",
  "images": {
    "poster": "https://cdn.myanimelist.net/images/anime/1410/143586l.webp",
    "banner": "https://cdn.myanimelist.net/images/anime/1410/143586.jpg"
  },
  "trailer": "https://www.youtube-nocookie.com/embed/g9U-VtFDFv4?enablejsapi=1&wmode=opaque&autoplay=1",
  "synopsis": "After witnessing his mother's death at a young age, Uryuu Kamihate grew up disillusioned with the gods, dismissing faith in them as utter nonsense. Due to his beliefs, he aims to become a doctor, spending most of his time studying to enter the prestigious Kyoto University.\n\nTo further his studies, Uryuu searches for a new place to take him in and get away from the noisy environment of the orphanage where he grew up. Chidori Amagami, head priest of the Amagami Shrine, allows him to stay at the Amagami residence. However, Uryuu has to live there with Chidori's three granddaughters—Yae, Yuna, and Asahi—who serve as shrine maidens. Moreover, Chidori has another condition for Uryuu: he has to marry one of the sisters to ensure the shrine's future and one day inherit it. But with Uryuu's goals and outlook naturally clashing against the sisters' beliefs, this already daunting ordeal seems outright impossible.\n\n[Written by MAL Rewrite]",
  "score": 7.55,
  "genres": [
    "Comedy",
    "Romance",
    "Supernatural"
  ],
  "episodes": [
    {
      "numero": 1,
      "url": "https://lightspeedst.net/s7/mp4/amagami-san-chi-no-enmusubi/hd/1.mp4",
      "nome": "The Miracle Begins"
    },
    {
      "numero": 2,
      "url": "https://lightspeedst.net/s7/mp4/amagami-san-chi-no-enmusubi/hd/2.mp4",
      "nome": "String Cranes at Midday"
    },
    {
      "numero": 3,
      "url": "https://lightspeedst.net/s7/mp4/amagami-san-chi-no-enmusubi/hd/3.mp4",
      "nome": "A Tryst With the Gods"
    },
    {
      "numero": 4,
      "url": "https://lightspeedst.net/s7/mp4/amagami-san-chi-no-enmusubi/hd/4.mp4",
      "nome": "The Amagami Shrine Festival: Connections"
    },
    {
      "numero": 5,
      "url": "https://lightspeedst.net/s7/mp4/amagami-san-chi-no-enmusubi/hd/5.mp4",
      "nome": "The Amagami Shrine Festival: Blossoming"
    },
    {
      "numero": 6,
      "url": "https://lightspeedst.net/s7/mp4/amagami-san-chi-no-enmusubi/hd/6.mp4",
      "nome": "From Dawn till Dusk"
    },
    {
      "numero": 7,
      "url": "https://lightspeedst.net/s7/mp4/amagami-san-chi-no-enmusubi/hd/7.mp4",
      "nome": "Dream and Moon and Dream: New Moon"
    },
    {
      "numero": 8,
      "url": "https://lightspeedst.net/s7/mp4_temp/amagami-san-chi-no-enmusubi/8/720p.mp4",
      "nome": "Dream and Moon and Dream: Half Moon"
    },
    {
      "numero": 9,
      "url": "https://lightspeedst.net/s7/mp4_temp/amagami-san-chi-no-enmusubi/9/720p.mp4",
      "nome": "Dream and Moon and Dream: Full Moon"
    },
    {
      "numero": 10,
      "url": "https://lightspeedst.net/s7/mp4/amagami-san-chi-no-enmusubi/hd/10.mp4",
      "nome": "Changing Clothes, Changing Hearts"
    },
    {
      "numero": 11,
      "url": "https://lightspeedst.net/s7/mp4/amagami-san-chi-no-enmusubi/hd/11.mp4",
      "nome": "The Real Reason For Staying Up Late: Prelude"
    },
    {
      "numero": 12,
      "url": "https://lightspeedst.net/s7/mp4_temp/amagami-san-chi-no-enmusubi/12/720p.mp4",
      "nome": "The Real Reason For Staying Up Late: Connections"
    },
    {
      "numero": 13,
      "url": "https://lightspeedst.net/s7/mp4_temp/amagami-san-chi-no-enmusubi/13/720p.mp4",
      "nome": "The Real Reason For Staying Up Late: Love"
    },
    {
      "numero": 14,
      "url": "https://lightspeedst.net/s5/mp4/amagami-san-chi-no-enmusubi/hd/14.mp4",
      "nome": "The Scales That Hold Wishes: Loop"
    },
    {
      "numero": 15,
      "url": "https://lightspeedst.net/s5/mp4_temp/amagami-san-chi-no-enmusubi/15/720p.mp4",
      "nome": "The Scales That Hold Wishes: Going Back"
    },
    {
      "numero": 16,
      "url": "https://lightspeedst.net/s5/mp4/amagami-san-chi-no-enmusubi/hd/16.mp4",
      "nome": "The Scales That Hold Wishes: Going Forward"
    },
    {
      "numero": 17,
      "url": "https://lightspeedst.net/s5/mp4_temp/amagami-san-chi-no-enmusubi/17/720p.mp4",
      "nome": "The Send-Off Fires and the Vow with the Gods"
    },
    {
      "numero": 18,
      "url": "https://lightspeedst.net/s5/mp4/amagami-san-chi-no-enmusubi/hd/18.mp4",
      "nome": "Nadeshiko Hide-and-Seek: Switch"
    },
    {
      "numero": 19,
      "url": "https://lightspeedst.net/s5/mp4_temp/amagami-san-chi-no-enmusubi/19/720p.mp4",
      "nome": "Nadeshiko Hide-and-Seek: Worry"
    },
    {
      "numero": 20,
      "url": "https://lightspeedst.net/s5/mp4_temp/amagami-san-chi-no-enmusubi/20/720p.mp4",
      "nome": "Nadeshiko Hide-and-Seek: Attraction"
    },
    {
      "numero": 21,
      "url": "https://lightspeedst.net/s5/mp4/amagami-san-chi-no-enmusubi/hd/21.mp4",
      "nome": "Shirahi's Mirage: Divergence"
    },
    {
      "numero": 22,
      "url": "https://lightspeedst.net/s5/mp4_temp/amagami-san-chi-no-enmusubi/22/720p.mp4",
      "nome": "Shirahi's Mirage: Feelings"
    },
    {
      "numero": 23,
      "url": "https://lightspeedst.net/s5/mp4/amagami-san-chi-no-enmusubi/hd/23.mp4",
      "nome": "Shirahi's Mirage: Ties"
    },
    {
      "numero": 24,
      "url": "https://lightspeedst.net/s5/mp4/amagami-san-chi-no-enmusubi/hd/24.mp4",
      "nome": "Tying the Knot with an Amagami Sister"
    }
  ]
}