{
  "id": 11235,
  "title": "Amagami SS+ Plus",
  "title_jp": "アマガミSS+ plus",
  "slug": "amagami-ss-plus",
  "type": "legendados",
  "format": "TV",
  "images": {
    "poster": "https://cdn.myanimelist.net/images/anime/1951/114976l.webp",
    "banner": "https://cdn.myanimelist.net/images/anime/1951/114976.jpg"
  },
  "trailer": "https://www.youtube-nocookie.com/embed/5Idz2vAw7AI?enablejsapi=1&wmode=opaque&autoplay=1",
  "synopsis": "In the aftermath of Amagami SS, high school student Junichi Tachibana continues his relationships with the girls at his school. Amagami SS+ Plus offers a glimpse into what happened after the resolution of each girl's individual story. \n\nNew events begin to take place between each of the girls and Junichi. Tsukasa Ayatsuji, the class representative, runs for student council president; Rihoko Sakurai, who has taken over the Tea Club with Junichi, still wants to confess her feelings to him; Ai Nanasaki questions the future of her relationship with Junichi when he leaves for college; Kaoru Tanamachi wonders if her relationship with Junichi will ever go any further; Sae Nakata and Junichi deal with classmates who still can't believe that someone so cute is his girlfriend; and Haruka Morishima wants to take their relationship to the next level and get married.\n\n[Written by MAL Rewrite]",
  "score": 7.37,
  "genres": [
    "Romance"
  ],
  "episodes": [
    {
      "numero": 1,
      "url": "https://lightspeedst.net/s3/mp4/amagami-ss-plus/sd/1.mp4",
      "nome": "Tsukasa Ayatsuji, Part 1"
    },
    {
      "numero": 2,
      "url": "https://lightspeedst.net/s3/mp4/amagami-ss-plus/sd/2.mp4",
      "nome": "Tsukasa Ayatsuji, Part 2"
    },
    {
      "numero": 3,
      "url": "https://www.blogger.com/video.g?token=AD6v5dxXOdvePLZLOHc74mAquxzPTS5HaLikBhleX2sXNs794ORLbnlEwzk-NZdZLrTIUO-cLe9kuQpgxvzqhF2UPcZxtJS_9dmVL8fuz1cfMz917AQBXAN79sB__EKv918cVbHOvvM",
      "nome": "Rihoko Sakurai, Part 1"
    },
    {
      "numero": 4,
      "url": "https://www.blogger.com/video.g?token=AD6v5dyWCcTE1rcvm2atLELaOxZQPR4i2SBKWkF_e94Urb63pIjMRrcqr6FidEz63d8EWRKiJ0fl4HlgllkNSBwxGvzWfgIfURj_qsG0dT85wPKcfJiY3zEziYj2NuSV0l-UYli22mM",
      "nome": "Rihoko Sakurai, Part 2"
    },
    {
      "numero": 5,
      "url": "https://www.blogger.com/video.g?token=AD6v5dzO8qKu7njimhezwiACxryBuurN8QUEJzBAWctDwMoqO0KYo1WsAAY4aDOEIO82sHdNBbeLi-DuztCqIEx7YalZF_ERod9xgeXpRO6jpEtdvhmw187quNnLUnkmyQl1pHjCjE2R",
      "nome": "Ai Nanasaki, Part 1"
    },
    {
      "numero": 6,
      "url": "https://www.blogger.com/video.g?token=AD6v5dwV8MHWjM0m-1uU_Evlzw1pIrXX_oyBk9N0RpF4altPrISBZCSzluA0sB-q8d3twZEeQgp0bBhyPLT-jq2IVM1DXY8XGzXAltjFdP_VCAt-oHNiJk9b8d8tEbRgR1JZpwuFD_bs",
      "nome": "Ai Nanasaki, Part 2"
    },
    {
      "numero": 7,
      "url": "https://www.blogger.com/video.g?token=AD6v5dxI4JcYwGmryxstDQPrgZc-JzKg7Y01NpwgbWRkd6w1VxKUq5K7Nk6lVbm3XeiOS_O_gL-uxWTaOqYrVj522h5Z15MVmZVGCStNeeg3cGFoK39i5GuKli0QA8lmQLyYRxA5Qmjx",
      "nome": "Kaoru Tanamachi, Part 1"
    },
    {
      "numero": 8,
      "url": "https://www.blogger.com/video.g?token=AD6v5dxBITtqQrPpb6sbqgqngR4lI6ExL3EVMlO2IsCMG7ym9lCLKOo_JhJcdgSWYL9lWJH4wHTNNJPC26bH8VcuhvmlFEVNdIYIrXEcDO7xJl6Nxmj4Yd6UwrrfRMGgxFckQyemFr5y",
      "nome": "Kaoru Tanamachi, Part 2"
    },
    {
      "numero": 9,
      "url": "https://www.blogger.com/video.g?token=AD6v5dx13BjCq1ronRo2bJTKfzrfy9Xu66Q7sbBYV0542sNjX5l3wSHdcmq-rbhGILnrbGx8xyJtGo9sBEzBVlFPBoGI8xA13ueleTFRNqPd5awcAQY5rVPeKI9XyYVrNe3H1BiE2_HT",
      "nome": "Sae Nakata, Part 1"
    },
    {
      "numero": 10,
      "url": "https://www.blogger.com/video.g?token=AD6v5dwT82ZupptC16UTIGYGPGBVZ3smPJmh_kWUEWw7IywbXJ0tFqg2_nYWV2MnL0f2qbBhkmPD91SXE00D460ssCwFZgWHnzGyxvDdjgA_wek1DvfEII6BQvHZlVOgl0rJIQIpeVRO",
      "nome": "Sae Nakata, Part 2"
    },
    {
      "numero": 11,
      "url": "https://www.blogger.com/video.g?token=AD6v5dxXAptdOa7VF2K-X_li2m_mUSIN7U7jiKObASYN-HntDklr1Vt-X_nqM9-Hp9GmzUY5gHW-tavGn6TzsIwMm1si6whFmzwor6w3tqfTH2b8rtff7PNeMecUTQvif3kTeCV5OrE5",
      "nome": "Haruka Morishima, Part 1"
    },
    {
      "numero": 12,
      "url": "https://www.blogger.com/video.g?token=AD6v5dxbRrP_u_DZC724q0iSKyc4GlL93tRNrPeMjcY1ZpvQ6pYpkg3Cphv3Oy-tIV1qFOdmavtNN4rCDgDNBRHUbzYEyaP-Rzcm-9QBvq-cgMa2aRBK2bQV0L37gZxk0pAmuKXTdlE",
      "nome": "Haruka Morishima, Part 2"
    },
    {
      "numero": 13,
      "url": "https://www.blogger.com/video.g?token=AD6v5dyDub1_S2b57Y5OWhM9OGbFGKDLQI8CGKCnRzgpx0v748YixH7E6N4bjCHBOYA5fYQ0TvJUk27Jxo6HJE-pYQW0TbcqQJtU34FndBIJJiczhc9qrQf4wAzw1iMEuK_A9KDlq6IR",
      "nome": "Miya Tachibana"
    }
  ]
}