{
  "id": 22147,
  "title": "Amagi Brilliant Park",
  "title_jp": "甘城ブリリアントパーク",
  "slug": "amagi-brilliant-park",
  "type": "legendados",
  "format": "TV",
  "images": {
    "poster": "https://cdn.myanimelist.net/images/anime/5/85435l.webp",
    "banner": "https://cdn.myanimelist.net/images/anime/5/85435.jpg"
  },
  "trailer": "https://www.youtube-nocookie.com/embed/ylxiq33nd-A?enablejsapi=1&wmode=opaque&autoplay=1",
  "synopsis": "Seiya Kanie, a smart and extremely narcissistic high school student, believes that the beautiful but reserved Isuzu Sento has invited him on a date at an amusement park called Amagi Brilliant Park. Much to his chagrin, not only is the location a run-down facility, the supposed date is merely a recruitment tour where Sento and Princess Latifa Fleuranza, the owner of the theme park, ask him to become the park's new manager. Their cause for desperation? As stipulated in a land-use contract, Amagi has less than three months to meet a quota of 500,000 guests, or the park will be closed for good and the land redeveloped by a greedy real-estate company.\n\nSeiya is won over by the revelation that Amagi is no ordinary amusement park; many of its employees are Maple Landers—mysterious magical beings who live in the human world and are nourished by the energy created by people having fun. Entrusted with the hopes and dreams of this far-off enchanted land, Seiya must now use his many skills to bring Amagi back on its feet, or watch it crumble before his eyes.\n\n[Written by MAL Rewrite]",
  "score": 7.45,
  "genres": [
    "Comedy",
    "Supernatural"
  ],
  "episodes": [
    {
      "numero": 1,
      "url": "https://www.blogger.com/video.g?token=AD6v5dz2SkY-NCzXKOhJKVLSI5JtVDe_nkzyyFqtPim4DlrqAFz3En6ti1ZWP7mAtNHRJ0YvLPW9cCD2RGSVtdDDc0g6XsAgy2avU-rUz6TeCz85OD1Mookw6P1Se4OvQHL6wItLNS0u",
      "nome": "Not Enough Visitors!"
    },
    {
      "numero": 2,
      "url": "https://www.blogger.com/video.g?token=AD6v5dzTp1fvNXY3tQJ2Sw0a4KkrnGhnkqc_NvjN3gg_QPZ3khh6OAVUNalUrsfJBEy7oNPhoNz2Haz85cgjqUFkqzt9lDG1AOMrgUEvb-uMWwAp_8dpqqR0zyv_GLIwMRaxgzfKwA8",
      "nome": "Not Enough Time!"
    },
    {
      "numero": 3,
      "url": "https://www.blogger.com/video.g?token=AD6v5dx-_hsnLUSwYb60Y0_jYFsD86tA2cjitmCeWevbVG4MjFHrJ_k6nrxJ6HaSgAf6Cbs4uLBGF1wFKCTgaGtcGtYiFl3U2Sz5fYL4cvAa3EQ2n2iBmxea4Q8Vb-EGazOi7cQPmjBn",
      "nome": "Not Enough Reinforcement!"
    },
    {
      "numero": 4,
      "url": "https://www.blogger.com/video.g?token=AD6v5dymUZz31HEQ2Dg1vjcwzRNS_INPDL6MVj-HWd1H3RyIaFV4GLxDHkIKDkkpJ9CDPDL8IJGNPjDhxjbri-7z-6npMWQ-WGLsNdl_7h2mFJrQbNeip2tAxY5_XqjuK94_nUOQPnk",
      "nome": "Not Enough PA Productivity!"
    },
    {
      "numero": 5,
      "url": "https://www.blogger.com/video.g?token=AD6v5dzWYVHN5vzPgQnzQ6fgOn64dVpEbg84k5RM84cIiMfZUSl6JMcy9obG9wm-WRJsywU2FLWxlwQUoPEko6w4RMeXYx_dBgNAWFl02IycLiXrOWrXq_GzAraZvjcUFIw-6U8B248",
      "nome": "Not Enough Money!"
    },
    {
      "numero": 6,
      "url": "https://www.blogger.com/video.g?token=AD6v5dzAhsZHsfay2m3-3zRqUPq7dDpDy3H6-uzlMcXLbq4L4Sm0-T6GQmXt2P57GSzbSPQ0EXVHa3SnE-NNf-YR0XO3S_oekLyUN9DAw-a_VHCxBl8ERShpxr7hhSXvEiL-hePeTWOw",
      "nome": "Not Enough People!"
    },
    {
      "numero": 7,
      "url": "https://www.blogger.com/video.g?token=AD6v5dxJ804ncWI6Kwmr5e6xCI3ZUGeOQk6pTb321zFtoFIMqMva2TroQdad1HhlfXgFCOsuloVIFt1o4s5wrYqXYw2gr5HtJkbmEU8zeRHK6CUlGjZD4lG3tpPSP-ozHR3hsKBPwWlX",
      "nome": "Not Enough Pool Safety!"
    },
    {
      "numero": 8,
      "url": "https://www.blogger.com/video.g?token=AD6v5dzCUpoJFQp8wrUsovMVUGEDDR0hytuep0nYa_KUjSm1z4o04L8mGtO3ZsimoI1rH-Anh7HfslIBkOI66ykwLIzi3mL2glFPuVlSfsiqXP7WTx3_MqZXz6aTQd1X2qEFZRHAKu4",
      "nome": "Not Enough Love!"
    },
    {
      "numero": 9,
      "url": "https://www.blogger.com/video.g?token=AD6v5dzqafTfUL1jSd_kzZJEgye1lz2Y8_ZjTFzgC3ETxsSkBxPmxCyf9iLyz8nWTQiiTgitFGamhBJSasWas5KhcKoSiKUa2q-br0Fe7RAEuB86DuoVZKhTtpR7M5UBtim5YhdqtFI",
      "nome": "Not Enough Teamwork!"
    },
    {
      "numero": 10,
      "url": "https://www.blogger.com/video.g?token=AD6v5dzEl1rT6BOcrTrgsCyqT77hmQn4SNYML-CqI6lUyzVIO04XbnEGFR0Rl4FJ93k8BEFn_nm8VV0MgGF9G6CjK9Ap5-106BUHkC5IFKsldLHxnSofZ72k7RdjPFrkl0Z9g_szieHF",
      "nome": "Nothing Can Be Done!"
    },
    {
      "numero": 11,
      "url": "https://www.blogger.com/video.g?token=AD6v5dwopGingbpZ284IpugbKhPHhaN8wG8-6tVHVSWUM5DigEWhaMc410qmxkY5rb8mz10SBvP6139PAevE_M90yyx4JjMScxpgXgGiwwXAstHBirCl6AoISDDRy1kejMJ_Y9iMm8Vd",
      "nome": "Nothing to Worry About Now!"
    },
    {
      "numero": 12,
      "url": "https://www.blogger.com/video.g?token=AD6v5dw2JihdrqHbEm23EaCD2iGoM50qrYMuRKo9DoG_L8nNRe7JkS5QMMk7K_A0uyJrOt9SpNBfF7wO6knIgv3YXr38DkB1VElvmumYD9zFUhZ2WdM6P2JAmre439_ji9vP5A593KXC",
      "nome": "Nobody Knows What the Future Holds!"
    },
    {
      "numero": 13,
      "url": "https://www.blogger.com/video.g?token=AD6v5dzpa8s4-4adgQdKgkHMaiQsW4hx5HjG-xKKNKV814iat-78JNWjAYkp_3IcThYlm6-Um92PO-ftCJJdQAEwbF-4HNFcdpgQyB6gm3RwPP0KCJVADdNpcrrBP6wp5ko4f-GtqpYU",
      "nome": "Not a Good PV!"
    }
  ]
}