{
  "id": 15951,
  "title": "Amagami SS+ Plus Picture Drama",
  "title_jp": "アマガミSS+ plus 新作ピクチャードラマ～バレンタイン・フォー・ユー～",
  "slug": "amagami-ss-plus-picture-drama",
  "type": "legendados",
  "format": "Special",
  "images": {
    "poster": "https://cdn.myanimelist.net/images/anime/8/55899l.webp",
    "banner": "https://cdn.myanimelist.net/images/anime/8/55899.jpg"
  },
  "trailer": null,
  "synopsis": "Picture Dramas from the DVD/BD Vol.7.",
  "score": 6.53,
  "genres": [
    "Romance"
  ],
  "episodes": [
    {
      "numero": 1,
      "url": "https://lightspeedst.net/s2/mp4/amagami-ss-plus-picture-drama/sd/1.mp4",
      "nome": "Valentine for You"
    }
  ]
}