{
  "id": 8676,
  "title": "Amagami SS",
  "title_jp": "アマガミSS",
  "slug": "amagami-ss",
  "type": "legendados",
  "format": "TV",
  "images": {
    "poster": "https://cdn.myanimelist.net/images/anime/10/78699l.webp",
    "banner": "https://cdn.myanimelist.net/images/anime/10/78699.jpg"
  },
  "trailer": "https://www.youtube-nocookie.com/embed/Nfti3gsXaf4?enablejsapi=1&wmode=opaque&autoplay=1",
  "synopsis": "Two years ago, Junichi Tachibana had a date on Christmas Eve but was stood up instead. Since then, he has had a hard time showing others his true feelings in fear of being rejected again. However, as luck would have it, Junichi may have a second chance at love when he meets several girls whom he becomes romantically interested in: Haruka Morishima, the energetic and popular upperclassman with a love for cute things; Kaoru Tanamachi, his childhood friend who harbors secret feelings for him; Sae Nakata, the timid transfer student who is shy around men; Ai Nanasaki, a girl on the swim team who has a bad first impression of Junichi; Rihoko Sakurai, a childhood friend with a love for sweets; and Tsukasa Ayatsuji, a seemingly perfect class representative who has a hidden dark side. As Christmas Eve approaches, Junichi can only hope that this will be the year he will finally spend the holidays with the one he truly loves.\n \n[Written by MAL Rewrite]",
  "score": 7.27,
  "genres": [
    "Romance"
  ],
  "episodes": [
    {
      "numero": 1,
      "url": "https://www.blogger.com/video.g?token=AD6v5dw0dUf7BI1iitkUVQ8CdfmGVoX_R1nfzLqZtZvLtqrXAF4Swgvgana3cdWW4XyABRW5OJVikJW0EHHx7HvZUFnMvz22v1Euh0gQTG8EcTkh9mpuATfVlGiDguRfevJ7gcgI-tE",
      "nome": "Longing"
    },
    {
      "numero": 2,
      "url": "https://www.blogger.com/video.g?token=AD6v5dxMK6iIeDTUaM6FII-Oh49CgvYAa676oPb737HnLynJSuhIAOz_NhTsSzqh_nYjyZN6Oz2jRgpAyhKiUOHogttSwp2ZozXVwYRhRPHrYnSfMa9IzJWTtmTBZLVFMFFD-yCd68M",
      "nome": "Approach"
    },
    {
      "numero": 3,
      "url": "https://www.blogger.com/video.g?token=AD6v5dzdy1Nxlzi7qgH1qW0jX-2gDmSU_QLnAwKUfj-IJAxKvEWvZOq-sUCgine7wzjkYCyzdoobUWNeeE6QAZPjs-B_Vrk4xag09om5s8yVfB6MwY7mKaP3mFiH7py0LY681_6JNpw",
      "nome": "Jealousy"
    },
    {
      "numero": 4,
      "url": "https://www.blogger.com/video.g?token=AD6v5dzg9GB9Tq8ocbn6vsf9umuNoPZZm-LAAmpoY6r6_dv1F897bgCDeJsXN_xBSvA4mAQfDKaIwm__70gmlfpG7nyyK-KSbcpjr8J0zE4IryVIlfZDxiyMhC7_06v17XMS6vIf0yc",
      "nome": "Romance"
    },
    {
      "numero": 5,
      "url": "https://www.blogger.com/video.g?token=AD6v5dzXGO10PUs4jvaVLAFwns5wFTxVzPQEHWnSOcAafXDK0cZx2iIBUjKNvy64kS0eUT6Oggv2Oaj22gP9BmGeWFWffJKuY85LJXBvuRjiH5sabCHS7Nkx29hzgWGijkRiSI8Ql7ir",
      "nome": "Bad Friend"
    },
    {
      "numero": 6,
      "url": "https://www.blogger.com/video.g?token=AD6v5dwsubsJNKX-fwWvcG4KGxushcwXSFwn0IacLotqNPJ1jwHWIAI2X34pACqWK8bTrPI6mko0xJI6QfBVnVExr1K3GtPm3S-EgnO1fQRgFbHRSoCcksLlUyhr903Cjxmb2xFHqa_2",
      "nome": "Bewilderment"
    },
    {
      "numero": 7,
      "url": "https://www.blogger.com/video.g?token=AD6v5dwmBF_JFGWpZu9lqiWaOEKQ-LnT0B6dvSP-jr82j89sFysGqKSGp_Sos4XhJ7kxTQAxHiEwL0ekrbwzKQ2yIL10EnDql4xyQbJBNkFEtvHINAU71nB8yx4yGEetmFdswjHcZLH4",
      "nome": "Betrayal"
    },
    {
      "numero": 8,
      "url": "https://www.blogger.com/video.g?token=AD6v5dyttOoAyjt45CVNkFWikhx3JJy2s_8x5JiHO-hiu_TSEOSfNUEXxRU9jYOsFOidsMqlxRQGgLx_pWK_YhaNSGz89p55kgoBIt9sPuPDSTYxRnzanZqpkQvtpnAEu9biscLwPg",
      "nome": "Progress"
    },
    {
      "numero": 9,
      "url": "https://www.blogger.com/video.g?token=AD6v5dz4Ib4pXzvlrFKWh5VCHu1dYVxsTLyB-GRLda4hbVLE-Vw58gV9aNVcnl9b4GTpYx3BrsaGs6cgc4tUpOWcd1HvBqrBf1AAAfR8LQpJvltnTzn8An505I0D3B8NUWUMm8gsjpo",
      "nome": "Underclassman"
    },
    {
      "numero": 10,
      "url": "https://www.blogger.com/video.g?token=AD6v5dzDWx67AzrmfJ2inLzWrqK_Ghp96Lr7u5yT3TfIayX541SXqSx1wEvPARYGUO7k2bACWRocW2q-WXJ_w8jYVQUwcW_hMFJAKyPxWCx02grO0eJOj6kr156uV3uQvgMkw2YOC-E",
      "nome": "Training"
    },
    {
      "numero": 11,
      "url": "https://www.blogger.com/video.g?token=AD6v5dw9HWhrdqyg_AucFdkDQ7qyM_K5O22fOZXJ0tFMyJKS42CWuZBYJNjns8SpD49devTZJU0Dn9r-vmOymYq2lCsJSTvVy7EiDZXo2uM8qFf8ER_m8UU0xnNkGgVGcN1iMWNVe044",
      "nome": "Changes"
    },
    {
      "numero": 12,
      "url": "https://www.blogger.com/video.g?token=AD6v5dwoL95vORVGkW4uF7wqAPAI-i6Ds3pSw4-mTC2cVV5daalpeoUJtL4Tm6UTI1IZwAS3YwbURYpZFDShP2EsTxZVo5RklnszSflQD1EH6ggAmf06lbSW6uBGrTRVTYbzf1zpkAE",
      "nome": "Lovers"
    },
    {
      "numero": 13,
      "url": "https://www.blogger.com/video.g?token=AD6v5dxY-siXz-6dMCDskgzXiv0ckpPQ3e6yo1jwiYpRCsbc3ys3JQDhZlG9s5iA_efyCaFnteqFUlR24qeocBB4Q7KbrJo0c3Na6240vX83mzA314-bnRSfOioVhdJbJj_I8I_5AlQ",
      "nome": "Worst"
    },
    {
      "numero": 14,
      "url": "https://www.blogger.com/video.g?token=AD6v5dxb5wJ6R9_c0xiMqda_yO0KWmCLAwjsb33hTtvwV99G-8MA-MenplQ6IMWnPCCThnoPGvHKpi_LqK9Eeq3-NV-pbFI-pnnEWAur00jR-7DVnfMfAwk7DKDQl1t3LIM6hanceLI",
      "nome": "Heartbeat"
    },
    {
      "numero": 15,
      "url": "https://www.blogger.com/video.g?token=AD6v5dyQbCn0nzDsAnifYvSQUlRCz9slY9sGoRq5L1OEeeYR5A_dVP5qZKP6wykHQesX7EivAtTB2liGLVEtt57L_qQGD_PjMxoGzp-73gyEB1NrOfptdeUG57-2nGUl1YEJ8sMOuV0",
      "nome": "Transformation"
    },
    {
      "numero": 16,
      "url": "https://www.blogger.com/video.g?token=AD6v5dyXauw6O9IByO67fJVkU67mY0AH_8iu7Wy8Xsa-xnYkaPhv625XMzlYgO4Dq_JO6Aj3JsdQiKOHEFlqB2yC9MMVCOGkmkSbgmjcbs_Wiz7b5aKQzYnfg9MGU7QAOWqt07MWMyF5",
      "nome": "Confession"
    },
    {
      "numero": 17,
      "url": "https://www.blogger.com/video.g?token=AD6v5dx6fsnDpyqNMA-hCvsis0BVS_amikCDFudIPHGimJW09y0j6-oZpZGzZqvDT7mmKQAf6phHBkP-SANcms1czTqAmpAqkxR9hjjlqrNtf0KvpXIJSXALXEQ_J3Ae3L7AcmahV2Y2",
      "nome": "Memories"
    },
    {
      "numero": 18,
      "url": "https://www.blogger.com/video.g?token=AD6v5dzLmS2ghmhYMtIzGzJVAVowXcAU3mlA4BVhHGoz6LhFhT9ZxNOI7VTrc-xVXHgDKyjH9ZjYgxVo4e26QC2YF2OerQj9VT2D9R6R6TjZRpqu6OEJbMDTZFIMK2PYSxYmWXFMWQDn",
      "nome": "Assistance"
    },
    {
      "numero": 19,
      "url": "https://www.blogger.com/video.g?token=AD6v5dxVqvLOmZIot8ltqMd3d5wdrlaWNuC2NyuLGW-OfOTiDiM9-I1G0hH8M_Wtoys209Jmlel_Pmrm7uRJOVS5RDevazyKQOJVDnBEnL6CICbVyTSHLtGs8F4eJtZRLgo1ZiMSbf-a",
      "nome": "Succession"
    },
    {
      "numero": 20,
      "url": "https://www.blogger.com/video.g?token=AD6v5dwl69bjOUwudAHKqQ5HSBwP3doyaubG39pQGo8T-1RUnON09gZ0lNfu0BH8qIC7SLSFNPbcikT7l6ROLHwu0Q03o_BXuOlyw77Nv2jdcB02m1ZuZ5Z-IiY1fLzJ35GXAsXNG-s0",
      "nome": "Farewell"
    },
    {
      "numero": 21,
      "url": "https://www.blogger.com/video.g?token=AD6v5dwxMvVW_eR7BOIX-5JNPr2IIDF35atsQwT8-lamiDxCpbDGbb7z5HsnDRCG5bJ21lZiR9PPIiWdIawec6dLyg3-SHfjhHxVWMIwD5JxKr5uY0dGVIN8bNREkf642oNSWINZaZqC",
      "nome": "Discovery"
    },
    {
      "numero": 22,
      "url": "https://www.blogger.com/video.g?token=AD6v5dwIdFcr7YTRpUEScWB2owNapcBUS-jbVwS0s9CBVb2uqUOYn4Z1P-gOZLQ6k8cnZbjTnoPMNoGtqPVbX2bHrsg9lo644YQ5t_SxgD2tOrl08Jgy64VwUqjw-aCJE3IzP_nQk78",
      "nome": "Inner Side"
    },
    {
      "numero": 23,
      "url": "https://www.blogger.com/video.g?token=AD6v5dxdb1SYxOMVt-hp7q4lIPYUtJ2E2P7MGtmDla9pc44gvi4IYpExflV1g5azGyf2AVqdxt4TGboO-9wjy-J6Orqmw3hUUW3w-8J4eMekCQM2gM_049gojTn0a8RqRE8hlqMzqOzv",
      "nome": "Pride"
    },
    {
      "numero": 24,
      "url": "https://www.blogger.com/video.g?token=AD6v5dyNHRWAV3ntl0FYzcrSiuLZZ25yE4NLOAnnIbChvbFzNG5q8ltUtkKRSdfPE529jKEg5GIKs6vw8DiEgDM-LJuIlp_7RHRKAij_VboNKQOqoP10ZHGZn8JhM5q0r5VzIU_6yNs",
      "nome": "Promise"
    },
    {
      "numero": 25,
      "url": "https://www.blogger.com/video.g?token=AD6v5dworWVoZEWsKc8rSjYLvlYZ1vRcxIKwAoCtf1TDLw7D3IW1GO4UxRMYxHq9YjOiX-87wRcXMLqoZb4Hnee27AOYd0C4XkaZ5wr9L83Qhr4CPxbLdKpJxoMwqdygWVaN54g7-p4",
      "nome": "Truth"
    },
    {
      "numero": 26,
      "url": "https://lightspeedst.net/s3/mp4/amagami-ss/sd/26.mp4"
    }
  ]
}