{
  "id": 12669,
  "title": "Amagami SS+ Plus: Extra Episode+ Plus",
  "title_jp": "アマガミSS+ plus エクストラ・エピソード+ plus",
  "slug": "amagami-ss-plus-extra-episode-plus",
  "type": "legendados",
  "format": "Special",
  "images": {
    "poster": "https://cdn.myanimelist.net/images/anime/12/56023l.webp",
    "banner": "https://cdn.myanimelist.net/images/anime/12/56023.jpg"
  },
  "trailer": null,
  "synopsis": "Short extras of the anime included in each of the six Blu-ray volumes of Amagami SS+.",
  "score": 7.19,
  "genres": [
    "Romance"
  ],
  "episodes": [
    {
      "numero": 1,
      "url": "https://lightspeedst.net/s2/mp4/amagami-ss-plus-extra-episode-plus/sd/1.mp4",
      "nome": "Ayatsuji Tsukasa"
    }
  ]
}