{
  "id": 36800,
  "title": "Amanchu! Advance",
  "title_jp": "あまんちゅ！～あどばんす～",
  "slug": "amanchu-advance",
  "type": "legendados",
  "format": "TV",
  "images": {
    "poster": "https://cdn.myanimelist.net/images/anime/1095/95063l.webp",
    "banner": "https://cdn.myanimelist.net/images/anime/1095/95063.jpg"
  },
  "trailer": "https://www.youtube-nocookie.com/embed/ohHeJjCnun8?enablejsapi=1&wmode=opaque&autoplay=1",
  "synopsis": "Second season of Amanchu!.",
  "score": 7.1,
  "genres": [
    "Slice of Life"
  ],
  "episodes": [
    {
      "numero": 1,
      "url": "https://lightspeedst.net/s3/mp4/amanchu-advance/sd/1.mp4",
      "nome": "The Story of One Summer Night and a Confession"
    },
    {
      "numero": 2,
      "url": "https://lightspeedst.net/s3/mp4/amanchu-advance/sd/2.mp4",
      "nome": "The Story of Midsummer and the Sparkling Eyes"
    },
    {
      "numero": 3,
      "url": "https://lightspeedst.net/s3/mp4/amanchu-advance/sd/3.mp4",
      "nome": "The Story of the Pro and the Expert of Happiness"
    },
    {
      "numero": 4,
      "url": "https://lightspeedst.net/s3/mp4/amanchu-advance/sd/4.mp4",
      "nome": "The Story of Autumn and a Tender Happiness"
    },
    {
      "numero": 5,
      "url": "https://lightspeedst.net/s3/mp4/amanchu-advance/sd/5.mp4",
      "nome": "The Story of the Jet-Black Mermaid and the Solitude of 18m Under"
    },
    {
      "numero": 6,
      "url": "https://lightspeedst.net/s3/mp4/amanchu-advance/sd/6.mp4",
      "nome": "The Story of a Halloween Night's Dream"
    },
    {
      "numero": 7,
      "url": "https://lightspeedst.net/s3/mp4/amanchu-advance/sd/7.mp4",
      "nome": "The Story of the Neverending School Festival"
    },
    {
      "numero": 8,
      "url": "https://lightspeedst.net/s3/mp4/amanchu-advance/sd/8.mp4",
      "nome": "The Story of Fleeting, Unfulfilled Desires"
    },
    {
      "numero": 9,
      "url": "https://lightspeedst.net/s3/mp4/amanchu-advance/sd/9.mp4",
      "nome": "The Story of Tears and an Endless Dream"
    },
    {
      "numero": 10,
      "url": "https://lightspeedst.net/s3/mp4/amanchu-advance/sd/10.mp4",
      "nome": "The Story of a New Beginning and New Feelings"
    },
    {
      "numero": 11,
      "url": "https://lightspeedst.net/s3/mp4/amanchu-advance/sd/11.mp4",
      "nome": "The Story of Cold, Flames, and Well Wishes"
    }
  ]
}