{
  "id": 31771,
  "title": "Amanchu!",
  "title_jp": "あまんちゅ！",
  "slug": "amanchu",
  "type": "legendados",
  "format": "TV",
  "images": {
    "poster": "https://cdn.myanimelist.net/images/anime/6/80810l.webp",
    "banner": "https://cdn.myanimelist.net/images/anime/6/80810.jpg"
  },
  "trailer": "https://www.youtube-nocookie.com/embed/asmCEszp0Mc?enablejsapi=1&wmode=opaque&autoplay=1",
  "synopsis": "Originally from a big city, Futaba Ooki spends most days cataloguing her life through pictures on her phone. Upon moving to a seaside town, she gazes out over the vast expanse of sea and quickly becomes captivated by its endless possibilities. Unbeknownst to Futaba, her quiet contemplation catches the attention of local diving enthusiast Hikari Kohinata. Finding herself in the same class as Futaba the next day, Hikari is drawn to her quiet and shy demeanor and affectionately nicknames her Teko, sparking a tender friendship. \n\nStruggling to adapt to the change of pace in her life, Futaba finds herself strung along by Hikari's vast energy and passion for diving. Together, they join the school diving club, led by their homeroom teacher Mato Katori. With Hikari by her side, Futaba works to earn her diving certification while experiencing new friendships and possibilities.\n\n[Written by MAL Rewrite]",
  "score": 7.23,
  "genres": [
    "Slice of Life"
  ],
  "episodes": [
    {
      "numero": 1,
      "url": "https://lightspeedst.net/s3/mp4/amanchu/sd/1.mp4",
      "nome": "The Story of the Girl and the Ocean"
    },
    {
      "numero": 2,
      "url": "https://lightspeedst.net/s3/mp4/amanchu/sd/2.mp4",
      "nome": "The Story of Doing Something Bad With Hikari"
    },
    {
      "numero": 3,
      "url": "https://lightspeedst.net/s3/mp4/amanchu/sd/3.mp4",
      "nome": "The Story of the Secret to Excitement and Happiness"
    },
    {
      "numero": 4,
      "url": "https://lightspeedst.net/s3/mp4/amanchu/sd/4.mp4",
      "nome": "The Story of Excitement and the Despairing Heart"
    },
    {
      "numero": 5,
      "url": "https://lightspeedst.net/s3/mp4/amanchu/sd/5.mp4",
      "nome": "The Story of the First Time at Sea with Friends"
    },
    {
      "numero": 6,
      "url": "https://lightspeedst.net/s3/mp4/amanchu/sd/6.mp4",
      "nome": "The Story of the False Wish"
    },
    {
      "numero": 7,
      "url": "https://lightspeedst.net/s3/mp4/amanchu/sd/7.mp4",
      "nome": "The Story of the End of Rain / The Story of the Beginning of Summer"
    },
    {
      "numero": 8,
      "url": "https://lightspeedst.net/s3/mp4/amanchu/sd/8.mp4",
      "nome": "The Story of the Feelings Yet Hidden / The Story of the Things Yet Unknown"
    },
    {
      "numero": 9,
      "url": "https://lightspeedst.net/s3/mp4/amanchu/sd/9.mp4",
      "nome": "The Story of the Memories You Can't Erase"
    },
    {
      "numero": 10,
      "url": "https://lightspeedst.net/s3/mp4/amanchu/sd/10.mp4",
      "nome": "The Story of Losing Your Way in Today"
    },
    {
      "numero": 11,
      "url": "https://lightspeedst.net/s3/mp4/amanchu/sd/11.mp4",
      "nome": "The Story of the Cat and the Kitten"
    },
    {
      "numero": 12,
      "url": "https://lightspeedst.net/s3/mp4/amanchu/sd/12.mp4",
      "nome": "The Story of the Blue World"
    }
  ]
}