{
  "id": 3359,
  "title": "Amatsuki",
  "title_jp": "あまつき",
  "slug": "amatsuki",
  "type": "legendados",
  "format": "TV",
  "images": {
    "poster": "https://cdn.myanimelist.net/images/anime/12/75555l.webp",
    "banner": "https://cdn.myanimelist.net/images/anime/12/75555.jpg"
  },
  "trailer": "https://www.youtube-nocookie.com/embed/jm3Xm1cgVUc?enablejsapi=1&wmode=opaque&autoplay=1",
  "synopsis": "Tokidoki Rikugou is a history-hating student who flunks out of his Japanese History course; his high school forces him to make up for his failed grade by attending a special museum lecture. Its star exhibit, a vast recreation of the Edo Period, promises to alleviate the delinquent student's poor grades with an elaborate simulation of the Tokugawa Shogunate: the Edo Bakumatsu Walking Tour and Exhibition. \n\nKnowing next to nothing about samurai culture or the times he's walked into, he is quickly surprised to learn of the superstitious nature of Japan during the 1600s. Quickly dismissing the existence of gods and demons, he is shocked when confronted by a demon on a bridge, who attacks the unsuspecting high-schooler. Saved by a mysterious swordsman named Kuchiha, he discovers that he can no longer escape the simulation at the history museum.\n\nMeeting another swordsman named Kon Shinonome, he discovers another contemporary that was trapped in the simulation before him. Quickly adjusting to his new home, Tokidoki must now help protect the village from demons, while uncovering the mystery of both the simulation and the company that created it.\n\n[Written by MAL Rewrite]",
  "score": 6.86,
  "genres": [
    "Action",
    "Supernatural"
  ],
  "episodes": [
    {
      "numero": 1,
      "url": "https://www.blogger.com/video.g?token=AD6v5dzhevRTgEaxtaEjmHLaqb3Jvth1UBwFyDfsll6bZF-c721Pe2MY9IAz8kahmNP_wxZHjQg3IFHvLYXEmzKkB-B_Y8TnMG_vfZTCaEPjbBALzTxcRRyRoEKc1T1tkU7M7B3I3Q",
      "nome": "This Rainy Night's Moon"
    },
    {
      "numero": 2,
      "url": "https://www.blogger.com/video.g?token=AD6v5dxDHo2oY-dX5lPYDVmXw-mxL_gUAGRpzcXP0BwS0cr7MOEC_k_2js6OGecwmlckVgW_BnFWOnjx7gMBegkg4tYWURxR6T14FaOdNAFnDkIw1AUR04kvp-lHTTuAq041lKcJmLGX",
      "nome": "The Voice That Calls To Dogs"
    },
    {
      "numero": 3,
      "url": "https://www.blogger.com/video.g?token=AD6v5dyFirPhwx9PhN1AFeF1cl62U-6TJoSqcs2PK6anE9ifFjN4JK4kqPc3zouaEUHSBPyK7J-UgzHn6k80mh1dYOlb9dvejglhaxcipJyHui0Ob4Xoz80_KE18sFZsmpZNWqjTnjg",
      "nome": "A Monster Along the Way"
    },
    {
      "numero": 4,
      "url": "https://www.blogger.com/video.g?token=AD6v5dxEWc_EBj6kuPSpXOA-bFpoyjQbOnXvUyAi8QfhnHLHYeX4gjJYBAxXCrUDbAZZjv37OOpMS4mNk9E41zJJCbOv5Bnfib2uTJVXi2tNwhOsOcY_qnGyi320QYfDKi3xey54k1o",
      "nome": "Dog God and the Sacred Princess"
    },
    {
      "numero": 5,
      "url": "https://www.blogger.com/video.g?token=AD6v5dzYl1ZRDcx-WSEqRzNrLwF0eSwTIZJZAX5qO0LptrLDWl4VW3ceTutNtAkSnd2UAgNjhkQlbQeLQWM_GqI0t906Bu9xfN6iTxuSBemurGjTDBetln_RXqwwvT-jJNUfAtkzYLM",
      "nome": "Dawn and Awakening"
    },
    {
      "numero": 6,
      "url": "https://www.blogger.com/video.g?token=AD6v5dxxPG5_rKuXZk1RAJYo_MY-T1syIaREaldk2r1uhSvKwkdR7CUS7nVLVbPagqfZipXyMI2IMzn8ahROdMsFLB_8TMepWMtJtQJKRXauCEJdxtM5TrBgwWLqIslxvRaqNARUvVlE",
      "nome": "Marks in a Water Channel"
    },
    {
      "numero": 7,
      "url": "https://www.blogger.com/video.g?token=AD6v5dxcoDL40YbPU9C7XnDHgLaUwuFT6xnYf9oo42skk0bEVaZswtuKFBJ6tfpiVe54hqmigGAFM0x06QU_Mpq_cYKVV6iqBMFqb50WKRC_EMIWjM1inExt3Gdft9gPvtNLLOV2vnnv",
      "nome": "Descending Dawn"
    },
    {
      "numero": 8,
      "url": "https://www.blogger.com/video.g?token=AD6v5dw551JTLOLX4xZrxl-m9A2-TRlYYn1H0jAtu7KsmCaHqb0TBU8ivWk5xunTl84nAFc053-xoXwqVkhEcSRA383Xxh-WMYoOTKCnX_POsOIfLGQj63IyFpgpuL503liK_voyrG5V",
      "nome": "Silk Flower Sleeps"
    },
    {
      "numero": 9,
      "url": "https://www.blogger.com/video.g?token=AD6v5dyQFHXgdGja6ui8a-RVKBBRVX5LHnD06iGmTTPY9p1yXHBQ17BKW6PHoeUVxBWQggHyKM0q3wTbHbSKZ-QUpqiUd4-VurJJ91Emq3vs9NB7R0VmjxtEu5qSe352CZ1X16FYlUY",
      "nome": "Spring Afternoon"
    },
    {
      "numero": 10,
      "url": "https://www.blogger.com/video.g?token=AD6v5dy99O80EQCEzFPpznq7Ni6aXi_56ZG-00AelQNVeI0xuDQ9fsxfLkymOpKuRrpfdIHW-4n8Kr_XGqZTrhEJjlHwuocDkgD-rQmLjD1S-29d5tDzPUUVHWl_zZ0kuFyfzLqiuvTH",
      "nome": "And, The Day Was Shady"
    },
    {
      "numero": 11,
      "url": "https://www.blogger.com/video.g?token=AD6v5dwp31vqdorOx4X0OQ0Es0We72NL3WTCAzc519-XYEVHZx42QpcvGTGTzBckHfUl-tNF7dZa3dj4QwPRKlGekgpxFoSP-WKxUy_kqeBZql3rAOxpPRlcoTBOxVcSGVRIv-yNgjwV",
      "nome": "Dark and Thick Woods"
    },
    {
      "numero": 12,
      "url": "https://www.blogger.com/video.g?token=AD6v5dyuSEBYAWl9RLGffOYx4nRBqV4whRNa1jSqen69OZ1bRIRbkfLBPL54dtb8eApQwgsARZQoQ5t4lWwwUUxX7Ut4DlGynhQ_30e-kjjfoa8kd5kLQvAxhf0WAMA_rS-JcxAF15l1",
      "nome": "Both Sides of the Konotegashiwa"
    }
  ]
}