{
  "id": 28981,
  "title": "Ame-iro Cocoa",
  "title_jp": "雨色ココア",
  "slug": "ame-iro-cocoa",
  "type": "legendados",
  "format": "TV",
  "images": {
    "poster": "https://cdn.myanimelist.net/images/anime/1957/111714l.webp",
    "banner": "https://cdn.myanimelist.net/images/anime/1957/111714.jpg"
  },
  "trailer": null,
  "synopsis": "Aoi Tokura is a server at Rainy Color, a cozy and diverse cafe known for its hot cocoa. Along with barista Shion Koga, Aoi serves a small crowd of regulars who are attracted by his girlish good looks. When two handsome college students start frequenting the cafe as well, Aoi cannot help but be drawn into their lives.\n\n[Written by MAL Rewrite]",
  "score": 4.73,
  "genres": [
    "Slice of Life"
  ],
  "episodes": [
    {
      "numero": 1,
      "url": "https://www.blogger.com/video.g?token=AD6v5dwmIkn-_z-J0nFKfLPXO7Us9jMX_jl-dpiYGYLLvqsxYvAnT5bDpXEKDlaJOFCgqmPTfp2gPsPqnCF-emlm-vivoVzEucAOyQFq_vLNDKpGnjRy8m7kJ-f1PiXCd1nTyYGWVui2",
      "nome": "Episode 1"
    },
    {
      "numero": 2,
      "url": "https://www.blogger.com/video.g?token=AD6v5dykSgy5HIiDoF5ODXL0zsxjOcLDPx_z5u33-duuQ0ukc5u28rGru7wAwFrW5Wp-CARU_cGZxXiOG8yOVwIjOEqubLQs3zfuLFumjmeovICFA_WoMpGOOzRH8lX56S4SlFb_xHyA",
      "nome": "Episode 2"
    },
    {
      "numero": 3,
      "url": "https://www.blogger.com/video.g?token=AD6v5dz783ziQmZ9m3ZweGx9p0Cm2FA0HlhipBkVGVkKW5lZVO_7V84bJN-KRQzGlzkqg5Y74yhqLDtDWrVIblBbZAqppSOAOG78ajxDt8L6Wv5blbKUTiAIw-lPf6GoUo9Z4k3L9CgV",
      "nome": "Episode 3"
    },
    {
      "numero": 4,
      "url": "https://www.blogger.com/video.g?token=AD6v5dxdXqHaeIZXI3GfxYsCMVmAAg0RNw1mbi2QnPZdOVmogSK2coaF6SKdT531ljKcBjQs0h3G0zk3tsiS5T7F9QQQIRx4YcAfHFBwvMg7fRa1aFX9TBNQOgDuBt-lHuGGWpsdYQzC",
      "nome": "Episode 4"
    },
    {
      "numero": 5,
      "url": "https://www.blogger.com/video.g?token=AD6v5dz5ZACJygG8V7jmXqA9g4VMWMGJJW5CsxRzwt3HElkRU9QqPh2fKvZiOxaqdS-4oue163kcQtQKauBH3tOXjKSqdRtPZRmNDVGWiZ2Z7bcBVcmswKl6kncl4kFgPimfOptNEjtF",
      "nome": "Episode 5"
    },
    {
      "numero": 6,
      "url": "https://www.blogger.com/video.g?token=AD6v5dxxuhKHrfirFUb2Skt8p5tDJ6p6qaRaIhh9H2g3tNxOe7WOJBV2thYwKR2gL3abhOXdh-uVlXCMvdH30z9cQRbilU3-G2yrpytW4MoOr4L6C7tQtGanEdnSkyisxuuWQVkNQ4c",
      "nome": "Episode 6"
    },
    {
      "numero": 7,
      "url": "https://www.blogger.com/video.g?token=AD6v5dyFP-Vj_qkJ3c5M1SiBdyIzKZHTyeUJQfunoanvJWP6sRJz_3cg8vRkqaQ9RnLkQuCBEsrfYTbAV12pYNFoZ7QEuONeTLs5lZdsKAq4iMR6eZ3jiQxT6iokSi5_Cdz2usOZ6hlr",
      "nome": "Episode 7"
    },
    {
      "numero": 8,
      "url": "https://www.blogger.com/video.g?token=AD6v5dy4bXlSm8pKmLMeZhQl00x8olIUsgyZyW97lZpnhFekVbkQQ8QKoWsl59rQRxp1VgpBDl0yL72wO-CzhnM4EBfsS-9AW8LfDBWYD4RBWcThS5ARpyxgHATEYbKJr9kJiG-u5x3e",
      "nome": "Episode 8"
    },
    {
      "numero": 9,
      "url": "https://www.blogger.com/video.g?token=AD6v5dwF8bEQjrHKEWRlOZNBIla7BYAn-rLRX1GxA8RRWkO-coLxagnoTKDhLrUTD8Z8I3cFP5nNLDmlRVvfsuNfgfDlSIytEhEB7BkogUHhcJIC8BMenaR7RQ4CrdhLY7NJufFyCANi",
      "nome": "Episode 9"
    },
    {
      "numero": 10,
      "url": "https://www.blogger.com/video.g?token=AD6v5dwBJ5qrRkhrRb64r-ON2IqAr4gzMMlTF74btCZ9gFxJq2WyGy8JJGf3CrfjRj4ANQVMK0FW94EuSFEpqxsD7Al8CRNnzcAwN8vRY7nifV9M4IuVkFsvWj8OXbFlchu6LYFPGyLs",
      "nome": "Episode 10"
    },
    {
      "numero": 11,
      "url": "https://www.blogger.com/video.g?token=AD6v5dyOAxV-0SK0qMKXcjWIMZjkta4qVKK6m6fcHk7L42CqjLnkU3xQFazo-kVPMYeruuFek12fopl30Kuw2MUvX_FkHTypjUo8CctMuPXKlZfc5Q0eLgtIi7URI305ydNp7x2otu0",
      "nome": "Episode 11"
    },
    {
      "numero": 12,
      "url": "https://www.blogger.com/video.g?token=AD6v5dywl45JKWDdw46aQYumutLE61-ghUZyf-Ez-PML1EAd5GOizn56jdGSs_y2LWK9myyKvEh5eNHwxMSfHnJSDt5mxe3Liu_Tu6hOTYNIZLnCmF7ZrZH6KvvPFypog476HKLztmg-",
      "nome": "Episode 12"
    }
  ]
}