{
  "id": 33245,
  "title": "Ame-iro Cocoa in Hawaii",
  "title_jp": "雨色ココア in Hawaii",
  "slug": "ame-iro-cocoa-in-hawaii",
  "type": "legendados",
  "format": "TV",
  "images": {
    "poster": "https://cdn.myanimelist.net/images/anime/1727/111715l.webp",
    "banner": "https://cdn.myanimelist.net/images/anime/1727/111715.jpg"
  },
  "trailer": null,
  "synopsis": "Ame-iro Cocoa: Rainy Cocoa Goes to Hawaii!! Nozomu Tokura, who is Aoi's older brother, is appointed as the manager of the Hawaii store.  With more new characters, will he be able to open up the store there successfully?",
  "score": 4.76,
  "genres": [
    "Slice of Life"
  ],
  "episodes": [
    {
      "numero": 1,
      "url": "https://lightspeedst.net/s3/mp4/ame-iro-cocoa-in-hawaii/sd/1.mp4",
      "nome": "Untitled"
    },
    {
      "numero": 2,
      "url": "https://lightspeedst.net/s3/mp4/ame-iro-cocoa-in-hawaii/sd/2.mp4",
      "nome": "Untitled"
    },
    {
      "numero": 3,
      "url": "https://lightspeedst.net/s3/mp4/ame-iro-cocoa-in-hawaii/sd/3.mp4",
      "nome": "Untitled"
    },
    {
      "numero": 4,
      "url": "https://lightspeedst.net/s3/mp4/ame-iro-cocoa-in-hawaii/sd/4.mp4",
      "nome": "Untitled"
    },
    {
      "numero": 5,
      "url": "https://lightspeedst.net/s3/mp4/ame-iro-cocoa-in-hawaii/sd/5.mp4",
      "nome": "Untitled"
    },
    {
      "numero": 6,
      "url": "https://lightspeedst.net/s3/mp4/ame-iro-cocoa-in-hawaii/sd/6.mp4",
      "nome": "Untitled"
    },
    {
      "numero": 7,
      "url": "https://lightspeedst.net/s3/mp4/ame-iro-cocoa-in-hawaii/sd/7.mp4",
      "nome": "Untitled"
    },
    {
      "numero": 8,
      "url": "https://lightspeedst.net/s3/mp4/ame-iro-cocoa-in-hawaii/sd/8.mp4",
      "nome": "Untitled"
    },
    {
      "numero": 9,
      "url": "https://lightspeedst.net/s3/mp4/ame-iro-cocoa-in-hawaii/sd/9.mp4",
      "nome": "Untitled"
    },
    {
      "numero": 10,
      "url": "https://lightspeedst.net/s3/mp4/ame-iro-cocoa-in-hawaii/sd/10.mp4",
      "nome": "Untitled"
    },
    {
      "numero": 11,
      "url": "https://lightspeedst.net/s3/mp4/ame-iro-cocoa-in-hawaii/sd/11.mp4",
      "nome": "Untitled"
    },
    {
      "numero": 12,
      "url": "https://lightspeedst.net/s3/mp4/ame-iro-cocoa-in-hawaii/sd/12.mp4",
      "nome": "Untitled"
    }
  ]
}