{
  "id": 59619,
  "title": "Ame to Kimi to",
  "title_jp": "雨と君と",
  "slug": "ame-to-kimi-to",
  "type": "legendados",
  "format": "TV",
  "images": {
    "poster": "https://cdn.myanimelist.net/images/anime/1329/150512l.webp",
    "banner": "https://cdn.myanimelist.net/images/anime/1329/150512.jpg"
  },
  "trailer": "https://www.youtube-nocookie.com/embed/i-dy1huj7-E?enablejsapi=1&wmode=opaque&autoplay=1",
  "synopsis": "As novelist Fuji is returning home in a rainstorm, her attention is caught by something peculiar: an animal resembling a dog asking her to take it in. Although she is reluctant at first, the animal impresses her by handing her an umbrella, resulting in Fuji welcoming the creature into her apartment.\n\nSoon, Fuji realizes that the animal is even smarter than she initially thought, as it begins communicating with her through writing. Whether the two are alone or hanging out with her family and friends, Fuji's new little friend never fails to entertain with its whimsical actions.\n\n[Written by MAL Rewrite]",
  "score": 7.52,
  "genres": [
    "Slice of Life"
  ],
  "episodes": [
    {
      "numero": 1,
      "url": "https://lightspeedst.net/s5/mp4/ame-to-kimi-to/hd/1.mp4",
      "nome": "Rainy Days"
    },
    {
      "numero": 2,
      "url": "https://lightspeedst.net/s5/mp4_temp/ame-to-kimi-to/2/720p.mp4",
      "nome": "The Evening Sun"
    },
    {
      "numero": 3,
      "url": "https://lightspeedst.net/s5/mp4_temp/ame-to-kimi-to/3/720p.mp4",
      "nome": "Friends"
    },
    {
      "numero": 4,
      "url": "https://lightspeedst.net/s5/mp4_temp/ame-to-kimi-to/4/720p.mp4",
      "nome": "Summer Festival"
    },
    {
      "numero": 5,
      "url": "https://lightspeedst.net/s5/mp4_temp/ame-to-kimi-to/5/720p.mp4",
      "nome": "The Same Moon"
    },
    {
      "numero": 6,
      "url": "https://lightspeedst.net/s5/mp4_temp/ame-to-kimi-to/6/720p.mp4",
      "nome": "The Cat and Pumpkins"
    },
    {
      "numero": 7,
      "url": "https://lightspeedst.net/s5/mp4/ame-to-kimi-to/hd/7.mp4",
      "nome": "It's Nothing"
    },
    {
      "numero": 8,
      "url": "https://lightspeedst.net/s5/mp4_temp/ame-to-kimi-to/8/720p.mp4",
      "nome": "The Cry"
    },
    {
      "numero": 9,
      "url": "https://lightspeedst.net/s5/mp4/ame-to-kimi-to/hd/9.mp4",
      "nome": "A Secret"
    },
    {
      "numero": 10,
      "url": "https://lightspeedst.net/s5/mp4_temp/ame-to-kimi-to/10/720p.mp4",
      "nome": "A River That Cannot Be Crossed"
    },
    {
      "numero": 11,
      "url": "https://lightspeedst.net/s5/mp4_temp/ame-to-kimi-to/11/720p.mp4",
      "nome": "New Things, Old Things"
    },
    {
      "numero": 12,
      "url": "https://lightspeedst.net/s5/mp4_temp/ame-to-kimi-to/12/720p.mp4",
      "nome": "I Can Hear the Sound of the Rain"
    }
  ]
}