{
  "id": 31139,
  "title": "Ame-iro Cocoa: Rainy Color e Youkoso!",
  "title_jp": "雨色ココア Rainy colorへようこそ！",
  "slug": "ame-iro-cocoa-rainy-color-e-youkoso",
  "type": "legendados",
  "format": "TV",
  "images": {
    "poster": "https://cdn.myanimelist.net/images/anime/1065/111717l.webp",
    "banner": "https://cdn.myanimelist.net/images/anime/1065/111717.jpg"
  },
  "trailer": null,
  "synopsis": "Life at the Rainy Color café can never be described as boring. The arrival of the Koga brothers from England—Noel, always brimming with curiosity, and Nicola, somewhat shy and conservative—ensures that their sibling, café manager Shion, is kept on his toes. There's also another newcomer, cameraman/photographer Jun Arisawa, who holds a mysterious connection to café owner Koji Amami. Last but not least, there's a special photograph that incites all kinds of heartfelt and comedic reactions from the Rainy Color crew!\n\n(Source: YTV)",
  "score": 4.78,
  "genres": [
    "Slice of Life"
  ],
  "episodes": [
    {
      "numero": 1,
      "url": "https://lightspeedst.net/s3/mp4/ame-iro-cocoa-rainy-color-e-youkoso/sd/1.mp4",
      "nome": "Season 2 Episode 1"
    },
    {
      "numero": 2,
      "url": "https://lightspeedst.net/s3/mp4/ame-iro-cocoa-rainy-color-e-youkoso/sd/2.mp4",
      "nome": "Season 2 Episode 2"
    },
    {
      "numero": 3,
      "url": "https://lightspeedst.net/s3/mp4/ame-iro-cocoa-rainy-color-e-youkoso/sd/3.mp4",
      "nome": "Season 2 Episode 3"
    },
    {
      "numero": 4,
      "url": "https://lightspeedst.net/s3/mp4/ame-iro-cocoa-rainy-color-e-youkoso/sd/4.mp4",
      "nome": "Season 2 Episode 4"
    },
    {
      "numero": 5,
      "url": "https://lightspeedst.net/s3/mp4/ame-iro-cocoa-rainy-color-e-youkoso/sd/5.mp4",
      "nome": "Season 2 Episode 5"
    },
    {
      "numero": 6,
      "url": "https://lightspeedst.net/s3/mp4/ame-iro-cocoa-rainy-color-e-youkoso/sd/6.mp4",
      "nome": "Season 2 Episode 6"
    },
    {
      "numero": 7,
      "url": "https://lightspeedst.net/s3/mp4/ame-iro-cocoa-rainy-color-e-youkoso/sd/7.mp4",
      "nome": "Season 2 Episode 7"
    },
    {
      "numero": 8,
      "url": "https://lightspeedst.net/s3/mp4/ame-iro-cocoa-rainy-color-e-youkoso/sd/8.mp4",
      "nome": "Season 2 Episode 8"
    },
    {
      "numero": 9,
      "url": "https://lightspeedst.net/s3/mp4/ame-iro-cocoa-rainy-color-e-youkoso/sd/9.mp4",
      "nome": "Season 2 Episode 9"
    },
    {
      "numero": 10,
      "url": "https://lightspeedst.net/s3/mp4/ame-iro-cocoa-rainy-color-e-youkoso/sd/10.mp4",
      "nome": "Season 2 Episode 10"
    },
    {
      "numero": 11,
      "url": "https://lightspeedst.net/s3/mp4/ame-iro-cocoa-rainy-color-e-youkoso/sd/11.mp4",
      "nome": "Season 2 Episode 11"
    },
    {
      "numero": 12,
      "url": "https://lightspeedst.net/s3/mp4/ame-iro-cocoa-rainy-color-e-youkoso/sd/12.mp4",
      "nome": "Season 2 Episode 12"
    }
  ]
}