{
  "id": 58600,
  "title": "Ameku Takao no Suiri Karte",
  "title_jp": "天久鷹央の推理カルテ",
  "slug": "ameku-takao-no-suiri-karte",
  "type": "legendados",
  "format": "TV",
  "images": {
    "poster": "https://cdn.myanimelist.net/images/anime/1096/147327l.webp",
    "banner": "https://cdn.myanimelist.net/images/anime/1096/147327.jpg"
  },
  "trailer": "https://www.youtube-nocookie.com/embed/ccpgz748urI?enablejsapi=1&wmode=opaque&autoplay=1",
  "synopsis": "Nestled away on the rooftop of Tenikai General Hospital is the unconventional Department of Investigative Pathology headed by the eccentric Dr. Takao Ameku. The tiny department, consisting of Takao and her sole resident Yuu \"Kotori\" Takanashi, treats complex cases that most other departments within the hospital cannot resolve on their own.\n\nThe mystery-obsessed Takao always tries to insert herself into cases that capture her fancy—much to the dismay of her colleagues and the police. Even if her meddling creates more problems for the hospital and those around her, none can deny the brilliance that the young department head exhibits as she weaves a diagnosis together. No matter the specialty, no case is impossible for Takao and a somewhat reluctant Takanashi to solve.\n\n[Written by MAL Rewrite]",
  "score": 7.14,
  "genres": [
    "Mystery"
  ],
  "episodes": [
    {
      "numero": 1,
      "url": "https://lightspeedst.net/s7/mp4_temp/ameku-takao-no-suiri-karte/1/720p.mp4",
      "nome": "Dr. Sherlock"
    },
    {
      "numero": 2,
      "url": "https://lightspeedst.net/s7/mp4_temp/ameku-takao-no-suiri-karte/2/720p.mp4",
      "nome": "Blue Blood Cells and Dragon Fangs"
    },
    {
      "numero": 3,
      "url": "https://lightspeedst.net/s7/mp4_temp/ameku-takao-no-suiri-karte/3/720p.mp4",
      "nome": "Into the Spell of Shimmering Light"
    },
    {
      "numero": 4,
      "url": "https://lightspeedst.net/s5/mp4_temp/ameku-takao-no-suiri-karte/4/720p.mp4",
      "nome": "Spontaneous Human Combustion"
    },
    {
      "numero": 5,
      "url": "https://lightspeedst.net/s5/mp4/ameku-takao-no-suiri-karte/hd/5.mp4",
      "nome": "Crimson Curse of the Sorcerer"
    },
    {
      "numero": 6,
      "url": "https://lightspeedst.net/s5/mp4_temp/ameku-takao-no-suiri-karte/6/720p.mp4",
      "nome": "Fierce Blazing Finale"
    },
    {
      "numero": 7,
      "url": "https://lightspeedst.net/s5/mp4_temp/ameku-takao-no-suiri-karte/7/720p.mp4",
      "nome": "Prescribed Poison"
    },
    {
      "numero": 8,
      "url": "https://lightspeedst.net/s5/mp4_temp/ameku-takao-no-suiri-karte/8/720p.mp4",
      "nome": "The Night When the Angels Danced [Part 1]"
    },
    {
      "numero": 9,
      "url": "https://lightspeedst.net/s5/mp4_temp/ameku-takao-no-suiri-karte/9/720p.mp4",
      "nome": "The Night When the Angels Danced [Part 2]"
    },
    {
      "numero": 10,
      "url": "https://lightspeedst.net/s5/mp4/ameku-takao-no-suiri-karte/hd/10.mp4",
      "nome": "Drowning in a Dry Room [Part 1]"
    },
    {
      "numero": 11,
      "url": "https://lightspeedst.net/s5/mp4/ameku-takao-no-suiri-karte/hd/11.mp4",
      "nome": "Drowning in a Dry Room [Part 2]"
    },
    {
      "numero": 12,
      "url": "https://lightspeedst.net/s5/mp4_temp/ameku-takao-no-suiri-karte/12/720p.mp4",
      "nome": "Drowning in a Dry Room [Part 3]"
    }
  ]
}