{
  "id": 15085,
  "title": "Amnesia",
  "title_jp": "AMNESIA",
  "slug": "amnesia",
  "type": "legendados",
  "format": "TV",
  "images": {
    "poster": "https://cdn.myanimelist.net/images/anime/1311/128738l.webp",
    "banner": "https://cdn.myanimelist.net/images/anime/1311/128738.jpg"
  },
  "trailer": "https://www.youtube-nocookie.com/embed/cJOPc9sxUFI?enablejsapi=1&wmode=opaque&autoplay=1",
  "synopsis": "After fainting at work, a young lady awakens in the back room of the café she works at with no memory of her life or those around her. Two of her friends, whom she soon learns are named Shin and Toma, are called to help her get home safely. Once she is alone, she meets a spectral boy named Orion that only she can see and hear. He explains that she lost her memories because of his chance visit to her world, so he vows to help her remember who she is.\n\nHowever, regaining her departed memories without worrying those around her may be more difficult than she realizes. In addition to the gloomy Shin and the protective Toma, she must be wary of arousing the suspicions of the captivating Ikki, the quick-witted Kent, and a mysterious man who lurks in the distance. As her amnesia entangles her in the lives of each of these men, her fragmented memories return piece by piece, and the mysteries of her circumstances slowly come to light.\n\n[Written by MAL Rewrite]",
  "score": 5.97,
  "genres": [
    "Fantasy",
    "Mystery",
    "Romance"
  ],
  "episodes": [
    {
      "numero": 1,
      "url": "https://www.blogger.com/video.g?token=AD6v5dzL7OUulHqKU55YdSLEXsgQklvoD9_SdPkcE8bXAaILZGkGXkxtiHPwod6bulfHUfpkNnz8hWXl85n_Zt8Dip5jnejpoqUtEgN0QJcHinfM0kajTynLtSaF1VstfAoK1vB3H_O7",
      "nome": "I"
    },
    {
      "numero": 2,
      "url": "https://www.blogger.com/video.g?token=AD6v5dwe5wkAx5r3zxdeDUtnL0jcvjOUn_llkUN2FTmMZfaTsTCEFNJGOi2r6GA7kKwZJud3SUO1MLhCmkwDegyMc7-Ui_AKODj2ho-n0V8s_xKmozFCp77leAoTtrBHbce6wx8y5_ly",
      "nome": "II"
    },
    {
      "numero": 3,
      "url": "https://www.blogger.com/video.g?token=AD6v5dy3aAZIzYhG5YPINDuTtQvEFYchIkh08leBTBquPTI_zXGJ4d4Z2kyWeeOYm4UWvmQ2HjP5aeX_yfZSJUJDnu6fMItQu3kMMoaKx3Em5ML_f9HyEdeEcM21-tfGOROsGjuwF3T4",
      "nome": "III"
    },
    {
      "numero": 4,
      "url": "https://www.blogger.com/video.g?token=AD6v5dwgJlPDssMvBFMnDCeoqt_INT2f4sPKV0DqGMW6pyhT6QPe5z0gq22FLwHt9Xc2eg09iQSNxZtjzjNrqyM-KMhZFFE-1RlcqXjplpkcpTA3S2isYTUkk0KhD8iKJOVKE6RE0Z0",
      "nome": "IV"
    },
    {
      "numero": 5,
      "url": "https://www.blogger.com/video.g?token=AD6v5dzcw49BqraXVqhICnIhlkRYSci6Ew4zxb-Xx9tFs-EXDNPsMbIYocywxEfnjkoMKUtlc8Crnu-booXuL7sB5WxtD3nOi-VIXCu4y_BJ3wrgKzJODbYbWiwQVbeFXWV4W0w-JFQ",
      "nome": "V"
    },
    {
      "numero": 6,
      "url": "https://www.blogger.com/video.g?token=AD6v5dxGTFG7aImbLvThfwvwT_2U7hTAdq3y3nvv_kJq2w1pLVm8GOSjmRQx7ehWAtSlrbCIvwVm0VsQfq7mbuuNe6urKp6T6X7JQ8YMp0upow3-Pj3tFLrNTODdK-jmU-bG_JBNNyHJ",
      "nome": "VI"
    },
    {
      "numero": 7,
      "url": "https://www.blogger.com/video.g?token=AD6v5dyVJisw28GompLku6ALJLmgobgYfFqxmEyk0x76HdqPVztp7NW26shvBqBbk_gVVljfZmOFOW1XpkHE_G46amMee719XA-Rppa4k47NeUJ7mWYMYxpzYrMUYMqzJ_6mfJx46Rs",
      "nome": "VII"
    },
    {
      "numero": 8,
      "url": "https://www.blogger.com/video.g?token=AD6v5dw2oqS_zd3GQG4AfxDJUQPckmPyRG1M2dSB0eRaa7CbDsxRmaUpCoAHawtmcBmicquIeUV0REuJBvPq9o4raaEDeUOznqXtRXlLEV67a0z1OnkdZJb_O2ByluLuNiixzh1PuJQ",
      "nome": "VIII"
    },
    {
      "numero": 9,
      "url": "https://www.blogger.com/video.g?token=AD6v5dxDrYYqdX7UtuRtG_l6TrepNlP9aR0u8jdJu-AOerctGPFD5cSLdK98xVrvgXKgdz7PHSRTFVrM5Yi9pl8880HXjrodx5-Xd83dotO7962rGfxHNh1CkAwaNr9G-UCwr0-ht4OP",
      "nome": "IX"
    },
    {
      "numero": 10,
      "url": "https://www.blogger.com/video.g?token=AD6v5dx4rffGRn_oU09w1pZ8ja7qWKWuE9SQSrxKc7PPMGTyOsOeNw_B56dN07jgV0jtMKo0Y9PDC8B2Xx6sAy2mpJvgESmqs3s2-iNxYMyntLvAMzQg6XrYoashsJvUbvs69phZEl4",
      "nome": "X"
    },
    {
      "numero": 11,
      "url": "https://www.blogger.com/video.g?token=AD6v5dwxW5n0SDjj6Av5VFSrZ5a05VclL6UzqlhqamIT9tZlp6V79_uECUhexIPTU10ry_cwan7Aver0EYmF8_vKUhlaJZxLXt_6v9RrXLUS7WxlEK_Vt6EwvO1ujULic_Lt1tf696WV",
      "nome": "XI"
    },
    {
      "numero": 12,
      "url": "https://www.blogger.com/video.g?token=AD6v5dxezrd4Yki0GjUBI66UzZ5OK-f27UHBo1Iu-rErm1ktUQ5ijN3TIDJczTDuZImBbMoCfsioN3gIf1YEyxSdJ7VbMphuzVMi2q3B1gQMEzCPUnSuA071--OCWEvC25H91zK9fw",
      "nome": "XII"
    }
  ]
}