{
  "id": 2249,
  "title": "Amon Saga",
  "title_jp": "アモン・サーガ",
  "slug": "amon-saga",
  "type": "legendados",
  "format": "Movie",
  "images": {
    "poster": "https://cdn.myanimelist.net/images/anime/1280/99706l.webp",
    "banner": "https://cdn.myanimelist.net/images/anime/1280/99706.jpg"
  },
  "trailer": null,
  "synopsis": "Set in a world of fantasy and adventure, Amon is a young warrior embarking on a quest to avenge the death of his mother. When the hunt leads him ultimately to the kingdom of Valhiss, Amon enlists in the ranks of the Emperor's army in order to gain an opportunity to exact his revenge. However, a chance encounter with the Princess Lichia, being held captive by the Emperor in an effort to ransom a map away from his main rival, King Darai-Sem, Amon must decide whether to follow his path of revenge or to help rescue the Princess in an effort to save a lost kingdom.\n\n(Source: ANN)",
  "score": 5.43,
  "genres": [
    "Action",
    "Adventure",
    "Fantasy"
  ],
  "episodes": [
    {
      "numero": 1,
      "url": "https://lightspeedst.net/s4/mp4/amon-saga/sd/1.mp4"
    }
  ]
}