{
  "id": 30739,
  "title": "Ane Log: Moyako Neesan no Honpen wo Tobidashite Tomaranai Monologue Specials",
  "title_jp": "姉ログ 靄子姉さんの本編を飛び出しても止まらないモノローグ",
  "slug": "ane-log-moyako-neesan-no-honpen-wo-tobidashite-tomaranai-monologue-specials",
  "type": "legendados",
  "format": "Special",
  "images": {
    "poster": "https://cdn.myanimelist.net/images/anime/11/73851l.webp",
    "banner": "https://cdn.myanimelist.net/images/anime/11/73851.jpg"
  },
  "trailer": null,
  "synopsis": "In addition to the flash anime, 3 short special episodes were included on the Ane Log Fan Disc.\n\nEpisodes\n#1: Sekai no Ane Ijin no Jikan\n#2: Moya-nee Boot Camp\n#3: Ane Denwa Soudan",
  "score": 5.28,
  "genres": [
    "Comedy",
    "Ecchi"
  ],
  "episodes": [
    {
      "numero": 1,
      "url": "https://www.blogger.com/video.g?token=AD6v5dypewllWKzWS4VC1Gq99JGHWdCLehTDJyPfSBhRdZYmWHTZgfdDBIShjl7ExQk5Y9tD4XD2xSqQD6jgzjW2fQsv6WWYpX2c0EZ7bcTgg_pwfXtBrQODL1RTkp96FK57LdJgTnA"
    },
    {
      "numero": 2,
      "url": "https://www.blogger.com/video.g?token=AD6v5dyWrr7aB7G_rZ9LbAndVFvFMN1KFkxJ1PqDSNXSMk6JXv1qEqgJsiP0owX7PkEl6G2JIXUKFxk54qPcCE1WEBjDtKnYYDvSE8EgkDf-2ChPY-XkiQ-oN_plfpJkKECUX-uvDI8"
    },
    {
      "numero": 3,
      "url": "https://www.blogger.com/video.g?token=AD6v5dyBOrKN6Zn7zZakBZQf8Ex6qk6Q4NjoBzMmtq15oTtMJuMz1agck5qEkMWyD74WqbIrnR7N-Ob4kn7N8wLAojVHYiUeSOVTx42JL_rQS2qR-OXWEwhdoRvF72XkzJzgEfixC80H"
    }
  ]
}