{
  "id": 24531,
  "title": "Ane Log: Moyako Neesan no Tomaranai Monologue",
  "title_jp": "姉ログ 靄子姉さんの止まらないモノローグ",
  "slug": "ane-log-moyako-neesan-no-tomaranai-monologue",
  "type": "legendados",
  "format": "OVA",
  "images": {
    "poster": "https://cdn.myanimelist.net/images/anime/5/66839l.webp",
    "banner": "https://cdn.myanimelist.net/images/anime/5/66839.jpg"
  },
  "trailer": "https://www.youtube-nocookie.com/embed/9vHOfz5-eRY?enablejsapi=1&wmode=opaque&autoplay=1",
  "synopsis": "When Konoe Moyako and her little brother, Akira, were young, he said he wanted to marry her. Naturally, Moyako decided that her little brother was a complete pervert who was obsessed with her. Now that they're both teenagers, Moyako is convinced she needs to \"rehabilitate\" him. However, it seems that the \"perversion\" is entirely in her imagination, and she can't seem to help turning completely innocent situations into creepy ones in her mind!\n\n(Source: MU)\n\nBundled with the limited edition 5th, 6th, and 7th manga volumes.",
  "score": 6,
  "genres": [
    "Comedy",
    "Ecchi"
  ],
  "episodes": [
    {
      "numero": 1,
      "url": "https://www.blogger.com/video.g?token=AD6v5dzplIJvlmo48UnveUhojxvluH_0O3VoWsBA_MHvlUlMtfatdO9o1tb_BKNoPvBq60WiFZ_sTcPEwqd3vGsjuKASzKzoOcdGhUtOe0k0ZkiJ5F7YC66O1Hf9Rch-imPaM0T9GMg",
      "nome": "My Brother is a Pervert"
    },
    {
      "numero": 2,
      "url": "https://www.blogger.com/video.g?token=AD6v5dymAYQTzuYvuL-SU222OIw-u5o1SzoyNiOyJ536Iond4vB7mcCmh2uVdQMqraMaC48F2xTwt7vlvDkEKCPuDrBtpgXm-RxVZCtS1bho4MtjHXaNzSPuw9rDQSnv2N-C1FWGYs8",
      "nome": "My Brother is Such a Pervert it Makes Me Laugh"
    },
    {
      "numero": 3,
      "url": "https://www.blogger.com/video.g?token=AD6v5dwUaXDINEPmMTkA1-gW146QDChXPeahytnfDW6wBb-syVgLxSna6nfxAhxRz7Op_E951HjGmLS3mHWl-V3366XbQiZ58XbCcoGuFdignw35x41eRuivGwr5ccCVkyrYm0klQcGG",
      "nome": "My Brother is a Pervert Who Becomes More Open in Summer"
    }
  ]
}