{
  "id": 6547,
  "title": "Angel Beats!",
  "title_jp": "Angel Beats!（エンジェルビーツ!）",
  "slug": "angel-beats",
  "type": "legendados",
  "format": "TV",
  "images": {
    "poster": "https://cdn.myanimelist.net/images/anime/1244/111115l.webp",
    "banner": "https://cdn.myanimelist.net/images/anime/1244/111115.jpg"
  },
  "trailer": "https://www.youtube-nocookie.com/embed/zkY-sG6crKI?enablejsapi=1&wmode=opaque&autoplay=1",
  "synopsis": "Death is one of many mysteries that has left humanity in the dark since the dawn of time. However, the burning question of what happens to the soul after one dies is soon answered to 17-year-old Yuzuru Otonashi. Waking up with no previous memories in a dimension between life and death, he discovers the unsettling truth of the afterlife.  \n\nTaking the form of a high school, this bizarre dimension is designated to shelter those who died unwanted deaths. Feeling wronged by God during their earthly lives, the school's residents have decided to form the Afterlife Battlefront—a rebellious faction determined to oppose their god-like student council president, Kanade \"Angel\" Tachibana. The group's leader, Yuri Nakamura, recruits Otonashi in their fight against Angel in order to take control of their own lives. However, questioning the morality behind their actions, Otonashi takes a step behind the enemy lines to understand the opposing side of their common fate.\n\n[Written by MAL Rewrite]",
  "score": 8.05,
  "genres": [
    "Drama",
    "Fantasy"
  ],
  "episodes": [
    {
      "numero": 1,
      "url": "https://www.blogger.com/video.g?token=AD6v5dzx8BU1adoVSM4oeEfGXBlU2NjKAvNk0pDuhqQfrPQIv2xt5Z2_Z6woP62VVRcMKwSZEiLaGjJ20vW17rq4LOSkOki5iXICvIZ19sW-VwVTb_kmgjzWyH5y_8-v07tjIlctQGw",
      "nome": "Departure"
    },
    {
      "numero": 2,
      "url": "https://www.blogger.com/video.g?token=AD6v5dyPE084sl9NsA5Jk6tkR2onpe5Zw0eyUuIITrlDoWnzPCk_sIzDyUL6ZQXKizoifn1Lof1IbFEMZS4e1zhbE0e25b0l1rw0rA6xzc71DN4mw3EfFSrO2K_c2SwjcBIvpfNKQO4F",
      "nome": "Guild"
    },
    {
      "numero": 3,
      "url": "https://www.blogger.com/video.g?token=AD6v5dzmKCfnWkFiF2UjuEqlEcFh2JrYTwkGtTJf0_Dl2GiiBa5wObYTEf5r3l3rA-I3DbcGvrwhEmSdMcSYKtGDp5TpG64jiZ_x2GBgwfRpYizu9XjIShS66LGuIxwbD30M89Ac2UNl",
      "nome": "My Song"
    },
    {
      "numero": 4,
      "url": "https://www.blogger.com/video.g?token=AD6v5dzwfNnvkApfEwbRAcSqBp5QzKeHMlC7WTdbtLhVHAUEoxA8phiHBeHwHHfRW1_J69pX4HGYkq0-4DmbiqB3t3owqz5Wxc-aeuYdGxN2BWMS4lAPNo26lg-0AFCDZKAXWbef8bXf",
      "nome": "Day Game"
    },
    {
      "numero": 5,
      "url": "https://www.blogger.com/video.g?token=AD6v5dyMCm7og1XNbXP5YwnOjkH46Q0Vcuk7vRHUFmANk1aNwU7KTQlu5eXH58BV_yC8qZ1G9yFuS8uKSpnbHDkXjvBQdGRcVwRSM0SkoS7j7t0aFRGcpwzuGKtrYVge147OzSrS3A",
      "nome": "Favorite Flavor"
    },
    {
      "numero": 6,
      "url": "https://www.blogger.com/video.g?token=AD6v5dxrn-11ou6Si6EzPjPG52OfIo-Hj4-nVaMvXOm48JyZFCX3A4mr0Iq2EvtFdWANwvUXKUDDUfKBf1Tnw3JjpPA2MnfJXhzdm4UZX8lQRQwoTfpEOaNhaLGztV0dZUXi9fl09CD0",
      "nome": "Family Affair"
    },
    {
      "numero": 7,
      "url": "https://www.blogger.com/video.g?token=AD6v5dxA-iDYnl4XdBGnRILazuykIHc-OTCP5IMfeVgBF8wHRlfqba_uhLYrdusvNrK9rODnoDc2HSXn4zGAYxWLf6ActEF6feqPXzdVtUkmPpvSP8epdK537Z1R0asMWhiJbR8jg0o",
      "nome": "Alive"
    },
    {
      "numero": 8,
      "url": "https://www.blogger.com/video.g?token=AD6v5dz4YOvW5-ZZ61Z2FG_nw4AYmSkLeIBAcW_NYvbqerxWQXBBGu8DbQy97cmDRyCo1E6jnWTuyK1FC4ebUQJwQeDW1jjX0CrZAt-iWGTwqpjlC_v72aiHAddwLYjUQq_BC8DV13i6",
      "nome": "Dancer in the Dark"
    },
    {
      "numero": 9,
      "url": "https://www.blogger.com/video.g?token=AD6v5dx5JK91IdeLTY5_Q2y2NXeOgkvYxFjqozOnWRmSXjJfoKe_NCCaiw9AsDViWu2p5DvPG8kTVDdbiuMLm_uZV-WGEQjBHZwvOexT-1xl5bcmCPY6Jfzpp23b4k0KFT9nJL93B2c",
      "nome": "In Your Memory"
    },
    {
      "numero": 10,
      "url": "https://www.blogger.com/video.g?token=AD6v5dxFG8if4LNMVq3Nj-24Q77IgArT-dg2hfnldupOFdLK4PTpmpZikSyuO9Nph1vlGWa6ipkX4FJXzAdMToVeL8QsapCeUCrOrgPYY_aHVQR4VfM-NEX2fgk8qf2PB38q5UHUOR2T",
      "nome": "Goodbye Days"
    },
    {
      "numero": 11,
      "url": "https://www.blogger.com/video.g?token=AD6v5dw09Qvzxh2y_l9SzuR9fpCrLRZwf89UAZ1dhyblRfSOh9865VXwt8C1u1EcuLnCpz6SNwaH5Oz7dj80fpB7pHP611rotFGIfhkDakApOpKaNVAPTdVTRnp7StvbWNTFB_daTzsG",
      "nome": "Change the World"
    },
    {
      "numero": 12,
      "url": "https://www.blogger.com/video.g?token=AD6v5dwRyCss3RskDc_RyTjNuaz0nYFcmZuoUleAz_3ugjwSFHS9b5MOiHQQFKVRebc-q7pBuMnoI7lqhPKa4SOF0Kchegb1nSo22Pj1VevDZXqAb2Kwzd_FavOl9rcAQY6T0pa3",
      "nome": "Knockin' on Heaven's Door"
    },
    {
      "numero": 13,
      "url": "https://www.blogger.com/video.g?token=AD6v5dznygldEpq3ZDdoVpFnUK9chXLlG-HfY5tB7jU7g7D5v7_hTh0Dj6TW2gB4ov6YkuluBd9sB8JV3vXL3gEEHy83hQZOLVy6kouVVQ3xRT7FCcYq_gVfucX4L6W-uCxgndAfbpYY",
      "nome": "Graduation"
    }
  ]
}