{
  "id": 1351,
  "title": "Angel Cop",
  "title_jp": "エンゼルコップ",
  "slug": "angel-cop",
  "type": "legendados",
  "format": "OVA",
  "images": {
    "poster": "https://cdn.myanimelist.net/images/anime/1377/110296l.webp",
    "banner": "https://cdn.myanimelist.net/images/anime/1377/110296.jpg"
  },
  "trailer": null,
  "synopsis": "Sometime in the future, terrorism in Japan has become commonplace, and the police have become almost as brutal as criminals. A member of the Special Security Force known as Angel, is the best of the best, stopping at nothing in her fight for justice.\n\nThings get interesting for Angel and her partner, Raiden, when they begin investigating a series of murders in which the victims were known criminals, killed in very unpleasant ways. This trio of killers known as Hunters, is a group of psychics that have banded together to hunt down the lowest scum in the city and bring them to justice.\n\nAfter a couple of encounters between the cops and the psychics, two of the psychics begin to think that maybe they're not the good guys after all; but the third prefers killing to morality. Augmented by cybernetics from a mysterious source, this third hunter heads out on a killing spree, with the Special Security Force as the first target. \n\nEven with help from the other two psychics and her newly cyborged partner (after an unfortunate accident), Angel is going to have her work cut out trying to find the rogue psychic and the organization behind the Hunters.",
  "score": 6.05,
  "genres": [
    "Action",
    "Sci-Fi"
  ],
  "episodes": [
    {
      "numero": 1,
      "url": "https://lightspeedst.net/s3/mp4/angel-cop/sd/1.mp4"
    },
    {
      "numero": 2,
      "url": "https://lightspeedst.net/s3/mp4/angel-cop/sd/2.mp4"
    },
    {
      "numero": 3,
      "url": "https://lightspeedst.net/s3/mp4/angel-cop/sd/3.mp4"
    },
    {
      "numero": 4,
      "url": "https://lightspeedst.net/s3/mp4/angel-cop/sd/4.mp4"
    },
    {
      "numero": 5,
      "url": "https://lightspeedst.net/s3/mp4/angel-cop/sd/5.mp4"
    },
    {
      "numero": 6,
      "url": "https://lightspeedst.net/s3/mp4/angel-cop/sd/6.mp4"
    }
  ]
}