{
  "id": 32171,
  "title": "Ange Vierge",
  "title_jp": "アンジュ・ヴィエルジュ",
  "slug": "ange-vierge",
  "type": "legendados",
  "format": "TV",
  "images": {
    "poster": "https://cdn.myanimelist.net/images/anime/11/80684l.webp",
    "banner": "https://cdn.myanimelist.net/images/anime/11/80684.jpg"
  },
  "trailer": "https://www.youtube-nocookie.com/embed/aCGQHF_Pqns?enablejsapi=1&wmode=opaque&autoplay=1",
  "synopsis": "Five separate worlds—Black, White, Green, Red, and Blue—are linked by the \"Halo\" and exist in a harmonious balance. However, the Halo suddenly opens in an event known as the World Connect, threatening to destroy the universe. Coming under attack by Ouroboros, an alien species that wishes to accelerate the universe's end, the five worlds recruit girls with special abilities called Exceed to defend against them.\n\nSaya Sougetsu, a young girl from the Blue World of Earth, is one such individual able to wield Exceed power. Believing this to be her chance to make a difference, Saya eagerly joins the defense force. There, she meets Amane Ayashiro, another girl from Earth, as well as a selection of fighters from the other worlds. Faced with a formidable foe, the girls must prove that their newfound bonds are strong enough to save the future.\n\n[Written by MAL Rewrite]",
  "score": 5.98,
  "genres": [
    "Action",
    "Adventure",
    "Fantasy",
    "Sci-Fi"
  ],
  "episodes": [
    {
      "numero": 1,
      "url": "https://www.blogger.com/video.g?token=AD6v5dxtOu_eui1ZQeurx6IFRGovgRPZxYrcUqz5ljdqR1IYl7gEv1MvGmLEnVszkubPIeJOnQKqPYS4_8DJKUWKUjPfkwwyqwFYKY56hmqOAn8HyoFRCfVVuiRAxiR4TdWJw1jrMPU",
      "nome": "Starting Potential"
    },
    {
      "numero": 2,
      "url": "https://www.blogger.com/video.g?token=AD6v5dxGxg9Hm1zr5pgYUNH_VDGuwX7RC5fQoqm-vHBdgHlBdKPxtaO6P3DdVUyBGJsON8Zc_sqhr7nuNFPuhIPrhNs7bbsVr7LaKBTTRGSFRba_JUIlCZDZ2REZEHtiTbwRID21fwoE",
      "nome": "The One I Admire"
    },
    {
      "numero": 3,
      "url": "https://www.blogger.com/video.g?token=AD6v5dxxVxWYCfB9whKiDF_iUJSXSBOKzFzuoI-wnzThde_vFfOUemjTtvECsWTW2ULDAmw4lDR6xEuzg8xr9ET6isfcYIabTadBwjYwsWfizHvHzo8v4d8OTz-vdcGXljxF4DBznFY",
      "nome": "The Price of Bonds"
    },
    {
      "numero": 4,
      "url": "https://www.blogger.com/video.g?token=AD6v5dwZTqEMHOLnW8oo7WDokEaI5SGtuxJftOrVoItAvrmLV-m_9LUI9A7cTCZm319ApTwakAyrR8_j_2-PCdeuGlfLsDdkVLkYnqrfINKInKZ1tGgbhBZA7029HL6-6Y1cJAaTI2Lg",
      "nome": "A flame That Burns Through Darkness"
    },
    {
      "numero": 5,
      "url": "https://www.blogger.com/video.g?token=AD6v5dyJerFdTovi5doKtJ4edJ4eTzmFb1QuUPJ33Hr1JtmpegHp6gyFhFRioto7oF7DYlR0AeaDbwi9laGHviaiOckuBwDeDGtBGdj8c4sBsrxv4pTE9m2E60aGmetY3CxZwBDkle8",
      "nome": "Crimson Pulse"
    },
    {
      "numero": 6,
      "url": "https://www.blogger.com/video.g?token=AD6v5dzkMP0t_6ddYxqWNk4g584i9nr46RLtb0cHYgC1iCYdnnF7NvAYVB6a9dHUEX4BSGkcjIQnpZG8N5kMNxWU5FMJxVDkMd06qPXqE0rZfHCcwA_wB91fqCstEVHWH-i8ZPC33hx8",
      "nome": "A Lying Smile"
    },
    {
      "numero": 7,
      "url": "https://www.blogger.com/video.g?token=AD6v5dwUHN6q5tHKpWBt1ZFe_3wsUp6zGpuwpnQa1y2YksBg3axnYoto9pCtfU5IF8ycG0ssaqv--7Sf7dzUg8ELoH1qXwbG0ff1CeoAPLTFwmWrCG8WHEUme_tJDHi7GM1OrQBJWcQ",
      "nome": "Real Friends"
    },
    {
      "numero": 8,
      "url": "https://www.blogger.com/video.g?token=AD6v5dx_WmG-bHX_zLNqLFKzFm6VSdkjS4aAkLF2dehqWzProHRxt39wn4Z54mepO6xcof8aFGgzNSHmCoxTon9outBDpnBUi-f89bfKWeTt9lCzn3XyG2H90OE8wAevk0OPHAZ2kJeS",
      "nome": "The Reason for Love"
    },
    {
      "numero": 9,
      "url": "https://www.blogger.com/video.g?token=AD6v5dw8vD2ZnPRA6KGZ0R5fP2jlzuVCYaDvjiv4rfKN6jfMs-7Fstyqq-HPrDhKK9FcGS_QeGAqcE9sBTFrupOq7M893V4DlMdgjWZY2r63cSL74fMkR8ZYFAPFhFKwIloydikGBOje",
      "nome": "Faster than Anyone"
    },
    {
      "numero": 10,
      "url": "https://www.blogger.com/video.g?token=AD6v5dyZboHdtkT4p4TnxXREJv8TeYF2iJQdX0bTbaeX8XLX7vFe_JKA3ZlkmwiyEGwPkV_T2s5AUA9bhH7ZtcysJZXlt5t8YM_jW9Om0Vv3ur_-exxdy6uI-NPKdsjQQFqCWK67-A",
      "nome": "Emotions Spilled Over"
    },
    {
      "numero": 11,
      "url": "https://www.blogger.com/video.g?token=AD6v5dzTlp3YoRmdPPpqPrApegGSL2IhCfZL2OhehCYRIBhBPXunJu9FN2rsUQeM_50utWaNuBPNPCEqzzyhPJ3GixexrCg22zb_ODBKBXn8FmY4oKnp1awOCk5au4cLfWYOf9L_daY",
      "nome": "Remaining Possibility"
    },
    {
      "numero": 12,
      "url": "https://www.blogger.com/video.g?token=AD6v5dzOP5zsJNoXLfCNYipnAnCTHQGVvcz0G0lsYB4aO4036xU90Ztk0ubcIQaatPMxLAfo3UiZsN9TOG9ONEkNjaKs0KmNfubWL3rXlhtLKeifquFX0j32lrZZrasab5fQ0IhxuXNY",
      "nome": "Episode 12"
    }
  ]
}