{
  "id": 35834,
  "title": "Angolmois: Genkou Kassenki",
  "title_jp": "アンゴルモア 元寇合戦記",
  "slug": "angolmois-genkou-kassenki",
  "type": "legendados",
  "format": "TV",
  "images": {
    "poster": "https://cdn.myanimelist.net/images/anime/1469/95052l.webp",
    "banner": "https://cdn.myanimelist.net/images/anime/1469/95052.jpg"
  },
  "trailer": "https://www.youtube-nocookie.com/embed/9h8o9oX3kz8?enablejsapi=1&wmode=opaque&autoplay=1",
  "synopsis": "The year is 1274. After conquering most of the known world, the Mongols turn their sights on Japan and their first step on the road to a full invasion of the mainland is taking Tsushima Island. Kuchii Jinzaburou and a group exiles are sent by the Kamakura Shogunate to the island at the request of Princess Teruhi. There they will face overwhelming odds and the fate of Tsushima will be decided!",
  "score": 7.12,
  "genres": [
    "Action",
    "Drama"
  ],
  "episodes": [
    {
      "numero": 1,
      "url": "https://lightspeedst.net/s3/mp4/angolmois-genkou-kassenki/sd/1.mp4",
      "nome": "The Far End of Japan"
    },
    {
      "numero": 2,
      "url": "https://lightspeedst.net/s3/mp4/angolmois-genkou-kassenki/sd/2.mp4",
      "nome": "The War God of Sasu"
    },
    {
      "numero": 3,
      "url": "https://lightspeedst.net/s3/mp4/angolmois-genkou-kassenki/sd/3.mp4",
      "nome": "Time To Strike"
    },
    {
      "numero": 4,
      "url": "https://lightspeedst.net/s3/mp4/angolmois-genkou-kassenki/sd/4.mp4",
      "nome": "Back to the Capital"
    },
    {
      "numero": 5,
      "url": "https://lightspeedst.net/s3/mp4/angolmois-genkou-kassenki/sd/5.mp4",
      "nome": "Resolve"
    },
    {
      "numero": 6,
      "url": "https://lightspeedst.net/s3/mp4/angolmois-genkou-kassenki/sd/6.mp4",
      "nome": "Where Death Leads"
    },
    {
      "numero": 7,
      "url": "https://lightspeedst.net/s3/mp4/angolmois-genkou-kassenki/sd/7.mp4",
      "nome": "Kanatanoki"
    },
    {
      "numero": 8,
      "url": "https://lightspeedst.net/s3/mp4/angolmois-genkou-kassenki/sd/8.mp4",
      "nome": "Betrayer's Strike"
    },
    {
      "numero": 9,
      "url": "https://lightspeedst.net/s3/mp4/angolmois-genkou-kassenki/sd/9.mp4",
      "nome": "The Battle of the Mountain Castle"
    },
    {
      "numero": 10,
      "url": "https://lightspeedst.net/s3/mp4/angolmois-genkou-kassenki/sd/10.mp4",
      "nome": "Bad Omen"
    },
    {
      "numero": 11,
      "url": "https://lightspeedst.net/s3/mp4/angolmois-genkou-kassenki/sd/11.mp4",
      "nome": "The Sun God of Tsushima"
    },
    {
      "numero": 12,
      "url": "https://lightspeedst.net/s3/mp4/angolmois-genkou-kassenki/sd/12.mp4",
      "nome": "The Best You Can Do"
    }
  ]
}