{
  "id": 42238,
  "title": "Ani ni Tsukeru Kusuri wa Nai! 4",
  "title_jp": "兄に付ける薬はない！4",
  "slug": "ani-ni-tsukeru-kusuri-wa-nai-4",
  "type": "legendados",
  "format": "TV",
  "images": {
    "poster": "https://cdn.myanimelist.net/images/anime/1416/129199l.webp",
    "banner": "https://cdn.myanimelist.net/images/anime/1416/129199.jpg"
  },
  "trailer": "https://www.youtube-nocookie.com/embed/Zbf_c1mYtdI?enablejsapi=1&wmode=opaque&autoplay=1",
  "synopsis": "Shi Miao has a lot of experience dealing with her older brother's peculiar habits. After all her scolding, it is natural to expect that Shi Fen's antics would come to an end. But having spent their whole life together, it is obvious to Miao that some things never change—and maybe that is for the best.\n\nDespite his recklessness, Fen usually means well. As a result, a tight-knit friend group has formed around him and his sister. Joined by their classmates—Kai Xin, Wan Sui, and Miaomiao—the Shi siblings' tenure at high school continues to be an absolute spectacle.\n\n[Written by MAL Rewrite]",
  "score": 7.59,
  "genres": [
    "Comedy"
  ],
  "episodes": [
    {
      "numero": 1,
      "url": "https://lightspeedst.net/s3/mp4/ani-ni-tsukeru-kusuri-wa-nai-4/hd/1.mp4"
    },
    {
      "numero": 2,
      "url": "https://lightspeedst.net/s4/mp4/ani-ni-tsukeru-kusuri-wa-nai-4/sd/2.mp4"
    },
    {
      "numero": 3,
      "url": "https://lightspeedst.net/s3/mp4/ani-ni-tsukeru-kusuri-wa-nai-4/hd/3.mp4"
    },
    {
      "numero": 4,
      "url": "https://lightspeedst.net/s3/mp4/ani-ni-tsukeru-kusuri-wa-nai-4/hd/4.mp4"
    },
    {
      "numero": 5,
      "url": "https://lightspeedst.net/s3/mp4/ani-ni-tsukeru-kusuri-wa-nai-4/hd/5.mp4"
    },
    {
      "numero": 6,
      "url": "https://lightspeedst.net/s3/mp4/ani-ni-tsukeru-kusuri-wa-nai-4/hd/6.mp4"
    },
    {
      "numero": 7,
      "url": "https://lightspeedst.net/s3/mp4/ani-ni-tsukeru-kusuri-wa-nai-4/hd/7.mp4"
    },
    {
      "numero": 8,
      "url": "https://lightspeedst.net/s3/mp4/ani-ni-tsukeru-kusuri-wa-nai-4/hd/8.mp4"
    },
    {
      "numero": 9,
      "url": "https://lightspeedst.net/s3/mp4/ani-ni-tsukeru-kusuri-wa-nai-4/hd/9.mp4"
    },
    {
      "numero": 10,
      "url": "https://lightspeedst.net/s2/mp4/ani-ni-tsukeru-kusuri-wa-nai-4/hd/10.mp4"
    },
    {
      "numero": 11,
      "url": "https://lightspeedst.net/s2/mp4/ani-ni-tsukeru-kusuri-wa-nai-4/hd/11.mp4"
    },
    {
      "numero": 12,
      "url": "https://lightspeedst.net/s2/mp4/ani-ni-tsukeru-kusuri-wa-nai-4/hd/12.mp4"
    }
  ]
}