{
  "id": 35015,
  "title": "Ani ni Tsukeru Kusuri wa Nai!",
  "title_jp": "兄に付ける薬はない!",
  "slug": "ani-ni-tsukeru-kusuri-wa-nai",
  "type": "legendados",
  "format": "TV",
  "images": {
    "poster": "https://cdn.myanimelist.net/images/anime/1896/129202l.webp",
    "banner": "https://cdn.myanimelist.net/images/anime/1896/129202.jpg"
  },
  "trailer": "https://www.youtube-nocookie.com/embed/cmyZYYEqSyI?enablejsapi=1&wmode=opaque&autoplay=1",
  "synopsis": "Shi Miao simply cannot stand her lazy, stupid, and unreliable elder brother Shi Fen, who is one year above her at the same high school. Though the two siblings can only depend on each other, Shi Miao's violent tendencies combined with Shi Fen's knack for causing trouble cause them to fight constantly. And so, Shi Miao can only hope that someone might take her brother away—even though, when push comes to shove, Shi Fen always tries to do what he believes is best for his cute younger sister.\n\n[Written by MAL Rewrite]",
  "score": 7.47,
  "genres": [
    "Comedy"
  ],
  "episodes": [
    {
      "numero": 1,
      "url": "https://www.blogger.com/video.g?token=AD6v5dykQIBOZ1U2Eb7xje7azTnXvlbVKan762tjSbtAKuhJO_I663ntK0zbJdG1srI1gHktbUoxdl9QxSe-b1dYjUp3CURKEsEhvnWre3APqMkqF7gtv_FJYTyNLNZdCTfl570iLxU"
    },
    {
      "numero": 2,
      "url": "https://www.blogger.com/video.g?token=AD6v5dy4pv9-fCGG6F0a55JsKtd4ujoALyAthTyepprP4nMd1a-5CNmEEnROxE83vR6qLfI5xUJf4d48mvm6mgR4cfBvbgKaYlj4IZKs5UFd23zA8o5NqbpNLJCBv6QDVUAkJ5qPzQ"
    },
    {
      "numero": 3,
      "url": "https://www.blogger.com/video.g?token=AD6v5dxkG-0dWH8n9DEA354Nc8BxU2HaIARUkzu6eBtbhaUnaaX7vm7HcKUQIH01kb-k0H2MvuuU4J3xpM8FjHZLAnuwIza0zLxadcyqPeVsNyuVBal2QMwVW5ow3o59--XE-w5oKts"
    },
    {
      "numero": 4,
      "url": "https://www.blogger.com/video.g?token=AD6v5dyR0yiRJOyz74SJy3VBs4qO4ZXzCBl00bFoF-sts1as-tVhag6RXyQHIg3PcEu7lEFSgWEkVIQuvFviiah4t8a7Xzk5knykgtEMQC5A54GNeCD_UTm7A6mfbQex6A7--zWKDl4"
    },
    {
      "numero": 5,
      "url": "https://www.blogger.com/video.g?token=AD6v5dwv6Gcdpc2-KlUKAzHCfA6s1FQzWbbGvuWBsHUFK4iNd4Jz62B5gDRUQETaN7AIvifeD9uZ6bZ5w3ymXzWz5UZD5b9tR2mi17YzX4FtRVIt7gEloAF3OU0D25TBD4CpO9PEslZr"
    },
    {
      "numero": 6,
      "url": "https://www.blogger.com/video.g?token=AD6v5dy3GjtePzqsLgNQ1vWgHAg4rlRn5ElXXove3A5nI7dcpzSrmnNlxquNrKZ0WXuuEK6ySL0jhFlsTyBqwEZPL-V8H6TkOV10ZinwkZ_LWb8gwSyVzdx5agecoClkHmne3I1MGnRt"
    },
    {
      "numero": 7,
      "url": "https://www.blogger.com/video.g?token=AD6v5dza44UCsJGuT_2vgATReomsOtEZ0AVFtFwqsLVhsKJ2jpsakrtgVMzhUCFoUtmMAeCZdwVSBfcYxv8pfLO-gF-sTa-vNrJ6MSH1pIwA28xsMdi-aGKibO-c-5xGFoGigEeLSLvB"
    },
    {
      "numero": 8,
      "url": "https://www.blogger.com/video.g?token=AD6v5dzgF4EYn9IJCP2VPHQpi8U68it4itDa4bxA6NK9EpiTgGynFuDM_RUlMcYoYoBJh39unuJoQpiJ46_kuyGlCkh1dFlNnFdfdOi5xlMUxxvzYfXLhSRtdnrQfs4W0QApAAyxYSA"
    },
    {
      "numero": 9,
      "url": "https://www.blogger.com/video.g?token=AD6v5dzGYMKWAH-ILkDFXyqJEEvErj-ODX56j4GxVV67THMUktn6IzWd-JlZSk0MvXtDBq0f37NiuliD_mO6bXS6KGy7MXDTXobVaXDp2APbTLF-BsoLh4xrTOB30poE1ISnTFtVPoA"
    },
    {
      "numero": 10,
      "url": "https://www.blogger.com/video.g?token=AD6v5dzzTQWTiskWCRbuUa_a1POy6lTek8aac61Qc-M2AtbeaAw1uN4KZiZoZTIUFPZ6Cc9YFnkY6H5NwC8LSXk29Hv8OYQj10zYV7Gd_G3mhLMB2_7-9o3pAvXYti5IEYvWyqUWQag"
    },
    {
      "numero": 11,
      "url": "https://www.blogger.com/video.g?token=AD6v5dwRatADMLwzwFjwJTmj9Wxj871EhGCAp-3zaqew-Y5wf9c53cmgKoO6If5o28Ixzk_aaOwOlCyiovCCRk1x-9u1DQQNpl8cv5X8rArP7iIFJGmCmH_3DwzZYKNKHiJvNwUZke74"
    },
    {
      "numero": 12,
      "url": "https://www.blogger.com/video.g?token=AD6v5dwWZK7Q_53pfO6mx9qXd0MHf3zG0pKG6vDE-31rw4F-tEtBSqjBtpI4Jjlnlvy9Ef5PXCOZnh7kKOkVqLnlPOPf1xE06gSStPbOWItBZpfNpIGh-WXq4aGMloHp0CsK6-McBSWm"
    }
  ]
}