{
  "id": 37924,
  "title": "Ani ni Tsukeru Kusuri wa Nai! 2",
  "title_jp": "兄に付ける薬はない! 2",
  "slug": "ani-ni-tsukeru-kusuri-wa-nai-2",
  "type": "legendados",
  "format": "TV",
  "images": {
    "poster": "https://cdn.myanimelist.net/images/anime/1797/129201l.webp",
    "banner": "https://cdn.myanimelist.net/images/anime/1797/129201.jpg"
  },
  "trailer": "https://www.youtube-nocookie.com/embed/co7QD-XN1aU?enablejsapi=1&wmode=opaque&autoplay=1",
  "synopsis": "As always, Shi Miao is tired of her brother's ridiculous antics, and Shi Fen can only hope to escape the clutches of his violent sister. With their friends and classmates in tow, the two continue their dysfunctional relationship as reluctant but devoted siblings.\n\n[Written by MAL Rewrite]",
  "score": 7.72,
  "genres": [
    "Comedy"
  ],
  "episodes": [
    {
      "numero": 1,
      "url": "https://lightspeedst.net/s3/mp4/ani-ni-tsukeru-kusuri-wa-nai-2/hd/1.mp4",
      "nome": "Episode 1"
    },
    {
      "numero": 2,
      "url": "https://lightspeedst.net/s3/mp4/ani-ni-tsukeru-kusuri-wa-nai-2/hd/2.mp4",
      "nome": "Episode 2"
    },
    {
      "numero": 3,
      "url": "https://lightspeedst.net/s3/mp4/ani-ni-tsukeru-kusuri-wa-nai-2/hd/3.mp4",
      "nome": "Episode 3"
    },
    {
      "numero": 4,
      "url": "https://lightspeedst.net/s3/mp4/ani-ni-tsukeru-kusuri-wa-nai-2/hd/4.mp4",
      "nome": "Episode 4"
    },
    {
      "numero": 5,
      "url": "https://lightspeedst.net/s3/mp4/ani-ni-tsukeru-kusuri-wa-nai-2/hd/5.mp4",
      "nome": "Episode 5"
    },
    {
      "numero": 6,
      "url": "https://lightspeedst.net/s3/mp4/ani-ni-tsukeru-kusuri-wa-nai-2/hd/6.mp4",
      "nome": "Episode 6"
    },
    {
      "numero": 7,
      "url": "https://lightspeedst.net/s3/mp4/ani-ni-tsukeru-kusuri-wa-nai-2/hd/7.mp4",
      "nome": "Episode 7"
    },
    {
      "numero": 8,
      "url": "https://lightspeedst.net/s3/mp4/ani-ni-tsukeru-kusuri-wa-nai-2/hd/8.mp4",
      "nome": "Episode 8"
    },
    {
      "numero": 9,
      "url": "https://lightspeedst.net/s3/mp4/ani-ni-tsukeru-kusuri-wa-nai-2/hd/9.mp4",
      "nome": "Episode 9"
    },
    {
      "numero": 10,
      "url": "https://lightspeedst.net/s3/mp4/ani-ni-tsukeru-kusuri-wa-nai-2/hd/10.mp4",
      "nome": "Episode 10"
    },
    {
      "numero": 11,
      "url": "https://lightspeedst.net/s3/mp4/ani-ni-tsukeru-kusuri-wa-nai-2/hd/11.mp4",
      "nome": "Episode 11"
    },
    {
      "numero": 12,
      "url": "https://lightspeedst.net/s3/mp4/ani-ni-tsukeru-kusuri-wa-nai-2/hd/12.mp4",
      "nome": "Episode 12"
    },
    {
      "numero": 13,
      "url": "https://lightspeedst.net/s3/mp4/ani-ni-tsukeru-kusuri-wa-nai-2/hd/13.mp4",
      "nome": "Episode 13"
    },
    {
      "numero": 14,
      "url": "https://lightspeedst.net/s3/mp4/ani-ni-tsukeru-kusuri-wa-nai-2/hd/14.mp4",
      "nome": "Episode 14"
    },
    {
      "numero": 15,
      "url": "https://lightspeedst.net/s3/mp4/ani-ni-tsukeru-kusuri-wa-nai-2/hd/15.mp4",
      "nome": "Episode 15"
    },
    {
      "numero": 16,
      "url": "https://lightspeedst.net/s3/mp4/ani-ni-tsukeru-kusuri-wa-nai-2/hd/16.mp4",
      "nome": "Episode 16"
    },
    {
      "numero": 17,
      "url": "https://lightspeedst.net/s3/mp4/ani-ni-tsukeru-kusuri-wa-nai-2/hd/17.mp4",
      "nome": "Episode 17"
    },
    {
      "numero": 18,
      "url": "https://lightspeedst.net/s3/mp4/ani-ni-tsukeru-kusuri-wa-nai-2/hd/18.mp4",
      "nome": "Episode 18"
    },
    {
      "numero": 19,
      "url": "https://lightspeedst.net/s3/mp4/ani-ni-tsukeru-kusuri-wa-nai-2/hd/19.mp4",
      "nome": "Episode 19"
    },
    {
      "numero": 20,
      "url": "https://lightspeedst.net/s3/mp4/ani-ni-tsukeru-kusuri-wa-nai-2/hd/20.mp4",
      "nome": "Episode 20"
    },
    {
      "numero": 21,
      "url": "https://lightspeedst.net/s3/mp4/ani-ni-tsukeru-kusuri-wa-nai-2/hd/21.mp4",
      "nome": "Episode 21"
    },
    {
      "numero": 22,
      "url": "https://lightspeedst.net/s3/mp4/ani-ni-tsukeru-kusuri-wa-nai-2/hd/22.mp4",
      "nome": "Episode 22"
    },
    {
      "numero": 23,
      "url": "https://lightspeedst.net/s3/mp4/ani-ni-tsukeru-kusuri-wa-nai-2/hd/23.mp4",
      "nome": "Episode 23"
    },
    {
      "numero": 24,
      "url": "https://lightspeedst.net/s3/mp4/ani-ni-tsukeru-kusuri-wa-nai-2/hd/24.mp4",
      "nome": "Episode 24"
    }
  ]
}