{
  "id": 27911,
  "title": "Anime de Wakaru Shinryounaika",
  "title_jp": "アニメで分かる心療内科",
  "slug": "anime-de-wakaru-shinryounaika",
  "type": "legendados",
  "format": "ONA",
  "images": {
    "poster": "https://cdn.myanimelist.net/images/anime/4/69621l.webp",
    "banner": "https://cdn.myanimelist.net/images/anime/4/69621.jpg"
  },
  "trailer": "https://www.youtube-nocookie.com/embed/zDSdk7cm3LU?enablejsapi=1&wmode=opaque&autoplay=1",
  "synopsis": "The psychologist Ryou and his cheerful nurse Asuna explain many aspects of mental illness to the reader. They cover topics such as the validity, prevalence, and origins of mental disorders, in addition to addressing specific disorders. The information is imparted in a cheerful and comic manner, with various jokes, puns, and pop culture references.\n\n(Source: MU)",
  "score": 6.51,
  "genres": [
    "Comedy"
  ],
  "episodes": [
    {
      "numero": 1,
      "url": "https://lightspeedst.net/s2/mp4/anime-de-wakaru-shinryounaika/sd/1.mp4",
      "nome": "How Do You Remedy an ED?"
    },
    {
      "numero": 2,
      "url": "https://lightspeedst.net/s2/mp4/anime-de-wakaru-shinryounaika/sd/2.mp4",
      "nome": "At What Point Is a Lolita Complex a Sickness?"
    },
    {
      "numero": 3,
      "url": "https://lightspeedst.net/s2/mp4/anime-de-wakaru-shinryounaika/sd/3.mp4",
      "nome": "Cognitive Impairment... Is Your Intelligence Okay?"
    },
    {
      "numero": 4,
      "url": "https://lightspeedst.net/s2/mp4/anime-de-wakaru-shinryounaika/sd/4.mp4",
      "nome": "How Do You Remedy a Sleep Disorder?"
    },
    {
      "numero": 5,
      "url": "https://lightspeedst.net/s2/mp4/anime-de-wakaru-shinryounaika/sd/5.mp4",
      "nome": "Your Favorite Color Tells All About Your Mental State!"
    },
    {
      "numero": 6,
      "url": "https://lightspeedst.net/s2/mp4/anime-de-wakaru-shinryounaika/sd/6.mp4",
      "nome": "What Is Panic Disorder?"
    },
    {
      "numero": 7,
      "url": "https://lightspeedst.net/s2/mp4/anime-de-wakaru-shinryounaika/sd/7.mp4",
      "nome": "What Kind of Disorder Is Depression?"
    },
    {
      "numero": 8,
      "url": "https://lightspeedst.net/s2/mp4/anime-de-wakaru-shinryounaika/sd/8.mp4",
      "nome": "What's a Surefire Way to Remedy an ED?"
    },
    {
      "numero": 9,
      "url": "https://lightspeedst.net/s2/mp4/anime-de-wakaru-shinryounaika/sd/9.mp4",
      "nome": "How Do You Remedy Fetishism?"
    },
    {
      "numero": 10,
      "url": "https://lightspeedst.net/s2/mp4/anime-de-wakaru-shinryounaika/sd/10.mp4",
      "nome": "How Do You Remedy Exhibitionism?"
    },
    {
      "numero": 11,
      "url": "https://lightspeedst.net/s2/mp4/anime-de-wakaru-shinryounaika/sd/11.mp4",
      "nome": "At What Point is Voyeurism a Sickness?"
    },
    {
      "numero": 12,
      "url": "https://lightspeedst.net/s2/mp4/anime-de-wakaru-shinryounaika/sd/12.mp4",
      "nome": "What Is Social Anxiety Disorder?"
    },
    {
      "numero": 13,
      "url": "https://lightspeedst.net/s2/mp4/anime-de-wakaru-shinryounaika/sd/13.mp4",
      "nome": "Be Careful of Sleep Apnea Syndrome!"
    },
    {
      "numero": 14,
      "url": "https://lightspeedst.net/s2/mp4/anime-de-wakaru-shinryounaika/sd/14.mp4",
      "nome": "Accept Grief in Four Stages?!"
    },
    {
      "numero": 15,
      "url": "https://lightspeedst.net/s2/mp4/anime-de-wakaru-shinryounaika/sd/15.mp4",
      "nome": "What Is Seasonal Affective Disorder?"
    },
    {
      "numero": 16,
      "url": "https://lightspeedst.net/s2/mp4/anime-de-wakaru-shinryounaika/sd/16.mp4",
      "nome": "What Is the Mentality of Stalkers?"
    },
    {
      "numero": 17,
      "url": "https://lightspeedst.net/s2/mp4/anime-de-wakaru-shinryounaika/sd/17.mp4",
      "nome": "Think Proactively About Painful Things?!"
    },
    {
      "numero": 18,
      "url": "https://lightspeedst.net/s2/mp4/anime-de-wakaru-shinryounaika/sd/18.mp4",
      "nome": "Subconscious Patterns of People Likely to Suffer from Mental Disorders"
    },
    {
      "numero": 19,
      "url": "https://lightspeedst.net/s2/mp4/anime-de-wakaru-shinryounaika/sd/19.mp4",
      "nome": "What Day is the Toughest on Your Mental State?"
    },
    {
      "numero": 20,
      "url": "https://lightspeedst.net/s2/mp4/anime-de-wakaru-shinryounaika/sd/20.mp4",
      "nome": "What Kind of Place Is a Mental Clinic?"
    }
  ]
}