{
  "id": 37206,
  "title": "Anima Yell!",
  "title_jp": "アニマエール！",
  "slug": "anima-yell",
  "type": "legendados",
  "format": "TV",
  "images": {
    "poster": "https://cdn.myanimelist.net/images/anime/1051/93862l.webp",
    "banner": "https://cdn.myanimelist.net/images/anime/1051/93862.jpg"
  },
  "trailer": "https://www.youtube-nocookie.com/embed/QFe8KUjB7qA?enablejsapi=1&wmode=opaque&autoplay=1",
  "synopsis": "Kohane Hatoya's most lovable trait is also her greatest flaw. She loves to help others no matter how far she has to go in order to get the job done. Her biggest inspiration to do so comes to light when she sees what cheerleading looks like for the first time in middle school. Now a highschooler but as enthusiastic as ever, Kohane wants nothing more than to start her very own cheerleading squad. She is encouraged by her best friend, Uki Sawatari, who often has to help her get out of trouble.\n\nThere is just one problem: Kohane does not have any experience in cheerleading. She has absolutely no idea what to do, what to wear, or how to perform. To make matters worse, she has been scared of heights since childhood, and this new sport is full of stunts pulled far from the ground for a girl her size. Enter Hizume Arima, a former cheerleader who wishes to leave her pastime behind. Unfortunately for her, Kohane recognizes Hizume, and will stop at nothing just so she can lead the new squad, even if it means facing her childhood fear.\n\n[Written by MAL Rewrite]",
  "score": 6.87,
  "genres": [
    "Comedy",
    "Sports"
  ],
  "episodes": [
    {
      "numero": 1,
      "url": "https://www.blogger.com/video.g?token=AD6v5dzVKWOfflW7iTUg9-kRM-1QHTvEk5HdZeXYFDIXGYEjWOIjjG_a7SiTfqnBZ7zjlGaIahAuiUq8iR3sUV0DEsMvtRjnH79cTxRW2GGDlsbNlOyo_mMLICQ7VORXyAROx9P3rTI",
      "nome": "My First Time Cheerleading"
    },
    {
      "numero": 2,
      "url": "https://www.blogger.com/video.g?token=AD6v5dwUwDI4xDD_ZcsVUQptzrO26Jao6ROcWIbNJX6r9-ZRlz9-fBSPHOxKRHHNM7aUMeTBu1LaVZZ_I4F0uClCiQ_jX0mvvYE81RE_wdOMw-L1zeOL-r7YsTovcC3NsH8d0iVBjQQA",
      "nome": "Cute Yet Cool"
    },
    {
      "numero": 3,
      "url": "https://www.blogger.com/video.g?token=AD6v5dxFjibbs2xfAHEQfvaKrQH9px6cdWXoQUJaxsZk0xohtbQanT3W9PpxdDGmZWkKrvU6F_ycPAUCtmcA1Xq1oVXPCT1tR1W25Z-BRB4Cua_YWtZqk2_9vuhYIEKfkA-TfpKtRg",
      "nome": "The Cheer Association, Cheering for Love!"
    },
    {
      "numero": 4,
      "url": "https://www.blogger.com/video.g?token=AD6v5dwmEkO45sgh9Ng-_K4V-MxPxLG2PKwEtn0h3wXnc6QIdVccbckEMmEdTKKdKB-quFH9h_yQVT6AvIvwJZL4VKjhpKddgD2xpgsQw-QMP-K8iFRXw-wi6B8Bx7p8QeHFgv_-hqVA",
      "nome": "Let's Cheer UP!"
    },
    {
      "numero": 5,
      "url": "https://www.blogger.com/video.g?token=AD6v5dweB-vy0NZH24u83JXSXWXR1b4X45gFZXoYdPcp9KHq-Putu_ki1XXKEiHZ6S1dr86-Mgd93QFIRrvcsqra54eUI4UBB-lVhkSQWSYJFFd9tLLElMwPqrFNb8QVoDG0e4RoF94E",
      "nome": "Arm Motions With a Smile"
    },
    {
      "numero": 6,
      "url": "https://www.blogger.com/video.g?token=AD6v5dzHrzhwyPcBn-dUnJH4Tn-Emh0OXo_RBL2z35pkYwTmLaPDsoKboAcykU2yxhzwjXhors8ySRxoB4qQthz9QdLxeUT5ZUmOTb0WdQQTrhlnyGXlDn4Io9WsNyXWYxzdN44SjZw",
      "nome": "Super Exciting Double Base Thigh Stand!"
    },
    {
      "numero": 7,
      "url": "https://www.blogger.com/video.g?token=AD6v5dwBUT8N5DAzgNPeUv_NVNQx5_gphaXGxwjm_Za98kC2ntJfyVbky8UbkBzjumdfKif0ivr2aNKDs6hNBws0aDGuO48aHirSDuhV4Jdnk857U7fKWDkS4MygLm2EfWVgT3KSwA",
      "nome": "The One on Top Is Scared of Heights"
    },
    {
      "numero": 8,
      "url": "https://www.blogger.com/video.g?token=AD6v5dxPHwpS1x5RGQAJkU7l7gEEJ5QznFpoK5Nt6C8sQCRqvUP9iyYJ9ZNEQ0XtC2ZiSOmLgrYGukAbjB7u2hjUZKO8HFicb4n-YlJ15kh0ixfHs4nsqEd3CSu_TAqrvEG2xmABPtd-",
      "nome": "Senpai and Me"
    },
    {
      "numero": 9,
      "url": "https://www.blogger.com/video.g?token=AD6v5dxdg0IJkgkIXgb_ZaBK5ltDDmf24KcpQky1-ueP-prn2r88XPOqVSz4LCkMKAa98E-OTb9147qSsbLLHKUYWq7_6sMN1Nm5SvjiKsy-IX8AnCbj7tnr7Rs8ciDvTrm9d4CPEA1n",
      "nome": "The Captain Is Chosen! Five-Person Cheer Squad"
    },
    {
      "numero": 10,
      "url": "https://www.blogger.com/video.g?token=AD6v5dxya0g5tSpaZYFKaTnwPpumRu0YLBzZ6TucRh0gUU7KGWHty9cxq-gsgA-QFPcdqhHD9ToAqSbTGD0WW9OntZ-ZHCgVS1-JoxJFLG4EBb9y2SRWoZgrilcYPx1l5gBLDcicSPU",
      "nome": "Socks and Summer Training Camp"
    },
    {
      "numero": 11,
      "url": "https://www.blogger.com/video.g?token=AD6v5dwR8e0m2KzDeHghB_P9VlIPx3_4pz9geF-ZmMcUG-hBHhQpVCJP9ex6AHoy2NEwn9Ikmp3Ud2hRkQUdqUM1QjNQBZa-kcVpxfEakcZlkkmmSAqaKHwjHmKEZYbODMLT60KUbmQL",
      "nome": "Exciting Shoulder Straddle"
    },
    {
      "numero": 12,
      "url": "https://www.blogger.com/video.g?token=AD6v5dwIvv6EN3KM6JYghV0Md114Lc8H0-ahUUCmAtSJVEl6n5Hc8qP9Ec0Ql4sZeJ7_GAXBqsqkDQxZc22tHiOPu0TX7aU92tX3ENbfdVrlbo3cXvbLVy-7jWLXUVIJ3lcCjnG2A44s",
      "nome": "One for All, All for One"
    }
  ]
}