{
  "id": 35427,
  "title": "Animegataris",
  "title_jp": "アニメガタリズ",
  "slug": "animegataris",
  "type": "legendados",
  "format": "TV",
  "images": {
    "poster": "https://cdn.myanimelist.net/images/anime/12/89686l.webp",
    "banner": "https://cdn.myanimelist.net/images/anime/12/89686.jpg"
  },
  "trailer": "https://www.youtube-nocookie.com/embed/arm9_x32KV0?enablejsapi=1&wmode=opaque&autoplay=1",
  "synopsis": "After dreaming about an anime she used to watch as a child, Minoa Asagaya could not forget a particularly memorable scene. However, despite her best efforts, she cannot recall the name of the show. Due to this, Minoa asks for help from her fellow classmates at Sakaneko High School. Her conversation is overheard by Arisu Kamiigusa, the most popular and wealthy girl in class who is also a hardcore otaku. Yet even with her vast knowledge, Arisu does not recognize the show.\n\nAfter discovering that there isn't an anime club at their school, Minoa and Arisu create the Anime Research Club, as they may obtain the answer to Minoa's mystery if they gather people who share the same interest. Thus, Minoa is exposed to a bizarre new world—the world of anime!\n\n[Written by MAL Rewrite]",
  "score": 6.37,
  "genres": [
    "Comedy"
  ],
  "episodes": [
    {
      "numero": 1,
      "url": "https://www.blogger.com/video.g?token=AD6v5dw4zBmwgycRMf0dSeVvcxVLx6eXLWZ5KowPwnKP_pWmJ61Voha9ADJQmRu-sQNQo_zxA15hAq-1_jusUA4h_6jYBmGzVi6EgvHJfOVEEuKVsgCR7L__n_1vSYEyD-R5JAoZOVSE",
      "nome": "Minoa, Anime Rookie!"
    },
    {
      "numero": 2,
      "url": "https://lightspeedst.net/s3/mp4/animegataris/sd/2.mp4",
      "nome": "Anime-Gataris, Assemble!"
    },
    {
      "numero": 3,
      "url": "https://lightspeedst.net/s3/mp4/animegataris/sd/3.mp4",
      "nome": "Erika, Cosplayer x Cosplayer"
    },
    {
      "numero": 4,
      "url": "https://lightspeedst.net/s3/mp4/animegataris/sd/4.mp4",
      "nome": "Club Room Go Boom!"
    },
    {
      "numero": 5,
      "url": "https://www.blogger.com/video.g?token=AD6v5dz3ImREhJUpAnnCIhGnzy90dd-wBwcWMudcndsuD2lFlxcXjWJTSPW1IqIbla1rZPQLELsrqG9f_IGBKe3Cb03NmOdctlhIGT1N0X5aIm9QTCcK6zNYYgPJSYTi7BjmzWP2UeNP",
      "nome": "Bei Bei, Don't Go"
    },
    {
      "numero": 6,
      "url": "https://www.blogger.com/video.g?token=AD6v5dwHtobMIrln621kKJmnUUVRYK3WL2idcCVYryufAIpM09XHFu0jOcq3ELPsFDjXTYpszpqazB56c0B8Db7gWI9rnZW6Pv3AxtaWUCEr3EXQkgvCB03IAnpQTc-QGKRYjwNvZe0",
      "nome": "Kaikai Love Climax"
    },
    {
      "numero": 7,
      "url": "https://www.blogger.com/video.g?token=AD6v5dz71nwZDP7v5p5dOGBJqrPOF5-UdgUJ1DR6mrzXJr-2nBGjeGtNMVhpnswBfOyXVGeF7pVsdBeHzHJGcqCvPWqzB5tqa_Oe8o9yL_jJjvpvkFmPk4UlXuDd5nsX2fcBnUuZ64P1",
      "nome": "Miko Quits Writing"
    },
    {
      "numero": 8,
      "url": "https://lightspeedst.net/s3/mp4/animegataris/sd/8.mp4",
      "nome": "Arisu Can't Make Enough Money"
    },
    {
      "numero": 9,
      "url": "https://www.blogger.com/video.g?token=AD6v5dwQAKJWd4PkxT_wJ6qG2mi8YYlTjeov8gBSwUdg6s_ks57umZCGEh2IiNR_DHO35dOIyTO_JVWehw50RWVrcLIlg80QkSAg_Wq666RmWA8370UG16lSi0CSzZhRKK0DHHQAUuD0",
      "nome": "The Anime Club: Forever Snobs"
    },
    {
      "numero": 10,
      "url": "https://www.blogger.com/video.g?token=AD6v5dzqScZyVkfnZtsa4V4Xe0Cgpi50UBm7s_IkZ3X_-cOkhB5P9rWtqMwdmwh7wEsJID08yR4NvXi9mv24bI4AsxohZfQ7IXYjNuSgaECq7A4Hsks4mbq1T4Da_H_NSzQKri-so9HS",
      "nome": "Anime Club Finally Falls"
    },
    {
      "numero": 11,
      "url": "https://www.blogger.com/video.g?token=AD6v5dwB6nmFvgVYRAWHfmGVcfhXPQWG96LjmdmV9HCI6vbY1X3xkw5uAbKPgmomE1hFdKfECxAW9wlcH6-jbMAO5_noRl2XV5peaNO7bwe_Rn5npB4oa_nettoVLEHDOYCHeGqZEw",
      "nome": "Our Friend Kouki's Second Betrayal"
    },
    {
      "numero": 12,
      "url": "https://www.blogger.com/video.g?token=AD6v5dwfL9Thx8xF-8_xHhJTjB-DYISP0V6n9-6JW0SZeN5vD7JjXFdQBvCpd3dVPvT5TwkNsNbDD9VA4imOrjlJHNGUk9D8iEP_jwI_cPpSVS6HMa3tOQ7PKJxyKeTR8jljPIQOutQ",
      "nome": "Minoa, Katharsis"
    }
  ]
}