{
  "id": 31519,
  "title": "Anitore! EX",
  "title_jp": "あにトレ！ＥＸ",
  "slug": "anitore-ex",
  "type": "legendados",
  "format": "TV",
  "images": {
    "poster": "https://cdn.myanimelist.net/images/anime/3/77048l.webp",
    "banner": "https://cdn.myanimelist.net/images/anime/3/77048.jpg"
  },
  "trailer": "https://www.youtube-nocookie.com/embed/WLGzZZNwwbU?enablejsapi=1&wmode=opaque&autoplay=1",
  "synopsis": "\"Move your soul and body!\" Each episode contains a variety of routines, such as push-ups, sit-ups, spine twists, dance, yoga, stretches, trunk training, and taichi. Five girls aiming to become idols will exercise with you, and that troubling body fat percentage will go down by 1000%...!?",
  "score": 5.4,
  "genres": [
    "Sports"
  ],
  "episodes": [
    {
      "numero": 1,
      "url": "https://www.blogger.com/video.g?token=AD6v5dx1yqgIzB7VSQbNDvvmHzPcKfg4FkavX2aa_Hzw7xSFXzb9U3QXESugJ9-Phj7kAsQvkUE5TabU5uVyhtfnC4zJmhA396cTk8cELOq_Cw7E110BEP9E0xUQY8eoxvKRU9sYfp4",
      "nome": "Push-up and Crunches! Bring It On!!"
    },
    {
      "numero": 2,
      "url": "https://www.blogger.com/video.g?token=AD6v5dyjmr1Pq0vKRSGp9pcH6oMDh00Lb_Nf4WREay3UAbfaZE52GMGjYvLsnKegp22El7ZVO7JI4nMDrXuUcLbHflNVi_9xBnaE2mO4UNLjFvycs54Z9ZgzkcniMofWKKUkZQQtnyM",
      "nome": "More Push-ups! For Bigger Bra Size!!"
    },
    {
      "numero": 3,
      "url": "https://www.blogger.com/video.g?token=AD6v5dwnEszTldOdrE7QaA1_N2Kavf9nPYMu4w_4digCL-0PsOR-jXAcUhHqedTy-HwPUAf8PZ43XDcE20bH-wU0K5x1OJ8nEyjLZ0tad80Ca6OGQRXlEThaX6Sm-hEuILCLXR2USAc",
      "nome": "Back Squats! Go for the Japanese Beauty Look!!"
    },
    {
      "numero": 4,
      "url": "https://www.blogger.com/video.g?token=AD6v5dyWJz12xL-al5CZhUAWtETeGUmZf4k0Z1MqYSSSeUvlwChWH4utA6j0m0GXLP6z6bqL0YHyIqS85TuD_ZlAYrdutwDWde_gHW6Hj8r4lfHqo_PVuQsL71RDM43vHe3Jz-gcB_CQ",
      "nome": "Descent of the False God! Guide Me, Darkness!"
    },
    {
      "numero": 5,
      "url": "https://www.blogger.com/video.g?token=AD6v5dy5txy6JP320AxXW5wJ7YOSdanEsN4NLIUjtXW5Qr1rR7ngIhSLr4VPObLmvZmCkxSym479k_k99LIBQIzrofrcXnEEqwQ-1NMlN0u5dFcAf1Pk9Z3zrYrUKVlS0MQq7Gq19P0E",
      "nome": "Let's Dancing! Sparkling with Sweat!!"
    },
    {
      "numero": 6,
      "url": "https://www.blogger.com/video.g?token=AD6v5dxPegI8Kozof1Q0D1A75397txyOXg3CumUf5AdEDXy87AQsczx_T-zgs-xgI-vThIZY4aL6CKdGsSyXGtoeAW_cmFqoY-GOlKMwpvOPAx_m8LbqA4-bTOHjL4nkZiwzdab-m3s",
      "nome": "Kick & Twist! Here We Go!!"
    },
    {
      "numero": 7,
      "url": "https://www.blogger.com/video.g?token=AD6v5dyCHSxCLHPBoSC03-XgMnp1Bt5I_hQjfG32DWyAnDJrvv_pmSSli3RZJsh3iyKg77fd-RG7MVxH8vRrNMIwbkacExaD99_hdmS8Dvo1Aloi_52ijm-Cq-BN-O1Eu_TqIZSsM4v6",
      "nome": "Tough Push-ups and Squats! Don't give up!"
    },
    {
      "numero": 8,
      "url": "https://www.blogger.com/video.g?token=AD6v5dwzV48oW_fKOwa6rS_h31HvQhr6zoE8uqn6g9W6YDnxhdz5E9m-0-o-Rum7S8Ke-oIwtuFXWeJa08hWd0iNr0PlqnqvWtd-_wOrXplXVDECvbIQlytqh_xr_j64Jsjhe5cbww",
      "nome": "More Dancing! Smile and Detox!!"
    },
    {
      "numero": 9,
      "url": "https://www.blogger.com/video.g?token=AD6v5dyS2e-dl0jWEvlyibvzXqCDKZTcV1Km5DdT_NJGpYl_-60hQjrgd-xneKAK1hHp0SK_dQ2sCOe2pNz8DJgcx-T06M7BzpO_TroAYLLQtaNYxDTzi4M_ud_AEpjF4dpk6M99Nc27",
      "nome": "Stretchy Stretch! Poolside Charms!!"
    },
    {
      "numero": 10,
      "url": "https://www.blogger.com/video.g?token=AD6v5dzqzOR6hv3dCkJs5Q3pJA97wQKL21Fa1_sWlxxACDA5nLqnT4WOB3H_zWoviv2f0OkgZzgwS5OeRHCUuwoOQy6YPLSndtZl4Kw951OuD5O5MINt8nd1LjsIWHjTnj67WPoeqF0",
      "nome": "Let's Go to the Sports Gym! Fun Exercises!"
    },
    {
      "numero": 11,
      "url": "https://www.blogger.com/video.g?token=AD6v5dzF1SARiUhos_HEEulKjUJsbzQF5J0mptO4SZapUpEsZR2EFgcYJPCO7eT4GOFIv3000SyxnL3DNGYOt6EUbP6GmJX47G9WRRaQRPKU9ZQV4_kWlI0JilYeMqoKEKFwKTSXA_o",
      "nome": "Easy Tai Chi! Core Strength Training!"
    },
    {
      "numero": 12,
      "url": "https://www.blogger.com/video.g?token=AD6v5dy6o5dRTE0mkJWABzxbJmhzkixjutKW5cxTvJPrQ00MUEZIdCKismR_OXEWtjQM1O4ZPc-Fke6sxzgzoCho_bJq7xUkTJe_OjVYraDuNmlbbffLEjhAEyY7VmMa9r994NxuCAAj",
      "nome": "Vital Exercises! Smile more!!"
    }
  ]
}