{
  "id": 33746,
  "title": "Anitore! XX: Hitotsu Yane no Shita de",
  "title_jp": "あにトレ! XX~ひとつ屋根の下で~",
  "slug": "anitore-xx-hitotsu-yane-no-shita-de",
  "type": "legendados",
  "format": "TV",
  "images": {
    "poster": "https://cdn.myanimelist.net/images/anime/10/82252l.webp",
    "banner": "https://cdn.myanimelist.net/images/anime/10/82252.jpg"
  },
  "trailer": null,
  "synopsis": "Sequel of Anitore! EX. \n\nNew member Sakura Izumi joins the five idol candidates of the previous season. A second year middle schooler, she often wears a big smile on her face.\n\n(Source: ANN)",
  "score": 5.58,
  "genres": [
    "Sports"
  ],
  "episodes": [
    {
      "numero": 1,
      "url": "https://www.blogger.com/video.g?token=AD6v5dwEbH-58FdRpgg0Zs1wM7LYjHwmO0CWjo0RpeSrU03qSUpFsTAGFmprjwzUPqP7Sj57SbFIk1awSvvn81uXnui7znNkEAGhoiATQruiYlY7EEXqGszKvcGoXdjxam0IydyewLc",
      "nome": "Go for It XX! Let's Clean & Side Bench"
    },
    {
      "numero": 2,
      "url": "https://www.blogger.com/video.g?token=AD6v5dxX8vs4MqWWpNOOJ7AoZhOCxPXSu1CQLujd6oFOTEJ-w-r46jwegG_9DiNurFkw_zYV0MAMcDf0RRnFYFxt_CDzjq4r8s03iUI1uAeby4-NSKB3da2wdgfWCL-nUDkRiUdlY2s",
      "nome": "Running XX Train!? Training Anytime, Anywhere"
    },
    {
      "numero": 3,
      "url": "https://www.blogger.com/video.g?token=AD6v5dyo6Z2WRIZiovLWz08DyyJq2UbmLnUdIG1nd0UtqufR72MOOqaUEjdULvYp90NJDGkOIX3tWNIWHO87XVgMOUJF9nWmCOBvRBuehjiO_ikqYZKblYY4Iw0GgMYCVcg6gdxfGpy0",
      "nome": "Spin, Spin, Mat Exercises! XX All the way"
    },
    {
      "numero": 4,
      "url": "https://www.blogger.com/video.g?token=AD6v5dycBqm94wgQJBvmM-JnwCkh4bGB-0L6fl5sa4JNdwv7tw59x1sXj3OkI4K6ReSFCWkRAxPBhXprzIwaVfxueEVQbLW_0ynykFfeNc9eI72RXjmlQP3rXgjAbDhx30KVHyXKnpY",
      "nome": "Pleasurable XX of the Void! The Beginning of the End"
    },
    {
      "numero": 5,
      "url": "https://www.blogger.com/video.g?token=AD6v5dyGU_R69bZB48fWq8fNM2jsutF3hdjJPM2KGBr_VIIP6HcxFvEj5780caQFLa9qTIKNq6mL_LsDWprUNJCLLeqiuMFZ6_84XAnb2DiiLNm2R3fiOQyXdNCIT-riq3Q3g5hfpN0",
      "nome": "Let's Exercise XX Stretch Out and Aim for Top Swimmer"
    },
    {
      "numero": 6,
      "url": "https://www.blogger.com/video.g?token=AD6v5dy-c3eEd4kzK_dlwZnSqd63bLaWPsRn6zJOyEKP7SZU2lLik-wxECtLqleagfX1Uw58c_oofOF27iGG9s0rCcN-Jgb1NP2OgPFOwhA5-FRLHbbaCd5CU90fu3RgTKK9Ea2kOk8",
      "nome": "Shape Up on the Balance Ball. I Dub Thee My XX"
    },
    {
      "numero": 7,
      "url": "https://www.blogger.com/video.g?token=AD6v5dyg8RZLFb8necSUeMcyfyo56JVOObAQV0Td5L__lW2OzNmrDnPJVKf5H_BTPL8l3IY98Rx2rLhkBo7W79f0_LLRUzPi3KgWHhFkTMgk9NKgl3DGM_t2yqIOj1xLuj6gaK9k8GrH",
      "nome": "Jogging for Breezy Aerobics! XX Feels Great"
    },
    {
      "numero": 8,
      "url": "https://www.blogger.com/video.g?token=AD6v5dyzqIdHId9HD5PJcHqXFokzfrlGM6SW9BxVU7V__AqSuw6vKC7poejRwE8TK3GomX2y6mSkaesmFSa4wGaZGpm7K9FHs0q9NNIJkIRrlt79iM1tw5gwzJvIotqJ4-J5TnWvJyI",
      "nome": "Massage Relax! Let's XX Together"
    },
    {
      "numero": 9,
      "url": "https://www.blogger.com/video.g?token=AD6v5dxdkltpQQyG22V_vaiGWL-VP28B0y4Lom4h5CmUqvaP5q5cmhDvBD5QcLP5xFAaZyRn7x1B5pqBak78sgbkmh9AG36-bLiNtIcdY2OhiE2lf1n-RMrLQ_XUBvRZHE1FfcYlhX4",
      "nome": "Skip Rope Warm Up! Not just your body, but XX..."
    },
    {
      "numero": 10,
      "url": "https://www.blogger.com/video.g?token=AD6v5dxV_RBvtcLqaWKxs3G2oTWxeqDhusHNRSsk7ZcuX9wSqzIxGMDyfZhaIfMPcqTVsHULgVycPbvHJIKs-rZN8IqrQuyOi4kCvZCVTmXYcMI342nGigMi9zEnEKiGdi3Bhu9VZuk",
      "nome": "Fix Your Worries with Push-ups and Back Muscle Exercises! Give it your XX"
    },
    {
      "numero": 11,
      "url": "https://www.blogger.com/video.g?token=AD6v5dzu3kzwNd3RxSsQr8GU-qzquMQXsRMQ2h8FQuRuwJyQt6oLWH0U2imUdpwTL4I6UW55552jK12vh1FgpbkZklXqeaYALCHYZetcf-w6bfPXjE8rVIAAdL_0yI2uZZrRWegifEFn",
      "nome": "Tighten Up Your Upper Armswith Dumbbells! XX is waiting for you"
    }
  ]
}