{
  "id": 60334,
  "title": "Anne Shirley",
  "title_jp": "アン・シャーリー",
  "slug": "anne-shirley",
  "type": "legendados",
  "format": "TV",
  "images": {
    "poster": "https://cdn.myanimelist.net/images/anime/1564/150049l.webp",
    "banner": "https://cdn.myanimelist.net/images/anime/1564/150049.jpg"
  },
  "trailer": "https://www.youtube-nocookie.com/embed/GXUaLD071as?enablejsapi=1&wmode=opaque&autoplay=1",
  "synopsis": "Eleven-year-old orphan Anne Shirley has spent her life moving from one family to another, always hoping to find a place where she truly belongs. When she is sent to live with elderly siblings Marilla and Matthew Cuthbert at Green Gables, a quiet farm in the town of Avonlea, it is quickly revealed that she is there by mistake. Having expected a boy able to help out with farm work, the Cuthberts are surprised to instead receive a young girl with a vivid imagination and a flair for the dramatic.\n\nDespite the Cuthberts' initial hesitation, Anne's energy, intelligence, and charm soon win them over. Anne settles into her new life, experiencing many things for the first time—such as attending school and making close friends—as she learns to navigate the joys and challenges of growing up.\n\n[Written by MAL Rewrite]",
  "score": 7.88,
  "genres": [
    "Drama"
  ],
  "episodes": [
    {
      "numero": 1,
      "url": "https://lightspeedst.net/s5/mp4_temp/anne-shirley/1/720p.mp4",
      "nome": "It's Such an Interesting World"
    },
    {
      "numero": 2,
      "url": "https://lightspeedst.net/s5/mp4_temp/anne-shirley/2/720p.mp4",
      "nome": "I Love Pretty Things"
    },
    {
      "numero": 3,
      "url": "https://lightspeedst.net/s5/mp4_temp/anne-shirley/3/720p.mp4",
      "nome": "Looking Forward to Things Is Half the Pleasure of Them"
    },
    {
      "numero": 4,
      "url": "https://lightspeedst.net/s5/mp4_temp/anne-shirley/4/720p.mp4",
      "nome": "One Can’t Stay Sad Very Long in Such an Interesting World"
    },
    {
      "numero": 5,
      "url": "https://lightspeedst.net/s5/mp4/anne-shirley/hd/5.mp4",
      "nome": "Let us Look on the Bright Side of Things"
    },
    {
      "numero": 6,
      "url": "https://lightspeedst.net/s5/mp4_temp/anne-shirley/6/720p.mp4",
      "nome": "I Thought Nothing Could Be as Bad as Red Hair"
    },
    {
      "numero": 7,
      "url": "https://lightspeedst.net/s5/mp4_temp/anne-shirley/7/720p.mp4",
      "nome": "I've Been Making Mistakes, but Each Mistake Has Helped to Cure Me of My Shortcomings"
    },
    {
      "numero": 8,
      "url": "https://lightspeedst.net/s5/mp4_temp/anne-shirley/8/720p.mp4",
      "nome": "I Don't Want to Be Anyone but Myself"
    },
    {
      "numero": 9,
      "url": "https://lightspeedst.net/s5/mp4/anne-shirley/hd/9.mp4",
      "nome": "Next to Trying and Winning, the Best Thing Is Trying and Failing"
    },
    {
      "numero": 10,
      "url": "https://lightspeedst.net/s5/mp4_temp/anne-shirley/10/720p.mp4",
      "nome": "I Don't Know What Lies Around the Bend, but I'm Going to Believe That the Best Does"
    },
    {
      "numero": 11,
      "url": "https://lightspeedst.net/s5/mp4_temp/anne-shirley/11/720p.mp4",
      "nome": "I'd Like to Add Some Beauty to Life"
    },
    {
      "numero": 12,
      "url": "https://lightspeedst.net/s5/mp4_temp/anne-shirley/12/720p.mp4",
      "nome": "Perhaps We Always Love Best the People Who Need Us"
    },
    {
      "numero": 13,
      "url": "https://lightspeedst.net/s5/mp4_temp/anne-shirley/13/720p.mp4",
      "nome": "When I Think Something Nice Is Going to Happen, I Seem to Fly Right Up On the Wings of Anticipation"
    },
    {
      "numero": 14,
      "url": "https://lightspeedst.net/s5/mp4/anne-shirley/hd/14.mp4",
      "nome": "It Is Never Too Late for the Real Prince to Come for the True Princess"
    },
    {
      "numero": 15,
      "url": "https://lightspeedst.net/s5/mp4_temp/anne-shirley/15/720p.mp4",
      "nome": "I'll Come From the Ends of the Earth If Necessary"
    },
    {
      "numero": 16,
      "url": "https://lightspeedst.net/s5/mp4_temp/anne-shirley/16/720p.mp4",
      "nome": "It's Nicer Not to Know"
    },
    {
      "numero": 17,
      "url": "https://lightspeedst.net/s5/mp4_temp/anne-shirley/17/720p.mp4",
      "nome": "Love is the Power That Transforms Everything"
    },
    {
      "numero": 18,
      "url": "https://lightspeedst.net/s5/mp4_temp/anne-shirley/18/720p.mp4",
      "nome": "I Feel as if I Had Opened a Book and Found Roses of Yesterday, Sweet and Beloved, Between Its Leaves"
    },
    {
      "numero": 19,
      "url": "https://lightspeedst.net/s5/mp4_temp/anne-shirley/19/720p.mp4",
      "nome": "I'll Walk the Path to Heaven from Here and Now"
    },
    {
      "numero": 20,
      "url": "https://lightspeedst.net/s5/mp4_temp/anne-shirley/20/720p.mp4",
      "nome": "My World Has Fallen Apart"
    },
    {
      "numero": 21,
      "url": "https://lightspeedst.net/s5/mp4_temp/anne-shirley/21/720p.mp4",
      "nome": "Has the Real Prince Come at Last...?"
    },
    {
      "numero": 22,
      "url": "https://lightspeedst.net/s5/mp4_temp/anne-shirley/22/720p.mp4",
      "nome": "How Horrible it is That People Have to Grow Up, and Marry, and Change!"
    },
    {
      "numero": 23,
      "url": "https://lightspeedst.net/s5/mp4_temp/anne-shirley/23/720p.mp4",
      "nome": "I Have Learned to Look upon Each Little Hindrance as a Jest and Each Great One as the Foreshadowing of Victory"
    },
    {
      "numero": 24,
      "url": "https://lightspeedst.net/s5/mp4_temp/anne-shirley/24/720p.mp4",
      "nome": "It’s the Birthday of Our Happiness"
    }
  ]
}