{
  "id": 31080,
  "title": "Anne Happy♪",
  "title_jp": "あんハピ♪",
  "slug": "anne-happy",
  "type": "legendados",
  "format": "TV",
  "images": {
    "poster": "https://cdn.myanimelist.net/images/anime/9/78701l.webp",
    "banner": "https://cdn.myanimelist.net/images/anime/9/78701.jpg"
  },
  "trailer": "https://www.youtube-nocookie.com/embed/zoRwNAyEHBg?enablejsapi=1&wmode=opaque&autoplay=1",
  "synopsis": "Tennomifune Academy is an elite institution for the best and the brightest, with the exception of Class 1-7, the so-called \"Happiness Class.\" Each member of the classroom copes with personal misfortunes, and the special class is geared to help them move past their issues and find true happiness. \n\nAfter being accepted into the academy, An Hanakoizumi, Ruri Hibarigaoka, and Botan Kumegawa find themselves placed into the Happiness Class, plagued by dreadful luck, love problems, and bad health respectively. Alongside their classmates, they do their best to overcome the difficulties they are faced with in pursuit of a life filled with joy.\n\n[Written by MAL Rewrite]",
  "score": 6.94,
  "genres": [
    "Slice of Life"
  ],
  "episodes": [
    {
      "numero": 1,
      "url": "https://www.blogger.com/video.g?token=AD6v5dzew7Q_FCDYAe2sh-L8fUoJbSxVYRCVIpp5eghyO_do5esElFlo3i7EXhR_gzSE8Lcsad-4E7Q_fEL4Jazyp9r8X4CS5G7vooZT-rVeov9WXYy_BFjtBC6ukGuvmmbZ4e6j0Dk",
      "nome": "An Unfortunate First Day of School"
    },
    {
      "numero": 2,
      "url": "https://www.blogger.com/video.g?token=AD6v5dw1gf1Kh7x9XefNb-fI7_gAeIh_cO2SBphHwFdS0Dai5IfW7OCrqz9JFaazFHmnFz3qKOVC3qCnY1dOU_Bn1GOLfAjLfU08Latl8r8e9HuguYzTucUxdLwUfBPSOHFQs4d8El7V",
      "nome": "The High-Tech Physical Exam"
    },
    {
      "numero": 3,
      "url": "https://lightspeedst.net/s3/mp4/anne-happy/sd/3.mp4",
      "nome": "My First Happiness Training"
    },
    {
      "numero": 4,
      "url": "https://lightspeedst.net/s3/mp4/anne-happy/sd/4.mp4",
      "nome": "A Mysterious Penalty"
    },
    {
      "numero": 5,
      "url": "https://www.blogger.com/video.g?token=AD6v5dx9Ypdjq8vPTlSoXOrw-9IDBEF5a-32UMc_RKboWwaqlPSnyki7n2tuoTMcxZ8mJPg_4THOyF9keRQmqaxvRFn2B78VfYZgB17PRkbebbuEiWK3ab3Gh2QPakK7U3DQ99SLnR8o",
      "nome": "Getting Lost on the Way to School"
    },
    {
      "numero": 6,
      "url": "https://www.blogger.com/video.g?token=AD6v5dxRaxmsaWvTBMc2TWRMIYoK1xE1F1tRt6pvIbKvtYe_moJdYaNZ9BqLn184mHeBZo834ImuUV7Ak-NNR9qAh0u6aVkHP0w0zCdXQ4a3CCFwM4Nvrenk5YkZ0kpkP94NFSbvNTs",
      "nome": "A Field Trip With Everyone"
    },
    {
      "numero": 7,
      "url": "https://www.blogger.com/video.g?token=AD6v5dxphwahjZfWlkIJGT-AgoGndYMB1t--tunJHZBnqRfMkTA6ssVKEPwBYojhQJGUUOw95lbjHi6wbEB9Mr4qOjQXT9gtGpYZp-16wR8hPitBZi18Nh4xTO7AR5zrpr83FqRbRy4",
      "nome": "Visiting Hanako"
    },
    {
      "numero": 8,
      "url": "https://www.blogger.com/video.g?token=AD6v5dxal9MxIrsR1PjLtzt_EsoH_U_rEJ95h4Gnv0xqsqwBU2vRpMwl88P0mqusDOQ2dmE1shAgyYYIU8ApBu0QS66Yq9nIc9bIBSDgg9I8BJWgMnQ5aE_z7_yuE8xaHjIagXwC0RI",
      "nome": "Fighting Final Exams"
    },
    {
      "numero": 9,
      "url": "https://www.blogger.com/video.g?token=AD6v5dzDPI-vSogLGExPinHv8B0os1rdlBFmy8wBGLFkZPsmrsyxDZxbM0MkSUZJg5EHfFnKZF-37nAtdJKpihkiMvNjMwQz2ss7W96l8QDm_Y1VkQiwvxXERcJ-mZLgXt8LNJSvrGxt",
      "nome": "A Stormy Group Lesson"
    },
    {
      "numero": 10,
      "url": "https://www.blogger.com/video.g?token=AD6v5dwHK5ka87NpGRib0y8dzARmCJvBxAJGESpkUGKp-tq0rzXMxdnZvp_k3XSJbgtiNm83JVl8ReOigXvWclmPYIkq852ByL6XrKbRMR5on1dsY-J1iTTAdeJT5cpbgBhQ9GqDzT8",
      "nome": "Our Summer Vacation"
    },
    {
      "numero": 11,
      "url": "https://www.blogger.com/video.g?token=AD6v5dwKGtSEU-5d5-1iQe572XOXMyFMEHprWZHhY9iHDacgdkMH8rHdQD2d0LkzwDabAi6WAfJzWeim-WVaKJcQjLJqiEvLSzUiqyh8VoBbo0LkIqsYZF02Tox5j-Hxk1TCPeNKkVIo",
      "nome": "A Stormy Outdoor School"
    },
    {
      "numero": 12,
      "url": "https://www.blogger.com/video.g?token=AD6v5dyDFc54O9poDF-icT8nXsIJrZfelu2Gih41879z9SXJtsNzIpJrrTJXdoWRkkgWDQTyPPmPHwVZvLl_yYAGyN2GWULJQZHEewQ4_ehCqHPDEqy7TIYbKR_57TY03JlYBduFNWY",
      "nome": "A Happy Outdoor School"
    }
  ]
}