{
  "id": 11433,
  "title": "Ano Natsu de Matteru",
  "title_jp": "あの夏で待ってる",
  "slug": "ano-natsu-de-matteru",
  "type": "legendados",
  "format": "TV",
  "images": {
    "poster": "https://cdn.myanimelist.net/images/anime/12/59405l.webp",
    "banner": "https://cdn.myanimelist.net/images/anime/12/59405.jpg"
  },
  "trailer": "https://www.youtube-nocookie.com/embed/dM4fbripgWA?enablejsapi=1&wmode=opaque&autoplay=1",
  "synopsis": "While testing out his camera on a bridge one summer night, Kaito Kirishima sees a blue light streaking across the sky, only to be blown off the railing seconds later. Just before succumbing to unconsciousness, a hand reaches down to grab ahold of his own. Dazed and confused, Kaito wakes up the next morning wondering how he ended up back in his own room with no apparent injuries or any recollection of the night before. As he proceeds with his normal school life, Kaito and his friends discuss what to do with his camera, finally deciding to make a film with it over their upcoming summer break. Noticing that Kaito has an interest in the new upperclassmen Ichika Takatsuki, his friend Tetsurou Ishigaki decides to invite her, as well as her friend Remon Yamano, to join them in their movie project.\n\nIn what becomes one of the most entertaining and exciting summers of their lives, Kaito and his friends find that their time spent together is not just about creating a film, but something much more meaningful that will force them to confront their true feelings and each other.\n\n[Written by MAL Rewrite]",
  "score": 7.4,
  "genres": [
    "Drama",
    "Romance",
    "Sci-Fi"
  ],
  "episodes": [
    {
      "numero": 1,
      "url": "https://www.blogger.com/video.g?token=AD6v5dx6EZQTX75CLhoEi2RhgyIr90bFN68m-B3qgGmaXrIFe6kOpAj1olpxpoK76FMaOg8o0W3jjENCjB4ePSehl34BI-c0JlO9xDV75Z-ELZFXHsWVSdgFeJhPpxkNylZRdNY4Dfu6",
      "nome": "I can't, Senpai"
    },
    {
      "numero": 2,
      "url": "https://www.blogger.com/video.g?token=AD6v5dxQEOLV5Ev98Oaz1LQMeR-ZTiEB9iNMMvARqBn4lo-sARFKk5I-vOU7ENolnQbERT3jkdtpB_fihUw1QeC3xPEFcAjEHTAa9ZGfg_Nw2u8lVRjKrn43YpsbQ6lH_ThuzjJSNVI",
      "nome": "Together with Senpai..."
    },
    {
      "numero": 3,
      "url": "https://www.blogger.com/video.g?token=AD6v5dyKMfUckGrn0zqqcSmVoRMJSIJcUV9QEdbJzmDSVJO5jAy_OXIQVYwCM5BlCU0lSk6u0uGhn8Y9LYYWVkgIqSFim7qijtlGwsTtyxy2sgcGeiQGzsKE_K2GeNxtzI0lLcVERas",
      "nome": "Senpai says..."
    },
    {
      "numero": 4,
      "url": "https://www.blogger.com/video.g?token=AD6v5dx0iKdSp_kGyQZfC-raKtb0eISS8Lojq0xFVUula66mLL5F8033Ksemvs-cNs2aQdtAqLzKXp9uGknpY1gOlasAIVckpllxungSXeccSlODTSZqVzC4pC3xyXwTb6DNjD4QMpVz",
      "nome": "Senpai was Amazing"
    },
    {
      "numero": 5,
      "url": "https://www.blogger.com/video.g?token=AD6v5dw7OVWFDSJCu9lwpu_QXr2xb2xCJxwLM-szNFAPWDK1x85lYQR-SeQwgvdeOi0o2bM_CP7uar3GB0-efSZJ_riw5pva73T0QUTqWQfxMsvqEwA5nDpGBqKge0c97MEdgnOCQI8j",
      "nome": "Senpai is the Heroine"
    },
    {
      "numero": 6,
      "url": "https://www.blogger.com/video.g?token=AD6v5dwpO4GTQ6962-Zp9nNQRAFWMRDHRmdbaw2521kqdSCQkF2_ikib4Q6R0UUZ4--3sXNwOd_-8fEsUS7hSL9iVk_iwtv1msE4EZH7WIXuB723GnU4rAliIUtrdFZ7W5sfRRQ-sCc",
      "nome": "Senpai has a rival"
    },
    {
      "numero": 7,
      "url": "https://www.blogger.com/video.g?token=AD6v5dzs6QWY-wOFF1QIVrCBZptoCepmzOEjn1HnP3FCQ-cxSl4WeKmbZBa1rCrfGemi9o4Lr_-twdu6-yk89N6OPR3aNpSOwunIgwvVWnF-XoJR1Fo2vFfdl0RfPaty29kD1PpCr1g",
      "nome": "Senpai's feelings"
    },
    {
      "numero": 8,
      "url": "https://www.blogger.com/video.g?token=AD6v5dyjAgnz48T9mNcT4bPaQCayneojex5vsLWJhCS_97DE1ViJNQkwNWP8NbIQyzIk3IE9Apd5AQz4LlGrr49C1SNGv-aQeCcmDS0QJzzNG8ohrVaL5q48Z8VAQ5liMIDrlJ_I-sSP",
      "nome": "Senpai's pinch"
    },
    {
      "numero": 9,
      "url": "https://www.blogger.com/video.g?token=AD6v5dxSJaq9ko-gKvIiwQLjL35M9ew-1O0dnqwLOtPcQq9q8uJeY7abraXLOTqwunE4etSL0ttMEfCC2YEQcmK9dGQN0VY4DOS8hww6QfZhdftUTxv1Uv_KEggQlP-oc6e_laJwAog",
      "nome": "Senpai..."
    },
    {
      "numero": 10,
      "url": "https://www.blogger.com/video.g?token=AD6v5dwxXuNtcsxB_5hKK-GeI_uB6CDD6MrXM2B94esZeFNqqUSwrxu0_M9aLGPe4geuhz4EyGcFKRb-mPI7J0pASa8H0vJsd-eskr_qrdx9tM3V4KVTCAshWiM4jgxHnfbw0gf0DO0",
      "nome": "Senpai and our..."
    },
    {
      "numero": 11,
      "url": "https://www.blogger.com/video.g?token=AD6v5dw9JBOOi2DeUtt-kXZou8ELiXhozd1SNkhcm4yUToU4ic3rdegS0Uqh9dqOvRta64soXI5zvIOuI7lcNnam9ECFApFJyscAXzCEIk3rzjh9DQNEBb1CcpqscRK7TFGvAe7RH5U",
      "nome": "Don't go, Senpai."
    },
    {
      "numero": 12,
      "url": "https://www.blogger.com/video.g?token=AD6v5dz_1adHnwopsMQTk_N-y6J1jrXjOaLkdpXGMXv4aB-ORsBtTLE2UUN8d6izU4imKyQnp-1NqE7tgwD30Pj45AoeMAsHMnVaqvyVJ6ajcmRTP9Ez36DbkLuqtzgzChBD-kqN9WE",
      "nome": "Waiting there, in the summer."
    }
  ]
}