{
  "id": 7475,
  "title": "Ano Ko ni 1000%",
  "title_jp": "あの子に1000％",
  "slug": "ano-ko-ni-1000",
  "type": "legendados",
  "format": "OVA",
  "images": {
    "poster": "https://cdn.myanimelist.net/images/anime/8/64357l.webp",
    "banner": "https://cdn.myanimelist.net/images/anime/8/64357.jpg"
  },
  "trailer": null,
  "synopsis": "Ano Ko ni 1000% is a high school love story. Azusa Kawahara is the soccer team manager, and her love for childhood playmate Ikumi is mutual. Although the whole school knew what was happening between Azusa and Ikumi, there were rivals who came between them.\n\n(Source: Wikipedia)",
  "score": 5.08,
  "genres": [
    "Romance"
  ],
  "episodes": [
    {
      "numero": 1,
      "url": "https://lightspeedst.net/s3/mp4/ano-ko-ni-1000/sd/1.mp4"
    }
  ]
}