{
  "id": 11111,
  "title": "Another",
  "title_jp": "アナザー",
  "slug": "another",
  "type": "legendados",
  "format": "TV",
  "images": {
    "poster": "https://cdn.myanimelist.net/images/anime/4/75509l.webp",
    "banner": "https://cdn.myanimelist.net/images/anime/4/75509.jpg"
  },
  "trailer": "https://www.youtube-nocookie.com/embed/UGoAl3L13bc?enablejsapi=1&wmode=opaque&autoplay=1",
  "synopsis": "In class 3-3 of Yomiyama North Junior High, transfer student Kouichi Sakakibara makes his return after taking a sick leave for the first month of school. Among his new classmates, he is inexplicably drawn toward Mei Misaki—a reserved girl with an eyepatch whom he met in the hospital during his absence. But none of his classmates acknowledge her existence; they warn him not to acquaint himself with things that do not exist. Against their words of caution, Kouichi befriends Mei—soon learning of the sinister truth behind his friends' apprehension.\n\nThe ominous rumors revolve around a former student of the class 3-3. However, no one will share the full details of the grim event with Kouichi. Engrossed in the curse that plagues his class, Kouichi sets out to discover its connection to his new friend. As a series of tragedies arise around them, it is now up to Kouichi, Mei, and their classmates to unravel the eerie mystery—but doing so will come at a hefty price.\n\n[Written by MAL Rewrite]",
  "score": 7.46,
  "genres": [
    "Horror",
    "Mystery"
  ],
  "episodes": [
    {
      "numero": 1,
      "url": "https://www.blogger.com/video.g?token=AD6v5dypN6fAswEAUlAGQZORK-7xbZHGU6oMP9xac2x_hd3dwf725YNuq46xdzRMhReLNVlEnSQfjzwm4F8gX_SILqSdNa98fTJteibsuAhnJWrq6jisIzrkPYnupQJHKz-T810zQqgJ",
      "nome": "Rough sketch"
    },
    {
      "numero": 2,
      "url": "https://www.blogger.com/video.g?token=AD6v5dyMJr8k5VByb3j-PNVjeatHbTeCHt_lgdpRcxreLZm_GD3yEAImp1gPVR3_SOp6i1dVeBknxHEhuJ6gNuw0IvxLYJwWu6-j2RDkHiwHXe8w70ghYT0UI6KnPiH7AI5w7p47708",
      "nome": "Blueprint"
    },
    {
      "numero": 3,
      "url": "https://www.blogger.com/video.g?token=AD6v5dyWFFwutKpCk-HtAgIE0DSTBNN3fYDgO0FVOvfjOyph_N9u44hXqxchF_OW0hkAoBmG6BLsCZVuw3iDxCp2o_ya3mKLetf59IsPJv2B3zrdxbKWRUDOjdPfMw-jMWnMWoqLnag",
      "nome": "Bone work"
    },
    {
      "numero": 4,
      "url": "https://www.blogger.com/video.g?token=AD6v5dwANP7xmbdTtwRcl_zeqqzeoIbZFpOhIIHvI3MMy4Wz24qpxW8FrvYqmiuEDg3LhjDr8HF6lsz_LygmTyWiE4kuUIWi8GPQ4KD0IhsM9ZgsqND9IXRGpYjoJaR4zIkLJuLyoKTY",
      "nome": "Put flesh"
    },
    {
      "numero": 5,
      "url": "https://www.blogger.com/video.g?token=AD6v5dwUtoU45TsL673m9vVS29JY_eymwWwuqGMv04nbJ4sMX8tNX4cDNRLMUN4f6v0qhwWT8OsPzTRDE6oMKaXyNxwhAvrHiplt5j9tIR4KedieDUBF__lod5gAeIqXJRCFy7F09vOj",
      "nome": "Build limbs"
    },
    {
      "numero": 6,
      "url": "https://www.blogger.com/video.g?token=AD6v5dyX2iKAeG7rFM7eFcgo4gl0lI0zu7PHoYshM8_Pz6TSUFh51MmZo3szztemoy3rtDnn5ej_GXvzaoe1XozQpToL5ZLEw0hzV0BjqDGv43YuPio8MmMQgbasF8BjgE0fUdvdMDsy",
      "nome": "Face to Face"
    },
    {
      "numero": 7,
      "url": "https://www.blogger.com/video.g?token=AD6v5dwTgn3-WyroF1PbxGpqUd2mp-Vo-EK-ANWhXi6D-_Jq_9Wu_0snFilk-x0HXgMKX_VLTeyp55tArmh3nwqMvtbcUC3x2FTg8EiJnRZnWvbCjpsnSfw7KcdAEXxZ4Rlt1X55zpbo",
      "nome": "Sphere joint"
    },
    {
      "numero": 8,
      "url": "https://www.blogger.com/video.g?token=AD6v5dx4A4ZdRNS9czT7AfbPUO2I0kA3F76jc8u0phHkrT-egCXGB9ZcfipflKAITMbIYg0wle-aB9KVK-vCQXnUIE-pZ6CH4519FFZe8FUmoxVzYK7JXrgCK78QYrowK15RXOmtBane",
      "nome": "Hair stand"
    },
    {
      "numero": 9,
      "url": "https://www.blogger.com/video.g?token=AD6v5dwZjfC3EwcpPP5SY4H2x3d1fOUpoCTQ1aTxIFRtikkkn7AnKu_ulokz66S1v7wneiIbEV8yiWv-BulpeAV4US5coiA1AfjGZH3E3M4vIWD852B0UhaIAaDzArWaM3mT9gwt3Eg",
      "nome": "Body paint"
    },
    {
      "numero": 10,
      "url": "https://www.blogger.com/video.g?token=AD6v5dyZ6H7HiqE8YXQKRfYj6sGPXP306mSJaSvNH2fZW_UnSZVCSxeHRPjk_aZrXC9hlxBSf4MY4uPBsTSIuL5wL-_lm0Dc9Un_7wr9fhte8OxOEPJh2DJplFOmxLDLyZ1gty_St6M",
      "nome": "Glass eye"
    },
    {
      "numero": 11,
      "url": "https://www.blogger.com/video.g?token=AD6v5dyGrpk5zcz7IRv_i4RKieqCT0NMEajf4cmg32hoE1KgsCCo3wz_4igjYC08wFEakfxPLariCXeDlnEMT0gEMnKG6UQeerihSPD6VhirODAwCjqWDSc64Z8jgNSqgzq-MdrMOAed",
      "nome": "Makeup"
    },
    {
      "numero": 12,
      "url": "https://www.blogger.com/video.g?token=AD6v5dyazCND0r21S6OzRCRx2h0taj8j-Kl9shve75KXEITSqfLA8zjJBjZTGrbhG6hOh7X12r4siQhvkRKyAobinJgx8-aA7FBDkR1rEfFE6ByRLWv6yJhkXSWygBNO8Yd2Ox1FcBoc",
      "nome": "Stand by oneself"
    },
    {
      "numero": 13,
      "url": "https://www.blogger.com/video.g?token=AD6v5dw1dmCGdrweLuqdzlal4mqLhaq77ZeIdxTBxYQ3kSEp9okZLbcGjEhvOzDo05zdSkU0m0T_PtmCSFffnAuNhggg7n4hUa2JxcdkmSjt9PfWwR_NlyCvRyKSDhfv8beUWSu-Uw"
    }
  ]
}