{
  "id": 28405,
  "title": "Ansatsu Kyoushitsu: Deai no Jikan",
  "title_jp": "暗殺教室 episode:0 出会いの時間",
  "slug": "ansatsu-kyoushitsu-deai-no-jikan",
  "type": "legendados",
  "format": "Special",
  "images": {
    "poster": "https://cdn.myanimelist.net/images/anime/12/68547l.webp",
    "banner": "https://cdn.myanimelist.net/images/anime/12/68547.jpg"
  },
  "trailer": null,
  "synopsis": "Koro-sensei reminisces about his first meeting with Karasuma, where they first butted heads and fought against each other, ultimately coming to respect one another. However, Karasuma eventually points out their actual meeting wasn't nearly as eventful.\n\n(Source: ANN)",
  "score": 7.43,
  "genres": [
    "Action",
    "Comedy"
  ],
  "episodes": [
    {
      "numero": 1,
      "url": "https://lightspeedst.net/s2/mp4/ansatsu-kyoushitsu-deai-no-jikan/sd/1.mp4"
    }
  ]
}