{
  "id": 24833,
  "title": "Ansatsu Kyoushitsu (Dublado)",
  "title_jp": "暗殺教室",
  "slug": "ansatsu-kyoushitsu-dublado",
  "type": "dublados",
  "format": "TV",
  "images": {
    "poster": "https://cdn.myanimelist.net/images/anime/5/75639l.webp",
    "banner": "https://cdn.myanimelist.net/images/anime/5/75639.jpg"
  },
  "trailer": "https://www.youtube-nocookie.com/embed/kgNkGohA20k?enablejsapi=1&wmode=opaque&autoplay=1",
  "synopsis": "Tucked in the mountains near the elite Kunugigaoka Middle School lies a small derelict building that houses the delinquents and dropouts of Class 3-E. Looked down upon by their peers, the students in this class appear to have little hope in advancing their academic careers. That is, until the national government tasks them with eliminating the greatest threat to their planet: their new teacher. \n\nHaving already destroyed the moon, the octopus-like professor—dubbed \"Koro-sensei\"—has now threatened to destroy the Earth by March of the following year. In light of their mission, the students have found that killing him is easier said than done. Not only can Koro-sensei move at speeds of up to Mach 20, but he can also resist almost every earthly weapon. Ironically, he also proves to be one of the best teachers Class 3-E has ever had. Training the class to excel in both their studies as students and skills as assassins, Koro-sensei is confident that his students' ingenuity and indomitable will could return them to the main campus. \n\nThrough trial and error, Nagisa Shiota, as well as the other students of Class 3-E, must figure out Koro-sensei's weaknesses—and fast, for the very fate of the world depends upon it.\n\n[Written by MAL Rewrite]",
  "score": 8.07,
  "genres": [
    "Action",
    "Comedy"
  ],
  "episodes": [
    {
      "numero": 1,
      "url": "https://lightspeedst.net/s3/mp4/ansatsu-kyoushitsu-dublado/hd/1.mp4",
      "nome": "Assassination Time"
    },
    {
      "numero": 2,
      "url": "https://lightspeedst.net/s3/mp4/ansatsu-kyoushitsu-dublado/sd/2.mp4",
      "nome": "Baseball Time"
    },
    {
      "numero": 3,
      "url": "https://lightspeedst.net/s3/mp4/ansatsu-kyoushitsu-dublado/sd/3.mp4",
      "nome": "Karma Time"
    },
    {
      "numero": 4,
      "url": "https://lightspeedst.net/s3/mp4/ansatsu-kyoushitsu-dublado/sd/4.mp4",
      "nome": "Grown-Up Time"
    },
    {
      "numero": 5,
      "url": "https://lightspeedst.net/s3/mp4/ansatsu-kyoushitsu-dublado/sd/5.mp4",
      "nome": "Assembly Time"
    },
    {
      "numero": 6,
      "url": "https://lightspeedst.net/s3/mp4/ansatsu-kyoushitsu-dublado/sd/6.mp4",
      "nome": "Test Time"
    },
    {
      "numero": 7,
      "url": "https://lightspeedst.net/s3/mp4/ansatsu-kyoushitsu-dublado/sd/7.mp4",
      "nome": "School Trip Time - 1st Period"
    },
    {
      "numero": 8,
      "url": "https://lightspeedst.net/s3/mp4/ansatsu-kyoushitsu-dublado/sd/8.mp4",
      "nome": "School Trip Time - 2nd Period"
    },
    {
      "numero": 9,
      "url": "https://lightspeedst.net/s3/mp4/ansatsu-kyoushitsu-dublado/sd/9.mp4",
      "nome": "Transfer Student Time"
    },
    {
      "numero": 10,
      "url": "https://lightspeedst.net/s3/mp4/ansatsu-kyoushitsu-dublado/sd/10.mp4",
      "nome": "LR Time"
    },
    {
      "numero": 11,
      "url": "https://lightspeedst.net/s3/mp4/ansatsu-kyoushitsu-dublado/sd/11.mp4",
      "nome": "Transfer Student Time - 2nd Period"
    },
    {
      "numero": 12,
      "url": "https://lightspeedst.net/s3/mp4/ansatsu-kyoushitsu-dublado/sd/12.mp4",
      "nome": "Ball Game Tournament Time"
    },
    {
      "numero": 13,
      "url": "https://lightspeedst.net/s3/mp4/ansatsu-kyoushitsu-dublado/sd/13.mp4",
      "nome": "Talent Time"
    },
    {
      "numero": 14,
      "url": "https://lightspeedst.net/s3/mp4/ansatsu-kyoushitsu-dublado/sd/14.mp4",
      "nome": "Vision Time"
    },
    {
      "numero": 15,
      "url": "https://lightspeedst.net/s3/mp4/ansatsu-kyoushitsu-dublado/sd/15.mp4",
      "nome": "End-of-Term Time"
    },
    {
      "numero": 16,
      "url": "https://lightspeedst.net/s3/mp4/ansatsu-kyoushitsu-dublado/sd/16.mp4",
      "nome": "School's Out - 1st Term"
    },
    {
      "numero": 17,
      "url": "https://lightspeedst.net/s3/mp4/ansatsu-kyoushitsu-dublado/sd/17.mp4",
      "nome": "Island Time"
    },
    {
      "numero": 18,
      "url": "https://lightspeedst.net/s3/mp4/ansatsu-kyoushitsu-dublado/sd/18.mp4",
      "nome": "Action Time"
    },
    {
      "numero": 19,
      "url": "https://lightspeedst.net/s3/mp4/ansatsu-kyoushitsu-dublado/sd/19.mp4",
      "nome": "Pandemonium Time"
    },
    {
      "numero": 20,
      "url": "https://lightspeedst.net/s3/mp4/ansatsu-kyoushitsu-dublado/sd/20.mp4",
      "nome": "Karma Time - 2nd Period"
    },
    {
      "numero": 21,
      "url": "https://lightspeedst.net/s3/mp4/ansatsu-kyoushitsu-dublado/sd/21.mp4",
      "nome": "XX Time"
    },
    {
      "numero": 22,
      "url": "https://lightspeedst.net/s3/mp4/ansatsu-kyoushitsu-dublado/sd/22.mp4",
      "nome": "Nagisa Time"
    }
  ]
}