{
  "id": 30654,
  "title": "Ansatsu Kyoushitsu 2nd Season",
  "title_jp": "暗殺教室　第２期",
  "slug": "ansatsu-kyoushitsu-2nd-season",
  "type": "legendados",
  "format": "TV",
  "images": {
    "poster": "https://cdn.myanimelist.net/images/anime/8/77966l.webp",
    "banner": "https://cdn.myanimelist.net/images/anime/8/77966.jpg"
  },
  "trailer": "https://www.youtube-nocookie.com/embed/tZiHgr0kd7E?enablejsapi=1&wmode=opaque&autoplay=1",
  "synopsis": "Returning from their summer vacation, the students of Class 3-E at the prestigious Kunugigaoka Middle School find themselves up against unbeatable odds. Faced with the possibility of world annihilation, the students must come up with increasingly elaborate and creative ways to kill their teacher, the cunning yet optimistic and helpful Koro-sensei.\n \nHowever, eliminating Koro-sensei is not the only objective the students need to worry about. Gakuhou Asano, the academy's merciless and cruel principal, seeks to prevent Class 3-E's success by brainwashing his other hard-working pupils into ruthlessly competitive studying machines. Hostility begins to linger in the air as traitors and killers alike attempt to claim the bounty on Koro-sensei's head for themselves.\n \nNagisa Shiota, one of Class 3-E's most skilled assassins, finds himself in the middle of the conflict. While he works to maintain his academic standing and prevent the end of the world, domestic affairs jeopardize his place in Class 3-E. Together with his dedicated classmates, he must now face the threats head-on.\n\n[Written by MAL Rewrite]",
  "score": 8.47,
  "genres": [
    "Action",
    "Comedy"
  ],
  "episodes": [
    {
      "numero": 1,
      "url": "https://www.blogger.com/video.g?token=AD6v5dxgqi6M9Bkh5jlbonMwYlO7ompDiOabT4sdGl77yPdtFypDmjAtB0hjvhm1qD1bnwVckXgmGMlvmMYqJJzoHbGky_cSJPpvKHWRfSr63jlY4NeK908pd7qSR2Wts3LL0_1m0e8",
      "nome": "Summer Festival Time"
    },
    {
      "numero": 2,
      "url": "https://www.blogger.com/video.g?token=AD6v5dz4tZ3GJhEkVzQo9ZLQl0uEiqrkm5wmrm4-qTbKp7DiRVwMjLc0oXwx12FIx8aTaV2C4SPaE1ld8gbQVBYgWWO0HLxzje9UEsVPGp2AT7IbdD_AxEENkcSccnx3RpdPdZCynhmM",
      "nome": "Kaede Time"
    },
    {
      "numero": 3,
      "url": "https://www.blogger.com/video.g?token=AD6v5dzUH6bkxqSoQV6EZnIDJquiMET0W8dGIWcZr9rIvyGqt3Unksay76Vk42kYCSiGaYHSp3gBv-AmH3Nxedu733y6wyyK8KA2FZrRJXlahaNSFmVhDSzOX8cSQFVkZ2NAgiF52Eo",
      "nome": "Itona Horibe Time"
    },
    {
      "numero": 4,
      "url": "https://www.blogger.com/video.g?token=AD6v5dxg-NCs8tThrlDXgk-ESpBsGJAMfbopFpUrtZWjBlsCvEEjfxSuhV0hKNiQyj1zDWaaXJrQzr4pn_VrC0w2Ctv79ZMdqZOGCersKsMO1RO4mgyrQO4LNLVMP3RQ4Lh5ixnUu18",
      "nome": "Spinning Time"
    },
    {
      "numero": 5,
      "url": "https://www.blogger.com/video.g?token=AD6v5dxHZK1_adLNozs7l2M830F9wvTjWx5Y2W0NylGo5O5bKVVTxDczB1RrIRAj4R199gqGQxLtFa_x8GzAKW7EEJ6Q7V8H1X0Hs4NSmSOTdAy8JdLccfVuPmH9Qhm7YTSWQMg_gEU",
      "nome": "Leader Time"
    },
    {
      "numero": 6,
      "url": "https://www.blogger.com/video.g?token=AD6v5dw_2hrLaqBdNuzm3gkOrtQzXUY7Ao9j68ZuGvujT0fnyIGcPu1Zvp6r6UZN-aSLgeGeKABKyM21AbhIbLCCM9L0Q_clNtQiS95WDJOtQeyzeECnlUCvBEymBoS4F8OWoLO2e6kH",
      "nome": "Before & After Time"
    },
    {
      "numero": 7,
      "url": "https://www.blogger.com/video.g?token=AD6v5dzz_uvGMP-7wRBoz13l39HiAtcUZfGPY4IoDxeaUDfdKFHzJJws3bXFETeQqY4Gg1kng4Xq_Flg5hKzD5HdgVsfeE3W8uTI6444kWjoybCnJ7EzmPlA_YBm4f-uJEVwBeGKdKn5",
      "nome": "Reaper Time, Part 1"
    },
    {
      "numero": 8,
      "url": "https://www.blogger.com/video.g?token=AD6v5dyI-l_s2o49t9BophcsbqcS5ZygX6kAQNlfw2rwRAbkPEeOGNswp28M7k-gsD9CeMRfJfQc484dGGncwTrOY0fL07zxut323V6MFZNlH-hwETUNR_mZxWxNRr8KT6RrSXo6U0I",
      "nome": "Reaper Time, Part 2"
    },
    {
      "numero": 9,
      "url": "https://www.blogger.com/video.g?token=AD6v5dyWeFPRqRzp_aLcKNo2537B_B3zXPtZzR5j_rM6hBPFIic3hwy0XJizZ85kE2OTWMdgDHOPX9DaW58exR8Bq5upES9xunbR5I2riFYBKG8xjeqf-UKwvfx3ujp8p4ijTJ3TG3-8",
      "nome": "Round Two Time"
    },
    {
      "numero": 10,
      "url": "https://www.blogger.com/video.g?token=AD6v5dxCWLjvBF8cTYVg-SjUNvh4RrgFlWYA0DIihKvEhTk8B2b2aIm_SkYeDKU16hTFh0RdSCa3gW2T0Axvb_LUhtT8B9eBL_E6MsaefW01kbyUBP6na7pueQFzAjGQVggZDT0_d2Y",
      "nome": "School Festival Time"
    },
    {
      "numero": 11,
      "url": "https://www.blogger.com/video.g?token=AD6v5dwRKiBvuK9apCv4W77-iiwtJ2n9LG_m23jUVHyXspeHnM4dQXiGVBkPkhz7LphDFUtaslNWcatqv94wOJZD2LwX-rAqEt1uEangw65wez61aMQAQ3wKLGs_u1JKq0jncB9Z9rUY",
      "nome": "End-of-Term Time: 2nd Period"
    },
    {
      "numero": 12,
      "url": "https://www.blogger.com/video.g?token=AD6v5dw6hqEjcdBWHhjvfoiXHJV39tGMcol6xEH-RnGjAHb5WxJdvvHOWq5mEZhIo2MveEv8rLV_rv8y-xPKEQZXOn2ggpvAEf4lWeElaqSZmpMV2-Lyd1RTzkHrw4bZn8FjYjopFzM",
      "nome": "Think Outside the Box Time"
    },
    {
      "numero": 13,
      "url": "https://www.blogger.com/video.g?token=AD6v5dwC_c10Vb5MwFyjA0awLrNTobBfnw1sxnJb7wy0qpl83OJ5HWQj6xoL-JkUxYRcofbt2X2oobYEUsxPaXS2GyxuG8SlE_S5dpvPGKGIzYBn8L2bG_sxbABf1U9Xfk1MM3SlgXXd",
      "nome": "Let Live Time"
    },
    {
      "numero": 14,
      "url": "https://www.blogger.com/video.g?token=AD6v5dyXs5WJZFsd-BAFBN8EuQb_Zt_qSR9omLF8_-pZSwiIW-wqAMnXdbg6b9nKfRO_H3a-Ino18A7sgttd53uLQ7KSaR7dfx193V1SW3rT0ttS_viKGtctWRTA91IdXT06TI_j5LE",
      "nome": "Secret Identity Time"
    },
    {
      "numero": 15,
      "url": "https://www.blogger.com/video.g?token=AD6v5dyoM0ZUBEvBwmkK9lxp2NqeWUAYMIHGhYkReJVOaxW9b00YepIw2B4hPw2Dj6Qo6jk7tfvrrzLoeZdlgyLq9Qb8T6zxHTGe6w_vken0dmXpkco--g4NL2waOOeCUTuUTnFAJ5o",
      "nome": "Confession Time"
    },
    {
      "numero": 16,
      "url": "https://www.blogger.com/video.g?token=AD6v5dxPOfZtyZaL4RRl7TgmgcwjHrh_H3yf6PpMvGWlM_r5N3rF8EAU2qJatV1LpxpolVeup7wlRF19ScCtKzLbcHAFucGVayFJ5iKIztKTTafP8JPa_oSLZ5_uo1bRzj6VO6yucz0h",
      "nome": "Past Time"
    },
    {
      "numero": 17,
      "url": "https://www.blogger.com/video.g?token=AD6v5dx1ba-0G9Yxei4nxSVO1hRBp5I6FjC6GCj9p1xIIaoWCpcWiPuiV9CBK2RCNiN1RBEF9lwY0eySinwurV59cbM3KbZgA69JASAaI2WsKXcavNEse1AlPJ3MX7wtcCCUsaHg5CM",
      "nome": "Discord Time"
    },
    {
      "numero": 18,
      "url": "https://www.blogger.com/video.g?token=AD6v5dydnK8wv7i_jDbiFiGOjzw2G6TXPmsLjuUpv65Z5nWYEDGqNqwH7dS1z6K-_J9U6UnD68RGlIQCPudiCtxr6wz1oiiwHMIb9sH_mKY98cNJZ1AFtOI4J8g42kLArygqyWAYl9M",
      "nome": "Outcome Time"
    },
    {
      "numero": 19,
      "url": "https://www.blogger.com/video.g?token=AD6v5dz3PqZevjIzwLExV5CNG61cyOfGDDJ5HiGPzaHeCk3GJaQB44Sl73P41QRd19CRFUBX5CcvUXUXJD-6lLC4u4-9qcHGN-MKJWt-y6V4pjEi-79ybjE_cl_YuDmsnhM7PiMno9o1",
      "nome": "Outer Space Time"
    },
    {
      "numero": 20,
      "url": "https://www.blogger.com/video.g?token=AD6v5dx9w4XXmH88fCJv1F8izaC-QNPHJ1XNLgLAS-dTpMMqxtLoHfb1OGr4HAivu4juYlM2hs_UTnKtIrQR8_IdtPC7AEdk2haaSgHopHFYicD5pofZnwwSyLnjFGkkmPj7lRVSRUFq",
      "nome": "Valentine's Day Time"
    },
    {
      "numero": 21,
      "url": "https://www.blogger.com/video.g?token=AD6v5dxcXHdyFZhGQXZSYUEDZHeHLsYhl81wkweOXqIZtJXVXF0Kqc5fNVg7O8SmlAmepOgZruqFzHYCYpQn81QuMedWwBHkeGNHsM6g-1d6ngeJIohChfrYwigIGL1ya8LWJ6Cddauj",
      "nome": "Trust Time"
    },
    {
      "numero": 22,
      "url": "https://www.blogger.com/video.g?token=AD6v5dxygX5lgTPB4xjTGZoDih1VeTlrOS1_G0QBV5CxISwHidsja-0X6AO9CjAwzTI9Bb91PVe5LWUst3puoxNkrojK6p4iuvAxH7Nki8cUyZQ_M--2ZW1iTRVQesMYoqJhAkfsG6Q",
      "nome": "Happy Birthday Time"
    },
    {
      "numero": 23,
      "url": "https://www.blogger.com/video.g?token=AD6v5dw_JPKuPXCYh5dqMv_x_GRrzJOpl901jZkiRVjLmg8vtdT-cF9eUhww3TOUCBS_hrqZ7KuL5EhuJMHgRyzc9uS3Ubtb8FgwKmSM0QIdcr1z90NwR1LoH1MoLVuu4iRPWeVaSOXS",
      "nome": "Final Boss Time"
    },
    {
      "numero": 24,
      "url": "https://www.blogger.com/video.g?token=AD6v5dx9ApkrkNTCtBDfiw1m1v4OoMdedxmqTiRElhi8UHmdPubLpkGtBJXIlHpMmyf1OiZfYi7uTYQ8BwO9uII_0nQZXMNP2cOOOQxol0Af-v7kZUbocFtdgWhJVLBHBDUY0FOPGImH",
      "nome": "Graduation Time"
    },
    {
      "numero": 25,
      "url": "https://www.blogger.com/video.g?token=AD6v5dzYYAm7RD8Zv731TFMj5_kQIdGTJiAG6otSrrfL7WynoUrNXNVLQW3bpzBwY_CUtgvWPP4VnIqOgvB1WAEBbiS8bk5GnD93ic1ydKLg0-WGTl1yuA7XQssFg8hbfEjOpne8",
      "nome": "Future Time"
    }
  ]
}