{
  "id": 61026,
  "title": "Ansatsusha de Aru Ore no Status ga Yuusha yori mo Akiraka ni Tsuyoi no da ga",
  "title_jp": "暗殺者である俺のステータスが勇者よりも明らかに強いのだが",
  "slug": "ansatsusha-de-aru-ore-no-status-ga-yuusha-yori-mo-akiraka-ni-tsuyoi-no-da-ga",
  "type": "legendados",
  "format": "TV",
  "images": {
    "poster": "https://cdn.myanimelist.net/images/anime/1276/151118l.webp",
    "banner": "https://cdn.myanimelist.net/images/anime/1276/151118.jpg"
  },
  "trailer": "https://www.youtube-nocookie.com/embed/y6JhkExwfrs?enablejsapi=1&wmode=opaque&autoplay=1",
  "synopsis": "Oda Akira is the kind of guy who people forget is even there. His unassuming nature pays off, though, when his entire class is swept away to a fantasy world, and he slips easily into his new role as a silent assassin. Between his suspiciously high starting stats and too many details that don't fit, Akira is sure something is wrong. But digging into royal secrets is a dangerous game, and when Akira uncovers an evil scheme, he also makes a powerful enemy—the very king who brought him to this world! With the help of the elven spirit medium Amelia, can he find the power to set things right, and get his revenge?\n\n(Source: Seven Seas Entertainment)",
  "score": 6.69,
  "genres": [
    "Action",
    "Adventure",
    "Fantasy"
  ],
  "episodes": [
    {
      "numero": 1,
      "url": "https://lightspeedst.net/s5/mp4_temp/ansatsusha-de-aru-ore-no-status-ga-yuusha-yori-mo-akiraka-ni-tsuyoi-no-da-ga/1/720p.mp4",
      "nome": "The Assassin Eats Bread"
    },
    {
      "numero": 2,
      "url": "https://lightspeedst.net/s5/mp4_temp/ansatsusha-de-aru-ore-no-status-ga-yuusha-yori-mo-akiraka-ni-tsuyoi-no-da-ga/2/720p.mp4",
      "nome": "The Assassin Takes Care of the Wounded"
    },
    {
      "numero": 3,
      "url": "https://lightspeedst.net/s5/mp4/ansatsusha-de-aru-ore-no-status-ga-yuusha-yori-mo-akiraka-ni-tsuyoi-no-da-ga/hd/3.mp4",
      "nome": "The Assassin Plays with a Cat"
    },
    {
      "numero": 4,
      "url": "https://lightspeedst.net/s5/mp4/ansatsusha-de-aru-ore-no-status-ga-yuusha-yori-mo-akiraka-ni-tsuyoi-no-da-ga/hd/4.mp4",
      "nome": "The Assassin Calls the Name"
    },
    {
      "numero": 5,
      "url": "https://lightspeedst.net/s5/mp4/ansatsusha-de-aru-ore-no-status-ga-yuusha-yori-mo-akiraka-ni-tsuyoi-no-da-ga/hd/5.mp4",
      "nome": "The Assassin Sleeps in a Bed"
    },
    {
      "numero": 6,
      "url": "https://lightspeedst.net/s5/mp4/ansatsusha-de-aru-ore-no-status-ga-yuusha-yori-mo-akiraka-ni-tsuyoi-no-da-ga/hd/6.mp4",
      "nome": "The Assassin Fights a Demon"
    },
    {
      "numero": 7,
      "url": "https://lightspeedst.net/s5/mp4/ansatsusha-de-aru-ore-no-status-ga-yuusha-yori-mo-akiraka-ni-tsuyoi-no-da-ga/hd/7.mp4",
      "nome": "The Assassin Makes a Vow"
    },
    {
      "numero": 8,
      "url": "https://lightspeedst.net/s2/mp4/ansatsusha-de-aru-ore-no-status-ga-yuusha-yori-mo-akiraka-ni-tsuyoi-no-da-ga/hd/8.mp4",
      "nome": "The Assassin Is Spellbound"
    },
    {
      "numero": 9,
      "url": "https://lightspeedst.net/s2/mp4/ansatsusha-de-aru-ore-no-status-ga-yuusha-yori-mo-akiraka-ni-tsuyoi-no-da-ga/hd/9.mp4",
      "nome": "The Assassin Goes Sightseeing"
    },
    {
      "numero": 10,
      "url": "https://lightspeedst.net/s2/mp4/ansatsusha-de-aru-ore-no-status-ga-yuusha-yori-mo-akiraka-ni-tsuyoi-no-da-ga/hd/10.mp4",
      "nome": "The Assassin Gazes at the River Surface"
    }
  ]
}