{
  "id": 49052,
  "title": "Ao Ashi (Dublado)",
  "title_jp": "アオアシ",
  "slug": "ao-ashi-dublado",
  "type": "dublados",
  "format": "TV",
  "images": {
    "poster": "https://cdn.myanimelist.net/images/anime/1731/120871l.webp",
    "banner": "https://cdn.myanimelist.net/images/anime/1731/120871.jpg"
  },
  "trailer": "https://www.youtube-nocookie.com/embed/PQbCVl_CDzI?enablejsapi=1&wmode=opaque&autoplay=1",
  "synopsis": "In a quiet rural town, the spotlight of a local junior high school football team rests on one player: Ashito Aoi. Known for his unpredictable moves and self-centered playing style, Ashito is the sole powerhouse pushing his team through an important high school preliminary tournament. However, their win streak is short-lived—an opponent causes Ashito to lose his temper and act violently, resulting in his removal from the rest of the game.\n\nWithout their star player, the team is quickly eliminated from the tournament. Just as he believes all hope is lost, Ashito is approached by a youth team coach named Tatsuya Fukuda who senses potential in him, and Fukuda invites him for tryouts in Tokyo. In an unfamiliar setting surrounded by talent, Ashito must bring out the best of his ability to prove himself and secure what could be a life-changing career.\n\n[Written by MAL Rewrite]",
  "score": 8.15,
  "genres": [
    "Sports"
  ],
  "episodes": [
    {
      "numero": 1,
      "url": "https://lightspeedst.net/s1/mp4/ao-ashi-dublado/fhd/1.mp4",
      "nome": "First Touch"
    },
    {
      "numero": 2,
      "url": "https://lightspeedst.net/s1/mp4/ao-ashi-dublado/fhd/2.mp4",
      "nome": "Tokyo City Esperion"
    },
    {
      "numero": 3,
      "url": "https://lightspeedst.net/s4/mp4/ao-ashi-dublado/fhd/3.mp4",
      "nome": "The Final Stage of Assessment Begins"
    },
    {
      "numero": 4,
      "url": "https://lightspeedst.net/s4/mp4/ao-ashi-dublado/fhd/4.mp4",
      "nome": "Crow"
    },
    {
      "numero": 5,
      "url": "https://lightspeedst.net/s4/mp4/ao-ashi-dublado/fhd/5.mp4",
      "nome": "Orange Scenery"
    },
    {
      "numero": 6,
      "url": "https://lightspeedst.net/s4/mp4/ao-ashi-dublado/fhd/6.mp4",
      "nome": "First Fan"
    },
    {
      "numero": 7,
      "url": "https://lightspeedst.net/s4/mp4/ao-ashi-dublado/fhd/7.mp4",
      "nome": "The First Youth Match"
    },
    {
      "numero": 8,
      "url": "https://lightspeedst.net/s4/mp4/ao-ashi-dublado/fhd/8.mp4",
      "nome": "Night Training"
    },
    {
      "numero": 9,
      "url": "https://lightspeedst.net/s4/mp4/ao-ashi-dublado/fhd/9.mp4",
      "nome": "A Broader Soccer"
    },
    {
      "numero": 10,
      "url": "https://lightspeedst.net/s4/mp4/ao-ashi-dublado/fhd/10.mp4",
      "nome": "No Compromises"
    },
    {
      "numero": 11,
      "url": "https://lightspeedst.net/s4/mp4/ao-ashi-dublado/fhd/11.mp4",
      "nome": "Tokyo Metropolis League Match 1 - Seikyo High School"
    },
    {
      "numero": 12,
      "url": "https://lightspeedst.net/s4/mp4/ao-ashi-dublado/hd/12.mp4",
      "nome": "Eagle Eye"
    },
    {
      "numero": 13,
      "url": "https://lightspeedst.net/s4/mp4/ao-ashi-dublado/fhd/13.mp4",
      "nome": "Turn"
    },
    {
      "numero": 14,
      "url": "https://lightspeedst.net/s4/mp4/ao-ashi-dublado/fhd/14.mp4",
      "nome": "It's Just Soccer"
    },
    {
      "numero": 15,
      "url": "https://lightspeedst.net/s4/mp4/ao-ashi-dublado/fhd/15.mp4",
      "nome": "Where I Ought To Be"
    },
    {
      "numero": 16,
      "url": "https://lightspeedst.net/s4/mp4/ao-ashi-dublado/fhd/16.mp4",
      "nome": "Just Like You"
    },
    {
      "numero": 17,
      "url": "https://lightspeedst.net/s4/mp4/ao-ashi-dublado/fhd/17.mp4",
      "nome": "Tokyo Metropolis League Match 7 - Tama Sports University High School"
    },
    {
      "numero": 18,
      "url": "https://lightspeedst.net/s4/mp4/ao-ashi-dublado/fhd/18.mp4",
      "nome": "Wind of Change"
    },
    {
      "numero": 19,
      "url": "https://lightspeedst.net/s4/mp4/ao-ashi-dublado/fhd/19.mp4",
      "nome": "What We Lack"
    },
    {
      "numero": 20,
      "url": "https://lightspeedst.net/s4/mp4/ao-ashi-dublado/fhd/20.mp4",
      "nome": "The Truly Weak One"
    },
    {
      "numero": 21,
      "url": "https://lightspeedst.net/s4/mp4/ao-ashi-dublado/fhd/21.mp4",
      "nome": "Tokyo Metropolis League Match 8 - Tokyo Musashino Football Club Youths"
    },
    {
      "numero": 22,
      "url": "https://lightspeedst.net/s4/mp4/ao-ashi-dublado/fhd/22.mp4",
      "nome": "Like A Demon"
    },
    {
      "numero": 23,
      "url": "https://lightspeedst.net/s3/mp4/ao-ashi-dublado/fhd/23.mp4",
      "nome": "Do Your Best. Don't Lose. Fight to Your Limits"
    },
    {
      "numero": 24,
      "url": "https://lightspeedst.net/s3/mp4/ao-ashi-dublado/fhd/24.mp4",
      "nome": "From Now"
    }
  ]
}