{
  "id": 21995,
  "title": "Ao Haru Ride",
  "title_jp": "アオハライド",
  "slug": "ao-haru-ride",
  "type": "legendados",
  "format": "TV",
  "images": {
    "poster": "https://cdn.myanimelist.net/images/anime/8/64813l.webp",
    "banner": "https://cdn.myanimelist.net/images/anime/8/64813.jpg"
  },
  "trailer": "https://www.youtube-nocookie.com/embed/lgGUEEaIMaQ?enablejsapi=1&wmode=opaque&autoplay=1",
  "synopsis": "While most young girls make an effort to show off their feminine charms, Futaba Yoshioka deliberately behaves like she wants to repel anyone who might be attracted to her. Ostracized by her female classmates in middle school for being a little too popular with the boys, she desperately strives to avoid a similar situation in high school by being unnecessarily noisy and graceless.\n\nNevertheless, scattered among Futaba's unpleasant memories are the treasured moments with the boy she had a crush on, Kou Tanaka. Unfortunately, that spell abruptly ended on a sour note when he suddenly stopped attending school and never came back. When Futaba finds out that Kou has returned—with a different last name this time—she can already feel the butterflies in her stomach. However, Kou Mabuchi is not the warm boy that she remembers from her days in middle school; he is now taller, more charismatic and withdrawn—making him far less approachable.\n\nFutaba believes that if she returns to her former self, Kou will begin to take notice of her again. But is she prepared to sacrifice her bubble of normalcy and risk losing her friends in the process?\n\n[Written by MAL Rewrite]",
  "score": 7.63,
  "genres": [
    "Romance"
  ],
  "episodes": [
    {
      "numero": 1,
      "url": "https://www.blogger.com/video.g?token=AD6v5dxv21NyBzPlOqD8WYKv2NpsoUvI2j6M_AGy7EmwTf6nnHk-sAUjhNe53xBIgE5u6F5mFjNUe9nObJRv3-MVFH36DSf1UvgyaHbwVqnrbUuL5tuF7LlkoXa56wqooVd0QGAjAzLI",
      "nome": "PAGE.1"
    },
    {
      "numero": 2,
      "url": "https://www.blogger.com/video.g?token=AD6v5dxM0RqCsXE74q28rlSxaz8lNAT3owIRYspLlXXQeSYkS41Wi55-sdR5naoxUXCl0DbuXL3xm88V1NpZuwZQ251qCfhcVWf0gCsHG0XG49SFydbh0Ub39QLhpJ3cr2SKyFUPrFg",
      "nome": "PAGE.2"
    },
    {
      "numero": 3,
      "url": "https://www.blogger.com/video.g?token=AD6v5dwu-HD8ZJmW4BMDv_3X7zJdDA3gpUYUYiWJHRcxK0HAcuh6NfeOJv_zv0FZbpa2exWpj-8ItRtPwihbVdrKb3CB0z6Ae9PcZxbJIDZA6v99Pn3bv4ijShlRI1FlqwLS6aBe7eA",
      "nome": "PAGE.3"
    },
    {
      "numero": 4,
      "url": "https://www.blogger.com/video.g?token=AD6v5dyBaSKKV04xHdD8PoA35_gVjt3lMfH0nsyuE8SO93XRfZHSBWjqxX1xcOZbs4BYu7Ki1HUXNiAHZqRLjeEmDWMcdgB0MrOE-lULdhR_cX7Dw7Afm2lnThkU1ck_vu2yOzDhtxXm",
      "nome": "PAGE.4"
    },
    {
      "numero": 5,
      "url": "https://www.blogger.com/video.g?token=AD6v5dyxh6sf-PbwWlamw36O3d3sW8NkvoGyoCT6OesVtXoY1pYR2nWOeWs-_We4xCk-mpcfrEvbnxhvMA33PjI0x3eg2cwt0ejNqcJzvfzsBFPOFWWGJ11ONIg9VKqBibei_Y5m9GUH",
      "nome": "PAGE.5"
    },
    {
      "numero": 6,
      "url": "https://www.blogger.com/video.g?token=AD6v5dxSkdZ8UrjzdgkqUOG6sIOE9IM0U5kzipyUtl3YMYruNGM9xC5uT2_SECsZOkw7BF0J20_U3oRQ5to0gGgvM6-7P2OSiz2VxEWN0nR652ZTqznhanEeGjKDzkvTr4cLbIC0044",
      "nome": "PAGE.6"
    },
    {
      "numero": 7,
      "url": "https://www.blogger.com/video.g?token=AD6v5dyJuShbaLbEQ_Om721u0VUP--tIdMdpi5ehRTGwr-0mXyXetk-C2Gy-zk0_DRFNfidqed5Hgn8NwGQfWlWDx7dFBtB7kCyiS79zDbh2DENPCKPu4iRqclNzfBzgA8_xtmMRo5U",
      "nome": "PAGE.7"
    },
    {
      "numero": 8,
      "url": "https://www.blogger.com/video.g?token=AD6v5dxATI5RLMv4XKE6-GFHP33mFJ46y62Qheqp3BBOTGNsjRb8RnYaXtC_XJNvm7KFzDz_1gk9zm-mQWZMLQBLl282wBitEr9LTPJBqO2YvJw6HxXgv0B5sHp3zx9RpBQUtpAA1LA",
      "nome": "PAGE.8"
    },
    {
      "numero": 9,
      "url": "https://www.blogger.com/video.g?token=AD6v5dw5HEzlmL70ZZUt_O3crivlkpAqKmgr95CXKdeMieYy3MNVMbHm96QVRtRcM5G6aADkr7Cf3Rqooq3C6YaHBglgxgUIek0RD7mbiChDzgyRq5g3kYZfROkI3UzpppsbctgTfAU",
      "nome": "PAGE.9"
    },
    {
      "numero": 10,
      "url": "https://www.blogger.com/video.g?token=AD6v5dyoAu_euotuLAs-izhdep95CPY4b3n7XGT78TWxH9KHyUmweah74DNUoQExuMgIOb-z664fLPXnbQAktNYWuMgpfNiwtDBorve5oBU9Zd39rnnSGfdDzJLAmpWIWYphONeXcqk",
      "nome": "PAGE.10"
    },
    {
      "numero": 11,
      "url": "https://www.blogger.com/video.g?token=AD6v5dyIZPiYK47WpQzs7w1FnzarDUz1eTY4Q6jm-sZ90qCH1Cae8UjeMnhk5Eq8kAG-SiQMcWgUkKTTasyP5zJAFUZGARI7wn6o3ozI3JRqAmK35HarPyWv39P6INl5YiB3zkIY0Y6g",
      "nome": "PAGE.11"
    },
    {
      "numero": 12,
      "url": "https://www.blogger.com/video.g?token=AD6v5dzIsj__aVlgy2riQjXrYgD4e7uxdM5Q7U9Nz5ZFZHJOCWQwLQcmeDRQKWVw1nZFCOfPMGCP6qb-onDj_6QmbMNOUgE4AkWawrD_EwzYGNPQTfg4_RxuJyURerX6hbcSaQc9g4E",
      "nome": "PAGE.12"
    }
  ]
}