{
  "id": 9919,
  "title": "Ao no Exorcist",
  "title_jp": "青の祓魔師",
  "slug": "ao-no-exorcist",
  "type": "legendados",
  "format": "TV",
  "images": {
    "poster": "https://cdn.myanimelist.net/images/anime/10/75195l.webp",
    "banner": "https://cdn.myanimelist.net/images/anime/10/75195.jpg"
  },
  "trailer": "https://www.youtube-nocookie.com/embed/ayLq7BKjQZU?enablejsapi=1&wmode=opaque&autoplay=1",
  "synopsis": "Humans and demons are two sides of the same coin, as are Assiah and Gehenna, their respective worlds. The only way to travel between the realms is by the means of possession, like in ghost stories. However, Satan, the ruler of Gehenna, cannot find a suitable host to possess and therefore, remains imprisoned in his world. In a desperate attempt to conquer Assiah, he sends his son instead, intending for him to eventually grow into a vessel capable of possession by the demon king.\n\nAo no Exorcist follows Rin Okumura who appears to be an ordinary, somewhat troublesome teenager—that is until one day he is ambushed by demons. His world turns upside down when he discovers that he is in fact the very son of Satan and that his demon father wishes for him to return so they can conquer Assiah together. Not wanting to join the king of Gehenna, Rin decides to begin training to become an exorcist so that he can fight to defend Assiah alongside his brother Yukio.\n\n[Written by MAL Rewrite]",
  "score": 7.47,
  "genres": [
    "Action",
    "Supernatural"
  ],
  "episodes": [
    {
      "numero": 1,
      "url": "https://www.blogger.com/video.g?token=AD6v5dwl98F1timkNFwiTieIVwTYJ2kPREKbPXv8_eW_TbzDjKP-q2y0j03l6aJGTCUA95pOc2uR2K4lwcemN-D6jYEO8fOSli_qvOPd0PtsqhixrUrwCwAdwWqt1m-TFpWdtPk05A",
      "nome": "The Devil Resides in Human Souls"
    },
    {
      "numero": 2,
      "url": "https://www.blogger.com/video.g?token=AD6v5dwv0L51SASyJ17Gqfjjj-JxqYiXZkRea3KOPvxNI58pxzhlN0pfDfw8GeEy_UOnWdx_rRPb9DHhwsULinmuOjAJ4GCe_YwHjhg-ex0c4hx7_4MasZnDKtVFGhdZN7KtL7A-2i0",
      "nome": "Gehenna Gate"
    },
    {
      "numero": 3,
      "url": "https://www.blogger.com/video.g?token=AD6v5dwegVMQugOlPuwdLLm_9bXTTA0TYTNx2RPMOqgIkdSkSAx6vogGus_hQ4kznvVE3CzpDiIScpUHhc9YZj5POEVJAFxsUilqR5yQX0Rx2AY02ipYJn2LF5R-gn9l9cShWbe3E5A",
      "nome": "Brothers"
    },
    {
      "numero": 4,
      "url": "https://www.blogger.com/video.g?token=AD6v5dxOZwM6lnlGcouJDmaGhFrm_0prl6uee0JlRwLgAWx2BRIdvGXloDBo9uKBw_3wTZJC-W3rAHsV-8w62hQVc9gBo6gmKw3inwYQMLvanXV2M7toOaIwUynz3nEn6CYs4ex9TiG5",
      "nome": "Garden of Amahara"
    },
    {
      "numero": 5,
      "url": "https://www.blogger.com/video.g?token=AD6v5dzib7NZFnVM_J5lSKV8Xc0_q4cJP-SW2jkKgBetuPeAtrbnUVZUfAYa1snMFJZg8cJ679Bn2ALKN1FbCIEzmOvwL3C--ltuwSE-LIeWdYDBXMbyCWk3JTI_xgqb75yeC7HXtlk",
      "nome": "A Boy From the Cursed Temple"
    },
    {
      "numero": 6,
      "url": "https://www.blogger.com/video.g?token=AD6v5dwYcswmRFxZYfTVUmSVC2hArRzs88OnWvLD4qqVEs3va7FllnvIscdJcjekeLr__T3ngM1OjCvwy7beo3dMtIEFrPlM93qeUXoQKBatUXOkjk7321-24Pkx6TI77z6q6HtXeTRk",
      "nome": "The Phantom Chef"
    },
    {
      "numero": 7,
      "url": "https://www.blogger.com/video.g?token=AD6v5dzKBgfh51-SuJ6wA9Ge5RQ0oDvXeQh1rrWTLOpJnpGf8FXa2T2QufnULXYH4ri1Xj6R7xWA2gYHzvy61y5Jdc940dKlZSrY3G7_ZQ5_TM-tCVvkFXGItnsFD-PDEJdE-ra-Cczj",
      "nome": "A Flock of Plovers"
    },
    {
      "numero": 8,
      "url": "https://www.blogger.com/video.g?token=AD6v5dxZmLbNHvTxqc3kapeAkVZm7p154PDhKaOC-TvnGDFIW8S-AHI1d0OMY9ViUWpn3HkGaFk1e8D_-T56rVKDjnLZN0f_FRDA9NOspvXhX7K6uMZ_VpkEjE599Kkfc8LODMlT6QQ",
      "nome": "Now a Certain Man Was Sick..."
    },
    {
      "numero": 9,
      "url": "https://www.blogger.com/video.g?token=AD6v5dzDmwnl53OwE4Bk_TsYj7OwemranG_2EerQLf2zIpC7gczQn7RMCyTpbz5ah0KG1T_zCaycdwZz-r2utwLaXIyc0j7M-Hwx65AyqZdHTmK_0lIGbfLZtASZgtPGPQ17Wfnhs3w",
      "nome": "Memories"
    },
    {
      "numero": 10,
      "url": "https://www.blogger.com/video.g?token=AD6v5dxwdvGXQItdyj0tgujdQzjK3KNfP8G4LAjx8CtjpafR6-TNL-6vPKvaLcrzxm7qsESA3KBmANKQ7eqpXSlItM7nsKb-YMT2XQpqW_cy9OScCB211QcuAB2psPm7FZwX0WldXzLo",
      "nome": "Black Cat"
    },
    {
      "numero": 11,
      "url": "https://www.blogger.com/video.g?token=AD6v5dwr-lQUOyDSHy8fwcdqyVeZZpJkvEUu9PXMNii9F6csY3E6t6Di_F28xrc7S7vuAxAzTc--iYX_kiIpkOFg0WdHyLk-pNqrWZlQMzyiWaaei4o48nRom5tXQfpQsc9SDsxbQMTJ",
      "nome": "Demon of the Deep"
    },
    {
      "numero": 12,
      "url": "https://www.blogger.com/video.g?token=AD6v5dxQRWTtx9V0QZ6ibb8gzSaI4pzLXVZTWviI1nOiDYLcq2vjhjaRENeWFeOJS2DHmGvQ1tZcCT0rt7FR0gT2VQAbubS0oDk31Y5CkJ0n2w1iTiJHfh6Q4PeedW6U66S2wyw8diWD",
      "nome": "A Game of Tag"
    },
    {
      "numero": 13,
      "url": "https://www.blogger.com/video.g?token=AD6v5dzv5f-lCKYT93BEsIm81acrhV-abqYVbJIvFrAMpQuAd5vx0s0_znUgSeklQhpv2J6inzjv8Hc_XaiCZm__n1uHuzwifPQdTI09kLS0yYOAAV8l5wvLjISG6u7Tt7Zz4X2ClXcw",
      "nome": "Proof"
    },
    {
      "numero": 14,
      "url": "https://www.blogger.com/video.g?token=AD6v5dxgI0GGyEntbR0ePMf6c8VlGM2psGIPbM26Ri9ADYQDaarn42lACNV0S_Wx9Mqch7Th0s9HyWmmkGg_0JLKOTU2_dgKU8kGubyb5mFiKMwWpZm2T-QBgn1uXrzP2ra6CetqsIs",
      "nome": "A Fun Camping Trip"
    },
    {
      "numero": 15,
      "url": "https://www.blogger.com/video.g?token=AD6v5dz8R6nTwqXLhj5NkzOK-FnSZFGk4L0AixJXD_eViGraCsjZgE9Uvy1ki9bEtbPEHx0d2Nmvor7F41s-UBfKh9Pg0W3FZlYd0iD3JRAA20MJH5ivZ3dGMd3xAwG3sliMsGHvgXbB",
      "nome": "Act of Kindness"
    },
    {
      "numero": 16,
      "url": "https://lightspeedst.net/s3/mp4/ao-no-exorcist/sd/16.mp4",
      "nome": "The Wager"
    },
    {
      "numero": 17,
      "url": "https://www.blogger.com/video.g?token=AD6v5dwDPZosruDpfoIri-B0ImD-0tr-Tj_nCX_6ykCxOMuQNLmmfUHZjftri579YpkvES1Darc9NwcNSj0vztVt_faC3ctoRV60b-Ou_M15x4KU6o4kdGwGxDcPtPk1-6sfM95fLc27",
      "nome": "Temptation"
    },
    {
      "numero": 18,
      "url": "https://www.blogger.com/video.g?token=AD6v5dyCDP0Zx-g1f7gL2NWe6ugBrHYpa9qQ7aPYxfStrxRAYJOd6TVUBGr_7HPDF25RT54N3doUfZd1VxNm-4cAShqWR_wv-QczIum32XvEno4Kf7XlaZeMdVUeu46F6R4v9JCBan0",
      "nome": "Hurricane"
    },
    {
      "numero": 19,
      "url": "https://www.blogger.com/video.g?token=AD6v5dzcKP8bcdrFKfWLir4wlwXrC_CSXJ9Ypd6JGEiIS2bq-3QFUi0NfchtdCoISe2rJD-_V-jbMm8TsT16jrbKbNoelmYZ5IFFlUFIeZR_rNfHeAG1QOITzG8jDWlyXZMoIKdKkZKv",
      "nome": "An Ordinary Day"
    },
    {
      "numero": 20,
      "url": "https://www.blogger.com/video.g?token=AD6v5dzNMp2Sp5qkcAqJBt4lZT06fJyXTpUmfo19pSa_BUM1Zw9amsLIjYmRObVNMuVAZ0gMfVOTXyp5x8EbNMdb4nLsttx_VbGMRgwVVjOC6xSntn39nXj8bWBPryYglbGCx7zow4oX",
      "nome": "Mask"
    },
    {
      "numero": 21,
      "url": "https://www.blogger.com/video.g?token=AD6v5dy-nbMAS8D_Tm1dWTYnOTPENCm-Z3pgph0gaKpyaEi_GeKWJdyYaH1xupJzhvMmF4iHVx_ZpLtziJPICNTxS2SCHVCbfCjwxcaI-NfCcRYKfxifpTvrsZJ4dBIpYGhsXLCUWwxc",
      "nome": "The Secret Garden"
    },
    {
      "numero": 22,
      "url": "https://www.blogger.com/video.g?token=AD6v5dyaeE6ilHp0GTSx8rePq4NRPjYCeQofVYAyU_v0G4RR6qVVm50EeZJ9TfFU-DATMBBZ6iqdIU6ocY7knh2cT8fLHo0SCEIfWx7FBGPaPMpvHpHz5um_TjQ5sLik7M4mm_hg1YU",
      "nome": "Demon Hunting"
    },
    {
      "numero": 23,
      "url": "https://www.blogger.com/video.g?token=AD6v5dzNEdt1-RqqLXTfzz_PYVBVdpZhULTiRF3_AftXikDgx34oa4PES3MOViZDugijbFraqDQEbw32RxeyTdi8nLku-U-bAGzTXm785aNK2Bo-M-5rtkgIXPmZ3L9Uyoge1pZZk_Y",
      "nome": "Truth"
    },
    {
      "numero": 24,
      "url": "https://www.blogger.com/video.g?token=AD6v5dysnaxoDgdMXXUkg2MXlJzyljiX-N7eDolYBs32NuxonZk-YJaSuyaE9lnkTju-NnTumTvjaZkDGUquIwVFP53hQ7U3zLEy4NaLV8ml498GMsPMVFuXRh-i5ELoKmLtDEPuovQ",
      "nome": "Satan's Spawn"
    },
    {
      "numero": 25,
      "url": "https://www.blogger.com/video.g?token=AD6v5dzE5OSZhP30GJpzEmTqdxDO4xzI5dXTNBWdRZIvgOHv5ZL8MIYiMmk-uX6tfYav3f_XhmosaGKu9-rQkrNTuZG-pVy012q1h9V_alKmtWyZH18flkjgi0AURPnveV6tMxoYfDSQ",
      "nome": "Stop, Time"
    }
  ]
}