{
  "id": 33506,
  "title": "Ao no Exorcist: Kyoto Fujouou-hen",
  "title_jp": "青の祓魔師 京都不浄王篇",
  "slug": "ao-no-exorcist-kyoto-fujouou-hen",
  "type": "legendados",
  "format": "TV",
  "images": {
    "poster": "https://cdn.myanimelist.net/images/anime/5/85201l.webp",
    "banner": "https://cdn.myanimelist.net/images/anime/5/85201.jpg"
  },
  "trailer": "https://www.youtube-nocookie.com/embed/IV6BY5w9b9o?enablejsapi=1&wmode=opaque&autoplay=1",
  "synopsis": "The ExWire of True Cross Academy are beset with shock and fear in the aftermath of discovering that one of their own classmates, Rin Okumura, is the son of Satan. But for the moment, they have more pressing concerns than that of Rin's parentage: the left eye of the Impure King, a powerful demon, has been stolen from the academy's Deep Keep. After an attempt is made to steal the right eye in Kyoto as well, Rin and the other ExWires are sent to investigate the mystery behind the Impure King and the ultimate goal of the thief.\n\nWhile this mission has them cooperating for the time being, Rin has never felt more distant from his fellow exorcists. In his attempt to reconcile with them, he undergoes specialized training to control his dark power. However, when the right eye is stolen not long after their arrival, the unthinkable threat of a traitor amongst them leaves them in need of all the power they can get.\n\n[Written by MAL Rewrite]",
  "score": 7.34,
  "genres": [
    "Action",
    "Supernatural"
  ],
  "episodes": [
    {
      "numero": 1,
      "url": "https://www.blogger.com/video.g?token=AD6v5dwE8VHlLO6HUiRQrh-Jg2xuy06ij-7GMfKvk4X4K51aMwF1A_wyilbI5aXHuaENTk_4cdRirE9DY6Xf9rOM7bqneOK5cJZYxwUyVLHZ8HtDhzkH9wpcLzwvBlOCXbVkW40X0RHR",
      "nome": "Small Beginnings"
    },
    {
      "numero": 2,
      "url": "https://www.blogger.com/video.g?token=AD6v5dwXwwtIL8FAHoMvIFvuJotBrxYovt-crYr7AfWcgU_S9izg4tEnWjkO5nBg5U404MsU0VDZD6W-bVa-68Hn8JrT3sn6i1XJy1F1AfVjNob_sc_Xl5dwO14hr-z1bSUuoIg4v7A",
      "nome": "Strange Bedfellows"
    },
    {
      "numero": 3,
      "url": "https://www.blogger.com/video.g?token=AD6v5dwba8ioPqyzQ4ShE5g73-tvHlApdOqdNZi1B8LzqCIIc-gWsklC8XeEAKLVE3xJWY8rnfoWhg7UL-0naxqy47AHRaQhhI3ytts-CqIwBkOY7yIJCyvazUghh-0h-qfI1io5V8Q",
      "nome": "Suspicion Will Raise Bogies"
    },
    {
      "numero": 4,
      "url": "https://www.blogger.com/video.g?token=AD6v5dweD5MIQyFLhlnALv5BJIzVh6m2p6PTicokWi71z412-NBxuePm-_K_0--7hqO_WvWlzMhMkvF7bygm87Fy_vMLDW-CpcS1In4tDOqVPpTAZ6iRiqwoMXyC-xyBBauBddUzXcE",
      "nome": "Act of Treachery"
    },
    {
      "numero": 5,
      "url": "https://www.blogger.com/video.g?token=AD6v5dzz-BpErXfgelgBrUr7AOKiU5YDQcl7zaeVXjcbVXWFjWaFfHbZs5rEQ35NhJRMGIOz3BRE-uV_D2wp1dB91CvF6X5olUhe7aHaFfJU8qnk9PFbQasaQ93KOWgddq2rW7XIyGjY",
      "nome": "Mysterious Connections"
    },
    {
      "numero": 6,
      "url": "https://www.blogger.com/video.g?token=AD6v5dwlXNSy8lJ2UeAGAqlsCrvxYcWqMR1e1x8LKmmDTkC99cEGYIqevkbHSkMpCPm8Bj_wCWkF9WCAjzC_RSWf0KrGevBmvezjpmFNwbgf9Y9i4aL-23r6e-RUYU2vpOz-X2bxMNUa",
      "nome": "A Wolf in Sheep's Clothing"
    },
    {
      "numero": 7,
      "url": "https://www.blogger.com/video.g?token=AD6v5dwG3ynRBtyClsHdepMzHFxQANmhcTQ_fCJrKfbVOgWv6sUilc0KeYGNv494hO_FWTy4h_jnvS5dc62Kug4-EvXh_Xh0R2CsSzHRw9or8g0xqUPC7exz6Jl9WwTWZYIpHwuYTLul",
      "nome": "Like a Fire Burning Bright"
    },
    {
      "numero": 8,
      "url": "https://www.blogger.com/video.g?token=AD6v5dxUafKljaN9Gu0h0s-bbHNgvX6DOk7hNzWk-iqShulLMeiMZqEbROSyitgdIh40ipObX90AmHJ7_GsoOnyBsu8sr5532oChPt2ta5xpSSa2yBQhvbieuHL7Yb5nvfp--HlMGfPE",
      "nome": "From Father to Son"
    },
    {
      "numero": 9,
      "url": "https://www.blogger.com/video.g?token=AD6v5dxQWKO1gebNe-v4uIR7tu4_JZDnIfiFjqDOV4Euc96GwM1YTAN4uRlZPLyByDw0EDeS1v2iNepAJFYaNYZhSUYBHRtB3SIHFe1VsiuLS9TnnAijQWg8ZKNRWb9T2Nx48HutntI",
      "nome": "Through Thick and Thin"
    },
    {
      "numero": 10,
      "url": "https://www.blogger.com/video.g?token=AD6v5dxrkYO4Ar1lgQHFLI0Iiwjn0FNz2Mi-zNhOk26Gos987BT7_L8vTBVHumGpbX26GYde1AtdnJtY6lQBScCRPEx1Mki-FB6Clelwk-hcuB4pN_MbAzlJPBOPj7RWXwyet81WSqQ",
      "nome": "Unbowed and Unbroken"
    },
    {
      "numero": 11,
      "url": "https://www.blogger.com/video.g?token=AD6v5dzFhsvAx80DQYiasGwmIfW89-o28BcRtY0lj03rhU4FYTJP5YdvjSOwgZagslnoxFzLosqEb7SqnU20OOIAH24HDP8LlhvFKVafIBaB1j4s78IBo2WEZ7KLshI-4vKSnypn1-8",
      "nome": "Shine Bright as the Sun"
    },
    {
      "numero": 12,
      "url": "https://www.blogger.com/video.g?token=AD6v5dxfZzqH25ZpoF440hkxKF_sCSmZ0Eg6S9m6ZjxqXk5DGLgBYX4gJFhmyVvXf-hscABb8tuohAzp5MJnRjgjlZlPFgOiOCAFUI3z4hdSxnqxIdb8rrGN9wulGoiSs2_ZQcxE8n4",
      "nome": "Candid and Open"
    }
  ]
}