{
  "id": 57181,
  "title": "Ao no Hako",
  "title_jp": "アオのハコ",
  "slug": "ao-no-hako",
  "type": "legendados",
  "format": "TV",
  "images": {
    "poster": "https://cdn.myanimelist.net/images/anime/1496/147108l.webp",
    "banner": "https://cdn.myanimelist.net/images/anime/1496/147108.jpg"
  },
  "trailer": "https://www.youtube-nocookie.com/embed/ySnAsuFOH28?enablejsapi=1&wmode=opaque&autoplay=1",
  "synopsis": "Every morning, incoming first-year Taiki Inomata hurries to his high school gym in order to further refine his badminton skills. However, his true motivation stems from sharing the otherwise empty gym with second-year Chinatsu Kano, Taiki's crush and the star player of the girls' basketball team. Although Chinatsu seems unapproachable, Taiki gradually finds opportunities to get to know her little by little.\n\nUnbeknownst to Taiki, his tireless work ethic and admiration motivate Chinatsu to work harder and strive to achieve her greatest ambitions. When her family must suddenly move overseas for work, Chinatsu decides to remain in Japan and shoot for victory at the national level. With nowhere to stay, she is taken in by Taiki's mother, who is longtime friends with Chinatsu's own. Overwhelmed with the new reality of living alongside the girl he loves, Taiki resolves to join Chinatsu at the national level in his own sport—and grow closer to her in the process.\n\nStill, despite being good enough to catch his coach's eye, Taiki must fight an uphill battle to qualify for a spot on the starting team. Cheered on by both Chinatsu and gymnast Hina Chouno, his childhood friend, Taiki aims to make a name for himself among his powerful upperclassmen.\n\n[Written by MAL Rewrite]",
  "score": 8.17,
  "genres": [
    "Romance",
    "Sports"
  ],
  "episodes": [
    {
      "numero": 1,
      "url": "https://lightspeedst.net/s7/mp4/ao-no-hako/hd/1.mp4",
      "nome": "Chinatsu Senpai"
    },
    {
      "numero": 2,
      "url": "https://lightspeedst.net/s7/mp4/ao-no-hako/hd/2.mp4",
      "nome": "You Have to Go to Nationals"
    },
    {
      "numero": 3,
      "url": "https://lightspeedst.net/s7/mp4/ao-no-hako/hd/3.mp4",
      "nome": "Chii"
    },
    {
      "numero": 4,
      "url": "https://lightspeedst.net/s7/mp4/ao-no-hako/hd/4.mp4",
      "nome": "If He Wins"
    },
    {
      "numero": 5,
      "url": "https://lightspeedst.net/s7/mp4/ao-no-hako/hd/5.mp4",
      "nome": "Aquarium"
    },
    {
      "numero": 6,
      "url": "https://lightspeedst.net/s7/mp4/ao-no-hako/hd/6.mp4",
      "nome": "Wish Me Luck"
    },
    {
      "numero": 7,
      "url": "https://lightspeedst.net/s7/mp4/ao-no-hako/hd/7.mp4",
      "nome": "Can I Have One?"
    },
    {
      "numero": 8,
      "url": "https://lightspeedst.net/s7/mp4/ao-no-hako/hd/8.mp4",
      "nome": "Score!"
    },
    {
      "numero": 9,
      "url": "https://lightspeedst.net/s7/mp4/ao-no-hako/hd/9.mp4",
      "nome": "I'll Be Rooting for You"
    },
    {
      "numero": 10,
      "url": "https://lightspeedst.net/s7/mp4_temp/ao-no-hako/10/720p.mp4",
      "nome": "It's Not a Good Thing"
    },
    {
      "numero": 11,
      "url": "https://lightspeedst.net/s7/mp4_temp/ao-no-hako/11/720p.mp4",
      "nome": "Uncool!"
    },
    {
      "numero": 12,
      "url": "https://lightspeedst.net/s7/mp4/ao-no-hako/hd/12.mp4",
      "nome": "Girls..."
    },
    {
      "numero": 13,
      "url": "https://lightspeedst.net/s7/mp4/ao-no-hako/hd/13.mp4",
      "nome": "I Want a Back-and-Forth Rally"
    },
    {
      "numero": 14,
      "url": "https://lightspeedst.net/s7/mp4/ao-no-hako/hd/14.mp4",
      "nome": "What's the Connection?"
    },
    {
      "numero": 15,
      "url": "https://lightspeedst.net/s5/mp4/ao-no-hako/hd/15.mp4",
      "nome": "August 26"
    },
    {
      "numero": 16,
      "url": "https://www.blogger.com/video.g?token=AD6v5dydP2695RSxnc795trEkCWC0swIeQIUkp_8H4sPcICsEIuu5vkzWkMPMDiciqKm1edq37tIx42lt-XomQWFozYtUdi9_9DBLzPGc1QFk5tOqToGGAHFUGIx6K2a7fWnFlquhJ8",
      "nome": "Unfair Woman"
    },
    {
      "numero": 17,
      "url": "https://lightspeedst.net/s5/mp4/ao-no-hako/hd/17.mp4",
      "nome": "Of Course I Want to See It"
    },
    {
      "numero": 18,
      "url": "https://www.blogger.com/video.g?token=AD6v5dwxwflbLRAylI4bnMoM1M3IiZ2Uw2ArDKkSJupUoCv2xnlkoySRFW0cz6RsFH5GGrZv_dQ5Nv4_Pmq0lXuHqiwHVHMs2uQwQARqtIybwPur7lmf71oK2Oc7E5R8Nmf5Y0nSO-E",
      "nome": "I Know"
    },
    {
      "numero": 19,
      "url": "https://lightspeedst.net/s5/mp4/ao-no-hako/hd/19.mp4",
      "nome": "I've Got Plans"
    },
    {
      "numero": 20,
      "url": "https://lightspeedst.net/s5/mp4/ao-no-hako/hd/20.mp4",
      "nome": "As One of Her Closest Friends"
    },
    {
      "numero": 21,
      "url": "https://lightspeedst.net/s5/mp4/ao-no-hako/hd/21.mp4",
      "nome": "A Chance to Blossom"
    },
    {
      "numero": 22,
      "url": "https://lightspeedst.net/s5/mp4/ao-no-hako/hd/22.mp4",
      "nome": "Inota!"
    },
    {
      "numero": 23,
      "url": "https://lightspeedst.net/s5/mp4/ao-no-hako/hd/23.mp4",
      "nome": "Spinning"
    },
    {
      "numero": 24,
      "url": "https://lightspeedst.net/s5/mp4/ao-no-hako/hd/24.mp4",
      "nome": "A Roller Coaster"
    },
    {
      "numero": 25,
      "url": "https://lightspeedst.net/s5/mp4/ao-no-hako/hd/25.mp4",
      "nome": "Even So"
    }
  ]
}