{
  "id": 1051,
  "title": "Ao no 6-gou (Dublado)",
  "title_jp": "青の6号",
  "slug": "ao-no-6-gou-dublado",
  "type": "dublados",
  "format": "OVA",
  "images": {
    "poster": "https://cdn.myanimelist.net/images/anime/3/20750l.webp",
    "banner": "https://cdn.myanimelist.net/images/anime/3/20750.jpg"
  },
  "trailer": "https://www.youtube-nocookie.com/embed/9Od8rfBb-SY?enablejsapi=1&wmode=opaque&autoplay=1",
  "synopsis": "The once famous and well respected scientist Zorndyke has bred a new genre of living being, one that thrives on the oceans and lives to destroy humans. Zorndyke believes it is time that the humans were relieved of their rule of the earth. It is up to Blue Submarine No. 6 and the rest of the Blue fleet to put an end to Zorndyke's madness and creations. \n\n(Source: ANN)",
  "score": 6.97,
  "genres": [
    "Adventure",
    "Award Winning",
    "Sci-Fi"
  ],
  "episodes": [
    {
      "numero": 1,
      "url": "https://www.blogger.com/video.g?token=AD6v5dygEfwgix6H84tr7938q_jGycBHHIQmFMbV4YDEdddFFnpLziU3a-bjVbRDTgnRvPVM65uH_ybbPY_YJT8uVix9Yi73JjvWlLGmxrP2OSxzz3yia5Tk_6OIL_BFKVxag2PQtwU",
      "nome": "Blues"
    },
    {
      "numero": 2,
      "url": "https://www.blogger.com/video.g?token=AD6v5dy6uhH8bEJVDIirtOmhEwUhkQQjj4GNOK_wraJxFbQW6vt921mXrVbH62FN3rCsZeeQZyZhacE2jkiL7SWfgBqsoaX_3pxH_JdZt3hEQlYWehx-Go5t7vTO4jXf2iVHzIMkFRKh",
      "nome": "Pilots"
    },
    {
      "numero": 3,
      "url": "https://www.blogger.com/video.g?token=AD6v5dxRVYgkOSoxZMXA3P55Xc6k05TuV2Qxu0Dh9pFXqaPEeHZrJnXm_T86aLjXEpi1txswrhusZH07vmFlIQuzIYMQRfJfQgxWNQPD_50chcZHKr2YVbNa3q4-jx_d03IJjXZFKTg",
      "nome": "Hearts"
    },
    {
      "numero": 4,
      "url": "https://www.blogger.com/video.g?token=AD6v5dxKeWeOgngG_Nm0xT299udGbfQsJci3bcsV1wQjcHa9l-auCB-raQv6wC7zEU8eX_Ymcgb3rLgCUhkRmRsOILQ0-AwE1xRIfKsHTA2sOO_HOgr41h-BO4e8RDwMzdCXwGPPEpw",
      "nome": "Minasoko"
    }
  ]
}