{
  "id": 58516,
  "title": "Ao no Exorcist: Yuki no Hate-hen",
  "title_jp": "青の祓魔師 雪ノ果篇",
  "slug": "ao-no-exorcist-yuki-no-hate-hen",
  "type": "legendados",
  "format": "TV",
  "images": {
    "poster": "https://cdn.myanimelist.net/images/anime/1617/144043l.webp",
    "banner": "https://cdn.myanimelist.net/images/anime/1617/144043.jpg"
  },
  "trailer": "https://www.youtube-nocookie.com/embed/1p5XY7gcgYU?enablejsapi=1&wmode=opaque&autoplay=1",
  "synopsis": "Demonic activity worldwide has significantly increased due to the involvement and corrupt practices of the Illuminati. To combat the unnatural influx of demons, the Vatican Headquarters decides to hold the annual Exorcist Certification Exam early and allow for as many exorcists as possible to take up the mantle.\n\nStraight from the Vatican, one of the most powerful exorcists, Lewin \"Lightning\" Light, arrives at True Cross Academy to help prepare the students for the exam. The ease and mastery with which Lewin performs exorcisms quickly impresses Ryuuji \"Bon\" Suguro, who has lost his ambition to continue his studies, and Lewin surprisingly accepts him as his apprentice. Amid the worsening situation, twin brothers Rin and Yukio Okumura are sent to locate the recently missing exorcist Shura Kirigakure, who seems to be chained to a decades-long contract with a powerful, immortal demon hiding in Aomori Prefecture's dangerous, snowy mountains.\n\n[Written by MAL Rewrite]",
  "score": 7.48,
  "genres": [
    "Action",
    "Supernatural"
  ],
  "episodes": [
    {
      "numero": 1,
      "url": "https://lightspeedst.net/s7/mp4_temp/ao-no-exorcist-yuki-no-hate-hen/1/720p.mp4",
      "nome": "Ambition"
    },
    {
      "numero": 2,
      "url": "https://lightspeedst.net/s7/mp4_temp/ao-no-exorcist-yuki-no-hate-hen/2/720p.mp4",
      "nome": "Distress"
    },
    {
      "numero": 3,
      "url": "https://lightspeedst.net/s7/mp4/ao-no-exorcist-yuki-no-hate-hen/hd/3.mp4",
      "nome": "Hometown"
    },
    {
      "numero": 4,
      "url": "https://lightspeedst.net/s7/mp4/ao-no-exorcist-yuki-no-hate-hen/hd/4.mp4",
      "nome": "Goodbye to You"
    },
    {
      "numero": 5,
      "url": "https://lightspeedst.net/s7/mp4/ao-no-exorcist-yuki-no-hate-hen/hd/5.mp4",
      "nome": "As If Begging for Tears"
    },
    {
      "numero": 6,
      "url": "https://lightspeedst.net/s7/mp4/ao-no-exorcist-yuki-no-hate-hen/hd/6.mp4",
      "nome": "Awakening"
    },
    {
      "numero": 7,
      "url": "https://lightspeedst.net/s7/mp4_temp/ao-no-exorcist-yuki-no-hate-hen/7/720p.mp4",
      "nome": "Variant Leaves"
    },
    {
      "numero": 8,
      "url": "https://lightspeedst.net/s7/mp4_temp/ao-no-exorcist-yuki-no-hate-hen/8/720p.mp4",
      "nome": "Happy (Merry Xmas) Birthday!"
    },
    {
      "numero": 9,
      "url": "https://lightspeedst.net/s7/mp4_temp/ao-no-exorcist-yuki-no-hate-hen/9/720p.mp4",
      "nome": "Congratulations"
    },
    {
      "numero": 10,
      "url": "https://lightspeedst.net/s7/mp4_temp/ao-no-exorcist-yuki-no-hate-hen/10/720p.mp4",
      "nome": "In the Falling Snow"
    },
    {
      "numero": 11,
      "url": "https://lightspeedst.net/s7/mp4_temp/ao-no-exorcist-yuki-no-hate-hen/11/720p.mp4",
      "nome": "Beyond the Snow"
    },
    {
      "numero": 12,
      "url": "https://lightspeedst.net/s7/mp4_temp/ao-no-exorcist-yuki-no-hate-hen/12/720p.mp4",
      "nome": "Parting"
    }
  ]
}