{
  "id": 56647,
  "title": "Ao no Miburo",
  "title_jp": "青のミブロ",
  "slug": "ao-no-miburo",
  "type": "legendados",
  "format": "TV",
  "images": {
    "poster": "https://cdn.myanimelist.net/images/anime/1079/147334l.webp",
    "banner": "https://cdn.myanimelist.net/images/anime/1079/147334.jpg"
  },
  "trailer": "https://www.youtube-nocookie.com/embed/cStgZyAzVg8?enablejsapi=1&wmode=opaque&autoplay=1",
  "synopsis": "Though he grew up as an orphan, Nio Chirinu finds a place to belong: being a waiter at his adoptive grandmother's restaurant. But this peace does not last long; Nio and his sister Iroha are used as bait to arrest child abductors by Toshizou Hijikata and Souji Okita—two members of an infamous ronin group called Miburo. After the ordeal, Toshizou proposes that Nio join the ranks of Miburo and protect the people of Kyoto.\n\nFrustrated by his own weakness, Nio trains to match the swordsmanship of his new comrades. Even so, he struggles to be accepted by Tarou Tanaka and Hajime Saitou, the other Miburo members of his age. Determined to befriend them, Nio must discover his own sense of justice and become strong enough to prevail against all his enemies.\n\n[Written by MAL Rewrite]",
  "score": 6.68,
  "genres": [
    "Action"
  ],
  "episodes": [
    {
      "numero": 1,
      "url": "https://lightspeedst.net/s7/mp4_temp/ao-no-miburo/1/720p.mp4",
      "nome": "The Wolves of Mibu and a Boy"
    },
    {
      "numero": 2,
      "url": "https://lightspeedst.net/s7/mp4_temp/ao-no-miburo/2/720p.mp4",
      "nome": "A World Where It's Okay to Cry"
    },
    {
      "numero": 3,
      "url": "https://lightspeedst.net/s7/mp4_temp/ao-no-miburo/3/720p.mp4"
    },
    {
      "numero": 4,
      "url": "https://lightspeedst.net/s7/mp4_temp/ao-no-miburo/4/720p.mp4"
    },
    {
      "numero": 5,
      "url": "https://lightspeedst.net/s7/mp4_temp/ao-no-miburo/5/720p.mp4"
    },
    {
      "numero": 6,
      "url": "https://lightspeedst.net/s7/mp4_temp/ao-no-miburo/6/720p.mp4"
    },
    {
      "numero": 7,
      "url": "https://lightspeedst.net/s7/mp4/ao-no-miburo/hd/7.mp4"
    },
    {
      "numero": 8,
      "url": "https://lightspeedst.net/s7/mp4_temp/ao-no-miburo/8/720p.mp4"
    },
    {
      "numero": 9,
      "url": "https://lightspeedst.net/s7/mp4/ao-no-miburo/hd/9.mp4"
    },
    {
      "numero": 10,
      "url": "https://lightspeedst.net/s7/mp4_temp/ao-no-miburo/10/720p.mp4"
    },
    {
      "numero": 11,
      "url": "https://lightspeedst.net/s7/mp4_temp/ao-no-miburo/11/720p.mp4"
    },
    {
      "numero": 12,
      "url": "https://lightspeedst.net/s7/mp4_temp/ao-no-miburo/12/720p.mp4"
    },
    {
      "numero": 13,
      "url": "https://lightspeedst.net/s7/mp4/ao-no-miburo/hd/13.mp4"
    },
    {
      "numero": 14,
      "url": "https://lightspeedst.net/s5/mp4_temp/ao-no-miburo/14/720p.mp4"
    },
    {
      "numero": 15,
      "url": "https://lightspeedst.net/s5/mp4_temp/ao-no-miburo/15/720p.mp4"
    },
    {
      "numero": 16,
      "url": "https://lightspeedst.net/s5/mp4/ao-no-miburo/hd/16.mp4"
    },
    {
      "numero": 17,
      "url": "https://lightspeedst.net/s5/mp4_temp/ao-no-miburo/17/720p.mp4"
    },
    {
      "numero": 18,
      "url": "https://lightspeedst.net/s5/mp4_temp/ao-no-miburo/18/720p.mp4"
    },
    {
      "numero": 19,
      "url": "https://lightspeedst.net/s5/mp4_temp/ao-no-miburo/19/720p.mp4"
    },
    {
      "numero": 20,
      "url": "https://lightspeedst.net/s5/mp4_temp/ao-no-miburo/20/720p.mp4"
    },
    {
      "numero": 21,
      "url": "https://lightspeedst.net/s5/mp4_temp/ao-no-miburo/21/720p.mp4"
    },
    {
      "numero": 22,
      "url": "https://lightspeedst.net/s5/mp4_temp/ao-no-miburo/22/720p.mp4"
    },
    {
      "numero": 23,
      "url": "https://lightspeedst.net/s5/mp4/ao-no-miburo/hd/23.mp4"
    },
    {
      "numero": 24,
      "url": "https://lightspeedst.net/s5/mp4/ao-no-miburo/hd/24.mp4"
    }
  ]
}