{
  "id": 28391,
  "title": "Ao no Kanata no Four Rhythm",
  "title_jp": "蒼の彼方のフォーリズム",
  "slug": "ao-no-kanata-no-four-rhythm",
  "type": "legendados",
  "format": "TV",
  "images": {
    "poster": "https://cdn.myanimelist.net/images/anime/9/77839l.webp",
    "banner": "https://cdn.myanimelist.net/images/anime/9/77839.jpg"
  },
  "trailer": "https://www.youtube-nocookie.com/embed/WOy3WbcbNtQ?enablejsapi=1&wmode=opaque&autoplay=1",
  "synopsis": "With the invention of anti-gravitational shoes known as Grav-Shoes, the ability to fly freely has become an everyday experience for the people inhabiting a four-island archipelago south of Japan. This invention has brought the people new ways of living and also a new sport known as \"Flying Circus,\" where participants gain points by either touching floating buoys or their opponent's back.\n\nThe gullible and clumsy Asuka Kurashina, newly transferred to Kunahama High School, enters this world of flight unknowingly when she is able to pull off a difficult maneuver the first time she participates in a Flying Circus match. Eventually, this leads her to join her school’s Flying Circus club. Led by their coach, Masaya Hinata, their members consist of the experienced Misaki Tobisawa and her overprotective friend, Mashiro Arisaka. Ao no Kanata no Four Rhythm follows this rookie group soaring high above the skies and toward their dreams, armed only with their unwavering passion against an uncertain future.\n\n[Written by MAL Rewrite]",
  "score": 6.63,
  "genres": [
    "Sci-Fi",
    "Sports"
  ],
  "episodes": [
    {
      "numero": 1,
      "url": "https://www.blogger.com/video.g?token=AD6v5dxazEkIC8TJqwJSwXT9q_ksjbtoohtVhxSrk1sEIy4yWo5b8SsdxurWzIyFZRF21TY6hhoYFxt40TOf3_QTY6qybTEylhCYr6oQC6aRHIP1VLEf4QpfvArk2jUe3FBIXnZ40Z-x",
      "nome": "I'm Flying! I'm Actually Flying!"
    },
    {
      "numero": 2,
      "url": "https://www.blogger.com/video.g?token=AD6v5dybKUlK0N6GCMzUHt6SxhiEwbSuw6UlP17KtgjKdzITb_ten5ik0j8hRkHIBL_UbQLMxlL8_nLsbZOhRMe47Q4QWz-5iaIPe1sDPuT3nbI28wX1Ro3Xekp7SAY4LHeF5keJL8O-",
      "nome": "Udon...?"
    },
    {
      "numero": 3,
      "url": "https://www.blogger.com/video.g?token=AD6v5dy9mHKRG4nnJLXaYvc2UdNPGlWnQKXU1sCcM2KTdsShoEN88FsQ4NaakHBtwrfrw2mw6mGl5W6Vw_8-cTx1RoDgMAVO8L-B52BZyiyH0hzlzOP5VfkQX9duaLkrgrypspPZ29o",
      "nome": "I Just Got a Little Fired Up"
    },
    {
      "numero": 4,
      "url": "https://www.blogger.com/video.g?token=AD6v5dwLZ-3fLNG-5W3bvJSIia1ZpJT-a4SrDP1Kr4I3218UG3JiW6v2j_REX_Nru1ohahocDCKkNjmNMozt5v9w9XOZ5MDZA6UctPJVqDjp3vJ4GTCEJhVNO4lOYjPcrKH9HaUoT9c",
      "nome": "Meat Makes Me Happy!"
    },
    {
      "numero": 5,
      "url": "https://www.blogger.com/video.g?token=AD6v5dzzRzS5BrYL4NMMOTK0_6bYo83JbJ_5nugkYztRXAZED5TOoGRA3CRIby2oOAMXu7Ppd9pZfoYQ3PrJIUknrnkOO2VQWTQCvnh9KuYMFPLAFNamH0ocYV4yJylvt3j0Pguo0s0p",
      "nome": "Yeah. Keep Calm and Carry On."
    },
    {
      "numero": 6,
      "url": "https://www.blogger.com/video.g?token=AD6v5dyZjbIDi3y2PkhoZpquQA7CgOZTXR4VJKvHK2yjlfVq2mpONdh-JjNwo89ormRX0jWkr6OLqmCoWSvVV_oNz7MfKYt2nVTRMCkO1PHGAl7drQwd5AeeMlQLvWB1HlR5YQHe2w",
      "nome": "Is That All You've Got?"
    },
    {
      "numero": 7,
      "url": "https://www.blogger.com/video.g?token=AD6v5dwnfn-GzezaXc7ZjNAQgEBGqDabXGd9SmyqtLYS34WcxKgP-XlAIZeTu3lnsswlAB_3mKL5McI3K6z3MnR6dgFw_zCDTmJ__oA_o_228I4sf8lPUrzj2tYDawXyHZG7x1hpKclt",
      "nome": "Sting Before You're Stung!"
    },
    {
      "numero": 8,
      "url": "https://www.blogger.com/video.g?token=AD6v5dy_vOhGqcmD9G5wKha4IlRKL1BXBTgDwWz5qZt0cR6MhsPO5EMwOqIwuNCP0ogtP0BdU41skWJRdJk3eaQMxGo4tDGi1oaQ_xWHxIquBjyfDERorSm9-FNeke50b3osCLMNSZtV",
      "nome": "I... Can't Fly Anymore."
    },
    {
      "numero": 9,
      "url": "https://www.blogger.com/video.g?token=AD6v5dwmgB9vYeR9AXnJa1u_U6c-vcMdQcB5qwd9mXBR9UQvdTJHK8xrwIBJiomO-ZCnUf4K9PvFTofQtfhu7xff2o3Cgo0Ulr29l-Rlvr0EE3KN5zGdIMujfwLvH5tDIBzVA4L6K6g",
      "nome": "The Answer is Up in the Sky!"
    },
    {
      "numero": 10,
      "url": "https://www.blogger.com/video.g?token=AD6v5dyP2g7cGY-HETtGabbnVKDfN3H4dONnqX9Kb0zOc6kE9lRvAUQS8-emlPVmspt583AMyv8LMmMS6jUxWLDT-7A9BDuBM6UaQFX8IUAlTDivRv6AmntX-T0uoYf9iaCllzdo4gA",
      "nome": "Is That For FC, Too?"
    },
    {
      "numero": 11,
      "url": "https://www.blogger.com/video.g?token=AD6v5dzyF8XHQ7xhcE23ZFbG77a4dD1niALtMW5f_DaE1fh-T9zUFJvuoJy1sW8HPlvlmGiGTIqwNGREHiXAxTBeeCUr5acBdFCEvSdC8Q4wIh_pGkOJydVJ3g8trpfxazGzrmNOckSQ",
      "nome": "I Refuse to Lose!"
    },
    {
      "numero": 12,
      "url": "https://www.blogger.com/video.g?token=AD6v5dxgDCzPT8LAmkwSgzOKvQIHLPSi5nTrBP6KKldoe0eUOALGd9B8yYRaMEB0ax9ECbEOTpK3PFahaefixalu0gDY-apXDR0fDe0LmXFq5wEfAsDYIvAyMgcAVXKkZOfUpoYoUXhY",
      "nome": "Let's... Soar Higher!!"
    }
  ]
}