{
  "id": 53889,
  "title": "Ao no Exorcist: Shimane Illuminati-hen",
  "title_jp": "青の祓魔師 島根啓明結社篇",
  "slug": "ao-no-exorcist-shimane-illuminati-hen",
  "type": "legendados",
  "format": "TV",
  "images": {
    "poster": "https://cdn.myanimelist.net/images/anime/1239/140803l.webp",
    "banner": "https://cdn.myanimelist.net/images/anime/1239/140803.jpg"
  },
  "trailer": "https://www.youtube-nocookie.com/embed/eFtUkrxqRaM?enablejsapi=1&wmode=opaque&autoplay=1",
  "synopsis": "At True Cross Academy, Rin Okumura unknowingly comes across the first signs that something is amiss; ordinary people have been gaining the ability to perceive the invisible creatures that roam the human realm, Assiah. While Rin sees this as an opportunity to make a new friend, his twin brother, Yukio, is more burdened than ever. Swamped with his education, exorcist duties, and teaching position, Yukio has remained silent about his awakened powers, unable to understand their scale or significance.\n\nWhile Rin and his friends prepare for the annual Exorcist Certification Exam, the True Cross Order has uncovered the first artificial gate to the demonic realm of Gehenna. Witnessing its size and the advanced technology that made it possible, the exorcists realize they are now dealing with the Illuminati, an extremely wealthy and powerful organization. Moreover, the inscrutable Illuminati have planted three spies in the True Cross Order—and one may be hiding among the aspiring exorcists sworn to protect mankind from the demonic threat.\n\n[Written by MAL Rewrite]",
  "score": 7.11,
  "genres": [
    "Action",
    "Supernatural"
  ],
  "episodes": [
    {
      "numero": 1,
      "url": "https://lightspeedst.net/s7/mp4/ao-no-exorcist-shimane-illuminati-hen/fhd/1.mp4",
      "nome": "The World's Astir"
    },
    {
      "numero": 2,
      "url": "https://lightspeedst.net/s7/mp4/ao-no-exorcist-shimane-illuminati-hen/fhd/2.mp4",
      "nome": "Where Secrets Are"
    },
    {
      "numero": 3,
      "url": "https://lightspeedst.net/s7/mp4/ao-no-exorcist-shimane-illuminati-hen/fhd/3.mp4",
      "nome": "True Cross Academy Festival"
    },
    {
      "numero": 4,
      "url": "https://lightspeedst.net/s7/mp4/ao-no-exorcist-shimane-illuminati-hen/fhd/4.mp4",
      "nome": "Insider"
    },
    {
      "numero": 5,
      "url": "https://lightspeedst.net/s7/mp4/ao-no-exorcist-shimane-illuminati-hen/fhd/5.mp4",
      "nome": "Destiny"
    },
    {
      "numero": 6,
      "url": "https://lightspeedst.net/s7/mp4/ao-no-exorcist-shimane-illuminati-hen/fhd/6.mp4",
      "nome": "I Can't Rely On Anyone"
    },
    {
      "numero": 7,
      "url": "https://lightspeedst.net/s7/mp4/ao-no-exorcist-shimane-illuminati-hen/fhd/7.mp4",
      "nome": "Hesitation"
    },
    {
      "numero": 8,
      "url": "https://lightspeedst.net/s7/mp4/ao-no-exorcist-shimane-illuminati-hen/fhd/8.mp4",
      "nome": "Determination"
    },
    {
      "numero": 9,
      "url": "https://lightspeedst.net/s7/mp4/ao-no-exorcist-shimane-illuminati-hen/fhd/9.mp4",
      "nome": "Help Me"
    },
    {
      "numero": 10,
      "url": "https://lightspeedst.net/s7/mp4/ao-no-exorcist-shimane-illuminati-hen/fhd/10.mp4",
      "nome": "Friends"
    },
    {
      "numero": 11,
      "url": "https://lightspeedst.net/s7/mp4/ao-no-exorcist-shimane-illuminati-hen/fhd/11.mp4",
      "nome": "Pink Spider"
    },
    {
      "numero": 12,
      "url": "https://lightspeedst.net/s7/mp4/ao-no-exorcist-shimane-illuminati-hen/fhd/12.mp4",
      "nome": "Hidden True Feelings"
    }
  ]
}