{
  "id": 56877,
  "title": "Ao no Orchestra Season 2",
  "title_jp": "青のオーケストラ Season2",
  "slug": "ao-no-orchestra-season-2",
  "type": "legendados",
  "format": "TV",
  "images": {
    "poster": "https://cdn.myanimelist.net/images/anime/1078/151796l.webp",
    "banner": "https://cdn.myanimelist.net/images/anime/1078/151796.jpg"
  },
  "trailer": "https://www.youtube-nocookie.com/embed/rJtAcgpJEwI?enablejsapi=1&wmode=opaque&autoplay=1",
  "synopsis": "Second season of Ao no Orchestra.",
  "score": 7.16,
  "genres": [
    "Drama"
  ],
  "episodes": []
}