{
  "id": 30205,
  "title": "Aoharu x Kikanjuu",
  "title_jp": "青春×機関銃",
  "slug": "aoharu-x-kikanjuu",
  "type": "legendados",
  "format": "TV",
  "images": {
    "poster": "https://cdn.myanimelist.net/images/anime/4/76271l.webp",
    "banner": "https://cdn.myanimelist.net/images/anime/4/76271.jpg"
  },
  "trailer": "https://www.youtube-nocookie.com/embed/3-xcAfq7JFY?enablejsapi=1&wmode=opaque&autoplay=1",
  "synopsis": "Hotaru Tachibana has a strong sense of justice and just cannot help confronting those who choose to perform malicious acts. Furthermore, Hotaru is actually a girl who likes to disguise herself as a boy. After hearing rumors that her best friend was tricked by the popular host of a local club, Hotaru seeks to punish the evildoer. Upon arriving at the club, however, she is challenged to a so-called \"survival game\" by the host Masamune Matsuoka, where the first person hit by the bullet of a toy gun will lose.\n\nAfter a destructive fight which results in Hotaru's loss, Masamune forces the young \"boy\" to join his survival game team named Toy Gun Gun, in order to repay the cost of the damages that \"he\" has caused inside the club. Although she is initially unhappy with this turn of events, Hotaru quickly begins to enjoy what survival games have to offer and is determined to pay off her debt, much to the dismay of Tooru Yukimura, the other member of Toy Gun Gun. As time goes on, Hotaru begins to develop a close friendship with the rest of the team and hopes to take part in realizing their dream of winning the Top Combat Game (TCG), a tournament to decide the best survival game team in Japan.\n\nAlthough Hotaru tries her best, there are just two little problems: she is absolutely terrible at the game, and Toy Gun Gun doesn't allow female members on their team!\n\n[Written by MAL Rewrite]",
  "score": 7.14,
  "genres": [
    "Sports"
  ],
  "episodes": [
    {
      "numero": 1,
      "url": "https://www.blogger.com/video.g?token=AD6v5dzUpFR5BkmjnTDr6fo-ywFRdgMayirXA78_mrNGKd7rQfU060Y1RPva6btAOL1bw0zlejpEHpqOayh-dW_49SnjZrr-tzTqVdxMFFrPO1b_JcUWwFN-K-vqC8hiCSIpEfEJD7I",
      "nome": "Let's Start This Deathless Death Match"
    },
    {
      "numero": 2,
      "url": "https://www.blogger.com/video.g?token=AD6v5dzqWn2DH7L-ohHKEShaWXgKuFKnM-EFMXm5UTncsdYCl0fOnNYYCQ0uHQubuf6oTDDFa6cZeuQCJPQz6YqI2jewQGpbcgDj217K2SU21RnVV9tyoM4k2vzWlJGsBjyzypQd1BQ",
      "nome": "Didn't I Tell You I Don't Need Friends?"
    },
    {
      "numero": 3,
      "url": "https://www.blogger.com/video.g?token=AD6v5dzPjAxSOQSDRRtxVvfyRJyb8eBOhzbHN4BeN3Wp_mvRyPcuXGDdhlu8RXAn7Mbwkywz9k1dzEV-Zd9S6xQCl2O6gmlFAi-_ddD9hqe4Iix5lZsaz0asHAVRWaCJahzd6LxGl_8",
      "nome": "It'll Become Your Greatest Partner"
    },
    {
      "numero": 4,
      "url": "https://www.blogger.com/video.g?token=AD6v5dwITH9ls3TY7cV-V6Jf_bQoWlt3oRefWFgRJR8mYKaVkeF_mS38lfxePV1sLzrlbJoihd8z-04lZNYvJ9LszcRkiS2ZBlvuOtNRSQ6D31_vVNyMilIQhWwXiteoiAqMKpI3mR9w",
      "nome": "He's Not Cut Out For That Tournament"
    },
    {
      "numero": 5,
      "url": "https://www.blogger.com/video.g?token=AD6v5dx8oXBA6MProx6i8r6soXsbM4xvzVjT58Yg3gQAvronaziGML13YpSSLMhT8u_Xj8vwYszHor6WyjVi8EhauLAuOHGoBMc1k_boi1P3XE6OFb_8QHLz8X5VPeNhVVUkRPfwYkGF",
      "nome": "I Don't Want to Leave the Team!"
    },
    {
      "numero": 6,
      "url": "https://www.blogger.com/video.g?token=AD6v5dzwndJnw2pAgVdSykKymYsMiYXoy3rndA8UkmA_vlQIBgmo3hGl9D80UyBbaL5LSkl16XGOC6jYlBN2iyJdu3k7eTLDk4WvG4Kt9hTy6BPbEGjVk9xeZT4ZpJLR-ZNV9GjYVWw",
      "nome": "The Storm Is Coming"
    },
    {
      "numero": 7,
      "url": "https://www.blogger.com/video.g?token=AD6v5dywiX-0Btd8k1LG3ydHRnzmypJ04qiPh1C-ZyqzA2XGCuxK1Fy9PlvG7ooWXFwddh1_v79T5BeXvb3CQ2yZcJAvU2VSfBKBPFDKh0UhLWxtMQ2EUa_m6vokkcPWdTvirgMR6Q",
      "nome": "We'll Have to Crush That Hope"
    },
    {
      "numero": 8,
      "url": "https://www.blogger.com/video.g?token=AD6v5dw2MDzD-kRFZhks1ZFKRlhov50Bgbm00KGCOQ3gva2fhUz4DR4tJaVE0f7gVaiPjVpYQE3zmAmrBTLb2DbRad4SOWeOLjl61Hez6fPamjXiNRtzXP5JQBTnZPQ0YHqzE1SKOR9e",
      "nome": "What Controls Your Mind Now"
    },
    {
      "numero": 9,
      "url": "https://www.blogger.com/video.g?token=AD6v5dyRw_aNA6P2XaR8ta0_kLgWw7A-vhaXvExiX53_6UxK3eSiCoE2ff9AHj_A5nePAM0PbzbGGy4qFyxlUItcdqk7hG7RyfXD7tiR6suIHFf9WnbdsMt0dCMKQQoTquIs5fQmZuH3",
      "nome": "That's What Makes Me Cool!"
    },
    {
      "numero": 10,
      "url": "https://www.blogger.com/video.g?token=AD6v5dwyzGk7QZgPhBrPqwlPK443pySSAcyjXEqr1iZHCwbWtWUjJByN9qbmh1Bp4yKW7UhVHTj2fhgqNhFbjgsO1IAD1C5oVZF0xVc3AK1gBYVFjKd1Q2PZB9S5MsA1YBTSCVrUow59",
      "nome": "I Want to Fight With These People"
    },
    {
      "numero": 11,
      "url": "https://www.blogger.com/video.g?token=AD6v5dwbo1Q0kZMD8dDbYtLpGYoXa2J1xHAOEaTL6K1uvdyQ6PXMwtOW6kXWP-ilv15lL4C41N8zMjJ-P_gKYWGYj8Vx7oyHWwJ5_D3ygS4XFrzSGnzlq0GrFak38y8rsoKzhqXpq4o",
      "nome": "Let's Do Something Fun"
    },
    {
      "numero": 12,
      "url": "https://www.blogger.com/video.g?token=AD6v5dxeMC6A9IaqgNaPE5a9IGDbN8vjKUXIaTv9fTBpyfM_DuDcFvKRBl9XIZKP2s8iQ6IWptGU8yzQ3vm_liSxcU0cwSeIBNuQcNtKC-GUBFqJMaNOQEOXVakThrh_6mL1XKOQF4k",
      "nome": "I Won't Yield!"
    }
  ]
}