{
  "id": 6164,
  "title": "Aoi Hana",
  "title_jp": "青い花",
  "slug": "aoi-hana",
  "type": "legendados",
  "format": "TV",
  "images": {
    "poster": "https://cdn.myanimelist.net/images/anime/3/80255l.webp",
    "banner": "https://cdn.myanimelist.net/images/anime/3/80255.jpg"
  },
  "trailer": null,
  "synopsis": "Shy and soft-spoken Fumi Manjoume and upfront and caring Akira Okudaira were best friends in elementary school, but this changed when Fumi and her family moved away. Years later, Fumi moves back to her hometown after being accepted at Matsuoka Girls’ High School. She finally reunites with Akira, who is going to attend Fujigatani Girls’ Academy. Despite their reunion, their relationship isn't the same as it was years ago.\n\nAs soon as Fumi starts attending school, popular senior Yasuko Sugimoto takes notice of her and flatters her more than any other underclassmen. After running to Akira for help so many times before, Fumi must figure out who she is as a person instead of standing in someone else’s shadow.  However, that doesn’t stop Akira from wanting her friendship with Fumi to be as it once was. Will the girls be able to conquer the high school stage of growing up before it pulls them apart?\n\n[Written by MAL Rewrite]",
  "score": 7.08,
  "genres": [
    "Drama",
    "Girls Love"
  ],
  "episodes": [
    {
      "numero": 1,
      "url": "https://www.blogger.com/video.g?token=AD6v5dxsPB6MII2qUuZiSZH9yqVGQnLTOCN0V7I1izEac6vUIiAnTKjdZJBBlla1VSfoHmMZCinrFXGPZBqEDWwhCUewFHCUQF4fVJVasZSemMUJAEq5a4R5pNHWQn0Y57ewrp-hV_20",
      "nome": "A Flower's Tale"
    },
    {
      "numero": 2,
      "url": "https://www.blogger.com/video.g?token=AD6v5dzLWmUxfDd52dOneHPs2o3jG94SaZwdOdbTdasOqgYD85YbpVAysGcTC9zlYRqX2SG2_cbwjHc14Z0ss7Xx-N-zQZeLdqeGBJW-ylEdwvV6cS1imD19ZkuGMppf81bkqlRAlK4J",
      "nome": "Spring Storm"
    },
    {
      "numero": 3,
      "url": "https://www.blogger.com/video.g?token=AD6v5dzmu6elW7sWQvQfGM_BFjFCigDtA4Ti5YysR7xb56zP25fEGUXdI4JSWrL1GFaEDx1SqABXsCZ5C7w_rjYao6cRASDlFxS-r0PntVRqkU9qSoumkYXXoMWOFOBcduI9OPo5xrxo",
      "nome": "When I Wake in the Morning"
    },
    {
      "numero": 4,
      "url": "https://www.blogger.com/video.g?token=AD6v5dzYfBmsHeLCNxNRAMmGcBVNYsv_ZrKmearJwtqhRZYIYUkU5iOHyI5LRRsuwPqh4R5zqb1A62WdYPTaTZO_YRW23_PkfmFBbrh-JsFrW0vBXCR5Neq_N2WtoUQE3LiH7TgzImWR",
      "nome": "Youth is Beautiful"
    },
    {
      "numero": 5,
      "url": "https://www.blogger.com/video.g?token=AD6v5dyb372i27-92T4ZYfTah8dObPoJAIXOtUeiEMLX8KvNu2Vuy2Jv0ltUHMCfWIQQ9lKybR2wRqIbx_dxsD5RXFLFULDAIgmU0APSDypcw_E8BMYnPgg2KFS6o_bHBMQUTAOLoRjQ",
      "nome": "Wuthering Heights (Part One)"
    },
    {
      "numero": 6,
      "url": "https://www.blogger.com/video.g?token=AD6v5dw0ejme33TgedfndiPSqfD1WQS9Kt6U-2GJvIHOJAHG9Uq_btBS--KwkqpxTBj0gPVsdv9K_i0OKWEXTbxMECCc433k_68tulTLs8YznAK5A6ZtltSmIXweMfc_CJjK-2hF2ug",
      "nome": "Wuthering Heights (Part Two)"
    },
    {
      "numero": 7,
      "url": "https://www.blogger.com/video.g?token=AD6v5dwkKhRWLXD_uLSIkt8aeu1GKedgFvXbiKyOd0rREWT8hox3AD-2LAyX7PzVdiXzKrzYGuQABw3laggahmyU8cKqu6_RfgzS7p0pWZhQer-dtdO9uXY7_4_IdLY_QRwL9seqiK0",
      "nome": "Days of Youth"
    },
    {
      "numero": 8,
      "url": "https://www.blogger.com/video.g?token=AD6v5dwogSlgHIc1jecxguIFandogjHABsjbgdsep9LPDacbOWC7zDyQ5FUQ0MAorvliZx4FlZIzuOPS5eYq7TBkjX9VMCvaPUTEoMZZWRZzL2JQsb_ZxLoISgfws3DpCQcFBglehlE",
      "nome": "Love is Blind"
    },
    {
      "numero": 9,
      "url": "https://www.blogger.com/video.g?token=AD6v5dz3NK_K-to2CRnQQwhasABVzNwlDswiAynC6TV1LRyc3rosbbIhNaGV8g2eI6BkogRjN1SdZhdLmj-TxdIo2ShRj2bL59dJsGVpJR0RlAeTgmH3KCSy9UQLA0Lp-3_iWDK2qU_U",
      "nome": "A Midsummer Night's Dream"
    },
    {
      "numero": 10,
      "url": "https://www.blogger.com/video.g?token=AD6v5dzxMnaqH6USjFejfRX9xLLa1klFylJtxQdwx5ZvBU9S86gAWkp5Vb8XNDv5fzam1PYgMBbV-CIwFtlVaiFkPDKfaeW8vKdZwubNmtGT2NMhSouts9ry9WCkWtqogmaZkKXccno",
      "nome": "The Prince of Happiness"
    },
    {
      "numero": 11,
      "url": "https://www.blogger.com/video.g?token=AD6v5dyD30SDpwuaVFUZWKPyBMaAl5MFsjReRQN-bUzEAJA7xNBTXZizOzfxC35mHu2M1AmFbvLOtA39rdZ4Rr15Px1iCMpaSA8NpITJ8V58AIFHC9ri0YIk4RImHEdbZH0q2brYdjYf",
      "nome": "Winter's Fireworks"
    }
  ]
}