{
  "id": 15133,
  "title": "Aoi Sekai No Chuushin De",
  "title_jp": "蒼い世界の中心で",
  "slug": "aoi-sekai-no-chuushin-de",
  "type": "legendados",
  "format": "TV Special",
  "images": {
    "poster": "https://cdn.myanimelist.net/images/anime/4/43233l.webp",
    "banner": "https://cdn.myanimelist.net/images/anime/4/43233.jpg"
  },
  "trailer": null,
  "synopsis": "Segua Kingdom has been losing the war against Ninterdo Empire but the tables are turned by the appearance of a boy called Gear. All the characters are parodies of Nintendo or Sega games such as Sonic the Hedgehog, Super Mario Bros., The Legend of Zelda etc.",
  "score": 5.66,
  "genres": [
    "Action",
    "Adventure",
    "Comedy",
    "Fantasy",
    "Ecchi"
  ],
  "episodes": [
    {
      "numero": 1,
      "url": "https://www.blogger.com/video.g?token=AD6v5dwRHAYrVgzHx1VNvx_RtsibJpCXwDB7tq9Q98KK1VMfnHRJeVEu5HdmNKJFpUuWft-d2xWusY1fFL7fSWazDVLb1DZJjw9BizvHv60sOwdiEobMVNzD5T_j6EZB10ZXGVeEZnQ",
      "nome": "The Hard Wars of Consume"
    },
    {
      "numero": 2,
      "url": "https://www.blogger.com/video.g?token=AD6v5dwxCP6L9K1eDlO3Oeu4R7N6aerYh49TgL0YXn25jZu4MlDBCXU9dxLFUNl-Nl9KqXguBmLKMy_Hf4Ff5ipYU4Ygpz6ZVAF0EkggW6ywRv_KPMMyUVfimZwwAHvJiC4VHTQsiV0d",
      "nome": "Killer"
    },
    {
      "numero": 3,
      "url": "https://www.blogger.com/video.g?token=AD6v5dwNUKFo0xC_2OQOSxIlXMrWoSx4jRyKpywLWvnq4f1mLeC2DPqFj8l1LbQHi8JZVL9Bhb9aYzFTehGsVVeXlM1IxuN5crtlqA67E8aZK8fc2HHVG8VIQpkruXbs5fPg3hSNizc",
      "nome": "Lost Star and Kid"
    }
  ]
}