{
  "id": 7193,
  "title": "Aoi Bungaku Series",
  "title_jp": "青い文学シリーズ",
  "slug": "aoi-bungaku-series",
  "type": "legendados",
  "format": "TV",
  "images": {
    "poster": "https://cdn.myanimelist.net/images/anime/10/17471l.webp",
    "banner": "https://cdn.myanimelist.net/images/anime/10/17471.jpg"
  },
  "trailer": "https://www.youtube-nocookie.com/embed/mkZf_LbiAHo?enablejsapi=1&wmode=opaque&autoplay=1",
  "synopsis": "1. Ningen Shikkaku\n2. Sakura no Mori no Mankai no Shita\n3. Kokoro\n4. Hashire, Melos!\n5. Kumo no Ito\n6. Jigokuhen",
  "score": 7.65,
  "genres": [
    "Drama",
    "Suspense"
  ],
  "episodes": [
    {
      "numero": 1,
      "url": "https://www.blogger.com/video.g?token=AD6v5dzRYQQj9lfOeyUrOcK7Kw37zrz3hABlaS5ryHiXvb_H0Ub3YQD8VhwRMSTzKsFSGepaxSDsj0kvFv6CXQifB-r4NwxxmiMYWsKD1Yoq_u28ANXcJJ6Mh8fr0VVTbJdFuepkl00",
      "nome": "No Longer Human - Chapter 1: Double Suicide in Kamakura"
    },
    {
      "numero": 2,
      "url": "https://lightspeedst.net/s3/mp4/aoi-bungaku-series/sd/2.mp4",
      "nome": "No Longer Human - Chapter 2: Ghost"
    },
    {
      "numero": 3,
      "url": "https://www.blogger.com/video.g?token=AD6v5dw5T632dVDxLr6kMXd1IZUBI3-S4-CmporWDDbW4BaKnXImpoj1wUY319Mmj0k9vEZ53FQmyjaM1T_6Ds_AUnrCzbkV_yi9AHuxsk7hYLbUt5EG5dzs72wjEMXfwq27mv8h4PE",
      "nome": "No Longer Human - Chapter 3: Society"
    },
    {
      "numero": 4,
      "url": "https://www.blogger.com/video.g?token=AD6v5dxTXEl5rKfy_pK96H59zVyCKxHsDVAdbCbV9PnyNI0DDhuSrEbK_h-mK5EEb1BJnxN03L1GAKoMq8cnP7mCK8X-1QiAfjbsSHBc5rtlCjvojR2HeYKDAHzDsNLru1lX7Ui60EOX",
      "nome": "No Longer Human - Chapter 4: New World"
    },
    {
      "numero": 5,
      "url": "https://www.blogger.com/video.g?token=AD6v5dyfgoiGVDRNIK2kTw7k6mK7wgJb8cGnveQeOEXIMJlbJsMeEbNdn4WoVxcGaXsbcuA22JtjOIud9K25zWfxjfj0SBeIpTCUuebG3fBrEQdfzRflSKJ4UYA6e84eEtbDJ63EX1ts",
      "nome": "In the Forest, Under Cherries in Full Bloom: Chapter 1"
    },
    {
      "numero": 6,
      "url": "https://www.blogger.com/video.g?token=AD6v5dzWAXH294HA5RRiHpAv_KwbJJT1YQFG9teRzWt92GPddb60mLm5DHTLvD9kJqe_Jk97YVncmSuz3Si_Hnovw5ZylM8u77HgPTSRYyLEERkOScDYd1YDurXkt71FhJsTpRE584IK",
      "nome": "In the Forest, Under Cherries in Full Bloom: Chapter 2"
    },
    {
      "numero": 7,
      "url": "https://lightspeedst.net/s3/mp4/aoi-bungaku-series/sd/7.mp4",
      "nome": "Kokoro: Chapter 1"
    },
    {
      "numero": 8,
      "url": "https://lightspeedst.net/s3/mp4/aoi-bungaku-series/sd/8.mp4",
      "nome": "Kokoro: Chapter 2"
    },
    {
      "numero": 9,
      "url": "https://www.blogger.com/video.g?token=AD6v5dzUtaV4I5KqSLcwqbICAdmwGv302qikfQ1IXs3oIoqu53snxoFok6_Tl0k66ifnVyUPECD9V7CmUWq8-FjMFGs47urd60bDfze3wv9x45FJrnwKvnUXNFeLTO-sAcVznNicP2Xz",
      "nome": "Run, Melos! - Chapter 1"
    },
    {
      "numero": 10,
      "url": "https://www.blogger.com/video.g?token=AD6v5dwGvVhQv20YnmxQe7mvuQm2iuQNEYqWgEbQ-BmX0zRXafUdFTQ2kkhbB-U9Y0k3ng93yV3Yj_U08c3i8Cb8kx7_nH6Y5bqRHat2Dav1XWO07_BWZLVF-ab-Vhele56C1UfzmPEb",
      "nome": "Run, Melos! - Chapter 2"
    },
    {
      "numero": 11,
      "url": "https://www.blogger.com/video.g?token=AD6v5dy8KTNpwYhP4lQrzj_SsGoIvLlserQ8Lia_QcQDAVEWmxMDdPBT6zdX7_tHN16KZF-CItINqdDtiRsV5ZSbvTjmKcbE2XnBkghJnCptyTEIg7WnAKQNjMJzW699dKwh65gMUW4",
      "nome": "The Spider's Thread"
    },
    {
      "numero": 12,
      "url": "https://www.blogger.com/video.g?token=AD6v5dyZIc2Exl9lgU5ky0D2_jRJjeSnCQf2hoHGyMpezi1TXXI1LNC03NuTPwQ9oIV_0kbR4Q3-JYD0IC5RUK6a5aus0bsPZrbHrceQhi2faIxVizrpPSOwlMx-pgqMMud_N1IyXhfZ",
      "nome": "Hell Screen"
    }
  ]
}