{
  "id": 18893,
  "title": "Aoki Hagane no Arpeggio: Ars Nova",
  "title_jp": "蒼き鋼のアルペジオ ‐アルス・ノヴァ‐",
  "slug": "aoki-hagane-no-arpeggio-ars-nova",
  "type": "legendados",
  "format": "TV",
  "images": {
    "poster": "https://cdn.myanimelist.net/images/anime/6/56143l.webp",
    "banner": "https://cdn.myanimelist.net/images/anime/6/56143.jpg"
  },
  "trailer": "https://www.youtube-nocookie.com/embed/4I9zfuf3bbQ?enablejsapi=1&wmode=opaque&autoplay=1",
  "synopsis": "In the year 2039, the drastic effects of global warming have caused sea levels to rise, resulting in major loss of land. To ensure humanity learns its lesson, a fleet of powerful warships equipped with advanced weaponry emerges, causing overwhelming defeat for naval forces throughout the world. Calling themselves the Fleet of Fog, each ship has a \"Mental Model,\" a humanoid avatar which represents the ship's heart, its \"Union Core.\" Each model has a different personality but all follow an unknown authority known as the Admiralty Code, who have implemented a blockade to prevent humans from traveling across the sea.\n \nSeventeen years after the blockade, Gunzou Chihaya, a National Marine Academy alumnus, stumbles upon I-401 and its Mental Model, Iona, who sides with mankind for unknown reasons. Utilizing this newfound hope of achieving peace for humanity, Gunzou and his friends form a group of privateers, known as the Blue Steel, as they set out on a dangerous journey.\n\n[Written by MAL Rewrite]",
  "score": 7.33,
  "genres": [
    "Action",
    "Sci-Fi"
  ],
  "episodes": [
    {
      "numero": 1,
      "url": "https://www.blogger.com/video.g?token=AD6v5dyuQRBgMBLqthpQqiy_0HANR6U0sE8K3ABseOp3WuYxitzSfbPNQTHedVOIbvf-XcRyd3bhL44gKwo43HXvr1HTRKEqz8Ta38qxGafyL67jn190ktdsbfPMgA4ApwZtjVqiKycF",
      "nome": "Those with Shipping Routes"
    },
    {
      "numero": 2,
      "url": "https://www.blogger.com/video.g?token=AD6v5dwJhYiYyKiqxPohKjmzE8RJUYD1vkYNWrTSBVBHB52rlUqAYQ2u1PjPW759nxacIitESvYxZvmCxwRpsl82E16zQtmxILUoNQVQ6ssVcINRnYA3ytTvn--HOJv4ZHse3rP04wyO",
      "nome": "Into the Storm"
    },
    {
      "numero": 3,
      "url": "https://www.blogger.com/video.g?token=AD6v5dzmM8mdk9TN4ee4GrKaUTRYpqQNWi8u4q6kTHsIXOqKtvvbG_7N4Hck_pJq49CKrSI-x6hCjCADHG7XCLZnzQFc9CDpzGARkZOwLHOEjC7-4aUx9D_X9xXDw4FUGhjQS1xq6G5i",
      "nome": "The Fortress Port of Yokosuka"
    },
    {
      "numero": 4,
      "url": "https://www.blogger.com/video.g?token=AD6v5dwwOkGiM4EFVnLvhdYJfbIq2XAklDEGOaK97F10Im75rIEVs-z2jH8h2SawkM8Bypy0DluVu-Xd-wxLvkfMwwHsS9xJdvBHZ45fXNkeiYSKTOck6Fzc3kfl9Dv8w_ySCXglKS7C",
      "nome": "Assault on Yokosuka"
    },
    {
      "numero": 5,
      "url": "https://www.blogger.com/video.g?token=AD6v5dy2J6kUP6_Az0WaXcOdkK55K9MCiji0IGSAs30Y3RSCt59g3KYvXWxdRYphWxMoVq4nDUZvHpRqA7Rbr2gtk_y6EHggJBImqBgI8f_f2FflOjW_7A_hEhcAhoJnKmZrNkFDfrNi",
      "nome": "Not Human"
    },
    {
      "numero": 6,
      "url": "https://www.blogger.com/video.g?token=AD6v5dx-eVxVaot_5TvTwFj9zWP2TsKDJQ-T_SrDgKyeBkwBLiStOJH4CyHFSpteiVHjygXWXd9AgSk2d4dyyRu3LL0rPvbW9Sp6m0-yUcnZv87anUEQRTD7xT461NJGRrgvgQ8j22Vd",
      "nome": "Friends"
    },
    {
      "numero": 7,
      "url": "https://www.blogger.com/video.g?token=AD6v5dz5WdgCt2_x-CxO87zVY8yPfqafeG_Usg565DvoKYCqAjDUDDKhr4vPU8v-jrFN_JxloW2v9zHWqCZ5SR2ulNSlk7WnWAQA8_Iye4nZGaALVzUjoHCFT5sak2Clwsz3DpHm0hqJ",
      "nome": "Iwo Jima"
    },
    {
      "numero": 8,
      "url": "https://www.blogger.com/video.g?token=AD6v5dzcoXHjcW3u_mb15WGfFywFBxDYOPeKEPr8t4UHSaCTN7vNXG996G0akURSjPPE1MKEZBHtKzv-sO1cRs0-tYOBwWQ8JZ0-xxKS_j5l_yvTWKWEVmTBCLe8SQzHII0xQaz10x8k",
      "nome": "House of Dolls"
    },
    {
      "numero": 9,
      "url": "https://www.blogger.com/video.g?token=AD6v5dwsoI9U4P6Z67Eh306H8Qf0Vgs6FbFSBENk_v7jVlc1Fe0s8Hj7FUOsoAi1e4QO5pcyvTi4Q0WXBvTFYuus58-duP9x-P522tr7F7CmDJoFzq4bP_8HyFOpIPkrVrIO7kjnIdY",
      "nome": "Desperate Escape"
    },
    {
      "numero": 10,
      "url": "https://www.blogger.com/video.g?token=AD6v5dzIujlEvWwgO6Ot8yZCOD3suwnI8eXuK95p_1YUfbjh_FKx1VzvYzy-tc6sUt3nc4ehnrYukfMbIOxuihspgDrgVdiec1Qt0dMbpFZI4-mJDcUiioUL4HssL4zMY2WJzmYEd2i9",
      "nome": "Devotion of Self"
    },
    {
      "numero": 11,
      "url": "https://www.blogger.com/video.g?token=AD6v5dwxkeY5e7UvSHailJ1yxAQT5xndK6FuiuqqwLvLFHoqzFLkKqmsL2g6b4VXm8W8uQDW0_PQZLrI6GILCMEfYvWqJVu8vTdfn24K5a74cX4fE1XZqoJSit59wOdmXFeaoJmnq0dS",
      "nome": "Sisters"
    },
    {
      "numero": 12,
      "url": "https://www.blogger.com/video.g?token=AD6v5dyKKfZbliPws_aO5YnAoXe6feVWgdYUANH0gRN_-GJJPu9Z-Z1DBktdBW0rn0Mn9e1DO00ykH-_0dRhOlR_Zng3I_rIL7f6DJ47CxXP1fofNNlBypui0sQ7vtsgjaMVDcDGZw",
      "nome": "The Power to Open a Path"
    }
  ]
}