{
  "id": 3306,
  "title": "Aoki Honoo",
  "title_jp": "青き炎",
  "slug": "aoki-honoo",
  "type": "legendados",
  "format": "OVA",
  "images": {
    "poster": "https://cdn.myanimelist.net/images/anime/8/25644l.webp",
    "banner": "https://cdn.myanimelist.net/images/anime/8/25644.jpg"
  },
  "trailer": null,
  "synopsis": "Ryuuichi Kaizu, intelligent, ambitious, and dedicated, but at the same time cunning and immoral young student receives present from girl Emi Naito, who comes from wealthy family.\n\nRealizing that being in relationship with her can help him reach his goals, he decides to make her his, without her even being aware she is just another woman he is using.",
  "score": 4.66,
  "genres": [
    "Drama",
    "Romance"
  ],
  "episodes": [
    {
      "numero": 1,
      "url": "https://lightspeedst.net/s3/mp4/aoki-honoo/sd/1.mp4"
    }
  ]
}