{
  "id": 59675,
  "title": "Apocalypse Hotel",
  "title_jp": "アポカリプスホテル",
  "slug": "apocalypse-hotel",
  "type": "legendados",
  "format": "TV",
  "images": {
    "poster": "https://cdn.myanimelist.net/images/anime/1511/148642l.webp",
    "banner": "https://cdn.myanimelist.net/images/anime/1511/148642.jpg"
  },
  "trailer": "https://www.youtube-nocookie.com/embed/IYtWf-Q5umQ?enablejsapi=1&wmode=opaque&autoplay=1",
  "synopsis": "In the year 2157, Gingarou Hotel, a luxury establishment in Ginza, Tokyo, employs advanced hotelier robots to provide best-in-class hospitality. Unfortunately, no one has visited the hotel in decades, as humanity has long abandoned Earth due to its toxic atmosphere.\n\nYachiyo, the robot \"acting acting manager,\" works tirelessly every day alongside her mechanical crew to keep the hotel running in tip-top shape. Over the years, many employees have ceased functioning, with no hope of repair or replacement. Still, Yachiyo continues to fulfill her duties, just as she promised the hotel's owner before his departure. She remains optimistic that humanity will one day return to Earth—and that she will see the owner again.\n\n[Written by MAL Rewrite]",
  "score": 8.01,
  "genres": [
    "Comedy",
    "Sci-Fi"
  ],
  "episodes": [
    {
      "numero": 1,
      "url": "https://lightspeedst.net/s5/mp4/apocalypse-hotel/hd/1.mp4",
      "nome": "A True Hotel Is Always Storied"
    },
    {
      "numero": 2,
      "url": "https://lightspeedst.net/s5/mp4_temp/apocalypse-hotel/2/720p.mp4",
      "nome": "Tradition Evolves With Innovation and Experimentation"
    },
    {
      "numero": 3,
      "url": "https://lightspeedst.net/s5/mp4_temp/apocalypse-hotel/3/720p.mp4",
      "nome": "A Smile Is the Ultimate Ambiance"
    },
    {
      "numero": 4,
      "url": "https://lightspeedst.net/s5/mp4_temp/apocalypse-hotel/4/720p.mp4",
      "nome": "Food and Etiquette Are Mainstays of Culture"
    },
    {
      "numero": 5,
      "url": "https://lightspeedst.net/s5/mp4/apocalypse-hotel/hd/5.mp4",
      "nome": "Provide Unlimited Hospitality in Limited Time"
    },
    {
      "numero": 6,
      "url": "https://lightspeedst.net/s5/mp4_temp/apocalypse-hotel/6/720p.mp4",
      "nome": "Our Only Vice is Service"
    },
    {
      "numero": 7,
      "url": "https://lightspeedst.net/s5/mp4_temp/apocalypse-hotel/7/720p.mp4",
      "nome": "Bow Down Deep but Always Aim High"
    },
    {
      "numero": 8,
      "url": "https://lightspeedst.net/s5/mp4_temp/apocalypse-hotel/8/720p.mp4",
      "nome": "Discipline with a Fist! Reconcile with a High Five!"
    },
    {
      "numero": 9,
      "url": "https://lightspeedst.net/s5/mp4_temp/apocalypse-hotel/9/720p.mp4",
      "nome": "Bookmark Today's Page in Our Guests' Lives"
    },
    {
      "numero": 10,
      "url": "https://lightspeedst.net/s5/mp4_temp/apocalypse-hotel/10/720p.mp4",
      "nome": "Clean Sheets Symbolize Pure Hearts"
    },
    {
      "numero": 11,
      "url": "https://lightspeedst.net/s5/mp4_temp/apocalypse-hotel/11/720p.mp4",
      "nome": "Wag Your Tail, but Never Wag a Shift!"
    },
    {
      "numero": 12,
      "url": "https://lightspeedst.net/s5/mp4_temp/apocalypse-hotel/12/720p.mp4",
      "nome": "Aim to Be the Number One Hotel in the Galaxy"
    }
  ]
}