{
  "id": 40532,
  "title": "Appare-Ranman!",
  "title_jp": "天晴爛漫！",
  "slug": "appare-ranman",
  "type": "legendados",
  "format": "TV",
  "images": {
    "poster": "https://cdn.myanimelist.net/images/anime/1087/111636l.webp",
    "banner": "https://cdn.myanimelist.net/images/anime/1087/111636.jpg"
  },
  "trailer": "https://www.youtube-nocookie.com/embed/vUAgKm8LBE4?enablejsapi=1&wmode=opaque&autoplay=1",
  "synopsis": "No dream is too big for Appare Sorrano, a socially-awkward inventor living in a small rural town in Japan in the late 19th century. Fascinated since childhood by the creation of steamships that can connect people across great distances, he's learned to make machines of all kinds from various scientific texts. His goal is to sail across the sea, beyond the sky, and ultimately, to the other side of the moon.\n\nUnfortunately, through a string of events, Appare finds himself stranded in the middle of the sea on his mini steamship. Floating alongside him is a skilled but cowardly samurai, Kosame Ishikki, who was tasked to keep his eccentric behavior in check. Just when all hope seems lost, a large steamship saves them and takes them to Los Angeles. With no money or plans, they decide to participate in the \"Trans-America Wild Race,\" which gives Appare the chance to build his own automobile, and Kosame the opportunity to use the cash prize to return home. However, against rival racers and unknown challenges residing in the wilderness, just how far will this adventure take Appare and Kosame?\n\n[Written by MAL Rewrite]",
  "score": 7.24,
  "genres": [
    "Comedy"
  ],
  "episodes": [
    {
      "numero": 1,
      "url": "https://www.blogger.com/video.g?token=AD6v5dxeYQJ-ivDBLK22nlwUE-RxLY9uz23fgJLfVmnegdwQqLFtZl49sBochCQ1ulxK20qIjWKLg6ZvQ8tEz2k7e3uyH44f6cwKbyE4Xu4RZvrb_smvwrAwNwjGogHkKw-HXrGMAGo",
      "nome": "Sunny (Appare), with Occasional Showers (Kosame)"
    },
    {
      "numero": 2,
      "url": "https://www.blogger.com/video.g?token=AD6v5dzg41T1IZGNijmIysODCJeJNMz0J1QeFXKWd_OyNlqH3rog-onUHzmygjH-fy8EdDIa7QszvmOAU6qijMt-pMSaRI06dp7VlcJReuS-l6uP_aQZ2LREbxz29ozSK9W9txE1pEo",
      "nome": "In the Dark"
    },
    {
      "numero": 3,
      "url": "https://www.blogger.com/video.g?token=AD6v5dwRDByXPBABm_anjcpcp7DcUgUFv1R_x6uI7GUy7z3KfOxNoQmCDyd_q8ABWDl8MM3cRmH1t-FAQLFC4L6IQoxbLtrMXSpbhjSw4xDF6MCyOU-mEeFGOSf0Mcr2BJZPLWv3cWw",
      "nome": "Duel"
    },
    {
      "numero": 4,
      "url": "https://lightspeedst.net/s3/mp4/appare-ranman/hd/4.mp4",
      "nome": "Let It Go"
    },
    {
      "numero": 5,
      "url": "https://lightspeedst.net/s3/mp4/appare-ranman/hd/5.mp4",
      "nome": "The Eve, and..."
    },
    {
      "numero": 6,
      "url": "https://www.blogger.com/video.g?token=AD6v5dyRKxLttIaK04ulJ5DlKybB1XBKSIebiOtEX3eVS3Z_ZTRZhF2HVkvdREuurvC6vaWrUdg2Urd_uavR1Kf4t2Pe9JSZL0amlSmH2MexuQJVnOWOxT2HLEbB_Yq36HKre6QegOmM",
      "nome": "I Am Gil!"
    },
    {
      "numero": 7,
      "url": "https://www.blogger.com/video.g?token=AD6v5dzxfa-arnj0YhVsbcDARAz_Ge1Vq7xFJ_eCmImewIvZrbJTxAUMowRSUmDj3Bhu2wtmNM6UBWukapwEUak2gh1hgYkjNxkXX1h_RbDPlwkKBHmO3O6WQRPYfqIila_5NOupS3M",
      "nome": "Fake"
    },
    {
      "numero": 8,
      "url": "https://www.blogger.com/video.g?token=AD6v5dwVyEccgbSmD304z4u73YFeFfaCmyW0ky5H6Cn8Nc4GxKQMwrAl6xk8YeYHRixI8y9cqjav8AbMjfztJ4FvJ_TsNPCGwN3jaWaSDz2qAuH6RStu0B8uk7R-er9E6pY7bfid4dmU",
      "nome": "Heavy Rain"
    },
    {
      "numero": 9,
      "url": "https://www.blogger.com/video.g?token=AD6v5dzYHaaGO0uqJkp9UJ92zpj4BSSS4Po4Ym9adkp0fEUK0AQK9uuUbMDCTgn1X9fePuGmCxMKOKDoOivYmPFW16VlwkovFV7ZCtRV3Xbf7oyTYxAoF2U022QYdxsxve5YMDLy9EWw",
      "nome": "Short Break"
    },
    {
      "numero": 10,
      "url": "https://www.blogger.com/video.g?token=AD6v5dw906vP4Ib-gZojKar-95fbRtKg-NJhZ4e43q-ClKF78U2YWv3kdot8R15UfqCxJPrBJqlwIc4s6iuMLBWmDoQSzalSd-q-MVpzXvlXAi76W0Z0k0Bq9jn6YbmVxj-yRwOpU3nA",
      "nome": "The Bridge to Hell"
    },
    {
      "numero": 11,
      "url": "https://lightspeedst.net/s2/mp4/appare-ranman/hd/11.mp4",
      "nome": "Rain in the Dark Night"
    },
    {
      "numero": 12,
      "url": "https://lightspeedst.net/s3/mp4/appare-ranman/hd/12.mp4",
      "nome": "We Will Stop You!!"
    },
    {
      "numero": 13,
      "url": "https://lightspeedst.net/s3/mp4/appare-ranman/hd/13.mp4",
      "nome": "Over the Moon"
    }
  ]
}