{
  "id": 30382,
  "title": "Aquarion Logos",
  "title_jp": "アクエリオンロゴス",
  "slug": "aquarion-logos",
  "type": "legendados",
  "format": "TV",
  "images": {
    "poster": "https://cdn.myanimelist.net/images/anime/4/74989l.webp",
    "banner": "https://cdn.myanimelist.net/images/anime/4/74989.jpg"
  },
  "trailer": "https://www.youtube-nocookie.com/embed/flcYx70r4aE?enablejsapi=1&wmode=opaque&autoplay=1",
  "synopsis": "For thousands of years after its development, mankind used the written word for communication between people and generations. As millenia passed and technology became more prevalent, writing - and thus, communication as a whole - diminished, until it could only be found on cell phones and computer screens. Seeing an opportunity, the sorcerer Sogan Kenzaki starts infecting words with the Nesta Virus, which brings them to life and turns them into monsters called MJBK (Menace of Japanese with Biological Kinetic energy).\n\nTo counter this attack against humanity, an organization known as DEAVA (Division of EArth Verbalism Ability) assembles a group of youths with the ability of \"Verbalism\". They have to pilot the vector machines, which are used to form the mechas dubbed \"Aquarions\". The one wild card in the situation is the self-dubbed \"savior\", a young man who is the direct relative of a famous calligrapher, named Akira Kaibuki.",
  "score": 5.7,
  "genres": [
    "Fantasy",
    "Romance",
    "Sci-Fi"
  ],
  "episodes": [
    {
      "numero": 1,
      "url": "https://www.blogger.com/video.g?token=AD6v5dwx3dOcAnEZt4R2m-w038hRS8JovoeKj9G3o4q2hzdmCAncF8Aa_7acFOHXPBGHYoK6BMTrREbVhAoKGgL-edK3FgYBJIPN3rDosa59XP0a5YL3rJlcGW5ZlagwMqWmX6Wq5jo",
      "nome": "Shout! Sousei Gattai!"
    },
    {
      "numero": 2,
      "url": "https://www.blogger.com/video.g?token=AD6v5dyc99HfG7rA7jdjbXH0RnaZv0XwFY6QsjTfI1tBLR97Ag8ENbCBSsQEVNDv0CfysRfm-btNSyKVanhYOBiPr1XLXeDARGubWd2u_L01jzQpHHKF4bfYBG3SbZ5aocaiTwL8aKpP",
      "nome": "Shine! Light of Thought"
    },
    {
      "numero": 3,
      "url": "https://www.blogger.com/video.g?token=AD6v5dy22-egS19ToJ4AuRC3eJhdnySC3YN7eCoyrstjOlYWZ1VCJc29ebfwv7S-OQWmHKhiZW-GtBfJ_5ZQL24FGrGDJ1W1BIOEedKkk_BUZKZj738usbr9IzI-cUTP91h3c-nsdu0",
      "nome": "Resound! A Dream for Me Alone"
    },
    {
      "numero": 4,
      "url": "https://www.blogger.com/video.g?token=AD6v5dz2KWN0jvLBhTaC2XLx0T9CNmVOm_rKdLTZ9DRhJoN1MEMmcC85a_FOCa0HCGbAmA-myEytWcY73inZI8qGv7q8yzNXKnP9ly1qX8TYWVrNcbwAPFRG5DqOf7ZLYho3FusWJyy4",
      "nome": "Let Fly! An Arrow that Pierces the Heart"
    },
    {
      "numero": 5,
      "url": "https://www.blogger.com/video.g?token=AD6v5dwfqJjlFCN3LW4M_BGFMrzelGvpLxsEMOFH6HfZ1zpNtuFUa5hwsOKlHGw-0Yi4zaa4hfk1lt052j8EEbuW57D5SDueByRjtiV7FI2nle34VzhbNsxwNssXfmZ080LvwW4_zLY",
      "nome": "Take it Back! Our Summer"
    },
    {
      "numero": 6,
      "url": "https://www.blogger.com/video.g?token=AD6v5dwb9wJWMrhGvcVndmxxXZu_yWQ1yTSgA-G1fLFxIitGrZZDQiAVMS-9ToasBFjbOvKDW7qVMWZm54DPBdWRGdwmvfZxXJ2AMiNozYaAwqrPxFZ8T7gdAJKZuSgcrpOJOKzhLJ9p",
      "nome": "Light Up! Your Strength"
    },
    {
      "numero": 7,
      "url": "https://www.blogger.com/video.g?token=AD6v5dyOaOO84b-6rG4KYrC694_YcCmFxO52ml09mMVNNSro-Mv1UKQyV7O8TSEq6b9pUYjrEf3AQTeDoJ1lp4PpIGQdKLVfKBmwC9DyuPD8NZzDJQNYxNUMVS6TAm0nry-ao8OMStc",
      "nome": "Burn It! The Savior's Flames!"
    },
    {
      "numero": 8,
      "url": "https://www.blogger.com/video.g?token=AD6v5dwSVaXkCWgjgtfMYvBcEBtMqVJGWhi-EsyWZwXvXfeAJXPLg3B8_QPTH4xNKil65iXmqJj5kBq7mZbrTSpLhDmGLsxycowSA5pcSsgGlGWG8wQBioW2pA-yUxEbR5Nd7P2NI2qD",
      "nome": "Pierce It! The Insect Part"
    },
    {
      "numero": 9,
      "url": "https://www.blogger.com/video.g?token=AD6v5dyNYym7Y9h_d8Ywi1RzWUYEwZ1aK1Bo65UXn4bQvmHJvHb38s9mmiKAphOzyMOkwGn4FClM0S3ZKOcx-qkawvpCUavR9T_KQXSPdOM2gSqdZvi-XaQspjLb7prKvaydX3h1gpY",
      "nome": "Clear Them! The Inviting Shadows"
    }
  ]
}