{
  "id": 10447,
  "title": "Aquarion Evol",
  "title_jp": "アクエリオンEVOL",
  "slug": "aquarion-evol",
  "type": "legendados",
  "format": "TV",
  "images": {
    "poster": "https://cdn.myanimelist.net/images/anime/6/72743l.webp",
    "banner": "https://cdn.myanimelist.net/images/anime/6/72743.jpg"
  },
  "trailer": "https://www.youtube-nocookie.com/embed/uZrWpmKaWzs?enablejsapi=1&wmode=opaque&autoplay=1",
  "synopsis": "12,000 years after the events in Genesis Aquarion, humans live on the star Vega under constant threat of trans-dimensional beings called Abductors. These enemies originate from Vega’s sister star Altair and raid Vega for human life. As a countermeasure, an organization known as Neo-DEAVA formed to combat the Abductors. They pilot advanced mecha suits called Aquaria and are strictly separated by gender. Boys and girls are not allowed contact; they are even restrained from fighting on the same battlefield. However, events take a shocking turn when an advanced Abductor mecha suit joins the fray. Two teenagers, Mikono and Amata, are dragged into the conflict. Unknowingly, Amata performs a taboo when he summons an Aquaria and initializes what is called the Forbidden Union between male and female Aquaria. Neo-DEAVA is shocked, and the repercussions of Amata’s actions are much farther reaching than he realizes. How was he able to summon an Aquaria? Where did he learn to form a Forbidden Union? And why was Mikono also able to pilot the mecha suit?",
  "score": 7.07,
  "genres": [
    "Fantasy",
    "Romance",
    "Sci-Fi"
  ],
  "episodes": [
    {
      "numero": 1,
      "url": "https://www.blogger.com/video.g?token=AD6v5dwVhU-FHKj0DuOAFBSbsGRSymSjiyMODI5alMG5fWQdqVrINoBjCk4HELRWAXBP-sf-svK61wP6GS91-50PUPX3VC1I3lzemJxzUzy2fsR47YNK_9sacfq13kvjY7wcI3VW3IY",
      "nome": "A Myth That Holds An End"
    },
    {
      "numero": 2,
      "url": "https://www.blogger.com/video.g?token=AD6v5dyH8dKDSZVtbfFRaDro6Iy2P18izIgKzkQf7tfZu4p5W9JFExE782taGuf5MO-melZYKsPPEtlxLlzUaQQpcXQ5ve3TnD9UBGXisTs_S_7txhCbGURs9Gj2oKSmqYUPae4doJw",
      "nome": "Forbidden Gattai"
    },
    {
      "numero": 3,
      "url": "https://www.blogger.com/video.g?token=AD6v5dz0_VP9bj_468n0GrCzupmPD_M8OJJNBOi3FEC3eIzExNtvOu5DdOwfpb0nYKX0fBvIsnPuR6vrLP_JKzfoXzcNdQWm3xs6T0HndZmdX80PhQQN5Pk9-qTAVGsXY7uYY-Pdgvo",
      "nome": "Love Index Skyrockets"
    },
    {
      "numero": 4,
      "url": "https://www.blogger.com/video.g?token=AD6v5dzJF7ex9IC7OsHlY58RsqZ_fyUQ0LdV6IpbJKPFX6g12DuM54yC04YzDeF8nPoLbakzYedMdtqWZMyYTwfUFnoFWIL2ye9V6pKTqcVeRJh4eY4uTE6t03erWwcoulQtgYOaDtk",
      "nome": "The Wall - Conquer Oneself -"
    },
    {
      "numero": 5,
      "url": "https://www.blogger.com/video.g?token=AD6v5dyNAUR7lD3dqHANCdz2VRE7Vs_kjhaAkui_p5dsYKEEAoaU-kaaaBtCsqwknn8Ro8WTh8XUkHmZb0uQ9OsdyzMSS_camv2eUrmBbaE25uHKP_MYC5NZ9e_mJAotaNURdgJhy3U",
      "nome": "Romance Prohibition Order"
    },
    {
      "numero": 6,
      "url": "https://www.blogger.com/video.g?token=AD6v5dzpPI3z0_LYBYGMj3tvUbn7g19apeygEShZYEfeHRKQJrMmtSpBjRS1P4mTPCkcDNNtDvub9NtBCJfdjVarYxyrLWwANIaz8BVsAai3HDbe7TWxqf_F9c2HpxilZeomslmSoWg",
      "nome": "Agitato of Life"
    },
    {
      "numero": 7,
      "url": "https://www.blogger.com/video.g?token=AD6v5dzotUSKo4JSOk9_2Y_m6sLoMCV0b4RxPalvDzUnLIVPjKbRIVayWP8t_g6RepJZ-T2xQ58Pb2aCYgyABLYNUgCM3kRlzQVXJMoZdz85FbmflsXa3-pvbAfZaq0lJ0fnX0YsFZrW",
      "nome": "Midnight Girl"
    },
    {
      "numero": 8,
      "url": "https://www.blogger.com/video.g?token=AD6v5dwWr-pqeSL0Wa1o2hhDU6aaP7Ff2b3tnUookUMp2Kw-Fd7B7HNZYZbGtvvCdoVi5qhJpiBoBGP0aTNGNxD7Z_Dgn6D3jH8QgiFNehVE-C787lyJIDkZSgvrjMe584F9XhheO9pF",
      "nome": "Expose"
    },
    {
      "numero": 9,
      "url": "https://www.blogger.com/video.g?token=AD6v5dzYigc82KcLBOJoiaKFt0k9DSJ_ZJsRUe3AnN3tnaF-RqhIHSP6kG10jLrD73GhGMaqI19IYd78vaai3wKNyZ0lniCSN-X_QsqGLW9j1jsjws4ZaL3qvS8gSBdHQhOPqw7Wn2I",
      "nome": "Anagram of Man and Woman"
    },
    {
      "numero": 10,
      "url": "https://www.blogger.com/video.g?token=AD6v5dwAJn27tcVfW-nLGfyflHAa_UDjWIK5kTRl48b_DcYIiSaBG4xvZXw4EDQw7A1zwT5qzEWOf2EbS2H05VouOyTyhgbF9mdeQ0v7t5rsD9nCmj1NS73_Ih5UNMzfwnLFq8vkwdGb",
      "nome": "One-Eyed Transfer Student"
    },
    {
      "numero": 11,
      "url": "https://www.blogger.com/video.g?token=AD6v5dz3HwCVozJZyU_YxwlhI7NHBdkZugl5IMtOFfArWBjkivEE0z-wRgZTZE7hS1ZjPAxWgG3mYxMpDKsn-gufCGgEXnDJ_MEtagv1ceR_PVNNmAfO0IvEQ7epCB4fz0xJWRCdF070",
      "nome": "Calling of the Wild"
    },
    {
      "numero": 12,
      "url": "https://www.blogger.com/video.g?token=AD6v5dw0gNSx4mO1onuNmkVqMhK-N7CNdDWwGkq1t2p0cPvF0qjHa4qRVuBtWtzmKfQ3KMazvcI9xYG9__5lnF1PXKPfDF-i0YKvQWQR0YxJ3sX8rZs7_TcSn6gxuz-kAXLPeuM0tFQ",
      "nome": "The Skies Aquaria Flies"
    },
    {
      "numero": 13,
      "url": "https://www.blogger.com/video.g?token=AD6v5dx-PIM7M1BFafCSPUc7XnoQRtw8WPcslbPW8aLhEojFn8qI4YVgwFzzXgqEgG5NT30J6aTUzEoGAdxYKRCxTPjIER_2Eu7j6wanNKBC-5RQhNMV7cE_lBLx0M4QpdNfZVDnNYvt",
      "nome": "Fallen Giant"
    },
    {
      "numero": 14,
      "url": "https://www.blogger.com/video.g?token=AD6v5dxthTfS-HuUac-MpJ6l6PKKx1biShW_3Cp9PcsMHi1WxBl3fgyG6-T1FePP5Zb7PNZqfs0WmVVuPY0GHdhXbN0-24zMvBGbqXIU_euTNE1t0Lkyl_70LuqydBaYdR9iFeCt27g",
      "nome": "Beyond an Individual"
    },
    {
      "numero": 15,
      "url": "https://www.blogger.com/video.g?token=AD6v5dwb1_hlUK1OJnRV6mxv_6YgqfCJ4UyU4z83k8XP3TsZ0herKPXo9pJD5Gcubdz-gtjERFX_UXRqyagPpYDFM_b7ygRB2NeUJqxLaPqiBUCg-qPvJMeUHCCOUyLa89shM3O65tC0",
      "nome": "Love Beasts"
    },
    {
      "numero": 16,
      "url": "https://www.blogger.com/video.g?token=AD6v5dxIiU3u5k6SwuqCDdfZ9iYyzzxazpux4aPOh0FPT5fyxtjgSnYZ_X4_hKCRNhF797TW6TLtYNtzt0TqvIVCyOtcvPewTNnVkQ6esTbskK2WlqwdrN1vaRdbaUQ1lsr2b31kexs",
      "nome": "Soul's Confession"
    },
    {
      "numero": 17,
      "url": "https://www.blogger.com/video.g?token=AD6v5dwX2KeatRGURekXigqO00HW8og2Sl3TYo6yfKzwRv7pSb0QC1MsVGBaCEy_DucuQCtLhXhF4m4i2Y7mlLbswi-mlAqRzibGwK_ylxHjtTqjDU6uFlkMGPbDXP0F4HnMtSJKuMs",
      "nome": "Well up, Life!"
    },
    {
      "numero": 18,
      "url": "https://www.blogger.com/video.g?token=AD6v5dyn_cdHkCfW2ZFI4J3-qy7h_NjJkXIbhoidu2cB31aFBWjW4HbrQmgyu4f_ZKf0FZcipPj9jqq2GpLIvtXgCUuePag4v19f37uBvfImMRFKxr17TvlatqC87yIedorudM3bnBoA",
      "nome": "Rare Igura"
    },
    {
      "numero": 19,
      "url": "https://www.blogger.com/video.g?token=AD6v5dx_m0q0YK-95USaQupQjdI4qG_ILskDwHNLxekamwMMK72MRHPG0QGmP29F0J68tNbWBjURAVx87iyfcMuOlOJAz9sfbynJuJJcy42PC86dgmYw7W9xtKCEAfvMO2M6gsznmadd",
      "nome": "First Reunion"
    },
    {
      "numero": 20,
      "url": "https://www.blogger.com/video.g?token=AD6v5dzppILeueO05-25GcrUZp2A7PpEzcJdY_odexgae041vZ2KO1UqS08Y9zWfWwFh4MgRqX3Hgu9NlSrL6qZoXKp1v49_yA-6qaiN1MtUupgihdZeERZJu46g-eQ8F95GeALklt0J",
      "nome": "MI⋅XY"
    },
    {
      "numero": 21,
      "url": "https://www.blogger.com/video.g?token=AD6v5dzz8yTacNybYkTvQdJY6Q52PLNHZH9OnUX1o1KGn4rxYXTV3NuykLc-iUrt86738sG_OSYtjkAtfZl4DM1gNCqwURnWY_iN2U15j-Xn4qXYVAr4_TZnLq54ZMicTdtzrOeLgOsR",
      "nome": "Kiss"
    },
    {
      "numero": 22,
      "url": "https://www.blogger.com/video.g?token=AD6v5dw_KcBqeoey1z_a97o20nqYNesFk6LzDFw4pD-GyIufEiD247cASIbdctVolXuEICNnIBvWYTfZIcC2tVwE8s2zXFqjYhoxgLTUQMJE4zIpAtqAUHisOyTKP_oidtYx6pMlryo",
      "nome": "Wing of Revival"
    },
    {
      "numero": 23,
      "url": "https://www.blogger.com/video.g?token=AD6v5dzolnf_k0-Ftmq1j4FlmNWrJa8hSfzYtMeoVDqnBDWsdqaOLROrcsaLzv2gaUxHN5I7vMDsiGfLoIqCfPEWqbfRDIhl_4UM_5g1jtlsbdLA6Ubmnp4ykIJYVG4rTwBk9SKeGqca",
      "nome": "Melody of Myth"
    },
    {
      "numero": 24,
      "url": "https://www.blogger.com/video.g?token=AD6v5dwzGcnEVHN02LpOlzek8ofnj5QbcDm9nzN3i7xypTq8xGh3WnRiefb2BsNjcBT5-GnpnacC2Bqt08CQG1kuLvwpevnxB6NAU2UX50_t0NqZAyBi5FwxBTzX2z7UNsvnonQ4Bhc",
      "nome": "ephemera"
    },
    {
      "numero": 25,
      "url": "https://www.blogger.com/video.g?token=AD6v5dw_hF5TZy3zbQ7iHcggWh2T7BH3kg5qQP1-MCt4mW0PRE-QOAeEc1EzkMQmxIMeY_-TJCwVdpljMlfTegA06VWpo3gH5Lp4ZUClGbWhDgp0ATYmZwQQ9xRJbiOlJY3oZKVi8g8",
      "nome": "Fragment of Adam"
    }
  ]
}