{
  "id": 38753,
  "title": "Araburu Kisetsu no Otome-domo yo.",
  "title_jp": "荒ぶる季節の乙女どもよ。",
  "slug": "araburu-kisetsu-no-otome-domo-yo",
  "type": "legendados",
  "format": "TV",
  "images": {
    "poster": "https://cdn.myanimelist.net/images/anime/1622/111483l.webp",
    "banner": "https://cdn.myanimelist.net/images/anime/1622/111483.jpg"
  },
  "trailer": "https://www.youtube-nocookie.com/embed/f-lS_fWGUZE?enablejsapi=1&wmode=opaque&autoplay=1",
  "synopsis": "When they were little kids laughing and playing together, Izumi Norimoto and Kazusa Onodera were like siblings. But as their bodies matured into middle school, Kazusa began seeing him as something different; unfortunately for her, so did the other girls. Ostracized, Kazusa had no choice but to distance herself from him going into high school. After joining the literature club, however, she finds friends that keep her mind occupied. Known throughout the school for reading aloud sex scenes in literature novels, the club's reputation has kept all teachers from accepting the task of being their adviser.\n    \nDuring a discussion about what they would put on their bucket list, one of the girls says one thing: sex. This single word sends ripples throughout the five girls, as the thought of sex begins taking over their daily lives. And, after walking in on Izumi during a very private moment, Kazusa is sent into a spiral of emotion that forces her to face her true feelings for him. Now, with their hearts racing and the literature club facing immediate disbandment, the five girls must work hard to keep both their sanities and their club alive.\n\n[Written by MAL Rewrite]",
  "score": 7.29,
  "genres": [
    "Drama",
    "Romance"
  ],
  "episodes": [
    {
      "numero": 1,
      "url": "https://www.blogger.com/video.g?token=AD6v5dy5HS3O99Ya039yMLeRX9vwvbGAPZ82Cev2KRHPgBPB06xIDWYRsKqguNU7TkikZuIwv_TJZzsel3oqrRQDM2hskLgt2iSgfgJwguJpPxs7HjCv-zAobUTkeKY9jCXddIG03qjo",
      "nome": "The Taste of Her Pork Miso Soup"
    },
    {
      "numero": 2,
      "url": "https://www.blogger.com/video.g?token=AD6v5dy2YIqGFVmcKxni1AYPZ55J0VKU8aHZK6alRtK6e2XSsqdNBEotEywHyLn-1BA4yMMRdkGq45sWK-kQ80f_OOc8zJiUuTNefwZRoj4oi1AgWSwYI4RrGasBsKQT8s7L812sQgk",
      "nome": "Es Ee Ecks"
    },
    {
      "numero": 3,
      "url": "https://www.blogger.com/video.g?token=AD6v5dxt6897RQEuKeTsdMapLQtz9PgVBsckc9mFIhYk3u16yO4alQdrE_keNSzigXpP0eKcVLtt7KNg3OWMlSviqYirfMXauRh2jW1w615URedKqAzFPqVlMLCBYjodaauVFG0zkHY",
      "nome": "Willy's Real Rear Wheel"
    },
    {
      "numero": 4,
      "url": "https://www.blogger.com/video.g?token=AD6v5dxqWNvu0ORTN1FzsJRYOk6UckFUDnO6gXUCQahd_G_9dJzC0HXS5OVGtULIGoTGER6tfdYBabZLM79zSAAJLrOQJSEmpV7pNBuGt7VtEWkGGhh8dl-49X4oFirC7AsStHs9cAg",
      "nome": "The Purpose of Books"
    },
    {
      "numero": 5,
      "url": "https://www.blogger.com/video.g?token=AD6v5dwHGYnRQsPOu_k4dOSTfvNnIq-B2w9nVu1DwpEwcTIESoF_GYtO0S6COjtKodI6jU0mxSGM_LxmaK5Nx89Ja8i4A7KgaqdZzosBA9U1tgB1ZDUJTR5CinVEiZmlmrslHRZMMLfq",
      "nome": "Things That Changed Before We Knew It"
    },
    {
      "numero": 6,
      "url": "https://www.blogger.com/video.g?token=AD6v5dzpU8KeXd7k007Rt_x4QkzwY6MUtIu9kLqJpLnXg_hH4hPsoqjqXfwufCEE4esMq8p3Ge15ZfpoaCs2OZ9CHilTsvY_MhGJgJ-lKTwaiiTC9c7_eCUllD20DILxVJZjP8pGIXFX",
      "nome": "Maidens in the Woods"
    },
    {
      "numero": 7,
      "url": "https://www.blogger.com/video.g?token=AD6v5dz4X63FiIifxewG_wm_W6IitKNPKqXVyPXsFfu2Do_DQUE3sl7IwkzNI44usc_nffvOOzNJfzfnNHZpzyAKgUoP6gjDmEKr1H4sGA12EKuk5CA48ue7RzJTggee5zxX_0DqTxzR",
      "nome": "Jiggling, Then, After"
    },
    {
      "numero": 8,
      "url": "https://www.blogger.com/video.g?token=AD6v5dwvoqVLIUddhdkMTcERgzA-Hy-o-NCj_9hLOuKIJcvj9qdw95gdhbjzpV5u1OkxRxn1A-FjSYzvRcBCo52jnXGpgNjHEmLoeTkzhCoQKvLKucMCMYz_YDJJyOP3qCp0aPTUSijG",
      "nome": "Legend of Love"
    },
    {
      "numero": 9,
      "url": "https://www.blogger.com/video.g?token=AD6v5dyprYMoRVGpU346lunqZ3oD_VlIa64uWil_bUdRDT4QHCNy_nt1FVjyFPXXnW_H1bIQlEWgaxEghqETiUAWqEnXPec3Vj14Pu-fAvahxoCJN8J8wbXwHZtW7AZgZ2uhTNZlkbI",
      "nome": "The Orange Fox's Lilies"
    },
    {
      "numero": 10,
      "url": "https://www.blogger.com/video.g?token=AD6v5dyprWEOab8npS7NtMFz9Amrn9EwPLCGilMoNZHps5TEUVw3D_u_6bo7Utzu_N942sN1jWDPwIFQW_3Ugn9nx0rCKKQBB6CBEtDjajHRI3Qp3QSc5LDtRMGPgFEruvZMcrpnarRz",
      "nome": "Holes"
    },
    {
      "numero": 11,
      "url": "https://www.blogger.com/video.g?token=AD6v5dzOeSb_C5pYkkeHnYfL_XzP5ULAlDMSbq3esfP-w0DJbNCBC4IixL3oVwpXPxzm66tg0lCNZOZIi890iUh9THnI_6CaFHkRx-y0Q48vNM6TfAZ9bUGbB4kXON-Jy_cfrUsrR2I",
      "nome": "Inappropriate Conduct Between the Sexes is Now Forbidden"
    },
    {
      "numero": 12,
      "url": "https://www.blogger.com/video.g?token=AD6v5dzpVgs65062w4J7pwtHzcD7LgjI88_ESbG7TdOe47zCcgV7rVXe7qgKtvowQfwNuU3ABiAyHlt009aQZZMZS7swBDGZl-xUPzb_GJx3GFQ1grjlqghDgt5tEJyn1CM0KcYMDSw",
      "nome": "The Colors of the Hearts of Maidens"
    }
  ]
}