{
  "id": 60506,
  "title": "Araiguma Calcal-dan",
  "title_jp": "あらいぐま カルカル団",
  "slug": "araiguma-calcal-dan",
  "type": "legendados",
  "format": "TV",
  "images": {
    "poster": "https://cdn.myanimelist.net/images/anime/1016/149942l.webp",
    "banner": "https://cdn.myanimelist.net/images/anime/1016/149942.jpg"
  },
  "trailer": "https://www.youtube-nocookie.com/embed/NjS7Z4wzMgc?enablejsapi=1&wmode=opaque&autoplay=1",
  "synopsis": "A short-form slice of life anime about a team of secret agent racoons in an office who are. Each episode presents a new gag.",
  "score": 6.02,
  "genres": [
    "Comedy"
  ],
  "episodes": []
}