{
  "id": 9074,
  "title": "Arakawa Under The Bridge X Bridge",
  "title_jp": "荒川アンダー ザブリッジ×ブリッジ",
  "slug": "arakawa-under-the-bridge-x-bridge",
  "type": "legendados",
  "format": "TV",
  "images": {
    "poster": "https://cdn.myanimelist.net/images/anime/1851/98621l.webp",
    "banner": "https://cdn.myanimelist.net/images/anime/1851/98621.jpg"
  },
  "trailer": "https://www.youtube-nocookie.com/embed/al_MIXJDQJE?enablejsapi=1&wmode=opaque&autoplay=1",
  "synopsis": "On the beautiful banks of the Arakawa River, it is lively as ever. Now known as \"Recruit,\" Kou Ichinomiya has adjusted to the troubles his unconventional neighbors brew daily. However, the atypical scene is about to get even rowdier when their community adds a couple of oddball enthusiasts: a tall, muscular woman calling herself Amazoness, followed by her loyal Tengu henchmen; and Captain, self-proclaimed Commander of Earth's Defense Force against Venusians. In spite of all the commotion, Recruit gradually learns more about his lover Nino and the story that shaped her.\n\n[Written by MAL Rewrite]",
  "score": 7.71,
  "genres": [
    "Comedy",
    "Romance"
  ],
  "episodes": [
    {
      "numero": 1,
      "url": "https://www.blogger.com/video.g?token=AD6v5dzc9GPwbjJt6W5x6FX6cs78fo1-xcCpGAimRzwvW7mhA5b9TMIcjzmNS7ukeRcDG0cWlQRHyud7QScTz9X-6jSY-kWc3bOLYzw6NaPKTa-c2aH_HK4Ks8k6_ma0_c2VBh6VaEL8",
      "nome": "Bridge x Bridge 1"
    },
    {
      "numero": 2,
      "url": "https://www.blogger.com/video.g?token=AD6v5dx4QkDHGmcN7LE30IC6Co1H0h0BCvm-VTa5RRZddiaYBoUxNAr4XzWQyxcxoTJEILZDYCtvqKDunH_7_fuTn5P9toBPYfbIzhZrJJDzi_FL9syO0024D6x7bBlksPPUZFCbR2w",
      "nome": "Bridge x Bridge 2"
    },
    {
      "numero": 3,
      "url": "https://www.blogger.com/video.g?token=AD6v5dwLHSGmGMuk2embHe7_ZO3YvJOmJMP6R5-zso96UQ3ket30p17VgLphOptN5K7WILafP2n5hYhRsNzVC4QNaHWZxvfLpcNv2H7VUVfBKwWjkV_IpgNkxKV4Cy9KQDUB27O1Xkc",
      "nome": "Bridge x Bridge 3"
    },
    {
      "numero": 4,
      "url": "https://www.blogger.com/video.g?token=AD6v5dzj-BYFDposRpP5bkGMCk0-OtE-DN17Tsl6eOx4WSo7tj9CxS12vUEBrVhIjw3zHcP3JE0UqrHN0yrJqr-aD4VRkA5VwxRhNBL9qZGFhaUtIg4bMylEDIsGDE4HlCvP_ON8vt8",
      "nome": "Bridge x Bridge 4"
    },
    {
      "numero": 5,
      "url": "https://www.blogger.com/video.g?token=AD6v5dwXGzX1NSq5u4mWFnKlBo8ccNyIb11QDXSThMZBd7kW8XUDC5Z5PqVGXhujWdMU05y12EiMfETUm0bWJRgVDJpVz7MQwxWDPoK1-O4hAZEvRcNuukfhKAVbhUBbwdck2j7Zt_EB",
      "nome": "Bridge x Bridge 5"
    },
    {
      "numero": 6,
      "url": "https://www.blogger.com/video.g?token=AD6v5dy5k6llliqeQSJNI_IPSYTO4HjMM599d__2cr3WcV6kvHkYcMmMeXbIreDQ4hI0tln0nCFU6AkkSJroAE_HcQ4LKaWoXVaa_c8GkLe6xzf5hQp4JtE4kd4DMXTSnV2rY7MeGH7m",
      "nome": "Bridge x Bridge 6"
    },
    {
      "numero": 7,
      "url": "https://www.blogger.com/video.g?token=AD6v5dwgYXaxvidJFfwDDq6hLzy0mv7GGYCbV_WekfOYPnHsiNL1LarNkwn33YzzayAZMFoXkd2_X1qDHAjwA2MWvh8hgE0U7EN_TWX0qdQdTKu4kXZlOLVgIBXRxQtHyQbVufC3JJo",
      "nome": "Bridge x Bridge 7"
    },
    {
      "numero": 8,
      "url": "https://www.blogger.com/video.g?token=AD6v5dwHOPsoIwOT-3VYESJWkhUdxEclcqqsvZ274LyTM5JFmvdOI52vmCwsyIkOIm7luVTlmNn3sDLjiXS8uUZhUyLQmVFCyGk1V1uDbym4IvvfljUerNNbKiH7cKAWd8xFkAfMuTFl",
      "nome": "Bridge x Bridge 8"
    },
    {
      "numero": 9,
      "url": "https://www.blogger.com/video.g?token=AD6v5dwpXNVXdxghmuGNEb3nmvabroVypFuIUEdsgwBkWkuZHLFqXABNkmduahPglFvqYaBcNFGbcAjaYW5uXxYpAyFbNVJMWo6u_BgBd88uLAmfzC-HYcgf1UmJ676pWfOi8jRl85ZI",
      "nome": "Bridge x Bridge 9"
    },
    {
      "numero": 10,
      "url": "https://www.blogger.com/video.g?token=AD6v5dy63xoFFlMGBtZT63-S7nvbaGo64hCl4fSptgvqcn1YtPDQYfJb74F6M-sScwvKNRk9YGnIudEnX4eE72SlTTW-Vlptk4YP0jtKJAlgII9LtgCGO2wNNji4j82ZgFPhavaJ0sct",
      "nome": "Bridge x Bridge 10"
    },
    {
      "numero": 11,
      "url": "https://www.blogger.com/video.g?token=AD6v5dy_YKSpNbKrbQRCc1_kXBRZdYi1fW3TczlDpw3z2r5uKJFwBAB17mxp6GAzKHkJ0QvhOSvjEKh1uOl8Az-PxYXqjQ9c_ieG8RiLBI0pwlsJiPHMf1ufneJ-fy9ZnSPB4YbiFLj2",
      "nome": "Bridge x Bridge 11"
    },
    {
      "numero": 12,
      "url": "https://www.blogger.com/video.g?token=AD6v5dw_TSNdLWPIDAbcutWwaLOh3bJAfxLSjLBo9TwHpQOjPT_xcH4uM50-zwm-VBzVgMiej3AOJUIsYWsItiFjIKHKwBTIZG4puNHIxeeCSEho2SzB6K5MrrceKeRP47MzJAtyqURm",
      "nome": "Bridge x Bridge 12"
    },
    {
      "numero": 13,
      "url": "https://www.blogger.com/video.g?token=AD6v5dwCMneagyMcpzwoN3-HPexLdpy-OLmHFnYAtZqZVVKkbBkauVHDXFuwDOMlMb9hgcDvCal88RlsaO_pUINQtgqdB4zXQhJowaEuru0ZbbgQCH8llsXh2Sfry9EEXTlSYCnybAxm",
      "nome": "Bridge x Bridge 13"
    }
  ]
}