{
  "id": 16518,
  "title": "Arata Kangatari",
  "title_jp": "アラタカンガタリ～革神語～",
  "slug": "arata-kangatari",
  "type": "legendados",
  "format": "TV",
  "images": {
    "poster": "https://cdn.myanimelist.net/images/anime/9/47011l.webp",
    "banner": "https://cdn.myanimelist.net/images/anime/9/47011.jpg"
  },
  "trailer": "https://www.youtube-nocookie.com/embed/pEAtxy4z0Lk?enablejsapi=1&wmode=opaque&autoplay=1",
  "synopsis": "As a young boy from a noble family in Amawakuni, Arata has always expected to make life his own—until word of the princess growing weak reaches his city. Unbeknown to him, his grandmother had claimed him to be female at birth, and now, with no other girls to succeed the princess from the matriarchal Hime clan, he is next in line for the throne! Disguised as a woman awaiting a replacement to be found, Arata witnesses an assassination attempt on the princess by none other than her own guard, the 12 Shinsho. The crime is pinned on his head, forcing Arata to escape to the Kando forest, where it is said that no one comes out the same.\n\nMeanwhile, in modern-day Japan, Arata Hinohara longs for escape from the cruelty of his classmates. Hearing his name called from an alley, he wanders from his path and unwittingly switches universes with Arata from Amawakuni. With his own power as a newly awakened \"Sho\"—a warrior able to wield Hayagami, weapons with the power of the gods—and the help of his companions he meets along his journey, Hinohara sets out to restore order to this new world.\n\n[Written by MAL Rewrite]",
  "score": 6.42,
  "genres": [
    "Adventure",
    "Fantasy"
  ],
  "episodes": [
    {
      "numero": 1,
      "url": "https://www.blogger.com/video.g?token=AD6v5dxsweE5C5vHbH0sLOUTG4fbdd_7ldaQww-SKI1X05krdLPdeBuS6cL0bKWKnv2h0OAzJb5Y-7jG0V2OuUgF-82QIH6pk9LD9fh9VMixmTN8uDVFMUWorFqPUmDRGUFPeE8MkUTK",
      "nome": "The Life of Arata"
    },
    {
      "numero": 2,
      "url": "https://www.blogger.com/video.g?token=AD6v5dyGNq6BNtbk1PmSOtdz7N7hc8izb1IcKkv2H_rKBTgw_lGi1eoJAM99jVcqpIeHUsvj4z_s0urHQUKgvzELUbH0LO9Nv562pTTW1IUe4PJpL8m5q2HPYZX6Sed8GTAxfIiPbjdF",
      "nome": "Hayagami"
    },
    {
      "numero": 3,
      "url": "https://www.blogger.com/video.g?token=AD6v5dyV4NWYirKWiub1kzUviX6aA1TwGAN_62ubHSae_z3yy0SZv3sBR85hLGQI48OwwZmKZ2LJJVygoHoydV8X44Jl2iMN4UP7TeIiQzVRDdEms4Ron113VaEbomWAwSPVKP-ZRjo",
      "nome": "The Reckoning"
    },
    {
      "numero": 4,
      "url": "https://www.blogger.com/video.g?token=AD6v5dxJq17aB0MZbabu17RWYRUhLg2A5JW5l_GXQmqc1ex1-AE6i8MHuGPOV18IFCkYY9mdo8ZmKSTGlw1KCWZDIlXOTUzpQbIfgVjKD-CBPmPDfXZb1yBCH5RN0O3s6Y-JVeisrL4",
      "nome": "Awakening"
    },
    {
      "numero": 5,
      "url": "https://www.blogger.com/video.g?token=AD6v5dwtX8HQJ2vxWhZUbIHF_oCUegFBUa5QcJv1MSZ14PJozv3kBZLaGmdE5neEmp1zbZh5yZOp82-uqYhwx0XqSxYX8st2JyL6AEwG_7MmMgkKSy4IjhqiZ4PBx2R4No3IoH9EJ1LL",
      "nome": "Zokusho"
    },
    {
      "numero": 6,
      "url": "https://www.blogger.com/video.g?token=AD6v5dzg5gIKRsXiJvcqQ0-hX4n8QeyndpXzX0Fk7hVyGXDu1jHj1SnelGZ_woHOyUNpO2TGFHoDutrIec9MPSYGHLTbeCfFfQrebih2-prfyu_F348nm9yTy-1ba6IFmmwm9Ph8F2x_",
      "nome": "Okoro"
    },
    {
      "numero": 7,
      "url": "https://www.blogger.com/video.g?token=AD6v5dz8uizwX6VZP20dZD1L-6BBswh8ENwchpx8ZyNb4ico9QImXnHaxNcdd9ZJztnfS2c8k5520U0mwF0l7Kp6EwgJDHmuzssVfeAg7gmjM8W6glAkT1Sd5EajWmIvM2-p-CBTL_0",
      "nome": "Homura"
    },
    {
      "numero": 8,
      "url": "https://www.blogger.com/video.g?token=AD6v5dwOT8Hq12FYu3ij7wxwKuf0oq7dGPLPBHcnApzwxiFYeQCUwgMrP74e3xiajkqHXlqkxQiL8igEkr3S--J0_nZEXjLUN00zFHpaLLPD7bYOw-XsTHAX_mnOfVnbH_XErkQxvQ4",
      "nome": "Orochi"
    },
    {
      "numero": 9,
      "url": "https://www.blogger.com/video.g?token=AD6v5dzfKdhT9lmEDauQrEZnEOSIKImZx808MmvPsMs3OGvLJNiXB_p-oKUVjwl1saBRDpOIdiSmoa5tvVlN8QIwBA6TMwmNK1yTRfs-zYB29a6U0higoSm_uKXnuBlQhgZYgQ0RfP4",
      "nome": "Demonization"
    },
    {
      "numero": 10,
      "url": "https://www.blogger.com/video.g?token=AD6v5dy4pFWmpdf094yHPzT8jc1y9QErm4I7jn6kw8ETzdAWzyKdYQ7t-5Ku9H5F9ID8Q0HRQ8erhUqZFeEjrOvoZUav90idTIER1bGlp3J8x7HwxrbVEZNqOO7MpJqmGgLqrgPIzcQ",
      "nome": "Admiration"
    },
    {
      "numero": 11,
      "url": "https://www.blogger.com/video.g?token=AD6v5dx2Oh0ODQVktG1k02Asv1czH-rbBVyIW78Aj0Zkm6NYQNcjmdmModsj1Ddd5LOXAZ7Mu8eTf_XqeA1mGBlzoP5KnwguikfqG1DlSrNq-ihi-QwBjMUzdGh_tYB0U0AvcABs2Xg",
      "nome": "Life Force"
    },
    {
      "numero": 12,
      "url": "https://www.blogger.com/video.g?token=AD6v5dwJtp-IxgazzI1_5SOgcUPRR7W-1-seh9G86xjpUtY8Ah81oIxCRTKhnzWe2GJx309YHC-YKQWzZeEqOAk9Md4Wf343xY45EgZZdVNC-jilgcfr8ArEU5AVPcH12bLFrwocRwib",
      "nome": "The Light of Creation"
    }
  ]
}