{
  "id": 55,
  "title": "Arc The Lad",
  "title_jp": "アークザラッド",
  "slug": "arc-the-lad",
  "type": "legendados",
  "format": "TV",
  "images": {
    "poster": "https://cdn.myanimelist.net/images/anime/3/49041l.webp",
    "banner": "https://cdn.myanimelist.net/images/anime/3/49041.jpg"
  },
  "trailer": null,
  "synopsis": "The story follows Elk, a bounty hunter in some strange futuristic world. On this world archaic but advanced technology exists side by side with primitive attitudes, beasts and magic. In other words it's got a bit of everything. It also has an evil conspiracy who are able to produce powerful monsters called chimera, who can also appear as human. Naturally it is not long before Elk has rescued a young female beast-master and gained himself some serious enemies. \n\n(Source: ANN)",
  "score": 6.48,
  "genres": [
    "Action",
    "Adventure",
    "Fantasy",
    "Horror",
    "Sci-Fi"
  ],
  "episodes": [
    {
      "numero": 1,
      "url": "https://lightspeedst.net/s3/mp4/arc-the-lad/sd/1.mp4",
      "nome": "The Boy with Flame"
    },
    {
      "numero": 2,
      "url": "https://lightspeedst.net/s3/mp4/arc-the-lad/sd/2.mp4",
      "nome": "Beginning of the Destiny"
    },
    {
      "numero": 3,
      "url": "https://lightspeedst.net/s3/mp4/arc-the-lad/sd/3.mp4",
      "nome": "Feeling in the Rain"
    },
    {
      "numero": 4,
      "url": "https://lightspeedst.net/s3/mp4/arc-the-lad/sd/4.mp4",
      "nome": "Pale Goddess"
    },
    {
      "numero": 5,
      "url": "https://lightspeedst.net/s3/mp4/arc-the-lad/sd/5.mp4",
      "nome": "The Criminals"
    },
    {
      "numero": 6,
      "url": "https://lightspeedst.net/s3/mp4/arc-the-lad/sd/6.mp4",
      "nome": "Beyond the Sound of Waves"
    },
    {
      "numero": 7,
      "url": "https://lightspeedst.net/s3/mp4/arc-the-lad/sd/7.mp4",
      "nome": "Ancient Guardian"
    },
    {
      "numero": 8,
      "url": "https://lightspeedst.net/s3/mp4/arc-the-lad/sd/8.mp4",
      "nome": "Runaway"
    },
    {
      "numero": 9,
      "url": "https://lightspeedst.net/s3/mp4/arc-the-lad/sd/9.mp4",
      "nome": "Friend Who was Left Behind"
    },
    {
      "numero": 10,
      "url": "https://lightspeedst.net/s3/mp4/arc-the-lad/sd/10.mp4",
      "nome": "The Crusade with No Name"
    },
    {
      "numero": 11,
      "url": "https://lightspeedst.net/s3/mp4/arc-the-lad/sd/11.mp4",
      "nome": "Lonely Brave Man"
    },
    {
      "numero": 12,
      "url": "https://lightspeedst.net/s3/mp4/arc-the-lad/sd/12.mp4",
      "nome": "White House"
    },
    {
      "numero": 13,
      "url": "https://lightspeedst.net/s3/mp4/arc-the-lad/sd/13.mp4",
      "nome": "Smiling Holy Mother"
    },
    {
      "numero": 14,
      "url": "https://lightspeedst.net/s3/mp4/arc-the-lad/sd/14.mp4",
      "nome": "Shrine Maiden of the Spirit"
    },
    {
      "numero": 15,
      "url": "https://lightspeedst.net/s3/mp4/arc-the-lad/sd/15.mp4",
      "nome": "Blaze has Stood"
    },
    {
      "numero": 16,
      "url": "https://lightspeedst.net/s3/mp4/arc-the-lad/sd/16.mp4",
      "nome": "Reconquer"
    },
    {
      "numero": 17,
      "url": "https://lightspeedst.net/s3/mp4/arc-the-lad/sd/17.mp4",
      "nome": "Scarlet Castle"
    },
    {
      "numero": 18,
      "url": "https://lightspeedst.net/s3/mp4/arc-the-lad/sd/18.mp4",
      "nome": "Chimera Tower"
    },
    {
      "numero": 19,
      "url": "https://lightspeedst.net/s3/mp4/arc-the-lad/sd/19.mp4",
      "nome": "Confrontation of Two Great Men"
    },
    {
      "numero": 20,
      "url": "https://lightspeedst.net/s3/mp4/arc-the-lad/sd/20.mp4",
      "nome": "Meet Again"
    },
    {
      "numero": 21,
      "url": "https://lightspeedst.net/s3/mp4/arc-the-lad/sd/21.mp4",
      "nome": "The Place Where the Truth Is"
    },
    {
      "numero": 22,
      "url": "https://lightspeedst.net/s3/mp4/arc-the-lad/sd/22.mp4",
      "nome": "Hiding in the Shadows"
    },
    {
      "numero": 23,
      "url": "https://lightspeedst.net/s3/mp4/arc-the-lad/sd/23.mp4",
      "nome": "Frozen Eyes"
    },
    {
      "numero": 24,
      "url": "https://lightspeedst.net/s3/mp4/arc-the-lad/sd/24.mp4",
      "nome": "Quickening of the Darkness"
    },
    {
      "numero": 25,
      "url": "https://lightspeedst.net/s3/mp4/arc-the-lad/sd/25.mp4",
      "nome": "Holy Ark"
    },
    {
      "numero": 26,
      "url": "https://lightspeedst.net/s3/mp4/arc-the-lad/sd/26.mp4",
      "nome": "Shining Boy"
    }
  ]
}