{
  "id": 12967,
  "title": "Arcana Famiglia",
  "title_jp": "アルカナ・ファミリア －La storia della Arcana Famiglia－",
  "slug": "arcana-famiglia",
  "type": "legendados",
  "format": "TV",
  "images": {
    "poster": "https://cdn.myanimelist.net/images/anime/9/39495l.webp",
    "banner": "https://cdn.myanimelist.net/images/anime/9/39495.jpg"
  },
  "trailer": "https://www.youtube-nocookie.com/embed/apjYHRa1mdM?enablejsapi=1&wmode=opaque&autoplay=1",
  "synopsis": "​On the island of Regalo, a group of supernaturally powered mafia-like protectors called the Arcana Famiglia safeguard the people from any who would harm them. The members of their organization, having made contracts with tarot cards, each possess different abilities, such as overwhelming strength, invisibility, or the power to see into someone's heart. \n\nMondo, their leader and the \"Papa\" of their family, announces at his birthday party that he will be retiring soon. He plans to hold the Arcana Duello, a competition that, if won, will grant the winner the title of Papa and any wish they desire. But there is more at stake than just a title: Mondo also decides that the winner will marry his daughter, Felicità. Enraged by this, the strong-willed Felicità decides to enter the competition herself, in order to make her own way in the world. As Felicità battles for her freedom, her competitors battle for her heart.\n\n[Written by MAL Rewrite]",
  "score": 6.26,
  "genres": [
    "Action",
    "Fantasy",
    "Romance"
  ],
  "episodes": [
    {
      "numero": 1,
      "url": "https://www.blogger.com/video.g?token=AD6v5dw9z-7gFlmEi5pffvSterhQ1W_-6Pu4Vg-Zm2faHtI-HgCP5TZW4sdL_igvVvmqlS6_bonHE4xyikWrYATB9_Le19gWV0zx0OYD4Irrq3Sj6aIL-VmK6U_k6TZ57mubAvvakuE",
      "nome": "The Birthday Night"
    },
    {
      "numero": 2,
      "url": "https://www.blogger.com/video.g?token=AD6v5dz_GyAbfqo3N7Xmmbehkg4UdnaoSH98uZRJP16r3T-m990UKa3nZj9SQSfhJUXpclnza03j5SVXXp-kHK3-yTHHkNau49sLO8LlRkBUtgCW-j5w6XiddtkxGRg-5y1r1moUF8o",
      "nome": "Commander of The Animal Protection Team"
    },
    {
      "numero": 3,
      "url": "https://www.blogger.com/video.g?token=AD6v5dxlG8mgIkOsg1PuThnAe_ks-Uiz309ae6OP6I0rYm96UIMpfk94mlaBxEUWz8hlJAT8YcakUsyrvzt-slGX552CWoJzfSnAgLAfqpTTRcgqO1tkfuY8zFWFgUHSEOCAzx5ymOeZ",
      "nome": "Piccolino"
    },
    {
      "numero": 4,
      "url": "https://www.blogger.com/video.g?token=AD6v5dyMXTtFvN8Cv3CxU0pqOxUkESCN45IyP9sWs3PEXuWc5YGPKT1MXQv28022_Q5IUXEVf9jR8NlowmXpCyQ1QuOR5iCChQD2qICc4WRocKv9hSqpkJVHYTybTiTOoFEpNzwIvRI",
      "nome": "Confession of a Mask"
    },
    {
      "numero": 5,
      "url": "https://www.blogger.com/video.g?token=AD6v5dwp5oq1TUkAzZ3-L5SPAQ0afkuhHltfIz2q4Ntw75HRaZzpeIFAClnG-lCyqLgTxMfnLyJIxL9-7q35nffJ67tQwxXYOdh3aBUl7IMdfaQ70m4u7QFJ1O8ZeuXtkS0G52k2w2w",
      "nome": "Childhood Friends"
    },
    {
      "numero": 6,
      "url": "https://www.blogger.com/video.g?token=AD6v5dylshSlSSZ8xbvWD2fYpcBY3wMrJljS14Afm5dRYVqkRWDXuzHF8OjCTQavCGXhZtXceCKptd9iemyfv7RYE7Y1fMlyzaCL52NnX8zaFSpBLQj3zQDJ4s7Y2HcDZNHnOtZG2WNv",
      "nome": "On Board! The Final Battle"
    },
    {
      "numero": 7,
      "url": "https://www.blogger.com/video.g?token=AD6v5dzmqBeE7EO7qvOmr78SsmJ1ahF7Z87feFUXn9z-rIotpv4A8z7H9lUE8gESUSnC2f_UeK4xOpZDmHrzEXROmTuz80vW-hLfjCiKewJWOrFsUgjHXxwsig3mZBF0bNNtABpCmgkQ",
      "nome": "Secrets"
    },
    {
      "numero": 8,
      "url": "https://www.blogger.com/video.g?token=AD6v5dw1nIqKJNd4G0Go80nJylLFJMarPNzKL6uWr5e1WgPuehSJf_k65A0IglUsYhNKGNsP0ZHvlp5lCKtlpWTnxg7bvcw3R47nfXng-8yRbDJnHXS6syIQnG65MnMIVX9rXAYbhZM",
      "nome": "The Moon in the Dark"
    },
    {
      "numero": 9,
      "url": "https://www.blogger.com/video.g?token=AD6v5dyN9ZvEgMkfJtG_0BANI3zLVncMuu-k0sOsYfzrbfE4_q4c0AOCdAGFlLj49oosLNUBHbK7XyI5Nzme4ecWlvNTgM6bF9EO11JxDmUXmU9zREBoF0J4zAdCRZZVWg8Y2s4M_iGi",
      "nome": "The Wheel of Fortune"
    },
    {
      "numero": 10,
      "url": "https://www.blogger.com/video.g?token=AD6v5dyyZxU_5UW8mZym3dSjrGFiE70bG6TuNEo8W-1FH7HH3XX60mn9F80cedilGeOAYn1uj8lt3AtTgye7kwv9PhAf-s8Dvt4vlkPzNjO1fvCdyE37qSztJCm9p8xSxgz3XqeM8aU",
      "nome": "Arcana Family"
    },
    {
      "numero": 11,
      "url": "https://www.blogger.com/video.g?token=AD6v5dwkjV6Wp1C69LmxJUNTdqbswb0EDGTWjZ197HeVgBW-dOdY8ddHT9nxf2gaqMvSEluN8cOAQ77SxQafJNm9jkFFd3icVvdFvUyodzZEhsjwPjq0SXU3xJGo-HwRtoCGubqgcdQ",
      "nome": "Arcana Triangle"
    },
    {
      "numero": 12,
      "url": "https://www.blogger.com/video.g?token=AD6v5dzkYOortAsZN_pUkT6876BSHpcrc1Gu052E8R1Ey4ShUNM283xY4_WT6dlgSvUKxDxqyZjfYxX_tSKBBBCDZTOzj4_dREf_sKFQl3lV6k1in4FDjw3SsZ-H1spJnlzjQpkzXljb",
      "nome": "Arcana Duel"
    }
  ]
}