{
  "id": 1488,
  "title": "Area 88",
  "title_jp": "エリア88",
  "slug": "area-88",
  "type": "legendados",
  "format": "OVA",
  "images": {
    "poster": "https://cdn.myanimelist.net/images/anime/11/2856l.webp",
    "banner": "https://cdn.myanimelist.net/images/anime/11/2856.jpg"
  },
  "trailer": "https://www.youtube-nocookie.com/embed/zgEPsQvnmOs?enablejsapi=1&wmode=opaque&autoplay=1",
  "synopsis": "After being tricked into signing a document by someone he considered a friend, Shin Kazama is forced to become a fighter pilot in the foreign legion of mercenaries, who are fighting in a civil war for the nation of Aslan. Hellbent on earning enough money to break his contract and return to Japan, Shin has managed to become one of the most lethal pilots at the base known as Area 88. But having spent so much time in a place where one's life is always in jeopardy, will Shin remain the same man if and when he can return to the civilian world?\n\n[Written by MAL Rewrite]",
  "score": 7.47,
  "genres": [
    "Action",
    "Adventure",
    "Drama",
    "Romance"
  ],
  "episodes": [
    {
      "numero": 1,
      "url": "https://www.blogger.com/video.g?token=AD6v5dz26N0unP3Ijt2XuMJZ1vdIcmEFGrvmj0ukzSG7EMEN_lOIUNQ24jLH1UIcKQaa-m2eJu3HDVZVH6NG-nrk3fsIj7plqTzv2wO3QjsSApE3dvHzcs7M062nnpWDgTZHYLxcW-0",
      "nome": "The Blue Skies of Betrayal"
    },
    {
      "numero": 2,
      "url": "https://www.blogger.com/video.g?token=AD6v5dyFbWiRKjlSg3A9SN6aAFpgFVte6ahM3sPHF-7R-0-tHxzurCpDmhrUGilxYuMBVsZjZZyV-pAG5nfgEqy4pbIW-cAJ3EuHnjdMsUs64CdxG4xFLio41mhOLQLxFtyUx9Qq-FjI"
    },
    {
      "numero": 3,
      "url": "https://www.blogger.com/video.g?token=AD6v5dxHYBNvL0Dml2AFfKs7i2dd8rxO0NK4mib8Fx5vSlgnNR-2bN2duguk9prNfAzwZnQzKI0vYsT6_gm56QGa4xsOF1D019LkMc-CfmjG1i--lThEo2c6rcWLDjUm6rlqeiSX_5M"
    },
    {
      "numero": 4,
      "url": "https://www.blogger.com/video.g?token=AD6v5dwPyyCnP8_W7_tOhLHWxtmNs7yaUxpaEmQoJsEmAtDHUjMpYKYib0GVqFeMisw04jimTE1ng1VbwKrNt5aDEIIP8gM5Y6dfAqLCPYyN3Q9esMyRU2VfmXff0RlioH6kfa5vg1U"
    },
    {
      "numero": 5,
      "url": "https://www.blogger.com/video.g?token=AD6v5dziAWC1uTxSLJo26iDtLgrPE2cSC6KWCsnnAi0FBVI0lmZEWNHM-xokLQsv6P4kvs7C0mAXIQMTSAEpUl6WQ7XwarNbfXFek7n_js7VnhX01RYTRXRh6dohRTtlZTnwaN06jlMP"
    },
    {
      "numero": 6,
      "url": "https://www.blogger.com/video.g?token=AD6v5dxaYuPW76EKGuRqLStLMEMCBu64MtQWLv3AcT8Y6INIksCwBx6-maBkfMmMXFJUJy3c6sVfmryWSJhnuHz10cWxkU8NM11rrDBfuPqhCNizt0KGF-uORt6QAkOW6KB_mXb-75Mj"
    },
    {
      "numero": 7,
      "url": "https://www.blogger.com/video.g?token=AD6v5dxpVhqze7h5c_ModmLFXxqU7byIGSuztTgBgjEHYBySHvNcbniGhunMtNb9Gb-E93j9sr0UvTQpeVs8ioFf08Cf_FavfEPn9zFRX0XHYzGc545BaC2Kdgmu0wLCk1m3A3Hj4W_O"
    },
    {
      "numero": 8,
      "url": "https://www.blogger.com/video.g?token=AD6v5dx_iFF-uVaLtALdWSQY9XZSirXTeYV-IKSTK9L7GldTKSthsunKB4qPLtTyNyihc3uUFk5icrn_KNC_uo0qHnCp-sZm3eGrHZkmP7tj46KRSF3HOJk1gSSvSco0L0uYbBuui54"
    },
    {
      "numero": 9,
      "url": "https://www.blogger.com/video.g?token=AD6v5dxrKVgwCYsoCSuc2a8wBiUuAif9cvg6dkE5kBXfdim6iHzQuSJTC5pHZ8ptWGIn1cUEiaHydPPS-Z_2Fi0Q-he2xmw4In3z1jBgUVFK-KeLdfENSypdATamjpdJQS4Uvz83hI-_"
    },
    {
      "numero": 10,
      "url": "https://www.blogger.com/video.g?token=AD6v5dwYKI0U5oB-_wweYYaCU19w8aNxLfZUljtEDaG8R7xIv2x7DukC-z8sZGlDZ0oq_3X-lCldZ3zuR6HlufU5hfLlS25_S3D-E_SUG44yZoUfAwddTRF6Rw3sQdkp9YBudu4wzA"
    },
    {
      "numero": 11,
      "url": "https://www.blogger.com/video.g?token=AD6v5dyH-UzOj2G_jQocChlkXSz3ZeBUDfRPL2rrW1oKHKlXsAb9gwu9ObhmS-Eoys3kdDcGtMTq8TpObV6DjnRhzeNUjHfcM8ggPFTITt8Hsa-04Nlk3j3gJN2x8IlzT6_0mwWGmiw"
    },
    {
      "numero": 12,
      "url": "https://www.blogger.com/video.g?token=AD6v5dzfaNgg_lTnOSqE6OfCXgwH2vWIs8Sgryhb7Jyw-0MDZd-1yvUEIW9WIb-Xtz2dNQDGgv2ft60RTKSJHyGEL8lB64MnLkNaF1NTT-uAifBwUR8_5nET5EB0bDWBYtwopNn-Ut-p"
    }
  ]
}