{
  "id": 11697,
  "title": "Area no Kishi",
  "title_jp": "エリアの騎士",
  "slug": "area-no-kishi",
  "type": "legendados",
  "format": "TV",
  "images": {
    "poster": "https://cdn.myanimelist.net/images/anime/6/73987l.webp",
    "banner": "https://cdn.myanimelist.net/images/anime/6/73987.jpg"
  },
  "trailer": "https://www.youtube-nocookie.com/embed/VSL5LxYsrEw?enablejsapi=1&wmode=opaque&autoplay=1",
  "synopsis": "Kakeru and Suguru are brothers who both have a flaming passion for soccer. However, while Suguru becomes a rising star in the Japanese youth soccer system, Kakeru decides to take on a managerial role after struggling on the field. But due to a cruel twist of fate, Kakeru ends up reevaluating the role he has chosen.\n\nIn hopes of one day being able to enter the World Cup by becoming a member of the national team, Kakeru trains harder than anyone else. He isn’t alone in this quest for glory, though. Kakeru's childhood friend, Nana, is a soccer prodigy of her own, with the wicked nickname “Little Witch”. She is a top-ranked player and is already playing for Nadeshiko Japan, the Japanese women’s national team. Nana's success gives Kakeru the extra push he needs to reach for his goals.\n\nSoccer and adolescent fervor combine for an epic, emotional ride. Check it out for yourself in Area no Kishi!",
  "score": 7.15,
  "genres": [
    "Comedy",
    "Sports"
  ],
  "episodes": [
    {
      "numero": 1,
      "url": "https://www.blogger.com/video.g?token=AD6v5dxzYQqc3O2n4nwfll9RRyT1MdSfXuuXErQRM_ScXp503hkk656vUq6cJmnicZyD7um1-G3oV55zx2P5bY7BrlZr3jRmQ5KJsF8heDkzrctxA5b2egXqsa4SjftHW7xPDt0lj2Bt",
      "nome": "I Like Soccer"
    },
    {
      "numero": 2,
      "url": "https://www.blogger.com/video.g?token=AD6v5dw-mrdgTo1bgauuh6rTbfHsFzgubnMuwj0nIO4p-oOR0Yetu7y8krm0UVTWyOyDXMzKTgSJBUCy4dTV0kHz6YUNenj0St246CbLuBxOS8lvmkaD0a1zrW49nMnvr6BOe3lic0JP",
      "nome": "Knight in the Area"
    },
    {
      "numero": 3,
      "url": "https://www.blogger.com/video.g?token=AD6v5dxjbTSIj_iJfN5Gg3AjKdspOWGUKzFk8MRD5mPbrizYrB5sEMauZN1f5A9Liz3LmqxdyABPxyhhCGtNFsonXZY5dHf-oiUDHW9mIP59Me5dPbIAtkUqgCmhyJ0azJpH6dxRV7A",
      "nome": "A Brother's Pulse"
    },
    {
      "numero": 4,
      "url": "https://www.blogger.com/video.g?token=AD6v5dyeqUKAMuOU1NHoNuWpr2jBweBW2MWa7yQJKrWAX2wD75zd9R8u9Yc3u1BvyauMyAuqUBtI2JLzulvhMXvxtiKxS9byHadsV9w3ePwFKbLSE-XsAbg3F6ky13C_hyonmB7tuvA",
      "nome": "Last Pass"
    },
    {
      "numero": 5,
      "url": "https://www.blogger.com/video.g?token=AD6v5dy1GYgmFkAclUxxbZhxqc-4gXQ6_RMz67hpUjyUdd4o2sYhbfQVJWvV6wRG47WfYWeG8Ph3g_kHtPoQ8KlZ4i0Rhw2LrU_6oKWd4-0nk2vG_N_QScTKRgqn37XlAdVlh2_ujDA",
      "nome": "Enoshima High Football Club!?"
    },
    {
      "numero": 6,
      "url": "https://www.blogger.com/video.g?token=AD6v5dy3i76V0_T9PQ4IGP3Bff_7MaB2nbGf9wU90EtitNBHp5uyNVAcqkNBET6f39IfX7_1MN9r2f9geq8gUbBZu-ZN0SjLwAlfFsnungkm4p41y1NIylKld2ebZF7mBw21qo2rUxw",
      "nome": "Clash! FC vs. SC!!"
    },
    {
      "numero": 7,
      "url": "https://www.blogger.com/video.g?token=AD6v5dzRjFEjI3DgJuESR-ybh8I2I_sxqPyKmVtuF49Nb1vDBQadgsFEdhJbVZFGtdUeLr_pwQamnKnOVnJcAFPijEJy6_4aUAaCl4JEdmj7iClKMwWwDhFHSGJN9ATz9oyf0KvferM",
      "nome": "Return of the King"
    },
    {
      "numero": 8,
      "url": "https://www.blogger.com/video.g?token=AD6v5dzIvTPN3wY65xIDXnkgkiF8xFIo8DcmabTcCtFEMEqDTYpat0lNEu5gpX7it1L4xTJtXqbldXzL9E2GGyJhwnNbgS_NiQ5wY-wDtRo-E3bPGLNdBBqVzV-ghjoZ2mIDLuD-Mks",
      "nome": "Conclusion"
    },
    {
      "numero": 9,
      "url": "https://www.blogger.com/video.g?token=AD6v5dwjfOznyzBwrmtoUFLM8vJG_UFM-lESzalfG4E4nRYP1WTZsKrTy9eolAtBUc0X52Z1hXzo6eQ80egQ6k_4l7zDB8MuWfDn1CMONflP7YvIfx2EoTMCo_bnYCLUJMO8yODyC9Y",
      "nome": "Panic at the Training Camp?!"
    },
    {
      "numero": 10,
      "url": "https://www.blogger.com/video.g?token=AD6v5dwvfEuFfmNEC7bmNLt8FS7ADoyXf90_RD3UxEKsnwddqVRYNxStPCyvXcq1arxPYTs771WW0S-mu7j6OhSAjjgfZONqp78VlKY9JSenxdOmr0Hk1FLodDt-nOa1p1Cbg5NAjhM_",
      "nome": "Little Witch"
    },
    {
      "numero": 11,
      "url": "https://www.blogger.com/video.g?token=AD6v5dxMNiGH5chQm2rC_H61GTckdUpEc0QIq3hwQAHnrzE4YftKcReqTDArneh_bzt-Rt9m_yBLU4sOBZAsMm7gSwLKXHgCFWGmXEDx9CGsoLfALIQJl_0XkBxNlngT1HcyKFQWbrG7",
      "nome": "The Division Of The Soccer Club"
    },
    {
      "numero": 12,
      "url": "https://www.blogger.com/video.g?token=AD6v5dx8J63QpXFLy5p1BFmqH8VKwJCgB_vPhQjVPphmnBWTTqroIMKOoHJKnKFT9uoPevNPeupsrdgN5jt1chGRHp_0ddMF7oW_YAR4weKJqgCkFLz4oJv-WxeC3bAAmeVewKfrH0U",
      "nome": "Enoshima Soccer Club Reborn"
    },
    {
      "numero": 13,
      "url": "https://www.blogger.com/video.g?token=AD6v5dyvjW-UTxSu9Bpo7ytwFN6pD0uIIgm5PyMlxSl6rNMGM2nPO8ITS-mKUILAEGdZSth5CEmfKj0MortnUlwJzXDqxZXf4WwBtzurDYnSSIGD8cfOW4oTAfV3q1nXMn42REDFHpA",
      "nome": "Raising the Curtain! Inter-high Qualifiers"
    },
    {
      "numero": 14,
      "url": "https://www.blogger.com/video.g?token=AD6v5dwsE9qt5W1-liJ7aJWdD4BG_U6NDVFgo1ZRd7sq0LVeSAm3IvQNO0WlEbywWGYU3Ce9wcIwinauQU3m_4xICusHBHqcjgogKbLEntj6kCtl7rhYp8N9tA8gTX0nKPWHqb6-gDBt",
      "nome": "The Mythical Feint"
    },
    {
      "numero": 15,
      "url": "https://www.blogger.com/video.g?token=AD6v5dyWkRCuXHodMgefjzqtcceNKEeBLtMHhTCqzCCVbCpxc4jl7JkkkEKDVYCABbXXrdXGajhtw-KkheGeK6nd_0JDGQI1vknG94YPNQJNBfVOj9rRXnmqsgZoM13RBt9ML6BTg18",
      "nome": "Strong Opponent?! Tsujidou"
    },
    {
      "numero": 16,
      "url": "https://www.blogger.com/video.g?token=AD6v5dxc9ixJnWNGPeCjK25PteQF-vg3S_HhZhGi6pcf233paux7H-Ucx8xT6F0jkVq7YG6F5YB4FnEAdUE0klMxHy4W7ULdc88yzDhgqf7xvGpP_g-2L2VvpIAI0XI-C8cwKx2DxfF_",
      "nome": "The Empty 3 Seconds"
    },
    {
      "numero": 17,
      "url": "https://www.blogger.com/video.g?token=AD6v5dwSBmWIQn6v9RgK0S03ztwbhymiA4eZ8zL3V2YluiuU_oYj5zdeQvErggPjrV4nV6g3Bhdi9Vq05E1LVv7LSEhIsYyjPibBx_BbAWUxe_YaGnhl6UE6v_96VM8JJKLIBt-1_lJJ",
      "nome": "Leonardo Silva"
    },
    {
      "numero": 18,
      "url": "https://www.blogger.com/video.g?token=AD6v5dym06eSSzqrFvMfvsdiI01MzotQ_bxP_TdpCpehv2asIb6pzw0yAtGsLgmLHYziOtVBIsEwChVZcg5EuJsGoom8ZuVjvOHzCl95o0dKN1OFumuybdnmZ8ko02XDy6f-BECNvHnM",
      "nome": "Seven's Rival"
    },
    {
      "numero": 19,
      "url": "https://www.blogger.com/video.g?token=AD6v5dzd0UTaB4f0lz9H8ciWtkf2Rwp_6NEvgNl7PwjhYSEWjJB78T-Qh17ea9-FDnM55Weo04JWzK6lTpGHZTSGDBibnqe5i7reTiURDfVGb8OJsfv7JJKC2rsmfcq8-8HeDlZXGJc",
      "nome": "Iron Wall!! Four Rows"
    },
    {
      "numero": 20,
      "url": "https://www.blogger.com/video.g?token=AD6v5dwTVrcdTvFq_kx84QB2RaGashS9Fb8Q8Uw-JHfQtUiUD-8cT2ob7k-fmysPx278sfLvi977GqHfAdzQTbJKbVlQsjDysUrNinokjuAtNJSp7jdUr8hH74woFTaMMIrY1Tr206lg",
      "nome": "Appearance of the Phi Trick"
    },
    {
      "numero": 21,
      "url": "https://www.blogger.com/video.g?token=AD6v5dzIFiRyNSY-P6NBDR-ix0c0nO7fqofCWL00PRskwGNiwksazOUu7dChRz_7XHFBcrmm6JVvHYp9Q8NmpxkDGEAsdRh0Q6WYBGpmPq-r6g89nYIWot_VQOOoCIb7otLsOqdyytM",
      "nome": "Festival Music is the Melody of Love?!"
    },
    {
      "numero": 22,
      "url": "https://www.blogger.com/video.g?token=AD6v5dypfjcL-YibECeXUNw9ZFpxu6U0BMnrCwRWZh3FkTlMDwOktjIOkZ4DtAbs1pTOoao2kpZ9_jHD0V9UN9_W4VO1fdQG5dVF4Cxq8k8C-s-0Y-gMTBA2zsGHuZRGV2tbeakn8Mo",
      "nome": "Emperor, Tooru Azuka"
    },
    {
      "numero": 23,
      "url": "https://www.blogger.com/video.g?token=AD6v5dz07xBxfZ-KeukVQluNz2a8q7Pw7JsWwqJD6TXiLN5FeZyi7gL795I23Lpzo_F_rDVXA941YkohEuN1ZeDyvZ40SCIQkTBm8D0-_5OAM2Qektr6tNiZkcdpbAH7Mknm_BPyfjCE",
      "nome": "Desperate Situation"
    },
    {
      "numero": 24,
      "url": "https://www.blogger.com/video.g?token=AD6v5dxKss5sl7WYVOVNgW1hc5oKo3kV23R_zPe2Jvw4mzXD_mAYbZo0H_7d3SwZy81rp9Iqne2jv0lMNlfFRZwIVL5f_6pm1i2NQOi9hzYI09JkQ8IYrD8mSK6fdnaV2s_mEYc_ZSA2",
      "nome": "Tenacity to Win"
    },
    {
      "numero": 25,
      "url": "https://www.blogger.com/video.g?token=AD6v5dx0g7IauGQc4PmTCd_62UtqHUaRojOJRetKSqJ0P6usDozhtqWOH5NcaAPydqoUb1-X6I4NSvrXqcllxS1g1ae0nZ7M4pllTFRYRLh8K3JiRZPet_4hRP_qGQKpcLEVBafYBRs",
      "nome": "Fierce Battle! Finale"
    },
    {
      "numero": 26,
      "url": "https://www.blogger.com/video.g?token=AD6v5dwXvk6rGsXErqpWviNTAqAH8U1yAlIG3LhfJv8ZFzQLTFfGqNok9KdlMvo8kDuzeqPMCJXXD5-JH0W4Bu-fZRdE2t44qf_wBykOXZSN4pNlwioq8a1uMOAStUYGlE8ptS8BcF0",
      "nome": "Professional"
    },
    {
      "numero": 27,
      "url": "https://www.blogger.com/video.g?token=AD6v5dxjbiKoLSeLUXXwYyy6QyZKqoBvMbyScUI5tajokj36CmEeZfVPykDbD5uzaEG2dIexClJ88SCCsvmAPefpPqCgDQkh7lah36S3l-R3KOymDyLcrhnpVjy2pndjjiqkWTqTVcDY",
      "nome": "Ryouma Goes!"
    },
    {
      "numero": 28,
      "url": "https://www.blogger.com/video.g?token=AD6v5dwDd6BaK-pH694pKRtHKbQRUlZMGkXQruE4_ZG4ZSZhB6HzWrmMBaLCw7s7r91o-aNJvgLZ5rffF7Fz0rCpcLsxTeBp7SfgWQTHRjwpkTtomk7A4VZ2duIUkrA4kFmyaWXw378",
      "nome": "The Summit Battle! Kamagaku vs. Shukyu"
    },
    {
      "numero": 29,
      "url": "https://www.blogger.com/video.g?token=AD6v5dx4cfioN05I2DPuGhvbRFQAfIuYaXwxLoLon_KPIBCPCWLl0BwT-yvuJgk1hR4s0gx6G-_OYcgDZoaxH_7EewxS0luD3B4gv0OtFVC35J8U3XuIqrUUy_5uuOq3uTAGg-CINbMQ",
      "nome": "Partly Cloudy"
    },
    {
      "numero": 30,
      "url": "https://www.blogger.com/video.g?token=AD6v5dx6bQlTEoXaEQaA_qwNTVKi_yR_Su0M4GpFylAP69lQ7a_auTBDdEi5OOGN0aHtTeMAWCOnxL6tAZzMjdsZ2EVrxJuZrWVjl9G-MO2kcmcUneLVchVLJoSkpVxTaOeeC3IN-C0",
      "nome": "U-16 Representative Training Camp"
    },
    {
      "numero": 31,
      "url": "https://www.blogger.com/video.g?token=AD6v5dzqKOksT-a0-mNxAZ8tXk86KTKtMLGaPeR3sk2SwZjAAQMJ36SkHrfWTR6S1SsfIDNA_8F3DX_0bJ4QI6zxBskcVKLO2ah9YK9oiDAiQv7UR9rkyczeWO4ICbbhJecJwcP2voDo",
      "nome": "World Match Debut"
    },
    {
      "numero": 32,
      "url": "https://www.blogger.com/video.g?token=AD6v5dxmFYiaYnI1qVVdIuWzY32iRMa47W9qrM1n1U_s8oYJyhk-gCF5MaPFnpB8I_fdpJu8bViPKB081c5YZzSa2gXrsqnyLG5GYesAh28oFAJq_ht1YqxwCfwYeN1ujznBvQdfwgw",
      "nome": "Welcome Home, Romeo-sama?!"
    },
    {
      "numero": 33,
      "url": "https://www.blogger.com/video.g?token=AD6v5dzKYIFsEGxYKWj11heTbFnH8FocQdJp5CWkN2OWAzJ2EyJLdfqkRqmlxCQlHZYL5XwRA_VvXkwCqGND5jUsPzTlkKPzDMfrnDWZ6xeTcZVlsSQzZgJgvTnX0354YgZyYwVHjQ",
      "nome": "New Challenger"
    },
    {
      "numero": 34,
      "url": "https://www.blogger.com/video.g?token=AD6v5dzKC4UCiz3h6qLltd48xmraGYe6RZjY7UaMagQLTGPbBqKn2FPwRnzfdqfp8e1P0mwHCwWKWIvfoYwdL6ynDXt6xroJ-A_Nd7DQU2HDJ07MDYWxQ6tccDW7rrT5fwDtAd3aiZ0b",
      "nome": "Raise the Curtain! High School Championship"
    },
    {
      "numero": 35,
      "url": "https://www.blogger.com/video.g?token=AD6v5dyuFUR5P9LLfK5EbBzi7VUHlAtxpmlgUqeB7j-wVf1pqSgFMKwHQQ_ogMw7ACK5gskLbNKC5RGi_WJdYs7jONQzf54ypaoTv2xrPf9co3v0TsE70LR2lyuIYCDUsLsJnEIg1E3a",
      "nome": "New Total Football"
    },
    {
      "numero": 36,
      "url": "https://www.blogger.com/video.g?token=AD6v5dw4O8i8L5ij-ZRIE7IS9xFlDu4qgNXEHAtmirMowyjAjy6rqcOWjh4zzRyQieO9yJAW_aEcDahvwH6JezQagxQYzlSTW19FU-WAyjDdGZ-bEdriS1Y_zhvjwgWE70Eua1XlROch",
      "nome": "Storm Warning!"
    },
    {
      "numero": 37,
      "url": "https://www.blogger.com/video.g?token=AD6v5dxGbd_GduDMCdfsUvY5O2SpyI1P18eORMLyPHJLRGEynz-B3ra02vgkH-6mKvwmhRO25DNycUb6u5Z8VQl3H9FzJMbH1lgP7ElaxqXWA-Ql2DppcPITuTcV5OajYA9RLQ-8YcK8",
      "nome": "Kickoff!!"
    }
  ]
}