{
  "id": 285,
  "title": "Argento Soma",
  "title_jp": "アルジェント ソーマ",
  "slug": "argento-soma",
  "type": "legendados",
  "format": "TV",
  "images": {
    "poster": "https://cdn.myanimelist.net/images/anime/8/9440l.webp",
    "banner": "https://cdn.myanimelist.net/images/anime/8/9440.jpg"
  },
  "trailer": "https://www.youtube-nocookie.com/embed/D8wYxHJ57iE?enablejsapi=1&wmode=opaque&autoplay=1",
  "synopsis": "The 21st century was supposed to mark the beginning of mankind's golden age of space travel. However, humanity's lingering dreams of the stars are shelved when Earth suddenly comes under attack by alien entities. Trampling across the planet's surface, these giant invaders leave nothing but death and destruction in their wake.\n\nHaving suffered personal losses from the invasion, Takuto Kaneshiro joins the fight against the extraterrestrial enemies. In his quest for vengeance, the disillusioned young Takuto must seek out any possible allies, but the line between friend and foe is dangerously thin. When old powers crumble and new opportunities arise, many are prepared to capitalize on the chaos. Takuto soon realizes that the aliens may be the least complicated obstacle to uncovering the greater truth behind the catastrophic invasion.\n\n[Written by MAL Rewrite]",
  "score": 6.74,
  "genres": [
    "Adventure",
    "Drama",
    "Sci-Fi"
  ],
  "episodes": [
    {
      "numero": 1,
      "url": "https://lightspeedst.net/s3/mp4/argento-soma/sd/1.mp4",
      "nome": "Rebirth and Death"
    },
    {
      "numero": 2,
      "url": "https://lightspeedst.net/s3/mp4/argento-soma/sd/2.mp4",
      "nome": "Death and the Maiden"
    },
    {
      "numero": 3,
      "url": "https://lightspeedst.net/s3/mp4/argento-soma/sd/3.mp4",
      "nome": "The Maiden and the Meeting"
    },
    {
      "numero": 4,
      "url": "https://lightspeedst.net/s3/mp4/argento-soma/sd/4.mp4",
      "nome": "The Meeting and Hatred"
    },
    {
      "numero": 5,
      "url": "https://lightspeedst.net/s3/mp4/argento-soma/sd/5.mp4",
      "nome": "Hatred and War"
    },
    {
      "numero": 6,
      "url": "https://lightspeedst.net/s3/mp4/argento-soma/sd/6.mp4",
      "nome": "War and Escape"
    },
    {
      "numero": 7,
      "url": "https://lightspeedst.net/s3/mp4/argento-soma/sd/7.mp4",
      "nome": "Escape and Memories"
    },
    {
      "numero": 8,
      "url": "https://lightspeedst.net/s3/mp4/argento-soma/sd/8.mp4",
      "nome": "Memories and Solitude"
    },
    {
      "numero": 9,
      "url": "https://lightspeedst.net/s3/mp4/argento-soma/sd/9.mp4",
      "nome": "Solitude and Sadness"
    },
    {
      "numero": 10,
      "url": "https://lightspeedst.net/s3/mp4/argento-soma/sd/10.mp4",
      "nome": "Sadness and Malice"
    },
    {
      "numero": 11,
      "url": "https://lightspeedst.net/s3/mp4/argento-soma/sd/11.mp4",
      "nome": "Malice and Betrayal"
    },
    {
      "numero": 12,
      "url": "https://lightspeedst.net/s3/mp4/argento-soma/sd/12.mp4",
      "nome": "Betrayal and Despair"
    },
    {
      "numero": 13,
      "url": "https://lightspeedst.net/s3/mp4/argento-soma/sd/13.mp4",
      "nome": "Despair and Hope"
    },
    {
      "numero": 14,
      "url": "https://lightspeedst.net/s3/mp4/argento-soma/sd/14.mp4",
      "nome": "Hope and Confusion"
    },
    {
      "numero": 15,
      "url": "https://lightspeedst.net/s3/mp4/argento-soma/sd/15.mp4",
      "nome": "Confusion and Conflict"
    },
    {
      "numero": 16,
      "url": "https://lightspeedst.net/s3/mp4/argento-soma/sd/16.mp4",
      "nome": "Conflict and Decisions"
    },
    {
      "numero": 17,
      "url": "https://lightspeedst.net/s3/mp4/argento-soma/sd/17.mp4",
      "nome": "Decisions and the Past"
    },
    {
      "numero": 18,
      "url": "https://lightspeedst.net/s3/mp4/argento-soma/sd/18.mp4",
      "nome": "The Past and Crimes"
    },
    {
      "numero": 19,
      "url": "https://lightspeedst.net/s3/mp4/argento-soma/sd/19.mp4",
      "nome": "Crimes and Punishments"
    },
    {
      "numero": 20,
      "url": "https://lightspeedst.net/s3/mp4/argento-soma/sd/20.mp4",
      "nome": "Punishments and Awakening"
    },
    {
      "numero": 21,
      "url": "https://lightspeedst.net/s3/mp4/argento-soma/sd/21.mp4",
      "nome": "Awakening and Truth"
    },
    {
      "numero": 22,
      "url": "https://lightspeedst.net/s3/mp4/argento-soma/sd/22.mp4",
      "nome": "Truth and Destruction"
    },
    {
      "numero": 23,
      "url": "https://lightspeedst.net/s3/mp4/argento-soma/sd/23.mp4",
      "nome": "Destruction and Courage"
    },
    {
      "numero": 24,
      "url": "https://lightspeedst.net/s3/mp4/argento-soma/sd/24.mp4",
      "nome": "Courage and Love"
    },
    {
      "numero": 25,
      "url": "https://lightspeedst.net/s3/mp4/argento-soma/sd/25.mp4",
      "nome": "Love and Rebirth"
    },
    {
      "numero": 26,
      "url": "https://lightspeedst.net/s3/mp4/argento-soma/sd/26.mp4"
    }
  ]
}