{
  "id": 40677,
  "title": "Argonavis from BanG Dream!",
  "title_jp": "アルゴナビス from BanG Dream!",
  "slug": "argonavis-from-bang-dream",
  "type": "legendados",
  "format": "TV",
  "images": {
    "poster": "https://cdn.myanimelist.net/images/anime/1484/109428l.webp",
    "banner": "https://cdn.myanimelist.net/images/anime/1484/109428.jpg"
  },
  "trailer": "https://www.youtube-nocookie.com/embed/kTDeChfR-zA?enablejsapi=1&wmode=opaque&autoplay=1",
  "synopsis": "Ren Nanahoshi has been chasing a certain thrill he once experienced at a live festival when he was a child. Now, as a first-year university student, he avoids making friends and practices singing by himself, hoping to find that adrenaline once more. A fateful encounter at a karaoke bar allows Nanahoshi to meet Yuuto Goryou and Wataru Matoba—both of whom are impressed by his voice. The two have been searching for band members, and they want Nanahoshi to be their vocalist.  \n\nNanahoshi initially rejects their constant pestering but relents after attending their live show and performing alongside them. Joined by the carefree Rio Kikyou and passionate Banri Shiroishi, the five boys form \"Argonavis\" and set their sights on headlining the Destiny Rock Festival. As they begin to work together as a band, they come across the trials and tribulations that come with pursuing stardom.\n\n[Written by MAL Rewrite]",
  "score": 6.68,
  "genres": [
    "Drama"
  ],
  "episodes": [
    {
      "numero": 1,
      "url": "https://www.blogger.com/video.g?token=AD6v5dzSIFRftYYNrQeNkPy8uFJUZo_HZ_TBDot7EeqoPIcHFNR3hMQVkCH_RN9ShxS2KPCdSADwIQ4L9ujW7SW05m2e_D3QjrSNsCmMHlvgmZF7KJ9KKp2o59SogKHg5x1mDspI",
      "nome": "To place where there is light"
    },
    {
      "numero": 2,
      "url": "https://www.blogger.com/video.g?token=AD6v5dztKgewrbRwRnATYEcZAUdunTa_LHlvR1XLHg9-zR5CXuht9gV-HgC3ZiwXmKuvzIHOR4XSvlc0LyyXFeIDO9CmXk9GVNjQuvp3zbOD2Vdi7xcHsub_lluCWaTrQvwyv1bHPjAf",
      "nome": "Genius and Enthusiasm"
    },
    {
      "numero": 3,
      "url": "https://www.blogger.com/video.g?token=AD6v5dzWT1oWGKXS4AiDUfOq-j52d6_7v135SVwcsyCZZPeFHfJ26xRrEPggIqpa1T3Br6eYYNNKQClFXBcMd4Z5XoXdLBt3-duP1co2h72AQZOUV9YD_5TfG4xtrH_7SLUgKZMPARTy",
      "nome": "Our Departure"
    },
    {
      "numero": 4,
      "url": "https://www.blogger.com/video.g?token=AD6v5dw8HQ9UFO0CEhQsuvKNmRAYLLzKR7zFKFU40kaj-BJEMG2HRr9z_XjIhOvLPeO2qiIMVscAjdC3cWIf5uqYBSWy-k8wMMSZ4wtkj9Fw9Z7GnPqeXNrL9zeC165ul83AaJjAjZc",
      "nome": "Between Dream and Reality"
    },
    {
      "numero": 5,
      "url": "https://www.blogger.com/video.g?token=AD6v5dxzNtdBilyt3zpKeUkUSqBisQcoKvpJ7HCcSaQLlmj9KiHI37_S1zG4124HCjhmMA0RBTJw_IQC1oFXfMXXV5LWTGoBHE64pHQceYu93H1dFjwcNJOjtMkXzUQNnyHsF6x7bY9Z",
      "nome": "Farewell to the Past"
    },
    {
      "numero": 6,
      "url": "https://www.blogger.com/video.g?token=AD6v5dyPc2UvYPc5H4FRhdgmuAeDE0WLYWYE32z7pW520GC40zvLpzjXpbINmhScQRTCBR-0dshLvlJrSQ8UrrArK9-n1O0ZT3gZsawYBtjHLYXqUHT2NwFUtI3E_lbWMi7bclsmC9k",
      "nome": "Meteor Shower"
    },
    {
      "numero": 7,
      "url": "https://www.blogger.com/video.g?token=AD6v5dygK2KBSE1gNlgLBYS61NREFtVUMQfz-w5DBE0UthIRPhWjHGZ-fPdn32dSQsaK9rDgtrA6Z49xyG9nwavgYfJjbfHfa0bs1Qe4PLHNtwchx_eBH7Gr0X6cy6guq8JBaHxpYigc",
      "nome": "Across the waves"
    },
    {
      "numero": 8,
      "url": "https://lightspeedst.net/s3/mp4/argonavis-from-bang-dream/fhd/8.mp4",
      "nome": "Resonance"
    },
    {
      "numero": 9,
      "url": "https://lightspeedst.net/s3/mp4/argonavis-from-bang-dream/fhd/9.mp4",
      "nome": "Challenge to the Unknown"
    },
    {
      "numero": 10,
      "url": "https://lightspeedst.net/s3/mp4/argonavis-from-bang-dream/fhd/10.mp4",
      "nome": "Break the limit!"
    },
    {
      "numero": 11,
      "url": "https://www.blogger.com/video.g?token=AD6v5dwu8STYV9r7k4d1ZBy_dtr3W6Py-3SmzrF1hQjTqhTd8Le5OWx1YdQ0Hb_mc8MhhiH2-Nuv9BJqeRJs_U7tfcuLldSyNjbBvXIgEgqJxXPgF6GCuC0etHnuJpNO78_jLOOAN04",
      "nome": "To the place of destiny"
    },
    {
      "numero": 12,
      "url": "https://lightspeedst.net/s3/mp4/argonavis-from-bang-dream/hd/12.mp4",
      "nome": "Goal Line"
    },
    {
      "numero": 13,
      "url": "https://lightspeedst.net/s3/mp4/argonavis-from-bang-dream/hd/13.mp4",
      "nome": "Pray"
    }
  ]
}