{
  "id": 477,
  "title": "Aria The Animation",
  "title_jp": "ARIA The ANIMATION",
  "slug": "aria-the-animation",
  "type": "legendados",
  "format": "TV",
  "images": {
    "poster": "https://cdn.myanimelist.net/images/anime/2/77620l.webp",
    "banner": "https://cdn.myanimelist.net/images/anime/2/77620.jpg"
  },
  "trailer": "https://www.youtube-nocookie.com/embed/NraaWUZxWZw?enablejsapi=1&wmode=opaque&autoplay=1",
  "synopsis": "Drift peacefully into Neo Venezia, a city on the planet Aqua (formerly known as Mars). By the 24th century, humans have found a way to colonize the previously uninhabitable planet. As futuristic as that sounds, Neo Venezia is still teeming with rustic beauty; gondolas on wide canals and waterways are the main mode of transportation. The city itself is a faithful replication of Manhome's (the planet formerly known as Earth) Venice.\n\nTo make sure that residents and tourists alike get the most from Neo Venezia's many wonders, companies offering guided tours via gondola were formed, one of which is named Aria Company.\n\nThis is the workplace of Akari Mizunashi, a free spirited teenager from Manhome who is now a novice Undine (the title given to tour guides). Join Akari as she becomes intimately acquainted with other Undine, tourists, Neo Venezia's residents, and even the city itself, learning many valuable life lessons along the way, such as the wonderful truth that there are such things as manmade miracles.\n\n[Written by MAL Rewrite]",
  "score": 7.68,
  "genres": [
    "Sci-Fi",
    "Slice of Life"
  ],
  "episodes": [
    {
      "numero": 1,
      "url": "https://lightspeedst.net/s3/mp4/aria-the-animation/sd/1.mp4",
      "nome": "That Wonderful Miracle..."
    },
    {
      "numero": 2,
      "url": "https://lightspeedst.net/s3/mp4/aria-the-animation/sd/2.mp4",
      "nome": "On That Special Day..."
    },
    {
      "numero": 3,
      "url": "https://lightspeedst.net/s3/mp4/aria-the-animation/sd/3.mp4",
      "nome": "With That Transparent Young Girl..."
    },
    {
      "numero": 4,
      "url": "https://lightspeedst.net/s3/mp4/aria-the-animation/sd/4.mp4",
      "nome": "That Undeliverable Letter..."
    },
    {
      "numero": 5,
      "url": "https://lightspeedst.net/s3/mp4/aria-the-animation/sd/5.mp4",
      "nome": "To That Island Which Shouldn't Exist..."
    },
    {
      "numero": 6,
      "url": "https://lightspeedst.net/s3/mp4/aria-the-animation/sd/6.mp4",
      "nome": "That Which You Want to Protect ..."
    },
    {
      "numero": 7,
      "url": "https://lightspeedst.net/s3/mp4/aria-the-animation/sd/7.mp4",
      "nome": "Doing That Wonderful Job..."
    },
    {
      "numero": 8,
      "url": "https://lightspeedst.net/s3/mp4/aria-the-animation/sd/8.mp4",
      "nome": "That Melancholy President... / That Cool Hero..."
    },
    {
      "numero": 9,
      "url": "https://lightspeedst.net/s3/mp4/aria-the-animation/sd/9.mp4",
      "nome": "That Starlike Fairy..."
    },
    {
      "numero": 10,
      "url": "https://lightspeedst.net/s3/mp4/aria-the-animation/sd/10.mp4",
      "nome": "That Warm Holiday..."
    },
    {
      "numero": 11,
      "url": "https://lightspeedst.net/s3/mp4/aria-the-animation/sd/11.mp4",
      "nome": "Those Orange Days..."
    },
    {
      "numero": 12,
      "url": "https://lightspeedst.net/s3/mp4/aria-the-animation/sd/12.mp4",
      "nome": "That Soft Wish..."
    },
    {
      "numero": 13,
      "url": "https://lightspeedst.net/s3/mp4/aria-the-animation/sd/13.mp4",
      "nome": "That White Morning..."
    }
  ]
}