{
  "id": 962,
  "title": "Aria The Natural",
  "title_jp": "ARIA The NATURAL",
  "slug": "aria-the-natural",
  "type": "legendados",
  "format": "TV",
  "images": {
    "poster": "https://cdn.myanimelist.net/images/anime/2/77621l.webp",
    "banner": "https://cdn.myanimelist.net/images/anime/2/77621.jpg"
  },
  "trailer": "https://www.youtube-nocookie.com/embed/L4o29FP2C64?enablejsapi=1&wmode=opaque&autoplay=1",
  "synopsis": "Akari Mizunashi continues her training to become a Prima Undine (a professional tour guide gondolier) along with her friends Aika and Alice in the peaceful city of Neo Venezia. Despite the fact that these three girls are from competing companies, they are constantly together, learning more about how to become better tour guides and more about the mysteries of Neo Venezia.\n\nAs the group continues to meet interesting and unforgettable people through their daily routines, they will also come closer to the secrets that make the enigmatic and ever beautiful city of Neo Venezia so warm and alive.\n\nWelcome back to Neo Venezia: the city where miracles can be created by hand.\n\n[Written by MAL Rewrite]",
  "score": 8.16,
  "genres": [
    "Sci-Fi",
    "Slice of Life"
  ],
  "episodes": [
    {
      "numero": 1,
      "url": "https://lightspeedst.net/s3/mp4/aria-the-natural/sd/1.mp4",
      "nome": "That Encounter At The Carnival..."
    },
    {
      "numero": 2,
      "url": "https://lightspeedst.net/s3/mp4/aria-the-natural/sd/2.mp4",
      "nome": "Looking For That Treasure..."
    },
    {
      "numero": 3,
      "url": "https://lightspeedst.net/s3/mp4/aria-the-natural/sd/3.mp4",
      "nome": "The Night Of the Meteor Shower ..."
    },
    {
      "numero": 4,
      "url": "https://lightspeedst.net/s3/mp4/aria-the-natural/sd/4.mp4",
      "nome": "That Neo-Venezia-Colored Heart..."
    },
    {
      "numero": 5,
      "url": "https://lightspeedst.net/s3/mp4/aria-the-natural/sd/5.mp4",
      "nome": "The Wonder Of That Rainy Day... / The Discoveries On That Spring Day..."
    },
    {
      "numero": 6,
      "url": "https://lightspeedst.net/s3/mp4/aria-the-natural/sd/6.mp4",
      "nome": "The Smile Reflected In that Mirror..."
    },
    {
      "numero": 7,
      "url": "https://lightspeedst.net/s3/mp4/aria-the-natural/sd/7.mp4",
      "nome": "To The Kingdom Of Cats..."
    },
    {
      "numero": 8,
      "url": "https://lightspeedst.net/s3/mp4/aria-the-natural/sd/8.mp4",
      "nome": "The Day of Festa Del Bòcolo..."
    },
    {
      "numero": 9,
      "url": "https://lightspeedst.net/s3/mp4/aria-the-natural/sd/9.mp4",
      "nome": "Those Honest Stars..."
    },
    {
      "numero": 10,
      "url": "https://lightspeedst.net/s3/mp4/aria-the-natural/sd/10.mp4",
      "nome": "That Heartwarming Town And Its People..."
    },
    {
      "numero": 11,
      "url": "https://lightspeedst.net/s3/mp4/aria-the-natural/sd/11.mp4",
      "nome": "That Precious Sparkle..."
    },
    {
      "numero": 12,
      "url": "https://lightspeedst.net/s3/mp4/aria-the-natural/sd/12.mp4",
      "nome": "Chasing That Mirage... / The Light From That Nightshine Chime..."
    },
    {
      "numero": 13,
      "url": "https://lightspeedst.net/s3/mp4/aria-the-natural/sd/13.mp4",
      "nome": "Those Really Self-Imposed Rules..."
    },
    {
      "numero": 14,
      "url": "https://lightspeedst.net/s3/mp4/aria-the-natural/sd/14.mp4",
      "nome": "That Newest Memory..."
    },
    {
      "numero": 15,
      "url": "https://lightspeedst.net/s3/mp4/aria-the-natural/sd/15.mp4",
      "nome": "In the Center of That Large Circle..."
    },
    {
      "numero": 16,
      "url": "https://lightspeedst.net/s3/mp4/aria-the-natural/sd/16.mp4",
      "nome": "Parting With That Gondola..."
    },
    {
      "numero": 17,
      "url": "https://lightspeedst.net/s3/mp4/aria-the-natural/sd/17.mp4",
      "nome": "After That Rainy Night..."
    },
    {
      "numero": 18,
      "url": "https://lightspeedst.net/s3/mp4/aria-the-natural/sd/18.mp4",
      "nome": "That New Me..."
    },
    {
      "numero": 19,
      "url": "https://lightspeedst.net/s3/mp4/aria-the-natural/sd/19.mp4",
      "nome": "That Crybaby... / That Young Girl's Heart..."
    },
    {
      "numero": 20,
      "url": "https://lightspeedst.net/s3/mp4/aria-the-natural/sd/20.mp4",
      "nome": "That Shadowless Invitation..."
    },
    {
      "numero": 21,
      "url": "https://lightspeedst.net/s3/mp4/aria-the-natural/sd/21.mp4",
      "nome": "That Night Of the Galaxy Express..."
    },
    {
      "numero": 22,
      "url": "https://lightspeedst.net/s3/mp4/aria-the-natural/sd/22.mp4",
      "nome": "That Mysterious World... / That Guardian Of Aqua..."
    },
    {
      "numero": 23,
      "url": "https://lightspeedst.net/s3/mp4/aria-the-natural/sd/23.mp4",
      "nome": "That Sea, Love, and Heart..."
    },
    {
      "numero": 24,
      "url": "https://lightspeedst.net/s3/mp4/aria-the-natural/sd/24.mp4",
      "nome": "Those Undines of Tomorrow..."
    },
    {
      "numero": 25,
      "url": "https://lightspeedst.net/s3/mp4/aria-the-natural/sd/25.mp4",
      "nome": "The Fruits Of That Encounter..."
    },
    {
      "numero": 26,
      "url": "https://lightspeedst.net/s3/mp4/aria-the-natural/sd/26.mp4",
      "nome": "That White, Kind City..."
    }
  ]
}