{
  "id": 3297,
  "title": "Aria The Origination",
  "title_jp": "ARIA The ORIGINATION",
  "slug": "aria-the-origination",
  "type": "legendados",
  "format": "TV",
  "images": {
    "poster": "https://cdn.myanimelist.net/images/anime/1431/132867l.webp",
    "banner": "https://cdn.myanimelist.net/images/anime/1431/132867.jpg"
  },
  "trailer": "https://www.youtube-nocookie.com/embed/ycySMqzBzG0?enablejsapi=1&wmode=opaque&autoplay=1",
  "synopsis": "In the 24th century on the planet Aqua, three girls—Akari Mizunashi, Alice Carroll, and Aika S. Granzchesta—continue to work hard toward achieving their goal of becoming Prima Undines: professional tour guide gondoliers. Luckily, the girls have the guidance of the three best Prima Undines in Neo-Venezia—Alicia Florence, Athena Glory, and Akira E. Ferrari—who are known as the \"Water Fairies\" in honor of their skill. With their help, the young apprentices train hard and work to overcome any situations that they find themselves in.\n\nAs these three young girls experience both the joys and hardships of life, they do their best to improve as tour gondoliers in Neo-Venezia, a terraformed replica of Venice.\n\n[Written by MAL Rewrite]",
  "score": 8.47,
  "genres": [
    "Sci-Fi",
    "Slice of Life"
  ],
  "episodes": [
    {
      "numero": 1,
      "url": "https://lightspeedst.net/s3/mp4/aria-the-origination/sd/1.mp4",
      "nome": "That Imminent Spring Breeze..."
    },
    {
      "numero": 2,
      "url": "https://lightspeedst.net/s3/mp4/aria-the-origination/sd/2.mp4",
      "nome": "That Smiling Customer..."
    },
    {
      "numero": 3,
      "url": "https://lightspeedst.net/s3/mp4/aria-the-origination/sd/3.mp4",
      "nome": "Those Feelings Within..."
    },
    {
      "numero": 4,
      "url": "https://lightspeedst.net/s3/mp4/aria-the-origination/sd/4.mp4",
      "nome": "Those Who Aim for Tomorrow..."
    },
    {
      "numero": 5,
      "url": "https://lightspeedst.net/s3/mp4/aria-the-origination/sd/5.mp4",
      "nome": "That Keepsake Clover..."
    },
    {
      "numero": 6,
      "url": "https://lightspeedst.net/s3/mp4/aria-the-origination/sd/6.mp4",
      "nome": "That Wonderful Extracurricular Lesson..."
    },
    {
      "numero": 7,
      "url": "https://lightspeedst.net/s3/mp4/aria-the-origination/sd/7.mp4",
      "nome": "In That Gently Passing Time..."
    },
    {
      "numero": 8,
      "url": "https://lightspeedst.net/s3/mp4/aria-the-origination/sd/8.mp4",
      "nome": "The Memories of That Precious Person..."
    },
    {
      "numero": 9,
      "url": "https://lightspeedst.net/s3/mp4/aria-the-origination/sd/9.mp4",
      "nome": "Surrounded by That Orange Wind..."
    },
    {
      "numero": 10,
      "url": "https://lightspeedst.net/s3/mp4/aria-the-origination/sd/10.mp4",
      "nome": "The Excitement on That Moon-Gazing Night..."
    },
    {
      "numero": 11,
      "url": "https://lightspeedst.net/s3/mp4/aria-the-origination/sd/11.mp4",
      "nome": "Those Ever-Changing Days..."
    },
    {
      "numero": 12,
      "url": "https://lightspeedst.net/s3/mp4/aria-the-origination/sd/12.mp4",
      "nome": "Embraced by That Blue Sea and Wind..."
    },
    {
      "numero": 13,
      "url": "https://lightspeedst.net/s3/mp4/aria-the-origination/sd/13.mp4",
      "nome": "To That New Beginning..."
    }
  ]
}