{
  "id": 52995,
  "title": "Arifureta Shokugyou de Sekai Saikyou Season 3 (Dublado)",
  "title_jp": "ありふれた職業で世界最強 season 3",
  "slug": "arifureta-shokugyou-de-sekai-saikyou-season-3-dublado",
  "type": "dublados",
  "format": "TV",
  "images": {
    "poster": "https://cdn.myanimelist.net/images/anime/1553/145597l.webp",
    "banner": "https://cdn.myanimelist.net/images/anime/1553/145597.jpg"
  },
  "trailer": "https://www.youtube-nocookie.com/embed/b4HY4UX-EFY?enablejsapi=1&wmode=opaque&autoplay=1",
  "synopsis": "En route to conquer a Great Labyrinth with his allies and former classmates, Hajime Nagumo is sidetracked by a tragedy that befalls his party member Shea Haulia. After encountering a group of rabbitmen caught in an ambush, Nagumo learns that members of Shea's Haulia Tribe have been abducted by soldiers of the Hoelscher Empire. To alleviate the anxiety of Shea, whose father may be in mortal danger, Nagumo decides to head toward the empire and rescue the missing Haulias.\n\nAfter arriving at his destination, Hajime is caught up in political turmoil between the empire and the Heiligh Kingdom. As princess Liliana S. B. Heiligh tries to formalize an alliance with the empire to protect her weakened kingdom against demon attacks, the Haulia Tribe plans to assassinate Emperor Gahard D. Hoelscher to free all rabbitmen from the empire's threat. Determined to protect his allies at any cost, Hajime will need to ignore all political considerations and unleash his unstoppable power on anyone who may stand in his way.\n\n[Written by MAL Rewrite]",
  "score": 7.02,
  "genres": [
    "Action",
    "Adventure",
    "Fantasy"
  ],
  "episodes": [
    {
      "numero": 1,
      "url": "https://www.blogger.com/video.g?token=AD6v5dwvAcj0cBxiGW9EbWz3ZccnCsrf6xWB3UT-XSYVKAdPRAupjQuFBRJPWNXn8fElzm-FrzIOZkYAqFEe1HjF2SMVaQKuUUD2mmD7qTgRw92MWVDNGQiOH7LxVyAB5FtCoovdNhSk",
      "nome": "Haulias Assemble"
    },
    {
      "numero": 2,
      "url": "https://www.blogger.com/video.g?token=AD6v5dxelFvIFMCzo0k7nexwHMAFY4IHjiQ39p2-9yWptGfbysJjkCkUF53IpPp3uV6p6IpVTrGNQXmCOuwV5tV9wkvV_Z0tAAgmHyQu82ZtfPPdc433Q8ojBZaSVjIfj8iCg5Xx6a6A",
      "nome": "Roar of Revolution"
    },
    {
      "numero": 3,
      "url": "https://www.blogger.com/video.g?token=AD6v5dxGk40pCLpXKGv-b3If_aO7pBWzAfJiXBW4T52VuEMfqT4BSrtIFNNbJD1m-3FDL-yUNkUYeqAv46byuaFdjlJ5V5oZ5-YctMLNSsKrX3yldAHk_UHTJ8L9WAG4tt3xY6atPFc1",
      "nome": "The Princess's Ordeal"
    },
    {
      "numero": 4,
      "url": "https://www.blogger.com/video.g?token=AD6v5dwIXeSaV9GmN0-gjLk1ESevb0_eowwdLpDqcjpohnejhsRIO_8zZujS29coSZ06S2UpzHzASXJmk0DYUjBG4AXURlXYkeq-WUv5dThLj1XgCbI9VM6frnd5cwPeFCFk1Ghck-E",
      "nome": "The Empire vs the Strongest Rabbits"
    },
    {
      "numero": 5,
      "url": "https://www.blogger.com/video.g?token=AD6v5dyrLTrn3ebuxmt8w1KZcq97Jv8y8BuIwuzW3V6fi09HPzdXaRqAo06_OTFjaBuhMUx_5sbykxF8dqFq9fWopBS6Ks4mAFxMVV1CJTjJrvAluRyWJI12R9PpUECUYZtSK97u-4Y",
      "nome": "The Hero Returns"
    },
    {
      "numero": 6,
      "url": "https://www.blogger.com/video.g?token=AD6v5dytk1V3k4B1CtJ4XjtTBUuOPGahpBHVyEih2XL3aelzh2BnconFLHiR91PtQBJ4DeRZg-faf_SdpUQ7JPAb1_kKnVnswunVoU63qcmUozzIBqYPfUtseuC7sEgrl-45avTHjvLc",
      "nome": "Haltina's Labyrinth"
    },
    {
      "numero": 7,
      "url": "https://www.blogger.com/video.g?token=AD6v5dxsQwSbP-dQ1-tv-Rq9rdhnYIQl23cDN9IhGwlZjJrAa9SlKQdM2C_HH7Rwtyw7C4hFdHfFP2sWwChlQDHSWt9zixSb35IM6AnG2xRUJivmq_REthKmxaI7yaudr24vZPoKNlc",
      "nome": "A Devilish Trial"
    },
    {
      "numero": 8,
      "url": "https://www.blogger.com/video.g?token=AD6v5dwgI91I0lg6P-5F1nUl4ltm3dkBlGUhp6BUeKboL7OfXk_AJD5l8D4U1m7bAh0-3kJwbm4pHlcMyp2bIkkaDu-QTUNOzmsSclLNqBre5NsMx51_7zd69mGcHasttSGgiREheViL",
      "nome": "Grab Hold of Hope"
    },
    {
      "numero": 9,
      "url": "https://www.blogger.com/video.g?token=AD6v5dzITAd0p7GaXCAWsZDKynlzjf8BNbOcjfe-ZxtAl3w5439XXWUh7mpqt0StfpkbSlPy9gWQU6BoHGtTHc0Uwxa_cndhnrTPGXwsEuGHdsbKyvqIrvrWogmV3b7FE7bqcy74VRk",
      "nome": "Changing Heart"
    },
    {
      "numero": 10,
      "url": "https://www.blogger.com/video.g?token=AD6v5dwSt15TFVw7SQzDiO0qU0VVL7M70qS3HCxCcsAO6O_aY50cn2loGDTCjdwu0RFZfCEw33aNnhbyuk_TIVo4IolhH0l354IxsYIJfDop74eKMOXh_G_WMrAclUWpcwGXVEGaXcI",
      "nome": "The Final Labyrinth"
    }
  ]
}