{
  "id": 51473,
  "title": "Arifureta Shokugyou de Sekai Saikyou: Maboroshi no Bouken to Kiseki no Kaigou (Dublado)",
  "title_jp": "ありふれた職業で世界最強 「幻の冒険と奇跡の邂逅」",
  "slug": "arifureta-shokugyou-de-sekai-saikyou-maboroshi-no-bouken-to-kiseki-no-kaigou-dublado",
  "type": "dublados",
  "format": "OVA",
  "images": {
    "poster": "https://cdn.myanimelist.net/images/anime/1068/124244l.webp",
    "banner": "https://cdn.myanimelist.net/images/anime/1068/124244.jpg"
  },
  "trailer": "https://www.youtube-nocookie.com/embed/RMPL7pMWa2I?enablejsapi=1&wmode=opaque&autoplay=1",
  "synopsis": "After the capture, Hajime was worried about the farewell to Myuu that would occur when the trip resumed.\nHajime and his friends were talking about \"The Seven Great Legends of Erisen\" as a memory before they left for the trip, but all of them were missed.\nHowever, in the final seventh adventure, he encounters a mysterious giant creature and is blown into the world of a devastated city!\nHajime, who started to search for the stray Myuu, fulfills a miraculous encounter there. \n\n(Source: Official website)",
  "score": 7.16,
  "genres": [
    "Action",
    "Adventure",
    "Fantasy"
  ],
  "episodes": [
    {
      "numero": 1,
      "url": "https://lightspeedst.net/s5/mp4/arifureta-shokugyou-de-sekai-saikyou-maboroshi-no-bouken-to-kiseki-no-kaigou-dublado/fhd/1.mp4"
    }
  ]
}