{
  "id": 40083,
  "title": "Arifureta Shokugyou de Sekai Saikyou Specials",
  "title_jp": "ありふれた職業で世界最強",
  "slug": "arifureta-shokugyou-de-sekai-saikyou-specials",
  "type": "legendados",
  "format": "Special",
  "images": {
    "poster": "https://cdn.myanimelist.net/images/anime/1634/102577l.webp",
    "banner": "https://cdn.myanimelist.net/images/anime/1634/102577.jpg"
  },
  "trailer": null,
  "synopsis": "Unaired episodes included with the Blu-ray releases of Arifureta Shokugyou de Sekai Saikyou.",
  "score": 6.74,
  "genres": [
    "Action",
    "Adventure",
    "Fantasy"
  ],
  "episodes": [
    {
      "numero": 1,
      "url": "https://www.blogger.com/video.g?token=AD6v5dw9WWcyfgtyxMRJv_PWJ14AQO-_j4IJnysBKRvrjgRkaKe6sHRMMGmtljUX90TFSE6squdGtcCgBcpH2Q4MMqaLVsfCgsYyyd_uT2CzWsYKT-TF4C0fuENHRsWCqIn346KQwgSB",
      "nome": "Yue's Diary"
    },
    {
      "numero": 2,
      "url": "https://www.blogger.com/video.g?token=AD6v5dx3CIMsiv6qjwZ_HoBkEKcRAtvHx8MYkDFKBN64jDt489KNj0X2_DXke8q9l6QpnpUSNbsRQgH4kyVMkEADjyy7ZVt0zA2klxWz6-VoEGwPGHRiDfKUgtSxvQMDOhSn6fOnvPSM",
      "nome": "Hot Love Springs Eternal"
    }
  ]
}