{
  "id": 40507,
  "title": "Arifureta Shokugyou de Sekai Saikyou 2nd Season (Dublado)",
  "title_jp": "ありふれた職業で世界最強 2nd Season",
  "slug": "arifureta-shokugyou-de-sekai-saikyou-2nd-season-dublado",
  "type": "dublados",
  "format": "TV",
  "images": {
    "poster": "https://cdn.myanimelist.net/images/anime/1877/119668l.webp",
    "banner": "https://cdn.myanimelist.net/images/anime/1877/119668.jpg"
  },
  "trailer": "https://www.youtube-nocookie.com/embed/JoFedOjH1uY?enablejsapi=1&wmode=opaque&autoplay=1",
  "synopsis": "After rescuing his former classmates from the perils of a labyrinth—a mythical place that grants a divine magic to whosoever triumphs over its trials—Nagumo Hajime emerges victorious, while the new heroes of the fantasy world Tortus must face their first major failure. Together with his traveling companions and the new team member Kaori Shirasaki, Nagumo resumes his journey to conquer all labyrinths and eventually return to his original world.\n\nMeanwhile, the heroes from Earth try learning from their mistakes and prepare for the demon army's invasion. As the final confrontation looms closer, new and old enemies start setting their evil plans in motion. Once more, Nagumo must prove that he can prevail against the most formidable opponents, all while protecting the ones he holds closest to his heart.\n\n[Written by MAL Rewrite]",
  "score": 7.14,
  "genres": [
    "Action",
    "Adventure",
    "Fantasy"
  ],
  "episodes": [
    {
      "numero": 1,
      "url": "https://lightspeedst.net/s1/mp4/arifureta-shokugyou-de-sekai-saikyou-2nd-season-dublado/hd/1.mp4",
      "nome": "Irregular"
    },
    {
      "numero": 2,
      "url": "https://lightspeedst.net/s1/mp4/arifureta-shokugyou-de-sekai-saikyou-2nd-season-dublado/hd/2.mp4",
      "nome": "Burning Light"
    },
    {
      "numero": 3,
      "url": "https://lightspeedst.net/s1/mp4/arifureta-shokugyou-de-sekai-saikyou-2nd-season-dublado/hd/3.mp4",
      "nome": "Black and White"
    },
    {
      "numero": 4,
      "url": "https://lightspeedst.net/s1/mp4/arifureta-shokugyou-de-sekai-saikyou-2nd-season-dublado/hd/4.mp4",
      "nome": "Reunion"
    },
    {
      "numero": 5,
      "url": "https://lightspeedst.net/s1/mp4/arifureta-shokugyou-de-sekai-saikyou-2nd-season-dublado/sd/5.mp4",
      "nome": "Memories from the Bottom of the Sea"
    },
    {
      "numero": 6,
      "url": "https://lightspeedst.net/s1/mp4/arifureta-shokugyou-de-sekai-saikyou-2nd-season-dublado/hd/6.mp4",
      "nome": "Someone Important"
    },
    {
      "numero": 7,
      "url": "https://lightspeedst.net/s1/mp4/arifureta-shokugyou-de-sekai-saikyou-2nd-season-dublado/hd/7.mp4",
      "nome": "A New Vow"
    },
    {
      "numero": 8,
      "url": "https://lightspeedst.net/s1/mp4/arifureta-shokugyou-de-sekai-saikyou-2nd-season-dublado/hd/8.mp4",
      "nome": "A Disturbing Darkness"
    },
    {
      "numero": 9,
      "url": "https://lightspeedst.net/s1/mp4/arifureta-shokugyou-de-sekai-saikyou-2nd-season-dublado/sd/9.mp4",
      "nome": "Invasion of the Capital"
    },
    {
      "numero": 10,
      "url": "https://lightspeedst.net/s1/mp4/arifureta-shokugyou-de-sekai-saikyou-2nd-season-dublado/sd/10.mp4",
      "nome": "God's Apostle"
    },
    {
      "numero": 11,
      "url": "https://lightspeedst.net/s1/mp4/arifureta-shokugyou-de-sekai-saikyou-2nd-season-dublado/hd/11.mp4",
      "nome": "Betrayal"
    }
  ]
}