{
  "id": 58749,
  "title": "Arknights: Rise from Ember",
  "title_jp": "アークナイツ【焔燼曙明/RISE FROM EMBER】",
  "slug": "arknights-rise-from-ember",
  "type": "legendados",
  "format": "TV",
  "images": {
    "poster": "https://cdn.myanimelist.net/images/anime/1790/149462l.webp",
    "banner": "https://cdn.myanimelist.net/images/anime/1790/149462.jpg"
  },
  "trailer": "https://www.youtube-nocookie.com/embed/hxZBu_x3Byk?enablejsapi=1&wmode=opaque&autoplay=1",
  "synopsis": "With the threat of Ursus and Reunion doubling down upon Lungmen, Ch'en, once the city's fiercest defender, renounces her loyalties before Lungmen's Chief Executive Wei Yenwu, revealing herself as Infected and the sister of Talulah, Reunion's enigmatic leader. Cast adrift from Lungmen with an arrest warrant, Ch'en sets out to confront Reunion, convinced that she alone can deliver the reckoning her sister deserves. As Rhodes Island intervenes to prevent total annihilation, Doctor, Amiya, Kal'tsit, and the rest of the team hope to navigate a conflict where the faintest spark of justice may at last ignite Lungmen's rise from its embers.\n\n[Written by MAL Rewrite]",
  "score": 7.79,
  "genres": [
    "Action",
    "Fantasy"
  ],
  "episodes": [
    {
      "numero": 1,
      "url": "https://lightspeedst.net/s5/mp4/arknights-rise-from-ember/hd/1.mp4",
      "nome": "Confession"
    },
    {
      "numero": 2,
      "url": "https://lightspeedst.net/s5/mp4/arknights-rise-from-ember/hd/2.mp4",
      "nome": "Consumables"
    },
    {
      "numero": 3,
      "url": "https://www.blogger.com/video.g?token=AD6v5dwgJtOHj0WEc2xgmjCuNBbv-IG0JXMg3kvz6axa5y8qnu5_Xa_V4qg7XAOXq71_qJiF9iV5bzvh6gxg-leQZyCFjvcByl7hfwZ8sfgQ-SyTwP3TPoJmLFA4DBZWbMgl85KY2bQ",
      "nome": "Mission"
    },
    {
      "numero": 4,
      "url": "https://lightspeedst.net/s5/mp4/arknights-rise-from-ember/hd/4.mp4",
      "nome": "Patriot"
    },
    {
      "numero": 5,
      "url": "https://lightspeedst.net/s5/mp4/arknights-rise-from-ember/hd/5.mp4",
      "nome": "Vengeance"
    },
    {
      "numero": 6,
      "url": "https://lightspeedst.net/s5/mp4/arknights-rise-from-ember/hd/6.mp4",
      "nome": "Recurrence"
    },
    {
      "numero": 7,
      "url": "https://lightspeedst.net/s5/mp4/arknights-rise-from-ember/hd/7.mp4",
      "nome": "Stain"
    },
    {
      "numero": 8,
      "url": "https://lightspeedst.net/s5/mp4/arknights-rise-from-ember/hd/8.mp4",
      "nome": "Recall"
    },
    {
      "numero": 9,
      "url": "https://lightspeedst.net/s5/mp4/arknights-rise-from-ember/hd/9.mp4",
      "nome": "Inferno"
    },
    {
      "numero": 10,
      "url": "https://lightspeedst.net/s5/mp4/arknights-rise-from-ember/hd/10.mp4",
      "nome": "Dawn"
    }
  ]
}