{
  "id": 59561,
  "title": "Around 40 Otoko no Isekai Tsuuhan",
  "title_jp": "アラフォー男の異世界通販",
  "slug": "around-40-otoko-no-isekai-tsuuhan",
  "type": "legendados",
  "format": "TV",
  "images": {
    "poster": "https://cdn.myanimelist.net/images/anime/1887/146512l.webp",
    "banner": "https://cdn.myanimelist.net/images/anime/1887/146512.jpg"
  },
  "trailer": "https://www.youtube-nocookie.com/embed/T0MqIIIC5yQ?enablejsapi=1&wmode=opaque&autoplay=1",
  "synopsis": "From nowhere, middle-aged illustrator Kenichi Hamada finds himself summoned to another world. Despite arriving in an unfamiliar land, he realizes he can still connect to an online shop named Shangri-La, which he frequented back in Japan, to order almost anything. Not long after, Kenichi comes across a town and, using Shangri-La, decides to become a merchant in the settlement.\n\nBy selling products from Earth, he is quickly able to make a living for himself while gaining acquaintances and the attention of local companies. However, the man just wants to live a quiet life without nuisances and leaves the town to build a cabin in a nearby forest. Though interrupted from time to time, there is nothing that can stop Kenichi from having his peaceful days.\n\n[Written by MAL Rewrite]",
  "score": 6.35,
  "genres": [
    "Fantasy"
  ],
  "episodes": [
    {
      "numero": 1,
      "url": "https://lightspeedst.net/s7/mp4_temp/around-40-otoko-no-isekai-tsuuhan/1/720p.mp4",
      "nome": "An Unfamiliar Forest"
    },
    {
      "numero": 2,
      "url": "https://lightspeedst.net/s5/mp4_temp/around-40-otoko-no-isekai-tsuuhan/2/720p.mp4",
      "nome": "Curry is Justice!"
    },
    {
      "numero": 3,
      "url": "https://lightspeedst.net/s5/mp4_temp/around-40-otoko-no-isekai-tsuuhan/3/720p.mp4",
      "nome": "A Small House in a Big Forest"
    },
    {
      "numero": 4,
      "url": "https://lightspeedst.net/s5/mp4_temp/around-40-otoko-no-isekai-tsuuhan/4/720p.mp4",
      "nome": "Adventurers (Kenichi and His 8 Allies)"
    },
    {
      "numero": 5,
      "url": "https://lightspeedst.net/s5/mp4_temp/around-40-otoko-no-isekai-tsuuhan/5/720p.mp4",
      "nome": "The Moon Over an Old Castle"
    },
    {
      "numero": 6,
      "url": "https://lightspeedst.net/s5/mp4_temp/around-40-otoko-no-isekai-tsuuhan/6/720p.mp4",
      "nome": "The Book Loving..."
    },
    {
      "numero": 7,
      "url": "https://lightspeedst.net/s5/mp4_temp/around-40-otoko-no-isekai-tsuuhan/7/720p.mp4",
      "nome": "Creep Forth!"
    },
    {
      "numero": 8,
      "url": "https://lightspeedst.net/s5/mp4_temp/around-40-otoko-no-isekai-tsuuhan/8/720p.mp4",
      "nome": "The Timid Mage"
    },
    {
      "numero": 9,
      "url": "https://lightspeedst.net/s5/mp4_temp/around-40-otoko-no-isekai-tsuuhan/9/720p.mp4",
      "nome": "So It's a Spider, So What?"
    },
    {
      "numero": 10,
      "url": "https://lightspeedst.net/s5/mp4_temp/around-40-otoko-no-isekai-tsuuhan/10/720p.mp4",
      "nome": "The Story of Canals"
    },
    {
      "numero": 11,
      "url": "https://lightspeedst.net/s5/mp4_temp/around-40-otoko-no-isekai-tsuuhan/11/720p.mp4",
      "nome": "Shock!"
    },
    {
      "numero": 12,
      "url": "https://lightspeedst.net/s5/mp4_temp/around-40-otoko-no-isekai-tsuuhan/12/720p.mp4",
      "nome": "The Unreasonable, Mischievous Princess"
    },
    {
      "numero": 13,
      "url": "https://lightspeedst.net/s5/mp4_temp/around-40-otoko-no-isekai-tsuuhan/13/720p.mp4",
      "nome": "To Sa-Kura"
    }
  ]
}