{
  "id": 40137,
  "title": "ARP Backstage Pass",
  "title_jp": "ARP Backstage Pass",
  "slug": "arp-backstage-pass",
  "type": "legendados",
  "format": "TV",
  "images": {
    "poster": "https://cdn.myanimelist.net/images/anime/1559/110721l.webp",
    "banner": "https://cdn.myanimelist.net/images/anime/1559/110721.jpg"
  },
  "trailer": "https://www.youtube-nocookie.com/embed/uscQS9BhzcQ?enablejsapi=1&wmode=opaque&autoplay=1",
  "synopsis": "ARP: A 4-member dance and vocal group created by the latest AR technology. This popular group got their start with Avex, and are unique for their interactive concerts which combine highly-skilled song and dance routines with a format that changes based on how much the fans are cheering them on.\n\n(Source: Crunchyroll)",
  "score": 5.52,
  "genres": [],
  "episodes": [
    {
      "numero": 1,
      "url": "https://www.blogger.com/video.g?token=AD6v5dzNeSl0qHQE6LGw3-niJo9mnbe4rZxqMnzeJuiiufj0Ml24jaQrPl1QRkuTdKgULIsn5VaymvtA-O8SrvccURzklGxaEk1DDQGAsaz7gpF7FjQsyh8Z16QIz_XFL_CPjjjLqq1V",
      "nome": "The Show Must Go On"
    },
    {
      "numero": 2,
      "url": "https://www.blogger.com/video.g?token=AD6v5dzkDkDl5iNxJMeiVccifdvFjhCiLuLcxyG1oRkXQy0ddB-oprd-ykQzXHjZB89qSdPz35OOlaWV_vCH-if8bzsEXoNI5a-LR4YFMS6Yf6OpR5OysXOk2iqUKSvGpn8-bhJQSbBA",
      "nome": "The World Is Mine"
    },
    {
      "numero": 3,
      "url": "https://www.blogger.com/video.g?token=AD6v5dzG5aj70E-LdawrEhH9wQshPD-ykBrK5lCVMcEzHNnxpDIDkuFTdHxJqZnCjoRiK3V0emTVBpJ1swjKolP0sCKqIV7KrSMHcKyD2TdDPsEc82_njEVwHLnzCumdus29efknFus",
      "nome": "THE KISS"
    },
    {
      "numero": 4,
      "url": "https://www.blogger.com/video.g?token=AD6v5dwb91E0x6yc01qk-_nmFhhWyxMdUU3zNT0OnRp4cae8WtAEpkGipm5O7BnEDQ0VRCkO_x-_OFJ0bHD_6BJ23l9KHErMLoflTNX4b8GfyN31D6dqHNXDs2uKy-4X3vdXqhyjdEU",
      "nome": "Logical Dreamer"
    },
    {
      "numero": 5,
      "url": "https://www.blogger.com/video.g?token=AD6v5dywNl85biv4-xgbwuC4hUuPc3pn7Kv8EkpVa-okFcccYY7ix-pjkj9AKYQOCaSicYe-jQnENpoVdCyG9ypqhQgXRa3kU8DD_sSkd83Gy3ZgeJg4dTnoz3Ir2FZrxMd8lFSY3myF",
      "nome": "D.O.A"
    },
    {
      "numero": 6,
      "url": "https://www.blogger.com/video.g?token=AD6v5dwoKanrIKvWuRuDdF96QE6lRZYJAJANnpiBov8k4W-PR_LTJsYSfn7nh5Dg-ErbbDfKBcLGH_uwmfAM8G_ip_27oJfb2nMFF4wq3QVnstxCGN8-EaPqkHtI0cFUIkaRMthcWSA",
      "nome": "Tender Blue"
    },
    {
      "numero": 7,
      "url": "https://www.blogger.com/video.g?token=AD6v5dzY50CwvDQhMJZSOySJuT-F7FcF3lwAlZe5rZQ3Mh0uYRteNpkAltsRKDWv5OyUbh0UHzBTIj9obYTKTPU4CxudATKW3XAoSjwchdQY_eRUbfOmDF7qr3fbatoFxcGUoubMWYk",
      "nome": "Fantasista"
    },
    {
      "numero": 8,
      "url": "https://www.blogger.com/video.g?token=AD6v5dyFwYSXGKKd6G4PC82_hXzC5zi4tSRMYMWnoeuV5R3MeaTR4J75_7LgRWpVQQZwa0lvV0WDyuimWTul0M3QqWlG0brFTU6Er03ldMLw8lf5pYzC9NtCUIQ6RkY2jgZ8IEapEd4",
      "nome": "rrRrride On!"
    },
    {
      "numero": 9,
      "url": "https://www.blogger.com/video.g?token=AD6v5dyDxJxrr0y9apFSPylZ3EFUfwbkTbdtd-xlcXfw7OXgegdbcn-JSlf1QHH_9nuVxFWMbroEKXNvYTQoVy9vzYvqPENWidyt8jDPsELgVtVZLfhImNzR8zXuZJjeKmPFCEVaKg",
      "nome": "Read Your Mind"
    },
    {
      "numero": 10,
      "url": "https://www.blogger.com/video.g?token=AD6v5dxDYHAHr8oJKCAj4oT7aTZLH8W5fXGMNA-a9ZVGQ98SC-5aAaFoAPMl10M2lfs2bB2gvfnwEuzd09VoyuQ8CEKEvYWUYOzvFZ9RnOejcQ90b1tu30r5CKzJ7uTU0rcAvNNSrcQ",
      "nome": "A'LIVE"
    },
    {
      "numero": 11,
      "url": "https://www.blogger.com/video.g?token=AD6v5dzLINjTGfezibMqA7akWwbodoDcmZEcGCqwnyikE2Oe7wHb6IsLV_jA9D27K9L7DRsGzrhh1SvHLwcie2bUd2faz8xl7d_2fU_5VGCIMk-D7gCE8GKXjwmMVzYZLF4l39jkW_9h"
    }
  ]
}