{
  "id": 1762,
  "title": "Arslan Senki (TV)",
  "title_jp": "アルスラーン戦記",
  "slug": "arslan-senki-tv",
  "type": "legendados",
  "format": "OVA",
  "images": {
    "poster": "https://cdn.myanimelist.net/images/anime/10/22254l.webp",
    "banner": "https://cdn.myanimelist.net/images/anime/10/22254.jpg"
  },
  "trailer": "https://www.youtube-nocookie.com/embed/5ZwYSdWqwN4?enablejsapi=1&wmode=opaque&autoplay=1",
  "synopsis": "In the medieval kingdom of Pars, young Prince Arslan confronts the hostility of his father and the disinterest of his mother, and yearns to learn more about the world. Despite being surrounded by poverty and slavery, Arslan persists in seeing the possibility of a nobler world. Everything changes when the neighboring nation of Lusitania invades Pars, and Arslan is forced to grow up in an instant.\n\nArslan Senki follows Prince Arslan to war, where he struggles to save his nation and family with the help of a small but devoted circle of advisers. Along the way the young prince finds secrets around every corner and faces enemies who hate him because of what he is, but also finds friends where he least expects them. The story of nations at war, Arslan Senki is also the story of one boy's quest to stay himself in the most trying of circumstances.",
  "score": 6.88,
  "genres": [
    "Action",
    "Adventure",
    "Drama",
    "Fantasy"
  ],
  "episodes": [
    {
      "numero": 1,
      "url": "https://www.blogger.com/video.g?token=AD6v5dytzesQ-wvxObxV-KoCYIr09HsvKJIR7LRS-GsP7u3L6CsvrGd2pkAH3EBMBEB01unCAu8jj0U2e0_a8XuLTferfSrtfUp57PnSxZNFvJ1cPcQYBAFRL_9ZZCTBMfV80R2eZgzs"
    },
    {
      "numero": 2,
      "url": "https://www.blogger.com/video.g?token=AD6v5dzDLQBxzfW2cIBBfrYNdUqeuFr8UqdfBmmbUWZZqVSvDhPXeqjWRwm-XdFNVFu2q3yap_l0ZI-OvCNfPYWNpO5l97hIpJbR1-bpj8fiPOIPcU3Qodtv8DlvwFpL845IRFDQHDs"
    },
    {
      "numero": 3,
      "url": "https://www.blogger.com/video.g?token=AD6v5dxn8-Q-22ZRKgO_-JD-EJMpuqruRMPH8ntKoNZYAJjuUZj5qNcQQgFRU6s6ccKEBUWX-aMwC_W8uXm6Iwr-NlCw7ma3v_UzNsPtd1T9lQTU1ClqiMPSgYnqlfSUaqJ-Zb7JUqw"
    },
    {
      "numero": 4,
      "url": "https://www.blogger.com/video.g?token=AD6v5dxNiZgHlaMrrLQAAZZMu8Jm1vufiAXQ_M0-w2jWvnXMoZy8fQDdXwShPhGIvkah-YRsQAkFdu7CTr1J_F-9drUP1cVTM_jkaWxr39BdfcdhW5SNTSj1-9t6E52oGzbVuiXxDXhj"
    },
    {
      "numero": 5,
      "url": "https://www.blogger.com/video.g?token=AD6v5dwCpMtlD5iPlQ7zyGUuubCK0EDf8WVlKCr1l7liCarYKc-Ezy5H-wQ82Ya2zbMVCnGAaYnYpA2SeOrrRzw7XVcR2Ud0ymNpob-gxNps5HIq2HlkNxB9noXM11Nli0-OteBh_JRu"
    },
    {
      "numero": 6,
      "url": "https://www.blogger.com/video.g?token=AD6v5dym3GHki8deN7R3DlpLTRZEss6Noe-kCXCUXFZMx-May5zMrTs5Qyw0bIK0q-lvWzlotCv6F7x5ApQThqMjDFmtWrFwTjicqMB3A1H4BVGvHLhzDdsb3N4EIcl_RBzUAdPSjjtB"
    },
    {
      "numero": 7,
      "url": "https://www.blogger.com/video.g?token=AD6v5dxbEQ-XAviY9AGEwwkQUsU_p6J3BXFxR-mFg4aNXpkYCOmpL9P8ls2upwxL31cbjwhKUwUlWwmfg2LtGEqT4HJRksG_25-Yc4a-mg0TMWk4ZvqAR4Tgbj5Clx90w88xWfhMCXmd"
    },
    {
      "numero": 8,
      "url": "https://www.blogger.com/video.g?token=AD6v5dw1mYQF-SFUQ-oiad1W5nBW6PBf5m7Zv_AjlcDrpoACsyNRHLsAvQResJB-mrwnph2z62VWkSoC0qeCG770GvluaFjqRBk2aJRV35KXFnWsWPW-YXlw7NJ5RNHxpI8yjuSZP47v"
    },
    {
      "numero": 9,
      "url": "https://www.blogger.com/video.g?token=AD6v5dx00BG3IU1Kzh5nOdafLPVrbuBRMq527JXOqJFYcERYKleXQtfZrLF1ytLC9TVqjiCj1Xv_xfq_xXd2S1LWzab5yyX5euSRG5-Fu_6BsoPkcCwIF7XZEplsw2k7ZxG_pDIkQ_s_"
    },
    {
      "numero": 10,
      "url": "https://www.blogger.com/video.g?token=AD6v5dxiJubuDwvxOmg4LMDycJ8Yn2mBZqUs4NsHhxO4fwIOg2W6y_GDze_2mqNwG8h6p5NQz2Hx8vPuIk2ajHkJMhyCdWenT1XKT98DfHlfODUoRHt0OGI4z3auCrwZNDq7xK45W-AI"
    },
    {
      "numero": 11,
      "url": "https://www.blogger.com/video.g?token=AD6v5dxYC7SYgeuvUFU3vuI1dHYaNmzPRR7RUzCowxTPkynmABe11zBPECFNdTHo4DAW-uS2As10Aiq5hQSwNHbjNGBZUaYZk_26pMjuoszUox7p0vaPHEBJtvKjqYKy6w_QbwvIKTyH"
    },
    {
      "numero": 12,
      "url": "https://www.blogger.com/video.g?token=AD6v5dxGysEKBBVSHGz8XHSrIDxxpc_IeEE8domErMtsd6aaS9NUa4AYqDx3B2SEDks_AEsZCe0dx7VsHLc_7YFu_ric026x7_u-h37cJrL63ayRi2OurquEP3C8_TFyWDiGPzxW2Gg"
    },
    {
      "numero": 13,
      "url": "https://www.blogger.com/video.g?token=AD6v5dwx8QHZPzW3n96bKVgxvsYeI5dTGQi4t1JAfELwAYrT6DSicmJ98LF6Zn23Dn2orCPU2FG6S_IdUYTQSWRzgmAFsMmRAsJKRFBOAdRvdSMrIBu1DbzEW915ml1xPWW9e1dhQg"
    },
    {
      "numero": 14,
      "url": "https://www.blogger.com/video.g?token=AD6v5dwbdT54r7Xx-ejWs-7cHrnF3DDOVC_Etsv2s1zXwXWAS0wJbBXzcaolaXOfIFNvYN8yJILObFOEyA0K4PD7wJ1BAs7XT-4VW4H0VgZAgMyQqYemGFQQruCLO1ZjBdLzIfd6S7U"
    },
    {
      "numero": 15,
      "url": "https://www.blogger.com/video.g?token=AD6v5dwbRh9cWwakJvxJ7oYCTDuDtkZRuVXm1DMaiNa1zwRIXK9Ub6VbNukaYt-YQGXRkdABpEa2eqn6nFL2Iy504RBLiT6xHz7gboYwfvV8S595i4sw46M1xtXh2OGjYRIXnrMQN5E"
    },
    {
      "numero": 16,
      "url": "https://www.blogger.com/video.g?token=AD6v5dz7dKYfoVL6SofrX57lIzF1cl5BCDa6cdh8UnPv1AOvwC668Hj3FKd4OMRj00m3HHllBnnUGAwp-3zPYeZZFWFPqRvQvE8T2DrgyYm0FTVpmTpAgaN_QiZe_EaFUJc5FbT53lKv"
    },
    {
      "numero": 17,
      "url": "https://www.blogger.com/video.g?token=AD6v5dxvWm7VK_eEJWd9rin777w2QVHygy_8Lth5moXw06ZtqgSCqfjsJ1K-apMPvRx83AFFKfm9hKLnb2sREBF00H_-JvcGaqlk9uat-C6B-PYvNLz9XexszMMlD4Ij3ddNOvdfGH4"
    },
    {
      "numero": 18,
      "url": "https://www.blogger.com/video.g?token=AD6v5dyjF7Z0adJEr3sLwPMNmAb4OY7bivpQhj7OocjfhnPmflkBPxfI4g4mSau-n-d5_cGPrXPkkbj-95OeT05ycXC612WYkGhha9QBE4bBEPt43dNVWN7OjH4TG87K73XB-MIqUFlI"
    },
    {
      "numero": 19,
      "url": "https://www.blogger.com/video.g?token=AD6v5dxd_Y08RlCB_Kp87acSaTIq0qoIU5JXeQ-VzyMr6o9otAELGLNghFBmmwTQVoAA16pJ8etGPfNCdlsach5_b-0KvRfK14qUrtJNI4mx4s3lB0OMCygleD_Y4lODuXgr6RCD1JQ"
    },
    {
      "numero": 20,
      "url": "https://www.blogger.com/video.g?token=AD6v5dzdxjNjxIzkXd0L8H-bkLFh5s8WC9l2cdkPkK87RurjFFfAyF3zkLx4JUIXAwjYgtMT1rXr_oOEI-0mlIaBaz1U1RfnPBtGUrPLHygXrk9-kw-ixaLlwLwVwC2B7eNsTbrbyEc"
    },
    {
      "numero": 21,
      "url": "https://www.blogger.com/video.g?token=AD6v5dwpO3xrbJILHG0mN7yoCcdNAgBTdpoT9Df5XfeHAn-hmJu1UukL0CXJGH9J-W9pQFF5KfkMNExNEdvHjz_9lHyGtO-SsZhfdbJYdZQ0I3lm-KKwA0_wEHmfjTDI2D4Dq6ChJjlg"
    },
    {
      "numero": 22,
      "url": "https://www.blogger.com/video.g?token=AD6v5dwCgcFMiaXEm0KA9f_dQZqdPUbqrX95ozpj_6XyXcY2QO74eWpBX9Gn7CZuceYakVzs5Nh3szFtVueliwm1V38K1o8keo0zCzBHSUzkH_Rv4kqcWX2d2bdvtzqJjMnq9D1-jLs"
    },
    {
      "numero": 23,
      "url": "https://www.blogger.com/video.g?token=AD6v5dwkCPwFb0rMC3NU9hZ-FFw5uQRm59IkPKvB-NIiEQUs7YmnXzep3W6aZZXDJn6QpxYtQEEEk-C4J4LvQ_kBJ3kQeTt60g-2YSrNLaFFim-BZFWYM9M9DCSLra7WjcvKuwHlYRA"
    },
    {
      "numero": 24,
      "url": "https://www.blogger.com/video.g?token=AD6v5dxiMnFPq6wjNiArgAZs8P8DlxFsFKZ5HpZ39mPIWVMdNSwbS3Xo63LLy6caF_Okt6OkMctmo5TJ4Wmm2tHUTKJkVRSrb3vKvpN7WNjbVGfLyI_80E5ahQmaMFTVEboDzxPgeks"
    },
    {
      "numero": 25,
      "url": "https://www.blogger.com/video.g?token=AD6v5dyOT2h3VIrzgvrfVxS1RPU_cuL9U6__X53tKPuGipfaVR0hQUjimssi2L2cTLDyAHtQrkZdbPX8IagnE4nqfMboXP62SOsCgO9qHNP1PbnsXyC4rkXC122hVHzKb0Lc_Dc"
    }
  ]
}