{
  "id": 31821,
  "title": "Arslan Senki (TV): Fuujin Ranbu",
  "title_jp": "アルスラーン戦記 風塵乱舞",
  "slug": "arslan-senki-tv-fuujin-ranbu",
  "type": "legendados",
  "format": "TV",
  "images": {
    "poster": "https://cdn.myanimelist.net/images/anime/1395/148975l.webp",
    "banner": "https://cdn.myanimelist.net/images/anime/1395/148975.jpg"
  },
  "trailer": "https://www.youtube-nocookie.com/embed/nMvpMCbP_pQ?enablejsapi=1&wmode=opaque&autoplay=1",
  "synopsis": "Continuing on his quest to retake Ecbatana, Prince Arslan and his company march toward the city. But upon receiving news that the neighboring Kingdom of Turan is launching an assault on the Parsian stronghold at Peshawar Citadel, the prince is forced to turn back in order to defend the fortress. Amid holding off the invading forces, the Parsian army is met by an unexpected visitor.\n\nAs Arslan returns to Peshawar, Prince Hermes takes a slight detour from his clash against his cousin to search for the legendary sword Rukhnabad, which would grant him the right to rule and take back what he believes is rightfully his. However, after unearthing the lost artifact, the blade is stolen by the Temple Knights of Lusitania, prompting the masked warrior to give chase. Meanwhile in Ecbatana, the captive King Andragoras III finds an opportunity to strike and begins to make his move.\n\nAs the separate sides of the Parsian royal conflict clash, Arslan's right to the throne falls under attack. But no matter the obstacles in their way, the young prince and his loyal band of warriors charge forward to restore Pars to its former glory.\n\n[Written by MAL Rewrite]",
  "score": 7.49,
  "genres": [
    "Action",
    "Adventure",
    "Drama",
    "Fantasy"
  ],
  "episodes": [
    {
      "numero": 1,
      "url": "https://www.blogger.com/video.g?token=AD6v5dzDq8btinumRMRq1CEPdNJN7N5LK-FYcI2ehzUiYhiwHJ0PHr5v2a_PIn4MZJP0V7dMwuQ0L6Qicu0RtIYczT--E0FKuq1mv1OA7da9xKKcsk9EbbCcqkGOc5IEHkyY39iZq3E",
      "nome": "The Turanian Army Invades"
    },
    {
      "numero": 2,
      "url": "https://www.blogger.com/video.g?token=AD6v5dzWp9fk66-Ly5DUYusm379NKPHKMMOAqP4CXIvJLX7xdkmk4vc6EDpqZSAjLptwQNcysCrZuHAhNC2icmAxcdn7QP5BnI51IHavohzOQdK6jSK3pEsSM8qfjIQ-A9E_oMANXJ4",
      "nome": "The Monarch Versus the Conqueror"
    },
    {
      "numero": 3,
      "url": "https://www.blogger.com/video.g?token=AD6v5dyWiQajoneX-5_kHxJIAnwMJwUvvKXM87T6lUHmLEZKLDFP4QyhIvpu2Tg249Z_iZtyTK7h9CuO8NpX2_BeInRhuWUoyITtXgtw-X3p_VuSJT3QVjPPdopCAUaNA67FYGM_60c",
      "nome": "Journey Horse, Sad and Solitary"
    },
    {
      "numero": 4,
      "url": "https://www.blogger.com/video.g?token=AD6v5dw_7MOS89M_fvPdqR0rL45c2OE87tc3EFHXgyMwE7zY1Qnm2-4YPRA6RQObQFxFM6ted9zjZhldqp0pN3naJDiXmwKhNWLmo2Uu9zNYa9-cQBl05nBQxtoIvwEfRn-hjsF96gg",
      "nome": "A City of Land and a City of Water"
    },
    {
      "numero": 5,
      "url": "https://www.blogger.com/video.g?token=AD6v5dxdxxvgZEfkf_wNsn1dwsXdjSNkrZSMwCaNCkOgiEduswgj6rFAdohb6APB-iz_EQX_bEbVULD2VjxcC2EiHc90MSmERJbpjn91naL0nUY2_NuprTkuR9pJglF1wQaqMfyZekg",
      "nome": "Parting of Ways"
    },
    {
      "numero": 6,
      "url": "https://www.blogger.com/video.g?token=AD6v5dwN3DxwNLDDrnpaT7-v-3hkuwVWIdpmYpwzPI8_Kp6d91qhGzuriRTtQ3LJ945JxbJxqpd2CRk7pt5BL7liMK2gxwmkstd8fHTL7IWybfnvTPT2yAZMlDHHlaW1YmkJr9uUc6eB",
      "nome": "Calamity of Kings"
    },
    {
      "numero": 7,
      "url": "https://www.blogger.com/video.g?token=AD6v5dxPs1K-mu9NxP6ll3v2R0sFh_0AkF8QoQ7NxdTnIfxOIzWIlcFLzomMjD1LjbF-FwdWL4Md2-LU7LvHnoE6YSwognkqBjhG7ui7dLOPSxd0DjoJLaFwkzUimYwQfQWIQidIX73G",
      "nome": "The Rainbow City"
    },
    {
      "numero": 8,
      "url": "https://www.blogger.com/video.g?token=AD6v5dwj8WLla7wzL0lX-7_WdMzPRaw3EjLA3m4xzfBVEFy5KdKdY0J0AnDV8UgHLgxeCEQBtEZ8vIIVU9zBEHwWSLSQuNIy1RslP66bsiLYDnFrQ1W8onkytQwPR61BimaBP85YaQCD",
      "nome": "The Dance of Dust Clouds"
    }
  ]
}