{
  "id": 40128,
  "title": "Arte",
  "title_jp": "アルテ",
  "slug": "arte",
  "type": "legendados",
  "format": "TV",
  "images": {
    "poster": "https://cdn.myanimelist.net/images/anime/1284/106945l.webp",
    "banner": "https://cdn.myanimelist.net/images/anime/1284/106945.jpg"
  },
  "trailer": "https://www.youtube-nocookie.com/embed/t3Kcgkj2G_M?enablejsapi=1&wmode=opaque&autoplay=1",
  "synopsis": "In the 16th century, the city of Florence booms with cultural and creative revival in celebration of the Renaissance. Arte, a delightful young lady from an aristocratic family, dreams of being an artist and contributing to the renewal of civilization. However, with her father's death, she ends up losing the only person who believed in her passion for art. Now she is expected to marry a nobleman and live as a refined housewife without disgracing her family name. Reluctant to accept her fate, the headstrong Arte steps into the streets in search of a master artisan to take her on as an apprentice.\n\nIn her quest for a mentor, Arte has to face harsh reality when she is completely shunned for being a female artist. No one believes that women are capable of fine craftsmanship, and therefore none are willing to accept her. Luckily, a renowned artisan by the name of Leo is persuaded to take her as his disciple since he has none anyway. And thus, Arte's new life begins, far from the comfort of her noble upbringing. As an apprentice, she must earn her keep while tackling various challenges along the difficult path to becoming a full-fledged, master artisan.\n\n[Written by MAL Rewrite]",
  "score": 7.2,
  "genres": [
    "Drama"
  ],
  "episodes": [
    {
      "numero": 1,
      "url": "https://www.blogger.com/video.g?token=AD6v5dyH1Iq7IjMizOsq6ncG_jq-ryifEHHj1EfsmPRlNW_VILxAvH2Lwt6-acWepwqIxkIUizbFfCiwhhWIJMA1EHXl5Y3xisZXmDMpgMtUa7zKFzSr9xEIWHmeMHYzAN4h8gjV7g1k",
      "nome": "I Want to Be an Apprentice"
    },
    {
      "numero": 2,
      "url": "https://www.blogger.com/video.g?token=AD6v5dzY9UAzLdPiuf22qvfI4td6c2f7-bfnJUJsRmBF1QUpnTkqn9L_erD0Z2oF_Ak_-_9F6BPHOv97nb0BkXNy6LpmmkcC5yTPT35veb7ZbLM5ckp3nixIai6GB2w0i6XdR-XUxDm-",
      "nome": "A New Life"
    },
    {
      "numero": 3,
      "url": "https://www.blogger.com/video.g?token=AD6v5dxYNkHXRPrC_4TeZI7zn7gHdArKzuGDFgs4LMrgGjLr042LkCnjtCkca9oEbic9VJ5LRm-_pf5CMQ9XPq-qUMj0NQL3IrS5kPpnq6AjC6ZvBzKe5pbzPF8xysJ5vB4tQbXbmbXw",
      "nome": "First Job"
    },
    {
      "numero": 4,
      "url": "https://www.blogger.com/video.g?token=AD6v5dz6K9nqttx8p3iBp7fifcDtpb9RQ_dju1sY9dreXHUUdJb73iNQu6gvI-ypJv9ElkX6bkKtAZuwaNwqGL4cEn5NRAnFD4wFHxIUcklUfvuQZ27AGTq7un0mkv7FsGvcowFXHkKS",
      "nome": "Courtesan"
    },
    {
      "numero": 5,
      "url": "https://www.blogger.com/video.g?token=AD6v5dyMDVDwxCyXH22RqfxFwB9s3Fpyt-82V9g8tujesmD5ZpgIC7-y2yL_SpO4j7sLAR7Kqt9ovwOrk4nnAwRb93Gv_EM3a652DjaT9Tsx7TRxuR3TwE5ay1fcvDpBPCeeL0_leNA",
      "nome": "Inescapable Bond"
    },
    {
      "numero": 6,
      "url": "https://www.blogger.com/video.g?token=AD6v5dxlpdjKtImEW0Gezt57VrnRWGVa4icpQStfiZnDLJOOVvD5E1qQ-pDj5Rju7s4OKExOPqFK25cIdSCRBvlAARWmboj9Ca_FCBTpfUBdiBXM0_SqduUwx44PgSSe66XIZdHxSpU",
      "nome": "Trade Guild"
    },
    {
      "numero": 7,
      "url": "https://www.blogger.com/video.g?token=AD6v5dyyM1TtpSloZTjCa-Hm2BKyPRkNrD2pgxiziwbdNZE8SShxQZ6T-qn21H7SeJhM_dm1KC-XLHe_-4rmo_t-7HsWCdWX97Aeu1-KKOKa64SNdNE_JaHUnZ-1yOYJ_e8EvEw2r-M",
      "nome": "The Venetian Noble"
    },
    {
      "numero": 8,
      "url": "https://www.blogger.com/video.g?token=AD6v5dz8gMxtz5mEjcz1Dv7p3JEuP2JvNRcC30oTMi5VBgCouciGnHkub75L4WS2o9U-og0gJzOACxBJ2onVP8XiU-J571FfTQNZoWzfecqaszWjEtPpw2BFPcM2U4m1vI2OGuwbFZP_",
      "nome": "A New Chapter"
    }
  ]
}