{
  "id": 3401,
  "title": "Aru Tabibito no Nikki Specials",
  "title_jp": "或る旅人の日記",
  "slug": "aru-tabibito-no-nikki-specials",
  "type": "legendados",
  "format": "Special",
  "images": {
    "poster": "https://cdn.myanimelist.net/images/anime/11/5526l.webp",
    "banner": "https://cdn.myanimelist.net/images/anime/11/5526.jpg"
  },
  "trailer": null,
  "synopsis": "In a certain distant land, home to numerous intriguing towns and people, many wondrous sights can be found. Traveler Tortov Roddle encounters a curious patch of red berries and after sampling one, happily indulges himself with more. He soon realizes, however, that this delectable fruit has considerable hallucinogenic effects and finds himself partaking in his greatest trip of all. \n\nElsewhere, a little girl finds brief yet fantastical escapes from her everyday life. In yet another city, residents are baffled when giant black apples begin raining down from the sky, but find that they may have use for them. A journey into the extraordinary, Aru Tabibito no Nikki Specials explores the surreal occurrences of its setting, and how the land's inhabitants react to certain dreamlike experiences they encounter.\n\n[Written by MAL Rewrite]",
  "score": 6.29,
  "genres": [
    "Adventure",
    "Fantasy"
  ],
  "episodes": [
    {
      "numero": 1,
      "url": "https://lightspeedst.net/s2/mp4/aru-tabibito-no-nikki-specials/sd/1.mp4",
      "nome": "The Red Berry"
    },
    {
      "numero": 2,
      "url": "https://lightspeedst.net/s2/mp4/aru-tabibito-no-nikki-specials/sd/2.mp4",
      "nome": "The Apple Incident"
    },
    {
      "numero": 3,
      "url": "https://lightspeedst.net/s2/mp4/aru-tabibito-no-nikki-specials/sd/3.mp4",
      "nome": "Fantasy"
    }
  ]
}