{
  "id": 1205,
  "title": "Aru Tabibito no Nikki",
  "title_jp": "或る旅人の日記",
  "slug": "aru-tabibito-no-nikki",
  "type": "legendados",
  "format": "ONA",
  "images": {
    "poster": "https://cdn.myanimelist.net/images/anime/1/2291l.webp",
    "banner": "https://cdn.myanimelist.net/images/anime/1/2291.jpg"
  },
  "trailer": null,
  "synopsis": "Tortov Roddle is a man of few words on a journey through a calm and obscure new land, interacting with its inhabitants along the way. As he rides on his long-legged pig through the desert from town to town, he observes the interesting and quirky customs of the locals and reminisces about his past.\n\n[Written by MAL Rewrite]",
  "score": 7.03,
  "genres": [
    "Adventure",
    "Fantasy"
  ],
  "episodes": [
    {
      "numero": 1,
      "url": "https://lightspeedst.net/s2/mp4/aru-tabibito-no-nikki/sd/1.mp4",
      "nome": "The City of Light"
    },
    {
      "numero": 2,
      "url": "https://lightspeedst.net/s2/mp4/aru-tabibito-no-nikki/sd/2.mp4",
      "nome": "Midnight Cafe"
    },
    {
      "numero": 3,
      "url": "https://lightspeedst.net/s2/mp4/aru-tabibito-no-nikki/sd/3.mp4",
      "nome": "The Little Town's Movie Gathering"
    },
    {
      "numero": 4,
      "url": "https://lightspeedst.net/s2/mp4/aru-tabibito-no-nikki/sd/4.mp4",
      "nome": "Moonlight Travellers"
    },
    {
      "numero": 5,
      "url": "https://lightspeedst.net/s2/mp4/aru-tabibito-no-nikki/sd/5.mp4",
      "nome": "The Melancholy Rain"
    },
    {
      "numero": 6,
      "url": "https://lightspeedst.net/s2/mp4/aru-tabibito-no-nikki/sd/6.mp4",
      "nome": "The Flower and the Lady"
    }
  ]
}