{
  "id": 52381,
  "title": "Aru Asa Dummy Head Mic ni Natteita Ore-kun no Jinsei",
  "title_jp": "ある朝ダミーヘッドマイクになっていた俺クンの人生",
  "slug": "aru-asa-dummy-head-mic-ni-natteita-ore-kun-no-jinsei",
  "type": "legendados",
  "format": "TV",
  "images": {
    "poster": "https://cdn.myanimelist.net/images/anime/1135/125337l.webp",
    "banner": "https://cdn.myanimelist.net/images/anime/1135/125337.jpg"
  },
  "trailer": "https://www.youtube-nocookie.com/embed/X3GjvqjJGJ8?enablejsapi=1&wmode=opaque&autoplay=1",
  "synopsis": "After reincarnating into a dummy head microphone, the protagonist gets involved in the lives of high school girls who do ASMR. The comedic anime will follow these high schoolers as they aim for the ASMR Koshien.\n\n(Source: MAL News)",
  "score": 4.99,
  "genres": [
    "Slice of Life"
  ],
  "episodes": [
    {
      "numero": 1,
      "url": "https://lightspeedst.net/s3/mp4/aru-asa-dummy-head-mic-ni-natteita-ore-kun-no-jinsei/fhd/1.mp4",
      "nome": "Episode 1"
    },
    {
      "numero": 2,
      "url": "https://lightspeedst.net/s5/mp4/aru-asa-dummy-head-mic-ni-natteita-ore-kun-no-jinsei/fhd/2.mp4",
      "nome": "Episode 2"
    }
  ]
}