{
  "id": 231,
  "title": "Asagiri no Miko",
  "title_jp": "朝霧の巫女",
  "slug": "asagiri-no-miko",
  "type": "legendados",
  "format": "TV",
  "images": {
    "poster": "https://cdn.myanimelist.net/images/anime/3/75196l.webp",
    "banner": "https://cdn.myanimelist.net/images/anime/3/75196.jpg"
  },
  "trailer": null,
  "synopsis": "Since childhood, Tadahiro Amatsu has two different-colored eyes - one brown and one light hazel. But because of a dark secret behind his left eye, he's become a target for the masked sorcerer Ayatara Miramune and his band of demons. To combat the demons appearing all over town, Yuzu Hieda, a priestess in training, recruits four other girls from her high school. Under the supervision of Yuzu's elder sister Kurako, the five young priestesses must undergo months of training to master their abilities.\n\n(Source: ANN)",
  "score": 6.09,
  "genres": [
    "Action",
    "Comedy",
    "Supernatural"
  ],
  "episodes": [
    {
      "numero": 1,
      "url": "https://www.blogger.com/video.g?token=AD6v5dyO_3PTxvMoQD-njs4nEPnzVRYkMJxL53DCGx298MWc-vwY0_L7Pcp3hq6goG0T6GZFwWlRXI2aMSvSz7HRwyazYsB9VqQ1a3rA-k3s28G0LtOJqaOx9tvf_SSIziFZJdPpfzA2",
      "nome": "The Three Maiden Sisters Make Their Appearance"
    },
    {
      "numero": 2,
      "url": "https://www.blogger.com/video.g?token=AD6v5dznso8YM8qvvgUy76aWrqn6q00-xIfGd7zpcVofPARb8FMY9iNjUZyP3_aUbifgjDfOAgtISOooTUB0_EHLyOwsvIg3MMJ0Xa57gs_BuyJOwDaRDJmHHFRfPDt3OWFnRtyCAm4",
      "nome": "Trouble at the School Entrance Ceremony"
    },
    {
      "numero": 3,
      "url": "https://www.blogger.com/video.g?token=AD6v5dwzQAk3dllYcmYhS1Xpf8rifoVKlYx5ID4_H6U9o092XcW88hlCw7iXnPxmAUrnJSc33ap4gCRfrpd8nkkm6_Yjinv0Y92psCVfH__qcpcFWHP8uCgBAJyPhbS8n66ykX0XqOY",
      "nome": "Formation of the Shrine Committee"
    },
    {
      "numero": 4,
      "url": "https://www.blogger.com/video.g?token=AD6v5dxZqAThVaVpW_MNw5MuHK_5geNolkv7bO6DzY3UTXhy67NEQyM2JlDw52mrBwQhJizfL8pmgKoDf0NSdkLdvZyEW1AAsbEjtnV6p9_C5v0xZs43G3VtZw-cgsBOhQNUmO7nTGg",
      "nome": "The Shrine Maiden Committee is Looking for Applicants"
    },
    {
      "numero": 5,
      "url": "https://www.blogger.com/video.g?token=AD6v5dy98s0R1ghFDVcUQJ7pWo72L7QNxmY3Tw7qdua73wXht1ZomeIH3VcCj-IVBJ1CIZGqsg5Bb-a0qKtzwVd3cUWmouY_gz15y2MohsSChvGz4umB0j754H4u57G6jCdxqRe37qI",
      "nome": "The Priestess Council Meeting"
    },
    {
      "numero": 6,
      "url": "https://www.blogger.com/video.g?token=AD6v5dxoVzcY_7_2Hg3SqG_JK4Cz0hQC9qdGc-T4LRqpWwnkaTjwmnotxO-d5OCD_G5VCXwFJQZV64hMZZrna7hJGkoGACKrGMO5OMAL5QxQEMV0Vsqqa9TcvKPNJDqT3YSR66t6pvV4",
      "nome": "Priestess Training"
    },
    {
      "numero": 7,
      "url": "https://www.blogger.com/video.g?token=AD6v5dyWRTFyIX6ee3JCYS3fqeXdOwwZVVOKzmW8R-02wiTlzbS-3Z1jAmXFcgiMKo0CU4qtzTlS-TZmlBwjavgdmkLsyk7WcnXJVD24H_bI2FASuqd3v3gpGmEsblHKvqDUiGg8j2-_",
      "nome": "Shamanic Enlightenment"
    },
    {
      "numero": 8,
      "url": "https://www.blogger.com/video.g?token=AD6v5dxQ523Y3MGlyicjAwy-umj_9iue59C0GnK-ub1lX05mWjXNXWn5OarTaDCsjcgOdpDpETLMbw1SHBInINHY4uMmSwF6-PWm8O5xWhdEQoGRhHhosh5N-sktkbXlMF6jScA9YC0",
      "nome": "Yagarena, the Dark God"
    },
    {
      "numero": 9,
      "url": "https://www.blogger.com/video.g?token=AD6v5dxNxmfY430B_MdAfceXCPAFrm3hJiqUJbGq-RcntrTTVpD_T-lrCu6GKvNFPMrNdagVCM4bliZajlOCjBLpHNt66ZARvZ9-Y8mjFI6dd0fRkRcT909xWSc2kkYV8ghYiR0rg03Z",
      "nome": "The Gale Monster Cat"
    },
    {
      "numero": 10,
      "url": "https://www.blogger.com/video.g?token=AD6v5dw0uk3EsOZhsHXlYJaf2tK3OKAL5Yl5nmobTrjT1QuXniaqGGFsXu6wW77JufiH8JGs2icw4L4hpBrTSBj5PmsQBP1Toe7Wl0C8YbggzHpV0GPMZM7Iy6DbIG_0kZv49_Q5tArT",
      "nome": "The Priestess Big Meeting"
    },
    {
      "numero": 11,
      "url": "https://www.blogger.com/video.g?token=AD6v5dyaj635qfU6pN63P76IaZ7hhN-qkXMzbA9JuUwnBAI2039nBNPeRmBycekJmFEOnPY_PmtGqbkYWmLhSgEXO1N_3kfNa3Rs9osStCBUX9Ro52ep9iGyMK-daY0vlYLRvqfrCkXe",
      "nome": "A Passionate Love Lesson"
    },
    {
      "numero": 12,
      "url": "https://www.blogger.com/video.g?token=AD6v5dyb-Ni7ROX6x_tzQmCehJ_BBWS5M_4RLrFDvEe3gfRJwyKf1bOERGgtfVaqA-LRTBiCTtbMe4gap9rrogr4Nq8TaaL4jCFZNoSVizrd-iS1qfDuvkKGVkbMU4W0w1seXMI6Zf0S",
      "nome": "Disturbing Festival Music"
    },
    {
      "numero": 13,
      "url": "https://www.blogger.com/video.g?token=AD6v5dxRMXmn0I3cnPcDvibFhRVlqYLgvws_-8ezSDuZaeiilw4sUq0eek36_v1REhD1JcqGFVY3ZrBZtefIamnui3N5IrrzSpSRb0cOA89-0-BmzMWEd89sLmS4ErMnr8I6ic7ekAw",
      "nome": "A Ghost Story Of The Dead In The Sea"
    }
  ]
}