{
  "id": 59499,
  "title": "Asatir 2: Mirai no Mukashi Banashi",
  "title_jp": "アサティール2 未来の昔ばなし",
  "slug": "asatir-2-mirai-no-mukashi-banashi",
  "type": "legendados",
  "format": "TV",
  "images": {
    "poster": "https://cdn.myanimelist.net/images/anime/1717/144671l.webp",
    "banner": "https://cdn.myanimelist.net/images/anime/1717/144671.jpg"
  },
  "trailer": "https://www.youtube-nocookie.com/embed/ndROyfA1ZzU?enablejsapi=1&wmode=opaque&autoplay=1",
  "synopsis": "Sequel to Asatir: Mirai no Mukashi Banashi.",
  "score": 6.42,
  "genres": [
    "Adventure"
  ],
  "episodes": [
    {
      "numero": 1,
      "url": "https://lightspeedst.net/s7/mp4_temp/asatir-2-mirai-no-mukashi-banashi/1/720p.mp4"
    },
    {
      "numero": 2,
      "url": "https://lightspeedst.net/s7/mp4_temp/asatir-2-mirai-no-mukashi-banashi/2/720p.mp4"
    },
    {
      "numero": 3,
      "url": "https://lightspeedst.net/s7/mp4_temp/asatir-2-mirai-no-mukashi-banashi/3/720p.mp4"
    },
    {
      "numero": 4,
      "url": "https://lightspeedst.net/s7/mp4_temp/asatir-2-mirai-no-mukashi-banashi/4/720p.mp4"
    },
    {
      "numero": 5,
      "url": "https://lightspeedst.net/s7/mp4_temp/asatir-2-mirai-no-mukashi-banashi/5/720p.mp4"
    },
    {
      "numero": 6,
      "url": "https://lightspeedst.net/s7/mp4_temp/asatir-2-mirai-no-mukashi-banashi/6/720p.mp4"
    },
    {
      "numero": 7,
      "url": "https://lightspeedst.net/s7/mp4_temp/asatir-2-mirai-no-mukashi-banashi/7/720p.mp4"
    },
    {
      "numero": 8,
      "url": "https://lightspeedst.net/s7/mp4_temp/asatir-2-mirai-no-mukashi-banashi/8/720p.mp4"
    },
    {
      "numero": 9,
      "url": "https://lightspeedst.net/s7/mp4_temp/asatir-2-mirai-no-mukashi-banashi/9/720p.mp4"
    },
    {
      "numero": 10,
      "url": "https://lightspeedst.net/s7/mp4_temp/asatir-2-mirai-no-mukashi-banashi/10/720p.mp4"
    },
    {
      "numero": 11,
      "url": "https://lightspeedst.net/s5/mp4_temp/asatir-2-mirai-no-mukashi-banashi/11/720p.mp4"
    },
    {
      "numero": 12,
      "url": "https://lightspeedst.net/s5/mp4_temp/asatir-2-mirai-no-mukashi-banashi/12/720p.mp4"
    },
    {
      "numero": 13,
      "url": "https://lightspeedst.net/s5/mp4_temp/asatir-2-mirai-no-mukashi-banashi/13/720p.mp4"
    }
  ]
}