{
  "id": 41558,
  "title": "Asatir: Mirai No Mukashi Banashi",
  "title_jp": "アサティール 未来の昔ばなし",
  "slug": "asatir-mirai-no-mukashi-banashi",
  "type": "legendados",
  "format": "TV",
  "images": {
    "poster": "https://cdn.myanimelist.net/images/anime/1365/106794l.webp",
    "banner": "https://cdn.myanimelist.net/images/anime/1365/106794.jpg"
  },
  "trailer": "https://www.youtube-nocookie.com/embed/dPV_XXIqlJQ?enablejsapi=1&wmode=opaque&autoplay=1",
  "synopsis": "In 2050 Riyadh, elder Asma's richly captivating storytelling transports her cherished grandchildren to fabled times where they learn that modern-day dilemmas are no match for the trials, tribulations and words of wisdom passed from generation to generation through their fascinating folktales.\n\n(Source: Sentai Filmworks)",
  "score": 6.11,
  "genres": [
    "Adventure"
  ],
  "episodes": [
    {
      "numero": 1,
      "url": "https://www.blogger.com/video.g?token=AD6v5dy-LDOcRm6Y6rdBLdGHf0oI7qNlk7FfN1o5ClCAmgJCPtnIBMtdrspfoyDd7UGbhPhn_yPNsEAA57R6d9MBXMsKGooFnqVdgebJtUzt8yL4b5BmG8sn9v9wxQFSUdTZRNGJ7B4"
    }
  ]
}