{
  "id": 1946,
  "title": "Ashita no Nadja (Dublado)",
  "title_jp": "明日のナージャ",
  "slug": "ashita-no-nadja-dublado",
  "type": "dublados",
  "format": "TV",
  "images": {
    "poster": "https://cdn.myanimelist.net/images/anime/7/75381l.webp",
    "banner": "https://cdn.myanimelist.net/images/anime/7/75381.jpg"
  },
  "trailer": null,
  "synopsis": "This story takes place about one hundred years ago. Nadja is a bright, cheerful girl who was raised in an orphanage near London, England. Nadja was entrusted to the orphanage when she was a baby. So she thought her father and mother were dead. But before her thirteenth birthday, she found out that her mother might be alive..\n\nNadja sets out on a journey to find her mother! With all of Europe as the stage, Nadja's exciting adventure begins!\n\n(Source: AniDB)",
  "score": 7.59,
  "genres": [
    "Adventure",
    "Drama",
    "Romance"
  ],
  "episodes": [
    {
      "numero": 1,
      "url": "https://lightspeedst.net/s4/mp4/ashita-no-nadja/sd/1.mp4",
      "nome": "Nadja, Door of Destiny"
    },
    {
      "numero": 2,
      "url": "https://lightspeedst.net/s4/mp4/ashita-no-nadja/sd/2.mp4",
      "nome": "Night of the Phantom Thief Black Rose"
    },
    {
      "numero": 3,
      "url": "https://lightspeedst.net/s4/mp4/ashita-no-nadja/sd/3.mp4",
      "nome": "Samurai Kennosuke's Wild Ride"
    },
    {
      "numero": 4,
      "url": "https://lightspeedst.net/s4/mp4/ashita-no-nadja/sd/4.mp4",
      "nome": "Dancing Princess Nadja and the Mummy Professor"
    },
    {
      "numero": 5,
      "url": "https://lightspeedst.net/s4/mp4/ashita-no-nadja/sd/5.mp4",
      "nome": "The Starry Night: A Waltz just for Two"
    },
    {
      "numero": 6,
      "url": "https://lightspeedst.net/s4/mp4/ashita-no-nadja/sd/6.mp4",
      "nome": "The Diary of the Ball that ties Mother and Daughter"
    },
    {
      "numero": 7,
      "url": "https://lightspeedst.net/s4/mp4/ashita-no-nadja/sd/7.mp4",
      "nome": "The Masquerade Ball Trap"
    },
    {
      "numero": 8,
      "url": "https://lightspeedst.net/s4/mp4/ashita-no-nadja/sd/8.mp4",
      "nome": "A Broken Wing and Tears of Love"
    },
    {
      "numero": 9,
      "url": "https://lightspeedst.net/s4/mp4/ashita-no-nadja/sd/9.mp4",
      "nome": "The Troubled, Genius Pianist"
    },
    {
      "numero": 10,
      "url": "https://lightspeedst.net/s4/mp4/ashita-no-nadja/sd/10.mp4",
      "nome": "Music Box with Memories for Two"
    },
    {
      "numero": 11,
      "url": "https://lightspeedst.net/s4/mp4/ashita-no-nadja/sd/11.mp4",
      "nome": "A Narrow Escape: Love Confession in Paris"
    },
    {
      "numero": 12,
      "url": "https://lightspeedst.net/s4/mp4/ashita-no-nadja/sd/12.mp4",
      "nome": "Treasure Hunting is Romantic?"
    },
    {
      "numero": 13,
      "url": "https://lightspeedst.net/s4/mp4/ashita-no-nadja/sd/13.mp4",
      "nome": "Francis in The Morning Light"
    },
    {
      "numero": 14,
      "url": "https://lightspeedst.net/s4/mp4/ashita-no-nadja/sd/14.mp4",
      "nome": "A Lie at the Alpine Flower Festival"
    },
    {
      "numero": 15,
      "url": "https://lightspeedst.net/s4/mp4/ashita-no-nadja/sd/15.mp4",
      "nome": "Family in a Storm"
    },
    {
      "numero": 16,
      "url": "https://lightspeedst.net/s4/mp4/ashita-no-nadja/sd/16.mp4",
      "nome": "I Don't Understand the Game of Love Adults Play"
    },
    {
      "numero": 17,
      "url": "https://lightspeedst.net/s4/mp4/ashita-no-nadja/sd/17.mp4",
      "nome": "Love and Ambition in Milan"
    },
    {
      "numero": 18,
      "url": "https://lightspeedst.net/s4/mp4/ashita-no-nadja/sd/18.mp4",
      "nome": "Venice, The Tearful Mama Mia"
    },
    {
      "numero": 19,
      "url": "https://lightspeedst.net/s4/mp4/ashita-no-nadja/sd/19.mp4",
      "nome": "A Foggy Night: The Black Rose's Truth"
    },
    {
      "numero": 20,
      "url": "https://lightspeedst.net/s4/mp4/ashita-no-nadja/sd/20.mp4",
      "nome": "Dangerous Date in Rome"
    },
    {
      "numero": 21,
      "url": "https://lightspeedst.net/s4/mp4/ashita-no-nadja/sd/21.mp4",
      "nome": "The Mother and Daughter who keep passing each other and two birthdays"
    },
    {
      "numero": 22,
      "url": "https://lightspeedst.net/s4/mp4/ashita-no-nadja/sd/22.mp4",
      "nome": "Help! Memories of Fire"
    },
    {
      "numero": 23,
      "url": "https://lightspeedst.net/s4/mp4/ashita-no-nadja/sd/23.mp4",
      "nome": "Terror! Ghost Ship of the Mediterranean"
    },
    {
      "numero": 24,
      "url": "https://lightspeedst.net/s4/mp4/ashita-no-nadja/sd/24.mp4",
      "nome": "Olé! Solar Matador and Flamenco"
    },
    {
      "numero": 25,
      "url": "https://lightspeedst.net/s4/mp4/ashita-no-nadja/sd/25.mp4",
      "nome": "The Return of the Beautiful Betrayer"
    },
    {
      "numero": 26,
      "url": "https://lightspeedst.net/s4/mp4/ashita-no-nadja/sd/26.mp4",
      "nome": "The Other Side of Francis"
    },
    {
      "numero": 27,
      "url": "https://lightspeedst.net/s4/mp4/ashita-no-nadja/sd/27.mp4",
      "nome": "High-Flying Kennosuke"
    },
    {
      "numero": 28,
      "url": "https://lightspeedst.net/s4/mp4/ashita-no-nadja/sd/28.mp4",
      "nome": "The Dangerous Princess"
    },
    {
      "numero": 29,
      "url": "https://lightspeedst.net/s4/mp4/ashita-no-nadja/sd/29.mp4",
      "nome": "A Wonderful Life! The Man who saw Light and Shadow"
    },
    {
      "numero": 30,
      "url": "https://lightspeedst.net/s4/mp4/ashita-no-nadja/sd/30.mp4",
      "nome": "The Muddy White Rose"
    },
    {
      "numero": 31,
      "url": "https://lightspeedst.net/s4/mp4/ashita-no-nadja/sd/31.mp4",
      "nome": "The Clown Who Won't Cry"
    },
    {
      "numero": 32,
      "url": "https://lightspeedst.net/s4/mp4/ashita-no-nadja/sd/32.mp4",
      "nome": "The End of the Nile: The Secret of the Ring"
    },
    {
      "numero": 33,
      "url": "https://lightspeedst.net/s4/mp4/ashita-no-nadja/sd/33.mp4",
      "nome": "The Brooch that vanished into the Pyramid"
    },
    {
      "numero": 34,
      "url": "https://lightspeedst.net/s4/mp4/ashita-no-nadja/sd/34.mp4",
      "nome": "Farewell, Dandelion Troupe"
    },
    {
      "numero": 35,
      "url": "https://lightspeedst.net/s4/mp4/ashita-no-nadja/sd/35.mp4",
      "nome": "The Wind's Trick: Irony of Fate"
    },
    {
      "numero": 36,
      "url": "https://lightspeedst.net/s4/mp4/ashita-no-nadja/sd/36.mp4",
      "nome": "Danger Lurks: The Black Rose's Life on the Line"
    },
    {
      "numero": 37,
      "url": "https://lightspeedst.net/s4/mp4/ashita-no-nadja/sd/37.mp4",
      "nome": "Light and Darkness: The Plan to Get the Brooch Back"
    },
    {
      "numero": 38,
      "url": "https://lightspeedst.net/s4/mp4/ashita-no-nadja/sd/38.mp4",
      "nome": "Rosemary: the Scheme Behind the Smile"
    },
    {
      "numero": 39,
      "url": "https://lightspeedst.net/s4/mp4/ashita-no-nadja/sd/39.mp4",
      "nome": "Don't Steal My Mother!"
    },
    {
      "numero": 40,
      "url": "https://lightspeedst.net/s4/mp4/ashita-no-nadja/sd/40.mp4",
      "nome": "Morning of Decision, Journey of Truth"
    },
    {
      "numero": 41,
      "url": "https://lightspeedst.net/s4/mp4/ashita-no-nadja/sd/41.mp4",
      "nome": "A Journey Alone, with Joys and Hardships"
    },
    {
      "numero": 42,
      "url": "https://lightspeedst.net/s4/mp4/ashita-no-nadja/sd/42.mp4",
      "nome": "Alone at Home"
    },
    {
      "numero": 43,
      "url": "https://lightspeedst.net/s4/mp4/ashita-no-nadja/sd/43.mp4",
      "nome": "Piano Lullaby"
    },
    {
      "numero": 44,
      "url": "https://lightspeedst.net/s4/mp4/ashita-no-nadja/sd/44.mp4",
      "nome": "Which do I Like? The ultimate Decision!"
    },
    {
      "numero": 45,
      "url": "https://lightspeedst.net/s4/mp4/ashita-no-nadja/sd/45.mp4",
      "nome": "Three-Person Triangle: The Wavering Romance"
    },
    {
      "numero": 46,
      "url": "https://lightspeedst.net/s4/mp4/ashita-no-nadja/sd/46.mp4",
      "nome": "Confrontation between the Two Nadjas"
    },
    {
      "numero": 47,
      "url": "https://lightspeedst.net/s4/mp4/ashita-no-nadja/sd/47.mp4",
      "nome": "Silence! The Captured White Rose"
    },
    {
      "numero": 48,
      "url": "https://lightspeedst.net/s4/mp4/ashita-no-nadja/sd/48.mp4",
      "nome": "Reversal: The End of the Black Rose"
    },
    {
      "numero": 49,
      "url": "https://lightspeedst.net/s4/mp4/ashita-no-nadja/sd/49.mp4",
      "nome": "Don't Give Up: The Power of Truth"
    },
    {
      "numero": 50,
      "url": "https://lightspeedst.net/s4/mp4/ashita-no-nadja/sd/50.mp4",
      "nome": "New Door of Destiny"
    }
  ]
}