{
  "id": 2402,
  "title": "Ashita no Joe",
  "title_jp": "あしたのジョー",
  "slug": "ashita-no-joe",
  "type": "legendados",
  "format": "TV",
  "images": {
    "poster": "https://cdn.myanimelist.net/images/anime/5/64671l.webp",
    "banner": "https://cdn.myanimelist.net/images/anime/5/64671.jpg"
  },
  "trailer": null,
  "synopsis": "Joe Yabuki is a troubled youth, whose only solution to problems is throwing punches at them. What he lacks in manners and discipline, he makes up for with his self-taught fighting skills.\n\nOne day, while wandering the slums of Doya, Joe gets into a fight with the local gang. Although greatly outnumbered, he effortlessly defeats them, drawing the attention of Danpei Tange—a former boxing coach turned alcoholic. Seeing his potential, he offers to train Joe into Japan's greatest boxer. At first, Joe dismisses Danpei as a hopeless drunk; but after the trainer saves his life, he agrees to live with him and learn the art of boxing. Unfortunately, Joe's personality makes him an unruly student, and he often falls back to his old ways.\n\nTo survive the harsh world of his new career, Joe needs to trust his mentor and master the techniques taught to him. However, the road to becoming a professional boxer is rife with struggles that will test his mettle to the end.\n\n[Written by MAL Rewrite]",
  "score": 8.35,
  "genres": [
    "Drama",
    "Sports"
  ],
  "episodes": [
    {
      "numero": 1,
      "url": "https://www.blogger.com/video.g?token=AD6v5dyS-8oEmSGJs6Zpl86aPH2MPlQV-supNMDpkrVS5Xib3C_5VQj1mslrM_Y1IdSM6yPQNZjUeZHDQaAVreD0UqS9a1kd7xbiZoYdZMIOvL_RZ9m4cMJmUcmDSPXys89-00H09-o",
      "nome": "Those are the Eyes of a Beast!"
    },
    {
      "numero": 2,
      "url": "https://www.blogger.com/video.g?token=AD6v5dyiMLhGz3igyVFT_DqoKYYxcvdtUqN8FIw_Eq9IDj3AG_dzGKwBQKLXUODc60dsJb5NXVBMGwFsh7Hlo3YwFmKxkHkHvsLallvgNVEngreBMFt2ANvUDaBd9HVm7Xta8xFzxGs",
      "nome": "Life in the Square Jungle"
    },
    {
      "numero": 3,
      "url": "https://www.blogger.com/video.g?token=AD6v5dxUD64m9aRLuyHwCGcCXS2Yyz3DzAkqlbYN6ufGhgzJ6WTbiHVILZ8w1pzziqf5vv-4wtIBReVLI7qcC5MTD7GMxdqSw0fzr5hHsi14WIKbNbviCmqggEJJba0AwWynIFHYBKE",
      "nome": "Fangs of the Beast Exposed!"
    },
    {
      "numero": 4,
      "url": "https://www.blogger.com/video.g?token=AD6v5dyIQZvJ_ylqaZ0Yf1B4sNC7H9z-F6ByWMLENH0q8Ygkw4LJSZfxI6RUSlhdkxyfYwVy8cL24YfpwPytjPvdVf2nVgmKXYE3ehaeW3eYpiEGoJL9j3yOIytGBW4D2Dv5UfUMJN8Z",
      "nome": "Shed Tears for the Burning Fist!"
    },
    {
      "numero": 5,
      "url": "https://www.blogger.com/video.g?token=AD6v5dzaxjUPFhAlvNOtQwcPiJtSRxKjqEvgdmWCTmQZZiYC1TNMaFnZ8g2Y43Hx693R0ILULXhztcGkQoVHUm3DXHRjaIPhYsgmv-4vML5e7kNh5GVpjSwXrCQUZFBMtRwatZ659q4",
      "nome": "For the Sake of Tomorrow! Part 1"
    },
    {
      "numero": 6,
      "url": "https://www.blogger.com/video.g?token=AD6v5dw6zLfM9Wf5iKJX9Cj5IV8W1ZXQo70N3MZpXUKh-Q7SXrrUjiBC7Qxgeoz4dj4BbRvbu5lCgHvYJwpiyq68eQJTKGQ854TdIFzKNzXi1PJkRPECWH0ywNs45wyYq7Cg3IcEq8nk",
      "nome": "Explode! Left Jab!"
    },
    {
      "numero": 7,
      "url": "https://www.blogger.com/video.g?token=AD6v5dz7zwARAq6lpwzCvg4f8UGosZSD4vUaOUPdsjj4HMuJSuHTgsGl3oBexhl57LyOnN7wZNk7EEVHHD5UFjQHdXWQhSZ5BFCfK_bBKgggqE0aCHfYNVa-UeDbK3Cqae0c13rwsaI",
      "nome": "Don't Judge the Wolf!"
    },
    {
      "numero": 8,
      "url": "https://www.blogger.com/video.g?token=AD6v5dxQAFYN4LL0ErJ9eRSP7y_VdZ20O5t9eCShNIeGQKQdCon83cpELaqBA9ExnR-DkV3K5biD5DNipB221qFpCyV9cKyu9WnWJoEHN9m4iExfwdZJneZnqVjCcgZbSmjX7CysE04X",
      "nome": "Toko High Security Juvenile Prison"
    },
    {
      "numero": 9,
      "url": "https://www.blogger.com/video.g?token=AD6v5dxhOhJtvdFTJZsr_0BCmJ-wXEXQxVk1EdYQ6BJp0rczogcsuy_YOoxwOFiSaVLBy86tt7SQFjx9BBAl3WjBeSSeHrx7OO4YmMwvbAV0j0w-NEKVSE5XlC7CGWNm5olqAxFJD88",
      "nome": "His Name is Rikiishi Tooru!"
    },
    {
      "numero": 10,
      "url": "https://www.blogger.com/video.g?token=AD6v5dxhkM8lKZkytmOng1fBoKD9RV881lGo2-CYjmxqKUnJNj9jyGKleBvoFEHIskN2f25s91A2cR57JkTnqStUBtgwjxTVyRSd1hc-zm56qzcwqg3et249vZ2Zv8zP_UOB78rHTgM",
      "nome": "Scream of the Red Sunset!"
    },
    {
      "numero": 11,
      "url": "https://www.blogger.com/video.g?token=AD6v5dx9lwa4Mg-wvpvWY12I9fRqJWaKO2LN_fF084hfPcItJMrrtZ41whdPUrhEbmPRF7QiNklZln8_fqfwZlLPIoqbJUZRFk59j_4dDStmyckYWPotUEAX1G6DXwp6MPMgc3CsCbv7",
      "nome": "Burn at the Bottom of Hell!"
    },
    {
      "numero": 12,
      "url": "https://www.blogger.com/video.g?token=AD6v5dyo-TRsrgojcAcZSJaf5jv4JGNDCwl32QdQ0Fa5y8H047Z-T-1GqG_D44YUVFf_oEzjgZ_ydnJhC1ohRnobJua4OwGZEJ_Ig5J2SQOTggIQKEOTQGxgDlK9f191sD8xeRyMUj4",
      "nome": "Shout at the Burning Sun"
    },
    {
      "numero": 13,
      "url": "https://www.blogger.com/video.g?token=AD6v5dzaT2Ow0BL-dLMVeBMlAF_Y--I8DlSHtBrud5TfEmvjSZJmW5KrVO2s6XrYUmxxAMhTh9U2KFkSro4PlPkNuqK03RC-QTBrSSuR2rE1YKGsTJQWTs6xhnFt3vIqf7L_jeu6Zn0E",
      "nome": "Stand in the Ring of Destiny"
    },
    {
      "numero": 14,
      "url": "https://www.blogger.com/video.g?token=AD6v5dyLqEVcLHr7qmLzYEHEluh7KI4-UZRz9r69RA_7HCEHbaMF4Q9auUg8Pb5RSNb7nYQ1KctnNN0_hFObtEyahrP0QacY2EMUpIwXTn5LErzyT093YEfttV_TmS5ipEKeLTpSr3aH",
      "nome": "Is it Time for the KO Gong Yet!?"
    },
    {
      "numero": 15,
      "url": "https://www.blogger.com/video.g?token=AD6v5dyNYPfUq9RQ3fjRXRC0xXgWT-O5PqtqD6-W-Dk5YfmXKAl8Leg9_S2tBldi-b5zg-PAZbzm5FfA-Ke8_KpNRUNwXQmbKvqdLFCEpZapFccLi5l708OCD5qdIue2DCpMd7p-BOOS",
      "nome": "White Mat's Lullaby"
    },
    {
      "numero": 16,
      "url": "https://www.blogger.com/video.g?token=AD6v5dyQ-u2HCkC6sfwjXFX4L4em0qICVGs-nEfDWzsovFMR1U_NkT8bcf4jZBnUNOWwIvLVeDRfzupULtCvm4D-U24_BwfQ4McQItiNGvhvcoCYgfBBpJgFEjD5LaW7hOlSA9Gc37o",
      "nome": "The Setting Sun of Treachery"
    },
    {
      "numero": 17,
      "url": "https://www.blogger.com/video.g?token=AD6v5dytyR3ciMvfVccAOdZNgvvtMxro5a2RVgg8x2jaSQoOllA60JhJbcuzZ-IAAp98rsObGu_ixhdkIVmmDgpzsRCyXv84r2vnTPdjiR4oOwgRB1H9ql9QFxEd2Jxs-aF1a17HHAxA",
      "nome": "Alone in the Middle of a Storm"
    },
    {
      "numero": 18,
      "url": "https://www.blogger.com/video.g?token=AD6v5dyYvtF213aBZ5nNKhzkEtBJ-gytHyZcTVbl9yaiufuhkUG5XzXyI7XDegPqg7Fr_skbkk-mgLFnNsh5F9zTroQhY5sdRKXDmp7YWZul_0-G74maW1oWoUlIeduCxNUIjDVVuAI8",
      "nome": "Ring Ropes of Despair"
    },
    {
      "numero": 19,
      "url": "https://www.blogger.com/video.g?token=AD6v5dyoXlItEMsPx4r5-Hg-Vkms4duTpOhxQq_mf21p2-xgxzXn0XkPNViPb_W3_gov4pLS9s1C8YQX193t4Nc7akowG9MWWmIo4vPhNTbyBpU53YctnRRld44TSzlEC5lsPw6XqTs",
      "nome": "The Fearsome Liver Blow"
    },
    {
      "numero": 20,
      "url": "https://www.blogger.com/video.g?token=AD6v5dy85xBLob-RoKWFIrWpWIQlYhRI0Tc_vm4ij-YZ7bl_0uNBSJD5xif_7TnsFxyqK-fpfz1GVQ-D5fpEC-JJGheMKv0fXrKh3wpBKCP75K6BW4NapDf8M8cuCgH0bUGxiiMkDLFh",
      "nome": "Battle Scarred Victory"
    },
    {
      "numero": 21,
      "url": "https://www.blogger.com/video.g?token=AD6v5dzkvXA6vFd6GZqyr-xDEtI7ReNL8eBL7eut8cvJUj-j1S1xGvhNuCh90Ny61Y2cNvg1b3iMCiXwsDoidBGJMAU1jHRrKfBQ3NtmRpBeFSwh4eGrm1QWuWZlX6PSuruVQmj2yW7V",
      "nome": "A Small Fight with a Big Honor"
    },
    {
      "numero": 22,
      "url": "https://www.blogger.com/video.g?token=AD6v5dzVUUvDZyGQAFNwqk_Z2MM8etUa1SNbPf9LHD7ZuIlZ8_F_ZSUtmHn2ZMA55WKcdKsRas0VdTG-2ywXeeel1uI0_8dFT9UAP1o8gfISaKK9wl8m_geMj5yEVYUaYcKo7rdrBgk",
      "nome": "The Legendary Rikiishi Tooru"
    },
    {
      "numero": 23,
      "url": "https://www.blogger.com/video.g?token=AD6v5dxGSfSSuJamhGeYzvg2lQ0TJJtw_sJ-Aa1CWzZWuUBt5DgfBu8cFZKmHX_gF5jw8CtlyXdkWkC6kEQqI8o6fqmEGuzV9A98wowpkWWH5GkD6wE9NAfvYVgkugt0y68lGzjOZTNu",
      "nome": "Farewell, Juvenile Prison"
    },
    {
      "numero": 24,
      "url": "https://www.blogger.com/video.g?token=AD6v5dy2ZLPLth3no8OYuinLK5s9I2Y21SOcN_O8V8NkYZ_hL6cEQOD-kBjjeIIll1htreY9Ap-2CU43OnK0Zlvts1hVb-Ed6QOS92AP3lKBlWWftID7GzyMsa1ZmqLia9Cv2NHLhmhI",
      "nome": "Return to Slum Town"
    },
    {
      "numero": 25,
      "url": "https://www.blogger.com/video.g?token=AD6v5dwCnnRTodG4DnzZZAi1N2QqSqCD_jI7BFyQbrjB59T299uLhPElbKitydaxao6UwWfCY93mrpfHldicHN2Ot-wE5vrCVgB7_7SosMfuEhWYqKKY7RpMZS6F2yGArR5zu-6Skw8",
      "nome": "Law of the Stray Dog"
    },
    {
      "numero": 26,
      "url": "https://www.blogger.com/video.g?token=AD6v5dy2hzrvkfq0cPf8NByR_dJyXh22sHMw3Yftwv_KDmEU3jGW6ABiwU6ZKWacT_wJ19D28Ia8qS9NsJwvILQeEVzXBbS_0pCFiNQMpG9NaZcURbCTmDW4aQ0SWM8aIbORNuiACcTR",
      "nome": "License of Despair"
    },
    {
      "numero": 27,
      "url": "https://www.blogger.com/video.g?token=AD6v5dyDR9mHVT7HHjdw-p-549p8b0fo89patKa4Q_XuRT9jihsbJ91Av9EcTjHP6xOqpjtggBaU9OeUqTY-oKL8gHvF-5VzkGcOT-6S4TASoUdgdgPj6x6CvrYD7VH05-LbsMseAg4",
      "nome": "Bridge to Tomorrow"
    },
    {
      "numero": 28,
      "url": "https://www.blogger.com/video.g?token=AD6v5dz6uXpQ8p7azbdIo-do_J2jvCfJ1fIuwhBLaOolNdrHUABZyJD_8GQugSTUyKZsBTDQdxyCJRWChsSp2D2JZqaAlnq35o7_ivqrOQRDRKYyXcBbNpVTXHHGFO6oHoPZBHGU07I",
      "nome": "Wager for Glory"
    },
    {
      "numero": 29,
      "url": "https://www.blogger.com/video.g?token=AD6v5dzjVdA_JBGDgmfIArr-hcJv67WLl_oIt7GgsynB03_RVFzgG5q35m7-lu_EnhuTJGmVO02EF2wHXV01qe4wN0GUU5nTbAkBJEKjXimedINYzNduey8ivYMv03YHu5KXjy04Xg",
      "nome": "Challenge for Tomorrow"
    },
    {
      "numero": 30,
      "url": "https://www.blogger.com/video.g?token=AD6v5dxEQc6tLj2TIzhxxyu_6gHEiv4c-ZsMZFXsNTzj4OkiP6nSsshrjiico9zVCMtHmlEo4e3kX_saKPFpZ5ztTtDqmENAKmBm3xNTgyi7WYrcJ3RaXS7kpdeTFW3ewijHJGKp3J8",
      "nome": "The Ordeal of the Pro Test"
    },
    {
      "numero": 31,
      "url": "https://www.blogger.com/video.g?token=AD6v5dzl8e9QA1qgW-K4dnpIq_HSpKD9U_6I6ZThXc_oNM-3OQq4Zo5wom0N_vMrs93zNvl7bIuHEUbr3jhJm9cp7vrMxNZ7RbriFwweTE8hV-_F4L7FjxkawIMvZ5wD06QWgNPfyQ",
      "nome": "Spread Your Wings, Pro Boxer"
    },
    {
      "numero": 32,
      "url": "https://www.blogger.com/video.g?token=AD6v5dxwasBBGmt-hkNAG2F9Pi4TMgej3qBr8dWEdhSkNJXkQjMgayKdPceJRraZe1qB6I4Vxp0a1Wnsb59zSM64w_YdMiGE6DNNMlTg_WUfHedj8d3HvNU_bIIQjvJjRPhWbz9F32k",
      "nome": "The Road to the Shining Ring"
    },
    {
      "numero": 33,
      "url": "https://www.blogger.com/video.g?token=AD6v5dzmEF0Qb5BsCvN33MSNAUXIn7U8jVL9Adqu9cx2n6koByU3E5Wsh9oYrh5SGFRG2j8V_yhKZLPLn_8TXfdynNNW4aLxzskVCCeOFXY7e7OIUj7AQ1APRuaxk9yof6prg_apOwSd",
      "nome": "Hooray for the First Victory"
    },
    {
      "numero": 34,
      "url": "https://www.blogger.com/video.g?token=AD6v5dxG2cc9vTNBNqT1XcsRER1nzzNIu3ZRX4P9BAEqkjU1vaZHo_N4FTG7ojOr4z6thlnqpcMBCet1-8IMQ8TDVzz47k8jhkb8s2Us5wM7l5lXyH_Rt6BnCghdrsJ1m9RJirjFwl5g",
      "nome": "The Aspiring Boxer"
    },
    {
      "numero": 35,
      "url": "https://www.blogger.com/video.g?token=AD6v5dxXGPvgsPFfnkvC3RBypax2aYL9znlv9j_keINBCkmtp6n2hJ1C7bPsu-Ze-YUR1Os866wnzXvduAycTa17NUzTzjEqIiq0aORyM0V1wUuPCAUXWBsjzrO2QIUR7-U3k9lyRWh_",
      "nome": "Do Your Best! Nishi!"
    },
    {
      "numero": 36,
      "url": "https://www.blogger.com/video.g?token=AD6v5dxMEgVZnTUX50BUxyglLwWZErMEq4uZcug9iesxGEMUxF9Jr27WT_aRWnks20YsDtvPBTAmCZEtNr6b8iSG93qiGKSdIzgzK1tAJ0OpyoBx6VkpXOvlEzRdI4mwCkiexqGPYkCs",
      "nome": "Wolf Kanagushi Bares His Fangs"
    },
    {
      "numero": 37,
      "url": "https://www.blogger.com/video.g?token=AD6v5dyTBcVTnRzZ-3pBEo7HFjf_-oCjgQ-MqIb5T3RwQ5L79Z09OF-L7qy05L8IEGljvRAIThx0yGKQCZBDYlL-Uge0RLTArAv6W4HmAyHc3tv_l2VLg9XwUZBbear7ka9o-YdqsI3E",
      "nome": "Training Furiously"
    },
    {
      "numero": 38,
      "url": "https://www.blogger.com/video.g?token=AD6v5dy7-CYx9WvtLhQTE-tvrg2HGJ8ZOVN2amfxPV3o-_37ur5fD6hB0OnWZHy1C5qvGWog-uTBVwGHXTltxnz-6Aw2KcYcX5IY_c2Wb7is1e7yAapsc8Uh90jlmCSmGS9jpwmrO69U",
      "nome": "The Greatest Six-Round Bout in History"
    },
    {
      "numero": 39,
      "url": "https://www.blogger.com/video.g?token=AD6v5dydYrDUT-xzEbu2euwVh-cMvEi8ALDbqOvgj3Jjqv5SAxLVHowfBDghjMuH8LUNi5DB56w6Q5DVlUazdGghfyTGPBbEuYG7M2dopxcj9NJma4q-zCj6oby8ZQN3Q1U2yDyYVuIC",
      "nome": "The Triple Cross of Victory"
    },
    {
      "numero": 40,
      "url": "https://www.blogger.com/video.g?token=AD6v5dxqb-TtdNXlQ4zwNBMhNduowUhLMtlNzWqNmtAC6tsz7xmrkfY8gzceyDZ_cpBPMST7rekckurmWR6i2Mk2bvvFmN4hBWGdw82k8Qq22mL-yWv5icYu8aIL5WrGptEnj-jU9sgM",
      "nome": "An Oath to the Snow"
    },
    {
      "numero": 41,
      "url": "https://www.blogger.com/video.g?token=AD6v5dwC0Upwhz007b9pVHGHUVhPiLe_0_l2Form6r0HxXym_OErMrRG12HlqnIS7CUW0vlVOhn5Fggvnn8UerQOLyPP4L91DrrZRWeMVWkG8Aqu0tMoxuUi_of5UM65tOdxydKhRJ4",
      "nome": "Rikiishi Tooru's Challenge"
    },
    {
      "numero": 42,
      "url": "https://www.blogger.com/video.g?token=AD6v5dxI9Lk0mWwRsJ9eRTd2oxnXCetE5cKvAbr9_K74Hh13ivfC9-bGZaOcC_oatyNbao6i5GUpCgS52zD4LrQwyexPg7uuHxHqEixK8g3DDop7AssPo5U_d7gyIv2PH9jyRgJiQgqA",
      "nome": "A Man's World"
    },
    {
      "numero": 43,
      "url": "https://www.blogger.com/video.g?token=AD6v5dzSR5_z0fbRETC4_kvo_qXnhU8x0nQ8YMEsWJ9H8OuhtRBBkjFjANlf5zfvbLjtzDi3bh-cKVWh1gZl4h0yDdHLCpkuiAV5rF8PnsI9VgLyuVRrL6fMr7z6f3vu4evHx2O9hd1V",
      "nome": "A Cruel Weight Loss"
    },
    {
      "numero": 44,
      "url": "https://www.blogger.com/video.g?token=AD6v5dxkF6YrCu2l_lWXgKeeALQsANnk7bJo44n6dvv-41ipeQGFlK3XndOYpwiwwZHEjQpbPwpyJaw4pTVpnbtEhOHzZzi1cl1wpuvojYhWt2AYO7-cpeLEfT6-vI8Jsz2mpszWUXl9",
      "nome": "Rikiishi Tooru's Hard Fight!"
    },
    {
      "numero": 45,
      "url": "https://www.blogger.com/video.g?token=AD6v5dwof0vs6ESYnOiHCuaX8d3ageCCUw_i_s2mJwswNnVhiJDPq7yxnmWuKQnLAHa4zVHiAKon4SUjipEr8SgCayZugVeXhLY85ZgE1xcqjTFIMacXuz0v4_t8iYTe_FtdwmczjPg",
      "nome": "Sway Back to Defeat Rikiishi!"
    },
    {
      "numero": 46,
      "url": "https://www.blogger.com/video.g?token=AD6v5dzE_snu5wn9ksrzSvqqfzEnTbf8Mpp-UmV3vWW57TIOk70cymgdnifJgyCjrCL5rIMr21w3qEgGQg_UpxQml589XlECu69ReWHS8iv8Mwd0o7QYYPQP77UewSBBLeB0YBfOdo8",
      "nome": "The Man Who Risked Death"
    },
    {
      "numero": 47,
      "url": "https://www.blogger.com/video.g?token=AD6v5dxDOBUFrUWXoXe_WoTyesU0caEZGUSh7igY_wzzovR6C9wmt9HrurbPDWDeBAq15VdWNhiBdudf25P60UeM6mDhXVoR-eUy9xfb1XIPJdpTw_kk8vkk_fKAqIIHdNV2OL54HpM",
      "nome": "The Two Before the Storm"
    },
    {
      "numero": 48,
      "url": "https://www.blogger.com/video.g?token=AD6v5dw3xeQoWyxLOlGIK3PF_7X-a5kayFvMf8pwsOgNP7wGwNRgkkB0lQSWvxWdlKu59yxgySzVkB7oxO-dHgGgl3pygmXugsZQJsjM-3tkFTVsdbAivyEfujOCjRS_Ro_S9wfFx3sf",
      "nome": "Showdown of Destiny"
    },
    {
      "numero": 49,
      "url": "https://www.blogger.com/video.g?token=AD6v5dx6fBfhMLsDYpdgmqL3uNfyYEDOEvSlG_c-pfWZtq_555vHYzARCRn7KVIx2AD-DndSp64xT5taw1xE52kfbRbnELMzQpYpTpGZlrpX4LJl0tnKZksK6tVmF-MqsaXyzhee1l8",
      "nome": "An Endless Deathmatch"
    },
    {
      "numero": 50,
      "url": "https://www.blogger.com/video.g?token=AD6v5dwAXjX8Kq9eQtHnMiT-XLTxISxas9_FIMTnNLr3h-D4YFDY1uoZL73kMPM0MrEUEY6N_1EmbwGWdYbZE6OIyxfMQhErrciCpaII7rmk4cUpes9inUs_IwOQaQUPz-6uSLxCvsw",
      "nome": "End of the Battle"
    },
    {
      "numero": 51,
      "url": "https://www.blogger.com/video.g?token=AD6v5dzKcJDJmPnZ62J0ZqfqfQOnmNgk6pa_iZgoPAeY1XLFo7xR_p-i9IhlFVvS5JgT80tZCfEEL-KpVxPReKMalE8BmHxKrM4DTEG0vbjU36PnXZOVCHRftD0lRHLnmKZuVzDy8oDW",
      "nome": "The Life that Burned Out"
    },
    {
      "numero": 52,
      "url": "https://www.blogger.com/video.g?token=AD6v5dyisozbO1Y6pYICJlod0BIwJATNY0M7072c669yPe9tXoJgrnyu0VOWENNslWMWghauGqoM5uXhY1BYnTo2zC5K10lYBq25AICuKSqcLs9e_aT7lYIItYAMdCYFiusMDl0uTVfq",
      "nome": "Farewell, Rikiishi Tooru"
    },
    {
      "numero": 53,
      "url": "https://www.blogger.com/video.g?token=AD6v5dyJimZ5zcW2QTqrMHoHZdEquqBvAiad1U68gH_D9ajCBoRybqACsnDKCLJWP_sWwtOneKQx88ws1I5MZtS0CXRsQhrCcEtYZXRM7OgWVLkyVxwr9I8pISqNecdccgniLq9tYYAQ",
      "nome": "The Man I Hate"
    },
    {
      "numero": 54,
      "url": "https://www.blogger.com/video.g?token=AD6v5dwAfWSlEbrCz4ZaXRBROVom8X3mpVBVRTHO7sXix-GgmCB77g2CvjvwWyKSCElb2FZc13GCwPhFLbWV93qumGXi2NkdlmYV-fS-hcZpO1U62Hv83Fy_M7ztTeWHtI-9oPNm4SM",
      "nome": "The Ten-Count Bell of Sorrow"
    },
    {
      "numero": 55,
      "url": "https://www.blogger.com/video.g?token=AD6v5dw-rmB7xcUIvpfnGr873pksLvDI8u-8Y_6AZFHnP5BQvKJtbWSwRgUp9IDXoEtTPm-Drh2YwmB0cyVuhzixwj85UUMCcB5al8ELazWbUhCQEVT4_XBZgJTizDnpVhjdnZREoZsb",
      "nome": "The Wandering Ballad"
    },
    {
      "numero": 56,
      "url": "https://www.blogger.com/video.g?token=AD6v5dw9M6u5Y7pta7wTAMw6yeNM4keTsHxHAW_oCYMhiLjE-GA35dOpGMFGy06ELGxRR6HTsoIY33q6QTFxpa1qTPjxu7X3ZfplZk69W8gMAZ4IYZIGRS1HHmyvD0KNoO3CwWaEw5h1",
      "nome": "The Wolf Revives"
    },
    {
      "numero": 57,
      "url": "https://www.blogger.com/video.g?token=AD6v5dwnrN6EKn_5nDupW8sX-hPPLdFTthDERmX4DuwL6fhLkv8S8SdNYVXd3ixtlQSlvSVQU9PjaPmJ6o7jkMZTPMhJIJeLAkP1so7jvrmQawOodrY7CBrhyWHGXkih56N6suUpBxs",
      "nome": "A Wounded Beast"
    },
    {
      "numero": 58,
      "url": "https://www.blogger.com/video.g?token=AD6v5dy5DcduoCCHcm7ErT97_0d1oCltlyBQKQMdy7y6LKw5jktWgGMbhoiSmcFDPxa1LWHhhKTZ5b5n8mmsc-n2b6sekKwqvpaYB0fWuJ2G1nXkIBSfOWJsu4ox2UZNpsvqi4MXUIcw",
      "nome": "The Body Blow of Victory"
    },
    {
      "numero": 59,
      "url": "https://www.blogger.com/video.g?token=AD6v5dw1D7uUi8k0qA58IinZ2QgOPtsMHrv-F1i4UrCK__rcudEPrk8grhZKt0dn09jsly-ny7FeEFR0h4528y4_7NSPAAUZsPmjlzDQ8gT1DCb6jADg4EzlLaP0-ns6U8oZydX776h3",
      "nome": "The Looming Black Shadow"
    },
    {
      "numero": 60,
      "url": "https://www.blogger.com/video.g?token=AD6v5dzJ4eRsCJvUYz5Qy5c0JnWKHCDBRMeenQQKBWbeebC9reAQJKQBNpN23EQGRqgC7Gwmn60zhaOo1w8PLYQTaQ6ybCCsxXKTp0O7J0sV9u03liDM8dIYM_xzVMkiT9lvb6RmBn8",
      "nome": "The Fierce Sparring"
    },
    {
      "numero": 61,
      "url": "https://www.blogger.com/video.g?token=AD6v5dzY1GupOOh2lWO2L70Fk22SRgxu-wfNSZV21WywC76p5BsbZr69jXSo96MxtCML3SH3pmlGXKbihUiRQ0wincZ-wWe8XT_Ak3nwrr0G7HpNeig7aFGROqgZHd6aMfjCYHhWVao",
      "nome": "The Thrown Towel"
    },
    {
      "numero": 62,
      "url": "https://www.blogger.com/video.g?token=AD6v5dwqEgM7yqVT3DMCUW85j_2Kl3q6gwmsR7zqKIQLaB62T0oblB2DZdwfIb--nQr9u5Ov4r-RjjLTQocuGEVmcA30cygSYPU5BWmQiBfFAdvD1wamC-wOyIkN9tlyHqrsfySDaUJE",
      "nome": "Rikiishi Tooru Was Alive"
    },
    {
      "numero": 63,
      "url": "https://www.blogger.com/video.g?token=AD6v5dwULlT_6jlf-9wNYQKuAU7T9FAPxoMtqVoE_qzc18SNrEqFV_o-SouIWB5KwkVT0R9YKHT6gMkSAvyLHBeStRDOVpbBYnSfJGluMnQjjel2a20p5b92jbNeQ-lbVyFZtrpPT-dZ",
      "nome": "The Final Challenge"
    },
    {
      "numero": 64,
      "url": "https://www.blogger.com/video.g?token=AD6v5dzocNCE5ZrkhMMUl42BUR-SJbi-tbTQPd22BKFDbTSn_vdIMcRBDmxKOMvMsxhcODr_JCrefWJay2iCnRru1VNl7QYlaakTwBuP4xbxgWTnoSQ8b3Rl-8e7FftStFyvUWgwnFw",
      "nome": "Enter Carlos"
    },
    {
      "numero": 65,
      "url": "https://www.blogger.com/video.g?token=AD6v5dw59JLNK15NFToNPrckCbwJNJ4ZvWO0qWFmf_qRQwFTC1jDY-lJweSwvG6hk3QED45LIrzaTJ5lvwMg4wspn6Scu81px5MVdpxNtutXutFrck665yeiW7WowNNld6QnhJiNZlkP",
      "nome": "As Long As There's the Ring"
    },
    {
      "numero": 66,
      "url": "https://www.blogger.com/video.g?token=AD6v5dy-wd-fCZYbtqyuQrXy535sNBJLJDQ2tGlAqoCGQvre-YIbZFC1O0sWDBoQKnJAIWMsCpIy9WQORJj-QXym6nyvBtwwI5TTNTmCO8zzxLVJMmj82xCESG5LVEQtSuG3qvm2BkKz",
      "nome": "Setting Out for Tomorrow"
    },
    {
      "numero": 67,
      "url": "https://www.blogger.com/video.g?token=AD6v5dz9ZFpVhiF3GDbYm-mV_hoFDKZEI8NmjDWG8T738BhVCW9nfqYyIDsbC7uDiqDs2cYiNNNSMFOvQOK37VqFbufIdN-FoGy_fny_jWSAsbUXOiFEJECwCfqDBZapjdcGYX332AlV",
      "nome": "A Little Adventure"
    },
    {
      "numero": 68,
      "url": "https://www.blogger.com/video.g?token=AD6v5dyP2_nmyGxpgHkhoq_2v1ZDc8u4hvjPZyRD3nu_P14ZzuNhxd63yZycI75eOEhU6o-samn1Cbe5wTWhm5I5Mp6NCwg6MzOQTOy480GoenogluJ-2eO5RKHMya27pTbApWyum89p",
      "nome": "Fixed Match"
    },
    {
      "numero": 69,
      "url": "https://www.blogger.com/video.g?token=AD6v5dwxg8iZQAQ0LWSQKFQpYzLU0vEFFbA33Vmx4UWMaj-GQL-k1Oyp83fwJqeW1ZpHeeaMQKLq-kRfS-ZmDloXs5RNstjyoF2Wz31M2jsPkzzXXzh_xkRBpikTIkMLPKjZBb78hSeh",
      "nome": "Lullaby of the Ranch"
    },
    {
      "numero": 70,
      "url": "https://www.blogger.com/video.g?token=AD6v5dzntRflrmN7wKAFxz_9AhZyCZ2Nwfsh7bS7zmbomzRE84r4saTYPrqSR1SvSSPOPnXwgHNFov_fz5zuAB4I_hPGVjYSlDt8JSZxPLQ132KE3kvgEqatO_kKUEfK5Hvth6WEb7c",
      "nome": "The Guy I'm Worried About"
    },
    {
      "numero": 71,
      "url": "https://www.blogger.com/video.g?token=AD6v5dwGfXBotMZAuzsqU-7xH9TV411SzDz9TrgLwkzO5fUdjFzn-DXEDEf5HGRKuMwIdHxQuHgSc9XJ4tYQpH_P3dMRYrUxq7rBA1Uq3YmBO6kxv-ON52U-5vUl8DNKVqKwE-AMx0k",
      "nome": "Carlos the Uncrowned Emperor"
    },
    {
      "numero": 72,
      "url": "https://www.blogger.com/video.g?token=AD6v5dzdBjzf5t3IGchEnRU_omy_Vu2WVmV0m9hqktLlCj2W_HxUoV26-gSZ077qDxdUGoqGRZD6dynm7Y0y5dWmRaPpIidyg2YtUKvJoM8CSQDiA9DPbqR97DZHS-cC0rBK-apu8NU",
      "nome": "Return to the Shining Ring"
    },
    {
      "numero": 73,
      "url": "https://www.blogger.com/video.g?token=AD6v5dzO6Fg-cNc5BjV5m4v10XEinCFgRbuBamG5saWgY_efiTUGleHlNpBMZQ5SMb6hSHIRSjjcq0vMLBa6ryImIpzRfMsOFBCz2LMIJpS5i1IUuzI8C9ZRL4HTF88vBfPoba57jZQ",
      "nome": "The Cross Counter Returns"
    },
    {
      "numero": 74,
      "url": "https://www.blogger.com/video.g?token=AD6v5dyv6pQK-0hl7q_MVJ9KKKnaP3tGIMLP2h_8MINV3EzVsF0AJgBz_ucOQDAM_3lP48ynPKKctiVWpXbYz143iHXigE9BL9oVlo7f0IjjpLR8_QsbO1uVUjRIXpvImIDZuXEAa1I",
      "nome": "Setting Out Today"
    },
    {
      "numero": 75,
      "url": "https://www.blogger.com/video.g?token=AD6v5dzo7cNL9indYH8y3y27DtjFnAMmMcMfm2bspmdeoek4TJC6yb9nDivZfWuHjLedZxFFU8sOHYGwWHKAmmK0sW9qKQIYjmwibzP5e1zh6kvChM0_znNNzH91xdySwOguM_v1YQ",
      "nome": "Carlos, Magician of the Ring"
    },
    {
      "numero": 76,
      "url": "https://www.blogger.com/video.g?token=AD6v5dxZQjEFUJtBdn-fqrLZZaG7fgkLRloJYLmv1ixVDmm5dLITNwwCEryOfyW2u6uiuMQykevbLqDp9mkX3b34OC03Z61lEnMKT2d-MuSCM0seH2wFXkMCDVwKOvElSmF2mbm9vhw",
      "nome": "The Burning Challenge"
    },
    {
      "numero": 77,
      "url": "https://www.blogger.com/video.g?token=AD6v5dy1T978KUh2NupW0ev1-vrSFBnGHxKsRUOP6Di9wlBED2xWBComDrKzzcvxnlqHcbUKTYf4jda3XDHVPckSdkq_RuAO8D2ATJUhIfPBazRlbpxjum18X9DPXCwcOHI19e7AkxM",
      "nome": "Battle of Men"
    },
    {
      "numero": 78,
      "url": "https://www.blogger.com/video.g?token=AD6v5dz37C3YZ8W4TFQKLieKUBDMKhBO_DbpMOaeOAWdDnSqoer0dwG6KKEZ4IizRlC0STIqhHd-aDyWd4ik15Kg6E0zHyRK5_l4NAVYYottalEg8IKtps6FoTg6KBvy3CMhdhOf_umo",
      "nome": "Duel!! Carlos vs. Yabuki Joe"
    },
    {
      "numero": 79,
      "url": "https://www.blogger.com/video.g?token=AD6v5dwloj8Y715LByg1yUT6u9zhXhCT2a5Ad2_LiO_GqRC9VGZpK6JZ334Q_i4s8KJ3SLwAbDL-i8autPvh5ZPA15s3WytJPQ6maqwHNnJWENvoqJIBVUsm9uND3ZaBRdb_k2Q5XbY",
      "nome": "Let the Shining Tomorrow Burn in the Distance!!"
    }
  ]
}