{
  "id": 8064,
  "title": "Ashiaraiyashiki no Juunin-tachi.",
  "title_jp": "足洗邸の住人たち。",
  "slug": "ashiaraiyashiki-no-juunin-tachi",
  "type": "legendados",
  "format": "OVA",
  "images": {
    "poster": "https://cdn.myanimelist.net/images/anime/12/19699l.webp",
    "banner": "https://cdn.myanimelist.net/images/anime/12/19699.jpg"
  },
  "trailer": null,
  "synopsis": "More than twenty years ago, an evil summoner committed \"Great Summon\". One third of human beings were killed, and devils and monsters invaded the Earth. One day, a painter, Tamura Fukutaro, moves into an apartment house called \"Ashiaraiyashiki\" and gets involved in the troubles of his non-human neighbors. It's the beginning of a severe battle among gods, devils and the ruler \"The Central\".",
  "score": 4.88,
  "genres": [
    "Action",
    "Fantasy"
  ],
  "episodes": [
    {
      "numero": 1,
      "url": "https://lightspeedst.net/s2/mp4/ashiaraiyashiki-no-juunin-tachi/sd/1.mp4"
    }
  ]
}