{
  "id": 1946,
  "title": "Ashita no Nadja",
  "title_jp": "明日のナージャ",
  "slug": "ashita-no-nadja",
  "type": "legendados",
  "format": "TV",
  "images": {
    "poster": "https://cdn.myanimelist.net/images/anime/7/75381l.webp",
    "banner": "https://cdn.myanimelist.net/images/anime/7/75381.jpg"
  },
  "trailer": null,
  "synopsis": "This story takes place about one hundred years ago. Nadja is a bright, cheerful girl who was raised in an orphanage near London, England. Nadja was entrusted to the orphanage when she was a baby. So she thought her father and mother were dead. But before her thirteenth birthday, she found out that her mother might be alive..\n\nNadja sets out on a journey to find her mother! With all of Europe as the stage, Nadja's exciting adventure begins!\n\n(Source: AniDB)",
  "score": 7.59,
  "genres": [
    "Adventure",
    "Drama",
    "Romance"
  ],
  "episodes": [
    {
      "numero": 1,
      "url": "https://www.blogger.com/video.g?token=AD6v5dzoR4eekCaafF6lV29twaC0ij-y7LekLzC0HZBVmmSricyuAez6_rQ4WttPINE8uPxkF7EOqbIHALTfgfCrrXQJIc0z1CrYqkdmAtx_YmSwxdRWWFZ0CHfohjmuWr9H2HOYYLr-",
      "nome": "Nadja, Door of Destiny"
    },
    {
      "numero": 2,
      "url": "https://www.blogger.com/video.g?token=AD6v5dyJj6jKUFOPD8qp8tgFTayMYBOo5Cre_SqQ7vCQog72TUrxiZ-Bv3LfLJEZVXxcX2USPotftytVsUAFEMJ_5edsbEeAM1EtQEymEIvU0A_JcTBB-dfZfplrbnt7vNnc7oxcN9aN",
      "nome": "Night of the Phantom Thief Black Rose"
    },
    {
      "numero": 3,
      "url": "https://www.blogger.com/video.g?token=AD6v5dy-0EEAs8m6SYWBEsJkCzqjhCOcqOw7ePAyhj2lWGVGzyXlQz3EeMXCiRZvj2zdz443ZoJoW1qMxfbZF8EtvQibd7EzSib8BSubLxuBtVIq60CvB8zcQMfGRUQjlgNLzrjQ-pU",
      "nome": "Samurai Kennosuke's Wild Ride"
    },
    {
      "numero": 4,
      "url": "https://www.blogger.com/video.g?token=AD6v5dxhw9B5JwLXItMR_IGP7TPgN6UWjx_Zgc-92XpuEJs-kWt8QlYGkNhVwAvTZao5LhMu-yungEz2CCrjkhY7tmaRtCGLTLY1a1CYZxIOes7ppI47_pcZUpbaLWWeGeXsWKBT-Z0v",
      "nome": "Dancing Princess Nadja and the Mummy Professor"
    },
    {
      "numero": 5,
      "url": "https://www.blogger.com/video.g?token=AD6v5dyUfWub_5sEdfryUkZTRMwnC4FPV5mdOk5yM3XU30AfDhr_58KH0QKlfHn6MlGV1-6biA1lyfVSTEbzZDL3awp-RjGn6TcSZULyoOJJkwPrgH0llUyjMk0wykYzcNFyqkwAeHak",
      "nome": "The Starry Night: A Waltz just for Two"
    },
    {
      "numero": 6,
      "url": "https://www.blogger.com/video.g?token=AD6v5dwvwLCeRqB_xEn0PdU7nK6tmSnwt4o5oD_YjwCLhChNtAW3EosN6dMHA8O3tI69BQL1hdLVPkj3vrt2U08Kvopn00BDFvTOJjw-tdIekKinS-cdf0WAiIVw-ycr2R9Zt2qyTwg",
      "nome": "The Diary of the Ball that ties Mother and Daughter"
    },
    {
      "numero": 7,
      "url": "https://www.blogger.com/video.g?token=AD6v5dzBFFtDw_WArSkPW6YUeRcD7KAYxWptTnugi8X-t6uAKzxAxtKkZObZY1_Y_sBbT4bKjfB6K1QUS3gzncGH4iWcwHVPfjh0oie0vDy6kM-NtpsV0RESiXIkKyAe60nqG2GxJwk",
      "nome": "The Masquerade Ball Trap"
    },
    {
      "numero": 8,
      "url": "https://www.blogger.com/video.g?token=AD6v5dyzS-CftipuK7-HbQn_1EwLZ633RQjT9CrVtWbSdXfbnPj19JPZ8hJc-dbFQ2llPYG_GWCKCm06GSkRRaT6xFavIBnNafcBrepCDctEprdcwloyD2jwwh5iANuLVUewbvkHKDs",
      "nome": "A Broken Wing and Tears of Love"
    },
    {
      "numero": 9,
      "url": "https://www.blogger.com/video.g?token=AD6v5dyHl1LAhcU4SlkihZTyKT_pGydwAyyfBeMQFvu1oQIQamZbc4X96uCYF4oYvZ_-BYtk__el1sJ0AjuoNu-p3blq66TVY7KVJhneIF9K2RpSVpTuEZ0891PtDViok14Wdz95Rkg",
      "nome": "The Troubled, Genius Pianist"
    },
    {
      "numero": 10,
      "url": "https://www.blogger.com/video.g?token=AD6v5dwQaaxLlOGD8-hoZE_jqNW_VCZu6cWdNVgsCP9y0L_MTonv98ZTR6Oivya_A51dWw1GefHx3yYMF_R5Z2leFxDXW6eayz5YEDNfvX446lXXQdkisr1yc3IXb5-bgJKRA6Yu1RQ",
      "nome": "Music Box with Memories for Two"
    },
    {
      "numero": 11,
      "url": "https://www.blogger.com/video.g?token=AD6v5dy1R2bwisUmIpXcF-_sttptBGXu6-WZvYA7DR00_TaQPIqmjNV6F3m1A9L6OVIFEy_OeM5DI3vYHwTGnbS6OSMFQhNmLPsCx7QJUglDe_r-fejHYAXPeH0pBOUAJou8gZyHG8Ff",
      "nome": "A Narrow Escape: Love Confession in Paris"
    },
    {
      "numero": 12,
      "url": "https://www.blogger.com/video.g?token=AD6v5dzmObEkgYbF3JtefhctvZ-XmFLGqudKTQTMuGDnR7X6xEBH4RytGbX0go5ZIfqNlxDl2aovk15Epyj4SOBeDYZk5i6m5t93dw-lPiYtbc0wvvXf9m9Y-txD3hgUhMqpbyvqK8g",
      "nome": "Treasure Hunting is Romantic?"
    },
    {
      "numero": 13,
      "url": "https://www.blogger.com/video.g?token=AD6v5dyJJDCgA2Ef-DU6GT1d77u5hdtmPLuNYykBz9didA4uT8Y8drMgYiQHvxYnoUhwe0FaXEFCDb9KaHCT3ZEESuZ5Ulki-FhfnbotP1xB6itktifDgr0JuyfhlGqh1Rpwr2IF8J0",
      "nome": "Francis in The Morning Light"
    },
    {
      "numero": 14,
      "url": "https://www.blogger.com/video.g?token=AD6v5dwTcLkrkKIsTj4CeWTIbu-rQwUTOQ1GMlzf9U2LwpX7Xf9J5X-r-kQvOOj1fvqGwr0OXtcUM8wigvMWXBvdUpo5tyxOAz-jPKgx7jUuNmQiiWiGQcSdXAs_qw-3bb6wQRS0Xud9",
      "nome": "A Lie at the Alpine Flower Festival"
    },
    {
      "numero": 15,
      "url": "https://www.blogger.com/video.g?token=AD6v5dwg5MmZ1zFRJOIi_HtdfuOqnN9rayAabW_QPzv8QCioZ1TCYl6-Juh1ZexXA7FxA9y1eSJCrMuvUL7gjRb47aWa5vUuA54Op6ZRSAKsM4YSku5P1xaOEivokDJzO9EjLZgDOifC",
      "nome": "Family in a Storm"
    },
    {
      "numero": 16,
      "url": "https://www.blogger.com/video.g?token=AD6v5dyrVnjU7TA5UlwZSVrd8Ldu8M8ylsTZgsJYIF8DuOllgJNleECMlxeVgiHJF6PE8KrJp8OLCrymeBNL8L0mzhJYxnD-RlEnZ4fiGPc2McAWA_pxbpq5uqKS0PcnPj48Ukpq2Qlz",
      "nome": "I Don't Understand the Game of Love Adults Play"
    },
    {
      "numero": 17,
      "url": "https://www.blogger.com/video.g?token=AD6v5dy37GZGluYcXaFlN0FPuqBLM_BZV1_bk1OBETCVo3MQw81-jk5HoWXI78KGeZpwzueOe7gxYVmc_2xx-KJ1dUQIkT6GwZUSbg3TQu6FkjCzUXQIVisBvj1yaiJnA7Bt24gdGuQz",
      "nome": "Love and Ambition in Milan"
    },
    {
      "numero": 18,
      "url": "https://www.blogger.com/video.g?token=AD6v5dw8OQ2ACor3HSFRyhtTiKc1NoBcm7TaOuiybUgBz2w_M1-IVTOQgyslWE3XKtASsDdvlA13U2SG26G6ZccMUXiL39AjkG1hrNtyKMuqOkNEJ4SOtbfEtrk0-nYi4_PAVsXk58VV",
      "nome": "Venice, The Tearful Mama Mia"
    },
    {
      "numero": 19,
      "url": "https://www.blogger.com/video.g?token=AD6v5dxeBaj7wMBC4fQeXDsh8pAN-1VL38Vv2Ps2Fl4xmJN3-fCZ5u9lF61qyqQ6dPNMgGnGNw1ei-08WYv-cU0Hdh5Oi3SCAdDk_zSy43l-lmVqA5WXTfv9Ahi-zG-MEyAwrYaXxTM",
      "nome": "A Foggy Night: The Black Rose's Truth"
    },
    {
      "numero": 20,
      "url": "https://www.blogger.com/video.g?token=AD6v5dwH8DpaN0W1ef0h0vGzKbAS4wCNSJql0CxXeIB2ATSAbPEX5iKU6JQIAVb-gG7dS77-6Yx_B240wT-cZ-PiGVpRVGyljT4MgMi_8GZ_YfQH75WyCBS54OEuQuOUWVZUy2k1mpc",
      "nome": "Dangerous Date in Rome"
    },
    {
      "numero": 21,
      "url": "https://www.blogger.com/video.g?token=AD6v5dwHwMailx_8W1wU-ABvKcCQdZKUGLjfLLVOI9jR30JN2TtqWXSTooWGJ9bkMNsCc3YaeVir20PWjQZrqFToyql7gndZhkpWIohRwMlP9Esl5UadMjeqajLCz-3uwVeeCrWLp5U",
      "nome": "The Mother and Daughter who keep passing each other and two birthdays"
    },
    {
      "numero": 22,
      "url": "https://www.blogger.com/video.g?token=AD6v5dxJ09VvulI25vn26OQaBYi89PQYfX6eG9NWKg5hEIoe8mzRxx4sY9kl3wc32GKa6mNlBhzv596x5fIqCVilHvdhBBGnyxwVqvaqGK9rmmhytZo7LhOSKL-w2Jzm5_hWVmzTPTg",
      "nome": "Help! Memories of Fire"
    },
    {
      "numero": 23,
      "url": "https://www.blogger.com/video.g?token=AD6v5dw-XgO6ve6YdhG85lzF_9zounYeNmEW-Q14w7iZ6gm2tSDNLCEc9LCI9Va-EDYLG5TD_NYW-r1Wvx6P4fcLCfeWIenOmuHeX6-_ETXqAkP6GiMsPXR0_ygDlSpDm4FX_xKwZ4No",
      "nome": "Terror! Ghost Ship of the Mediterranean"
    },
    {
      "numero": 24,
      "url": "https://www.blogger.com/video.g?token=AD6v5dwtmrSlpt_QZvSpexOklFibxagS-ut-B6dFee5h6hjBvBLyzCQ2hwONwRUSiWEO-bFg0LyuNu3bln2j9z_g8Z8NNmNI1b3ACXLqPUTCkob7K4MkwlgQTfsxryWpV8aCsMeMBIrl",
      "nome": "Olé! Solar Matador and Flamenco"
    },
    {
      "numero": 25,
      "url": "https://www.blogger.com/video.g?token=AD6v5dyJHMoTVMTV8taf9afOkQxszkWgnV2sd5yU3ETUsKoTQ9pBEjfTI1l_h-3js-CcwvHOUhiGNBOpZIDnS2qTl2bAP5P9NjUY3ZJ3iT7cQiqYaJv1kz947Vt5EDh0wkUK5vjDQpey",
      "nome": "The Return of the Beautiful Betrayer"
    },
    {
      "numero": 26,
      "url": "https://www.blogger.com/video.g?token=AD6v5dxY5dsrD1EgLerBzApYRX3zzFMpxzPUkx49pwJKIuCUiqq8I9ZCW2Jdr3dm5a6dX20telJJlLX8QdCxuU4WFN2wNYaYu6W3oSymdPQT6cMrwvYrfPUQWvWYLTOlM5AGKr9HatCC",
      "nome": "The Other Side of Francis"
    },
    {
      "numero": 27,
      "url": "https://www.blogger.com/video.g?token=AD6v5dx41ZI7gh20AsDdURBIOZoRTlETufUkGmeeItDmwU3W-2IdqYnKPvN5lFcDRWL3ljRuCLkrwmP6PCsj5VZ4iU1FH0p0OaPVgbbkmn0ZTVZnJS54WUUSSZDk-51sjiZ2_ZOgzn8R",
      "nome": "High-Flying Kennosuke"
    },
    {
      "numero": 28,
      "url": "https://www.blogger.com/video.g?token=AD6v5dwM7wO-p73vHQg7_olhvA5D0OZKTiYcVvkkZJPFI2R7OxdG5KVygMNL-E8I5_4lRf8KQ313_4QaJe1zEoJExGzPUKIsS-GC0AA4k5LsthUP4wjw36pnoANOTRD9GQmH4t3UzFBN",
      "nome": "The Dangerous Princess"
    },
    {
      "numero": 29,
      "url": "https://www.blogger.com/video.g?token=AD6v5dwlBEVzQpIEI7dAB2fl-mozILuToET0jyny1QQ-DA1SjC_BF28Q3FZBdn-N079_pYAbFrLRpk4Oqu13amNgLXk9St3YwxslCbXHaJy8g2RLBOTf-ImMrcvnKeJslrYLjBLZY8Na",
      "nome": "A Wonderful Life! The Man who saw Light and Shadow"
    },
    {
      "numero": 30,
      "url": "https://www.blogger.com/video.g?token=AD6v5dzDw7oGH4IpPzKkON-SgjI112at3O9sQW-mg0JfQX2DLqiQQZgyLM1UklhsYCkXT3zEOeYtud5VdW9rF69TRcN0e4pNLaXqB8ezJBYLUViWrU4td5KD3Mwh7_H_-TVpYSc_B0k",
      "nome": "The Muddy White Rose"
    },
    {
      "numero": 31,
      "url": "https://www.blogger.com/video.g?token=AD6v5dxhkx7HgAAzjNnts_ZQCHKDpmF-vY6Q3A5aQIIrmbXgYI8FeTXxChDVtsZw02DJhHMcj2AdD3CdwkWk3h3WV8v6CEn0XK87q1vRLR-0amiiDWejxLBT6eCyMV5yemt0BxdXeh-W",
      "nome": "The Clown Who Won't Cry"
    },
    {
      "numero": 32,
      "url": "https://www.blogger.com/video.g?token=AD6v5dzsiHZKiJT-BVzo69bPPriFz1ef7rsVf_9D9uWhjVNiODlIICNC5LuENqn1Wzj-Qej7WMZ7NQr2zAlyc0YcpYH9DETCqfY1ledLtTo5aM0VOOOLimM209wwu-NwPEUAB21O2Abb",
      "nome": "The End of the Nile: The Secret of the Ring"
    },
    {
      "numero": 33,
      "url": "https://www.blogger.com/video.g?token=AD6v5dyd08DTtECDUVKB5hvZZ-nn_SnTL6Z9zHZka_q0AxOAuEjAAyi6ZAA6xLXXJ0ZRSaHRkx24sNxvPDBtrURzPpiNQuxBUbmv0uvlXdwNRZ_AnOPA798s7dxeNlx4oKOdG0pcgpKc",
      "nome": "The Brooch that vanished into the Pyramid"
    },
    {
      "numero": 34,
      "url": "https://www.blogger.com/video.g?token=AD6v5dw3qpmLS1_hAr0ZpMQXg69_YgEZJz53PY9hFd02XDQEe-noDA1JbF-mNZ_r1GySub66fJG1VVXQjLSO2NhqQJC6NFWgcEpaVZjWzJq_QbOdo98sMIE1wGBQCiXo6SA98XLDON2P",
      "nome": "Farewell, Dandelion Troupe"
    },
    {
      "numero": 35,
      "url": "https://www.blogger.com/video.g?token=AD6v5dwkd8FbRV6l8S6Le6mCb-AkXCxg9CqPsLjsGHPiVG3lkBIpzoBR-esnQy7Z75AFtK6n4RcpupO1WE_mR5Ecm5PvbDpMZK12Rg9ZmWunQnUj6MFEPN1PCty_o0AhzNCRpXrmZ-g",
      "nome": "The Wind's Trick: Irony of Fate"
    },
    {
      "numero": 36,
      "url": "https://www.blogger.com/video.g?token=AD6v5dx3F1lpCx0P9VjsPSCqtz8kypqUf1c01aaOpWKq8TjlPATDrjjtpWx4rFdnQ-zdBWHTxQt8nMpIvuoMcLg_8F3PbL-vUVSJfcuKqn2pCFj3g50go52xBL3-QeCfIl3aKws0ymhM",
      "nome": "Danger Lurks: The Black Rose's Life on the Line"
    },
    {
      "numero": 37,
      "url": "https://www.blogger.com/video.g?token=AD6v5dyDLDQ-MnL7v_chaFMmlYEUXg7jdmb9_itEQUvB8I8JHqUL0UZKH0O5nj4RMVz-EWYDgc8KqYiK7J-rHJFP1DeGcIwr3oigjMZ8QzTprcmajZ9jBaw4tghXYGACOvUDyeAQQmWo",
      "nome": "Light and Darkness: The Plan to Get the Brooch Back"
    },
    {
      "numero": 38,
      "url": "https://www.blogger.com/video.g?token=AD6v5dxRHtYnwajeO3H5L6TADP2pJo_97YKvE_zz3J2QdodjR7LAGE1U07iewGAlGVTlN3xE5dtY0yRB2zgTdrRz4YW1pxm4GOwBWXArRCIZiT04TlSNeHcOGsQkddCuUOyBjl80K5Um",
      "nome": "Rosemary: the Scheme Behind the Smile"
    },
    {
      "numero": 39,
      "url": "https://www.blogger.com/video.g?token=AD6v5dyQghTdSopmNyXhjRl4Q6cz1fmRgOXxYl9Tlk9I6AaqLd-H4X6hnYoI0Gv1SJ4Cbj2vjb5cdhMRuzURr72jvRnpFKmIEPooSUB53-xf0dhQkdbmQ99qFwhbJbTNiIebvHLwgOc",
      "nome": "Don't Steal My Mother!"
    },
    {
      "numero": 40,
      "url": "https://www.blogger.com/video.g?token=AD6v5dw_czFehjqPtGNLBtW8gkV3dca_BZuzG9Cfp-XVNyP3gLHmk4OF6VrqwFf2uv5Tlh4cmNtyek90BxYERLisqNxBG13dUQ683bOvosrkGvcaNAvxqNFV9kGQ9MQtvvUmecVvOLM",
      "nome": "Morning of Decision, Journey of Truth"
    },
    {
      "numero": 41,
      "url": "https://www.blogger.com/video.g?token=AD6v5dwnuLs7ZzlbTfU1qOqBIo3WNXJIVziHlZL6jjPmLn6ksRqmQ5MI2aOtrbhMqivCUgw2c_wzmHKZ_W5nvzxtbhNp7PTwoPp_QSg6FXvQZGNLQ6PGkVatVDzgebRW45CY0I7XOFM",
      "nome": "A Journey Alone, with Joys and Hardships"
    },
    {
      "numero": 42,
      "url": "https://www.blogger.com/video.g?token=AD6v5dxwPprBpZtP5o8U0rEQ7wXjKpQCwAiqBGmVsdZWqVVH5dsopXP6A9O89HAACFga0R5UC4w2IcO0ZaNvKgpqLvXJcLcJRwscEqZg69oDCaPK_RwSp51zNWnvjjkkocJBNWs1ppeE",
      "nome": "Alone at Home"
    },
    {
      "numero": 43,
      "url": "https://www.blogger.com/video.g?token=AD6v5dwAde3kyKDrWyevWVdGxpFxVu8dcUShhYDmxCNzK4zq_uYFsSJuyz_ZRMpOsNM79e3BylIgRPRQfnU2e_fY3yzhp8c6LLIxDR22hrNgyX7tbIQHq5NLEvYM7XLXYGOe_QT8Z-w",
      "nome": "Piano Lullaby"
    },
    {
      "numero": 44,
      "url": "https://www.blogger.com/video.g?token=AD6v5dznKQYyy2CdKE3oQ2Hdw4VtGdq4hEtb04jQYUm8pm_vJZbAGgs0SPS5NHUm_3-jhxT_a0uEhvTB48UrC7OFV7iiehLX_1nlvoOlA72jM-drcT3NrY1HRNbKhoEUoyGPu2oBh4M",
      "nome": "Which do I Like? The ultimate Decision!"
    },
    {
      "numero": 45,
      "url": "https://www.blogger.com/video.g?token=AD6v5dwnlNSDhaSjNRADHH1KWF4sPEZS-V3Yv58PbCDqN0o7BlQ_f2eJzN-1LSU44b2FucvWuFHWOY-sWAYxPgpGIG8wUdBGrPKDNbLc7k9QvYYzTbqUPN64ablXKzpfwzpSQDr3IMSM",
      "nome": "Three-Person Triangle: The Wavering Romance"
    },
    {
      "numero": 46,
      "url": "https://www.blogger.com/video.g?token=AD6v5dyanzzmNoK6SmX6Np71NzD7_f8ngdQzqF57By2QrqH-oV-ReCtxb1uHSWzQVV2qOlG7w_J8Sy6aA1LJvgpusLCVyLBx_WVW4eQWAl_5Elh7uKRYYHdlYSUKhxc0xA4y7jXv6z8",
      "nome": "Confrontation between the Two Nadjas"
    },
    {
      "numero": 47,
      "url": "https://www.blogger.com/video.g?token=AD6v5dzXeIa5EJxbnU9jmVq2WSvpI-YeLuwmxE44aUonwndzklPWJGSpAR9Rtnc8CQSnv2y4CI0v6ToyV07AMoSLL3pNIxo83e9SFJgNnmcPUXZEFM21-mSoktNo_YIBFRzB56e0-F9J",
      "nome": "Silence! The Captured White Rose"
    },
    {
      "numero": 48,
      "url": "https://www.blogger.com/video.g?token=AD6v5dxN66V49sHMgxU28OkxVwvpyn_z1tmTZooStjcBoYLNAYtIV7FIMLrLrf7M-7yO9W-zMndZ1ADjTa1Zn1zae2RaHySX2S1pYtTB4i2U_nIdHvnKLSficZ-W5k0lqkeZsxr911nB",
      "nome": "Reversal: The End of the Black Rose"
    },
    {
      "numero": 49,
      "url": "https://www.blogger.com/video.g?token=AD6v5dyyQx6-ha7lZK9OlrqzJb5Yy9LNyOtkbrPBPLZ2Y1g1sGlt3q7NpEjBmfYO7Uxj2Q7Ofnw9v6zROJ5Z4st9EOEshIwGPYR1EolIkbJ7QoeRwdKlTZhSB8umg3gGMwBRshEB1llP",
      "nome": "Don't Give Up: The Power of Truth"
    }
  ]
}