{
  "id": 2921,
  "title": "Ashita no Joe 2",
  "title_jp": "あしたのジョー２",
  "slug": "ashita-no-joe-2",
  "type": "legendados",
  "format": "TV",
  "images": {
    "poster": "https://cdn.myanimelist.net/images/anime/3/45028l.webp",
    "banner": "https://cdn.myanimelist.net/images/anime/3/45028.jpg"
  },
  "trailer": null,
  "synopsis": "Yabuki Joe is left downhearted and hopeless after a certain tragic event. In attempt to put the past behind him, Joe leaves the gym behind and begins wandering. On his travels he comes across the likes of Wolf Kanagushi and Goromaki Gondo, men who unintentionally fan the dying embers inside him, leading him to putting his wanderings to an end. His return home puts Joe back on the path to boxing, but unknown to himself and his trainer, he now suffers deep-set issues holding him back from fighting. In attempt to quell those issues, Carlos Rivera, a world renowned boxer is invited from Venezuela to help Joe recover.",
  "score": 8.77,
  "genres": [
    "Drama",
    "Sports"
  ],
  "episodes": [
    {
      "numero": 1,
      "url": "https://www.blogger.com/video.g?token=AD6v5dzaNqlIdkoHhNNUDp5Xx6soWqQ2_WXrGzpfMNOICAr5dDMJ1yNGo1xAQZrRmtZASpGBU-r2JkQP-tsDjo57_ulFgKToCv5a8AbP3Mka2tJ2p2W1FFuUx7NbwIubcW92gWfXZAY",
      "nome": "And Then, He Returned..."
    },
    {
      "numero": 2,
      "url": "https://www.blogger.com/video.g?token=AD6v5dysX953_HFgwnfDn-OSNq4NXbSkRfUuqFVD7SYIytz-8v-yMafqac0H4JIv5dK63cRlwrbzWb_dHHDp3eipaWt-0cNU68HKXQQLJOORq47DE-Fonh-pESJPe-jthXtvr_h5xXg",
      "nome": "Return to the Ring"
    },
    {
      "numero": 3,
      "url": "https://www.blogger.com/video.g?token=AD6v5dzBZZ2AFYZpmzcxqCUbF7etxPpIG_hWKe10qIIVnPx3R8sUHkGw5OF_hqjGKhQbmYXf0WgkGh43kHAGWrDtyPb8cunUuG4vErXym66KaU1sO3TOmCpBS0tR_Ld5agFdHOG4GSyt",
      "nome": "The Conspiracy"
    },
    {
      "numero": 4,
      "url": "https://www.blogger.com/video.g?token=AD6v5dwVW8w1kJqt6sC3DmCqgayF6Pt2eSf0JsldQXVkCRH8gCAlTNzhq5E2jEDDYQXv8XHZPwvnZNxNGrxmnXj3pIcQ5Z4RUo_weDx87jmHUk1XXjoAxfl8bAjBPNvRfAsOgvrO11dO",
      "nome": "The Key Weakness"
    },
    {
      "numero": 5,
      "url": "https://www.blogger.com/video.g?token=AD6v5dyZuTWAGKNkPL1vQuXH-Jt8czLcA2UKemXWKtSVAkohLh4N6Fj0C1LN09pxwMf2wKPK7dh0hHBwZ7CIcCnJ-fprl9l6-hWiYFn6dyTuK_HRyn86kC3fr40ugUNYERvSdhRtk4-J",
      "nome": "Difficult Moments"
    },
    {
      "numero": 6,
      "url": "https://www.blogger.com/video.g?token=AD6v5dzlXOBA3GXOCSfYv1SyR1RS_Ji9eajfImbNWhLsT4W1ElgV8fEI1LO-ZsTpAtWP0n2GiPivM1R-4WGWw7pvX_eOmlOMT8pceZE4sfbf3kTeMrdN7IefJZyMQP9NedWfP9GV3pq-",
      "nome": "An Old Tactic"
    },
    {
      "numero": 7,
      "url": "https://www.blogger.com/video.g?token=AD6v5dzsbMESXx1J5RbeK1Iq7qLRf6I4IVw8qCYwPJtbjwHIqysDro9ZfIjwIhPqdkSN6tma9PlCHLcmtwmPgPgXMxYQeJBOODkquWAV1XwNrDShc0FAVAeXVp4u7WvmqAG3B3E8HGk",
      "nome": "The Arena Closes"
    },
    {
      "numero": 8,
      "url": "https://www.blogger.com/video.g?token=AD6v5dxtIKeF107-cte0eBAVVY02OqP-iEwFp48LNsiIX5dmeTJHCh-dk-Pu8nIOZ23xaQFbpj5Oi4Bfzdk1kILuCcHNrOydU0qV4pEnqiBF0CW7t-0H3jgVuYQAn1ksqEGCwccSKdk",
      "nome": "The Secret Blow of Carlos"
    },
    {
      "numero": 9,
      "url": "https://www.blogger.com/video.g?token=AD6v5dzIGRiZH3lbKKOPEb0u-dx32h8xK8WzoqQheSn8g3vWBJYIUx6sbI-ULBTdn287ggtbXoaoY2rNyDMxcyD0sz3A0gRBR6gvLJ3ou_uEMMYgHUuMvxBPHzVO3OR8e-tSl_RpglI",
      "nome": "The Continuous Dream"
    },
    {
      "numero": 10,
      "url": "https://www.blogger.com/video.g?token=AD6v5dwWD_PSdDC9EyRZTr_2wAxLpDTmwOw0c_KwupqMvR5XRuwi0P5q9sPZTiaLOjfGeOCasokJ7H8Y3a-QdscLkDluv_H0VCH8A-YTvA6Bm6g29oV2m8_HJXcbmHoTFcHeU88dcNo",
      "nome": "The Christmas Present"
    },
    {
      "numero": 11,
      "url": "https://www.blogger.com/video.g?token=AD6v5dxlWt_sqN2OkIEIpyXD4fC7wkv2Io4s8fCI_MxzUfavUCiCYEO9nEZe349RSA6n8cWF5un4QO3i2fyqXqFRzGATHRldWK7WyeYyzOHbF5nUN7-hu1LSMVzHCEOpu_XqpO1mAelw",
      "nome": "The Encounter of New Year's Day (Part 1)"
    },
    {
      "numero": 12,
      "url": "https://www.blogger.com/video.g?token=AD6v5dyvZU9UDxOxNGzvHDB2vCslhbq_16kHXB6bTTA1ItSCsN4uEdhHBPI3Xzv-gCinc5ApxlBn_FhI0u5txwS7DCY0dfwcOO-GOEf2QaEL7KQYm70GRt7RPfxNhRCstSQX7PbW-tFR",
      "nome": "The Encounter of New Year's Day (Part 2)"
    },
    {
      "numero": 13,
      "url": "https://www.blogger.com/video.g?token=AD6v5dxr05qRuQnQVPrf82Uf5RIrELNr2g2PDi52BV7JXEX8POhD1lxvL-mQgcq-fw-KzUaAo43sf0080UlWUkA6ZMD5WOfduD79UFn_hZpBcavLg5dsawwa3CBRdt-7-N18e4yndtE8",
      "nome": "A True Friend"
    },
    {
      "numero": 14,
      "url": "https://www.blogger.com/video.g?token=AD6v5dy1BkN5SejixoO7Sc4xl5HYCplnqUHU71Aw60_S8CugWXHBuyfsm_M5MHrq85DLM4s25x3ylAdBJ2uBsJvBu-MXH0Ovz1Bn-uIMUc9DnWisdW8TzbqaM3e_z1Wl6eeP1Lobm-7e",
      "nome": "To Seek Out an Adversary"
    },
    {
      "numero": 15,
      "url": "https://www.blogger.com/video.g?token=AD6v5dzIHIBBzGhZ8Wx4cmhAOhH_2yaq3qJLCQQLviuQOqcEdlmQ_oReRFJqoeeqh95Bn5ckEojgrr0Pqzlx0P9snzdXfxMmX4Vsrch_KeanT9RzY_IGzz6wlVMV4gkfCOdRTgIjog",
      "nome": "Bad News"
    },
    {
      "numero": 16,
      "url": "https://www.blogger.com/video.g?token=AD6v5dw9zjzcyTFo4xqCOU6RbQJZ7UJg4xvfod7tOiUjnEHhCyN970sZdV51AwNMuTOl_FwFb3XgASehztQbwtcD1IaM7aTzfqtBiVLd1zuGYnva1GwqKsxfh5Zolo5Jrtew7aEkkBY",
      "nome": "The Title is Still Far Away"
    },
    {
      "numero": 17,
      "url": "https://www.blogger.com/video.g?token=AD6v5dwNgOJXJNBDoqyeR8njyN5vBKt9OehYhGOSFmb5KUaOjerws-0KVXSZ75aYkVohSRW5tw8BRBNbJWUxk7SRGy9lwkhkBvkW9txUsr3R_iA4ztkr34Ua-avM-T0LIPMB6i2KuXEw",
      "nome": "An Unexpected Arrival"
    },
    {
      "numero": 18,
      "url": "https://www.blogger.com/video.g?token=AD6v5dymckKPJl_fd7r-OVS4zwRwNNT_SSsSkdxg5UQqwUmilNEm-JdokIbp02IQioeHS9EowFwv8bgaPQcs-uq2Nw6xlitGWLIwJXGIH3oVenK-QIp26ODre7RfDWH2PjakH8KJ82M",
      "nome": "Icy Eyes"
    },
    {
      "numero": 19,
      "url": "https://www.blogger.com/video.g?token=AD6v5dwIX_2ApdKUnh9X5vvxcg1eL20ayLC9Q2IURljVlfjTPuncErKEF0mk1IjSzGBQrxYtz6Uf7RRP6UaKWiT1nUyUqPxbRDxB1eUTVexyg7rNsj8yR4CZ_5jIo2EfKb-kFvXuUacR",
      "nome": "Tobi, Man or Robot?"
    },
    {
      "numero": 20,
      "url": "https://www.blogger.com/video.g?token=AD6v5dyycCYyJAJ-QVUGJgROcTuYaVatwjer9Bo1nTdra6-K3JtaCtxssYF7M7_dY-GrrnS5zO2f0Pke3fc8LwaVOHMm_p8S64H2iRm7ZTzxlrcOBscqx7BBorzG4pIAnTwFPv24EQ",
      "nome": "Weight Problems"
    },
    {
      "numero": 21,
      "url": "https://www.blogger.com/video.g?token=AD6v5dyUFaHWtgJm5eNsbYjdTHFMRLKfkiCTG1QoY1uNshl1fqKCgcnJIIJ0SnbFyjwpiEvBPwOvovq9XMs7brKyeiTLhAHL2FGvje-OKcC18mPNT2Xe6w_8SRkPOc2LAn34un6qoJE",
      "nome": "Tricky Uncle Frank"
    },
    {
      "numero": 22,
      "url": "https://www.blogger.com/video.g?token=AD6v5dyhYg_LCnb48ula-jxW8q4tgPbOmkTQHm5UMCBEoCZK-QwUqwUEM9O0sF19GfnhEFb-oAu_mM2klIKyWYivVUas8yARqNXKtvzeCu2xbmWVzwdHwts3LyXivnWa-aSeMLREljA",
      "nome": "At All Costs"
    },
    {
      "numero": 23,
      "url": "https://www.blogger.com/video.g?token=AD6v5dxkA5BgxDRxqjySyR4wOXvmmCqYaNy52SkAzmFPoNeWyB6mvDq8f4SsNCcfz2j4oiSNuBUcav2TroTgdZMxc9TSUOXyweZmRiVuKINF87fIzuqWwqyNPLY7q97wSEK1iGo2kRU",
      "nome": "The Icy, Wild Animal"
    },
    {
      "numero": 24,
      "url": "https://www.blogger.com/video.g?token=AD6v5dyZYIs1BiHkcZLEW687-PT2g5lLWEBfdGcHAPPT1LuM-9F_Any9i1ntfzatYbXUpSzvAJp9lH1NwBwV7cqeK5SFG66lohwZ4kzAovrjIo8QMS_pZ_ExSzHCWYO-drFBGKWTSUk",
      "nome": "An Exciting Encounter"
    },
    {
      "numero": 25,
      "url": "https://www.blogger.com/video.g?token=AD6v5dxYQiC6JG8JKXFDmym45XfJ0CljRFtvi9THQovSuOru71hBUDy47dXcLx4YLTr1k5i_VLvnTbPEk4fPqRBcYomhYNcosZby-GAVepOIlD7tkajzNb-wyo9TS5QI1hd0TDwP99qw",
      "nome": "The 6th Round Miracle"
    },
    {
      "numero": 26,
      "url": "https://www.blogger.com/video.g?token=AD6v5dzpLgjUL0szQ8cUdHTftSmhVzWNBSBOc2mxPQIawFoHDi8qpa3JVAtf7F8CISTNkUpq-sTSl6JiZ3SuV9RjivjDQ6nlvFyPqEqjruygQN9tJWaEkd1pI86776ZPciRJmzBZMtBC",
      "nome": "Memories of an Old Champion"
    },
    {
      "numero": 27,
      "url": "https://www.blogger.com/video.g?token=AD6v5dx3oNg0DnU4QAwFga8tW7YV_blpChWvSrfaLQ3lHNF7IqKRbHTEmw5_DsqcbPx5L-WaTBOiQiAxz7fEFNx5yhtDCB0qujl5TcMhxQSdJX6pxFmtcF5CSZbN7zubNXwCaIns3iQ",
      "nome": "Heart of Boxer"
    },
    {
      "numero": 28,
      "url": "https://www.blogger.com/video.g?token=AD6v5dx2N2EwZ4f9P-QRLG9TDcHvQAW6-TDqZYog8RQma-PyWr-P6nsbge7othAtvmaoQ9dnfdLMgagfksiCxijPjm-Q8b1nNBN_-rB04aR83AwIcTEdnR3eDjkE6e3C_NpGuZ1m5TE",
      "nome": "Joe in Hawaii"
    },
    {
      "numero": 29,
      "url": "https://www.blogger.com/video.g?token=AD6v5dxmkBTL2ABe4xO24oPJIFdZMJ97X2apfZvxR-a1oT5fk6wRU9k2M58kaz6CnpMGLVz4wONOb8m2Zmd0IHsfeesKvSNOtzkmiqpy62jsnGVtIl8KFkB7byxZQG5iqCO-BP3GQ_U",
      "nome": "Defending the Title"
    },
    {
      "numero": 30,
      "url": "https://www.blogger.com/video.g?token=AD6v5dwnjm94RSaXlMhog-0dAfWdRUDdrc20XfAz18cUDB7-ovRFwoT8I8Tdg8rZ58fJRn5q3On5NCtN7EaVJOxb6E8BSPtYrOgBFCqwdCEg4ZU6xcq1Hi5GOnxuGRF2Nk6vWalT1SQ",
      "nome": "The Great Champion Jose"
    },
    {
      "numero": 31,
      "url": "https://www.blogger.com/video.g?token=AD6v5dxThfU1hG--MoK5lHfkSxzaq7yr9tqyJLHmKSmYGEZff774IYE0Hy4m3RtHf5edYrvzsclfM4VvQ1vOzNQHXJRxzC1WFb4_L3UyjHKSy-p741xgLk3V46YvramMCL0mHxsHhp7Z",
      "nome": "The Sign of the Champion"
    },
    {
      "numero": 32,
      "url": "https://www.blogger.com/video.g?token=AD6v5dwpKruPeRsejpovJRtHWSUPnYqHrOxNCgL8bzNFTOJ6n1-uzn-_H43pHyzxNy8K8nY2FEKtJ75JCOUcNgerlqdJZ5U3re5tmMmeD5r4cKZGaxR_7hvWNjlpxMjhjSNNpslnCz0K",
      "nome": "Return Home"
    },
    {
      "numero": 33,
      "url": "https://www.blogger.com/video.g?token=AD6v5dx7gR4nf8aubpBCv6Ap04mVdsjhR_Hk3Vl5d7jqbL3c4d88_E26iObxNfIqAgF7eMCOj2e1NU_E3CKObhZlD3k0Wqf3E_pNG0LxscpaBfJzR4P4Ixbt9AmRyAoYMJFS6HZB_Oek",
      "nome": "Another Challenge"
    },
    {
      "numero": 34,
      "url": "https://www.blogger.com/video.g?token=AD6v5dyTuQUzQGTPpwawI4NoioG3AfAHwuQyLFcg6TeEoIpVDLG4grulyyDFtpCfxi4T-vyGn_V4JvM7ZXrVSvvjrzf0bmEqpQD7K-a0IW0AU6XzZoRfrdgKKWH4oI4VjU4owYFQUjgk",
      "nome": "The Incident"
    },
    {
      "numero": 35,
      "url": "https://www.blogger.com/video.g?token=AD6v5dx56iFb8WQxSVoCZpf6efNiDk5DGvH-zEY94QNUlCa2-tR4oY7JOGuHvdZdrfiErot8bgCNIM4EVs8wPyKxtBN8GRv66JZst9ICRy2L8aWC-VjQRQJTg2I0wn5-Ig108VkLRHs",
      "nome": "The Champion Hermit"
    },
    {
      "numero": 36,
      "url": "https://www.blogger.com/video.g?token=AD6v5dwIKrROSvKhq0hLIoVBj_bP2hCb-6SENxMsrKc9rZTuvB7sqSUBKYV1IlmAivFkAafEQvFYYzgHMpp7WE0zKx5Y11CMUxZa3BrkDi2qiEUHfvZ7FVoPcD4nTkJC1rjIC9pGYoan",
      "nome": "The Strategy of Alex"
    },
    {
      "numero": 37,
      "url": "https://www.blogger.com/video.g?token=AD6v5dwbZhdeJIR7OYnM3fN1lcEnXCMhjkZAG7tyo0ndZfKzw_Qw9rybLNctq0h-HceYcpy4dRGCs64RMuHduL6Oc3l0hVtKLBvRiG33_AeKnkxL61fZiapW-kGV3coXUjO4aVmkh8kT",
      "nome": "The Tiger"
    },
    {
      "numero": 38,
      "url": "https://www.blogger.com/video.g?token=AD6v5dzugl3zGh5wJ2nH6a7W5SmHmai238misdX716Q4r9Celaecy13jomRGDpEJmWOAjDZElJ46tcJQjD3-Gl2_rQVPfModUOhgcK-jMjMaSA24k2uB0BxMtSXbJaSapcOp6TRpahqN",
      "nome": "Risky Training"
    },
    {
      "numero": 39,
      "url": "https://www.blogger.com/video.g?token=AD6v5dwQ5vpozBMVvbY7EjjWhV2fkxZ8cYVos2SqW_9LTXHUFO2bKzh6_e-nHJXALgPX9KhfcGz9NzZI4i3GQZiYjx1Ww5yEcA-4G_be7xvlphF4fOAGjJaAJXOL-NNmF82vphaI_6M",
      "nome": "The Punch-drunk Fighter"
    },
    {
      "numero": 40,
      "url": "https://www.blogger.com/video.g?token=AD6v5dybbEM_GBSVq8VReYrvQOSsB3uiDYsURKOarVEqYzsfrZxOA-Lda-iURxE-ObiimenzKTIA416nqMtBbO9Ky05Jg95FF8HnbpnLvIVH2SLPlbvzx80V8upUf1Q5Nl0fWwXBguw",
      "nome": "The Goal is Near"
    },
    {
      "numero": 41,
      "url": "https://www.blogger.com/video.g?token=AD6v5dwkv7HFqk3pUrWk0dNPPaIKVr4wURCrjm4Ktz6P8GnwQdKPw_p0DaiFFx5tAhljrfOl26GcK9HTdi5BoE-9_5jVORgFxTZzhwTr7mkysIv2OL9XQFYilBAuUPAK6fUyT8SLgdus",
      "nome": "Mendoza's arrival"
    },
    {
      "numero": 42,
      "url": "https://www.blogger.com/video.g?token=AD6v5dxwJpTmvT4mNYOgu9AsQm84e3I9ZdsiOn_EfCo-KxwozcFyGCuBb4aQwtDuAKksm8xMOIIaEfHKHu5_bqptNBLmfUGJasxdXz8Gcr63FWZ0uYSFAwvuGoUT_MTydtAjORuX66PW",
      "nome": "Alex's Fears"
    },
    {
      "numero": 43,
      "url": "https://www.blogger.com/video.g?token=AD6v5dyrO-QRMFsNA6j2kpw5uLz0uAfnmiXFUMmILwGUkvtdj8vZ0KKlwcKboUHHOzMLeKrXXxizt9hCGWuaMCCrEFZ2fnTzbNPPgkMJqVgYuV-MpcpIn0YdhjyxoJcVz8lLYhwswCz1",
      "nome": "Mountain Training"
    },
    {
      "numero": 44,
      "url": "https://www.blogger.com/video.g?token=AD6v5dx82J688dXhgeR2rV8A2lQm8_5S1ZI6pD1wqgtQk-fOboPK-pktvhcHY0l1oTIRvlKfeEvT0y7zg4GXz6YZe_QNAFA8Pq2nr_MBJ3-3D_qYZJ1CF8BSl6o2B15Y_8GdYxC4QSSq",
      "nome": "I Love You, Joe"
    },
    {
      "numero": 45,
      "url": "https://www.blogger.com/video.g?token=AD6v5dwFCpDTIADXRxBYGaXWX8SmZH7ZyjW1y8vZ4NIbZCMPi5RcWHBN388WuuCOkj5LYTJWz6bM_VMljn0q9OX2ndLEQ0rGQidIgd79z169sLUkfx6-sMQOd6h96feM1x81aycp5uA",
      "nome": "The Battle Begins"
    },
    {
      "numero": 46,
      "url": "https://www.blogger.com/video.g?token=AD6v5dyqJ3IvLIeM449FSjLq2KrHhZaU_d67Q29qUq2Gn2OT3LsdSdivxK6TKTQQ3pSoNbbzQtXTMtjPwvQiCHc1TyFiw0Pchs4C0CTwbh2fL1-Ky1-riwdAp9CYZiM9Zs1DGAz-DJo",
      "nome": "Joe Does Not Surrender"
    },
    {
      "numero": 47,
      "url": "https://www.blogger.com/video.g?token=AD6v5dz2JPp3_JnBDzOOn5khc1ZE91rDwo7Y-gbq32tSTi1vzrzLq83mCuddvmTCT7Rt9VjCQdH8Pcuovk81vFm6h5QIhkUIBEPiNeYHhm9Z4SYR0CBoXtklA5kZYemg5LJ5FJbjOkK1",
      "nome": "The Great End"
    }
  ]
}