{
  "id": 37171,
  "title": "Asobi Asobase OVA",
  "title_jp": "あそびあそばせ",
  "slug": "asobi-asobase-ova",
  "type": "legendados",
  "format": "TV",
  "images": {
    "poster": "https://cdn.myanimelist.net/images/anime/1139/95077l.webp",
    "banner": "https://cdn.myanimelist.net/images/anime/1139/95077.jpg"
  },
  "trailer": "https://www.youtube-nocookie.com/embed/DYDZAvNJQkM?enablejsapi=1&wmode=opaque&autoplay=1",
  "synopsis": "During recess, Olivia, a foreign transfer student who doesn't know English, plays a game of \"look-the-other-way\" with Hanako Honda, a loud-mouthed airhead. Their rowdy behavior spurs the ire of Kasumi Nomura, a deadpan loner constantly teased by her older sister for her tendency to lose games. Not willing to compete, Kasumi declines Olivia's offer to join the fun, but eventually gets involved anyway and dispenses her own brand of mischief. Soon, a strange friendship blossoms between the peculiar trio, and they decide to form the \"Pastime Club,\" where they are free to resume their daily hijinks. \n\nWhether it be failing to learn English, trying desperately to become popular, or getting caught by teachers at the wrong time, school life will never be boring when the girls of Asobi Asobase are up to their hilarious antics.\n\n[Written by MAL Rewrite]",
  "score": 8.19,
  "genres": [
    "Comedy"
  ],
  "episodes": [
    {
      "numero": 1,
      "url": "https://www.blogger.com/video.g?token=AD6v5dy8P390l2QqNqLOZrs4wZcpMXmIpa032IS1eTFlUefYt2w7RVFnreHEXgq8bgi4H5LFEjQmmDkPE5W-4ZAam5UK47V1RTimYn18TYWesFMG1sbD8q0f0alDP0berEJoDGvIDb0",
      "nome": "Equivalent Exchange / Cheap Thrills / Pleasure Seekers / The Kind Pervert"
    }
  ]
}