{
  "id": 38002,
  "title": "Asobi Asobase Specials",
  "title_jp": "あそびあそばせ",
  "slug": "asobi-asobase-specials",
  "type": "legendados",
  "format": "Special",
  "images": {
    "poster": "https://cdn.myanimelist.net/images/anime/1270/97437l.webp",
    "banner": "https://cdn.myanimelist.net/images/anime/1270/97437.jpg"
  },
  "trailer": null,
  "synopsis": "Ototo\nOn their way home from school, the Pastime Club encounters Hanako Honda's younger brother, Kentarou. The timid yet studious boy introduces himself to Hanako's friends but quickly attempts to leave the awkward situation. However, he is roped into joining the three girls to have some fun at the park.\n\nAmusutorongu\nChisato Higuchi's spontaneous question of which Pastime Club member is the strongest leads to a fierce arm-wrestling contest—spurred further by some underhanded methods.\n\n[Written by MAL Rewrite]",
  "score": 7.59,
  "genres": [
    "Comedy"
  ],
  "episodes": [
    {
      "numero": 1,
      "url": "https://www.blogger.com/video.g?token=AD6v5dwynSUjRMRz5i_W2su1bOzxTfQc104TmcioDZ2eREYqRYdFi_CF_d_zqxJk2e2B07qR_QBOyL4rX8ftXZpI02GvMPVMxwQUWGTff00Gn9ZaviA_oQdd6L6oHpk_fLdzjy2entU",
      "nome": "Little Brother"
    },
    {
      "numero": 2,
      "url": "https://www.blogger.com/video.g?token=AD6v5dw03_nH0REVhNsUX32vGJpk4GfNZJCQgLFp2a3HmZd2-NFihkVyW5lsmXqF-9ocTgpZI1vXAbk07gt9-7XNCmHHNEwi68sDlAhffphdB8_hhv4zCaQTmGEK2bTSqTLRXMpPRNyu",
      "nome": "Armstrong"
    }
  ]
}