{
  "id": 37171,
  "title": "Asobi Asobase",
  "title_jp": "あそびあそばせ",
  "slug": "asobi-asobase",
  "type": "legendados",
  "format": "TV",
  "images": {
    "poster": "https://cdn.myanimelist.net/images/anime/1139/95077l.webp",
    "banner": "https://cdn.myanimelist.net/images/anime/1139/95077.jpg"
  },
  "trailer": "https://www.youtube-nocookie.com/embed/DYDZAvNJQkM?enablejsapi=1&wmode=opaque&autoplay=1",
  "synopsis": "During recess, Olivia, a foreign transfer student who doesn't know English, plays a game of \"look-the-other-way\" with Hanako Honda, a loud-mouthed airhead. Their rowdy behavior spurs the ire of Kasumi Nomura, a deadpan loner constantly teased by her older sister for her tendency to lose games. Not willing to compete, Kasumi declines Olivia's offer to join the fun, but eventually gets involved anyway and dispenses her own brand of mischief. Soon, a strange friendship blossoms between the peculiar trio, and they decide to form the \"Pastime Club,\" where they are free to resume their daily hijinks. \n\nWhether it be failing to learn English, trying desperately to become popular, or getting caught by teachers at the wrong time, school life will never be boring when the girls of Asobi Asobase are up to their hilarious antics.\n\n[Written by MAL Rewrite]",
  "score": 8.19,
  "genres": [
    "Comedy"
  ],
  "episodes": [
    {
      "numero": 1,
      "url": "https://www.blogger.com/video.g?token=AD6v5dzg2WSvzw8zh5qJW2MjnbvCzlNFx_V09OYgAvh9ihw5ZEWjqg2oNrryPiYbawdxE5L4zkbdphYQMIDXP5jS34wQ3sNgOIiHvkm7oeJIhAd41sGolZlKueGnZ3q4d2Sixepkw0Q",
      "nome": "Equivalent Exchange / Cheap Thrills / Pleasure Seekers / The Kind Pervert"
    },
    {
      "numero": 2,
      "url": "https://www.blogger.com/video.g?token=AD6v5dwwtI4XhOgJ8b7BxwjuwmKVQEXsufqDEEvMWkUIU6m6SyYiZsyBLX1NarWPypnUNAK3IZi9ZvS8tzl6MHfdndpZocOHGQ5ahJ4dgt_cRoMbuAmpm0Ttyvhizi6snZEmxzz6toH6",
      "nome": "Killing Time / Friendship Game / The Witch Trials / Non-title Match"
    },
    {
      "numero": 3,
      "url": "https://www.blogger.com/video.g?token=AD6v5dzmL3Lu1sRsfgUngbMzEBqkARMB6d1GxR_j0mhycYx1uk-mVsYiDGsOx49Uh9cknz7SQYB5h-uMY83Bd4CONwDCF-RY7DksjvzgMrE9qKroyYyCXcqCM9Ep1lT15m1viqVhnoM",
      "nome": "A Battle That Must Be Won / Puppets / Betting My Life"
    },
    {
      "numero": 4,
      "url": "https://www.blogger.com/video.g?token=AD6v5dxpEBLIUxjUMHKULVMNfRLdi8LWgzwiS_z5ij_DfnqAB8eHMxVZoX47uEhWlv6M0ImElfBz8Nu5Ek8fxd5Jg8iCXUMrqwHkcFqfFoICEt06md0azAIPnZxgFWgtVm7gYEGSweCU",
      "nome": "Lower Body Lasers / Pots and Kettles / Illegal Occupation / Butt Play"
    },
    {
      "numero": 5,
      "url": "https://www.blogger.com/video.g?token=AD6v5dzXY4rCQ7Dav1fUY6pEtQLfB8sGGAICOQB0i2gaOhO9wMN2YeWYVyQMPOsMJXbdz3MGd8mqQEc4lDV8DxV4X-g8EP-sZ9YSUpdMnA0AbNPDl2JUNkykfn5oAgOPQhpdQ6o7Ds2L",
      "nome": "Devilish Taste / Loaded Questions / Maeda's Curse / Sex Ed"
    },
    {
      "numero": 6,
      "url": "https://www.blogger.com/video.g?token=AD6v5dw-UvEA4_QDP4P_cm6BOcAfqgdwaxtYEIVdeLs65Kx6WLiAaHGcBPbnVIEW_Anu8CnebPYj5bTyM9aj8TPOHqT7wsElyYNlkRRtRgjxokKGhpdBmSZMuQgcIcU7AZlCP0RBD-Q",
      "nome": "Asterisk / Studying for Exams / A New Look / Spirited Combat, Again"
    },
    {
      "numero": 7,
      "url": "https://www.blogger.com/video.g?token=AD6v5dzUo6XY9UyUt78WVBVPPr99eFaaKQ_oJ-Mn5biooKRv5ZbEuUwUOhrRmlrR_AWBufTym_4Osk6kyA5tclmrhRZgZl3xOLEb6T2Lp_fbpeLlHUd2ydoesidr7vbiCYLtLFxjmbg",
      "nome": "Phantom Thieves: Pass Club / Woman of Terror / Weirdo Go / Boobie Tragedy"
    },
    {
      "numero": 8,
      "url": "https://www.blogger.com/video.g?token=AD6v5dz5M530sNBNQHgD5GwwE-7MRGf3f-Zri-vUeyEHs87twcT4IXCdq9sbhkG0YO-5CBLdeafbk26V365MpbemkWOXyy5S_2qzE13bkg84BsX_mMHYMka10ey7VPdIZYUbuzKWBiw",
      "nome": "Gotta \"Catch\" 'em All! / Divine Revelation / The Evil Sugoroku"
    },
    {
      "numero": 9,
      "url": "https://www.blogger.com/video.g?token=AD6v5dx_1ygMCRzde-QoNa7na7UubeNvbTURGkwm0cphYtX0gU-rtKSCucca_gt1SstuVfREFbpYvMhswFEXMywae1ww17l1SKsgLt8Qv-Pea4pg-hOTlRk5QvZUsAIwQpWybLGS3Iqd",
      "nome": "Troubles of a Fake Foreigner / A Dutchey Wife / Genetic Engineering"
    },
    {
      "numero": 10,
      "url": "https://www.blogger.com/video.g?token=AD6v5dxClKZUjRijeqmZNpGsEwF5AYFv9d_oULJXdBImBQsqYU4zRkUEiRJjby_lL11v9LQaxaYMWR1sGSRjzKrikMFVTTqa7XJeGwZyk3sS4JuzKd2K9OIONYKQzmn1MEbRNjPAhHM",
      "nome": "Heart Go Boing Boing / Hanako's Trial of Shame / Secret of the Dong / Film Production"
    },
    {
      "numero": 11,
      "url": "https://www.blogger.com/video.g?token=AD6v5dyu1AWntGu4lawh3ChL0uoVG-fTbUyfnwuBFW2ycIrr03RoGVCMrK5cAYElkXN1b1-3YVxXPQmaiTsJD3ewVMmrQtDnBzER-w9fia3Rb6dxIAhUR2eznMmpuvQtcNoB3_E1Slg",
      "nome": "Goodbye, Student Council President / Oka-ken Witch Project / Face of Mass Destruction"
    },
    {
      "numero": 12,
      "url": "https://www.blogger.com/video.g?token=AD6v5dxKXuJma58dpkJxFnILIw6N2zDsBQANdwmsa12mm-LB1r9VZoKnQxexP7-iwDfJdjLYtPn4UngP1lWPow-W2XYH_A4z-t3tIFoHt_lUDUJNV4ZANyjZieszDFsMQCOa0dwWmDkw",
      "nome": "Daniel / Bra Meeting / Fairy Tale Battle Royale / Paper Wars"
    }
  ]
}