{
  "id": 6166,
  "title": "Asobi ni Iku yo!",
  "title_jp": "あそびにいくヨ!",
  "slug": "asobi-ni-iku-yo",
  "type": "legendados",
  "format": "TV",
  "images": {
    "poster": "https://cdn.myanimelist.net/images/anime/7/75583l.webp",
    "banner": "https://cdn.myanimelist.net/images/anime/7/75583.jpg"
  },
  "trailer": "https://www.youtube-nocookie.com/embed/TM3nhK-slGI?enablejsapi=1&wmode=opaque&autoplay=1",
  "synopsis": "Kio is just another boring, nice guy with a boring, nice life until he meets a beautiful, curvaceous cat-girl while attending a memorial service for one of his ancestors. Next thing he knows, he's lying in bed with this half-naked beauty next to him! Her name is Eris, and she has come to Earth to learn more about its inhabitants as a representative of the planet Catian. And she's decided to set up shop at Kio's home for her stay on Earth!\n\nUnbeknownst to Kio, there are quite a few organizations who will attempt to capture Eris, looking to keep her existence a secret by any means necessary. What's worse is when people around Kio turn out to secretly be a part of those organizations! Kio will have to work hard to keep Eris safe from these shady groups. Things are about to get mysterious, exciting, and most importantly sexy in Asobi ni Iku yo!",
  "score": 6.56,
  "genres": [
    "Comedy",
    "Romance",
    "Sci-Fi",
    "Ecchi"
  ],
  "episodes": [
    {
      "numero": 1,
      "url": "https://www.blogger.com/video.g?token=AD6v5dxbMebkVptfv9JSQaVE21WliksVH7_Q2c09l5CetBj5nbj4-mvnY4daknasGqUfXrjbBpAHo2dRDWwfYxcynfjdds7EwlnRdLvqnDRSS115pkgIBb0QxJwc6fgTft6f9DUr8ycj",
      "nome": "The Cat Who Fell to Earth"
    },
    {
      "numero": 2,
      "url": "https://www.blogger.com/video.g?token=AD6v5dwEgV_qd-SN3dfMpgC5HuhcYuaTZgLylpe9bZpqqepMwZ_SXANkmjYOvoXVlyvIYFcJ1d-uYOKnzuJgsSZLUEfXManYZKB1S0iW-zgXwZnBRu-juVc35WD-NqprVdkqYd102QMA",
      "nome": "I Dropped By"
    },
    {
      "numero": 3,
      "url": "https://www.blogger.com/video.g?token=AD6v5dw9YJ1KHQixxp9J07Y5H8nNcCvkgHzMtezXsEHXGVere7deJeOXLqTfZcqnCuQNbUZ5fY5z0u-XXwRCPMG5dTWuylGjcZs6CPD7ksn7zIqvmXVKGhpDS58HgdMGIQ3ggj0Q7ig",
      "nome": "We've Come to Stay"
    },
    {
      "numero": 4,
      "url": "https://www.blogger.com/video.g?token=AD6v5dy3FN2inT7JgZAoeZDcnSrOyLQ9OpviQMLYSSUqPWqRVeTz_AOLm-tPEeuGGSX6Xvr4KBW3Pos5z58rS9KTvT9mGWybLAsNYYJmRB2MO8UacgwDJMpbgPWGRegZvZDUclEzfSUQ",
      "nome": "We've Come to Kidnap You"
    },
    {
      "numero": 5,
      "url": "https://www.blogger.com/video.g?token=AD6v5dwhd02AqRXdkxj-CkfaRWl3LiV9e_afU0-F_esG5Y179JBSvsZnMwhLsQc7MH27HtgBGLeijT0jcltXhokn2SbSKuN7PVo0diB3zRAXzG84tsiaxbZNBPSKQ9M6ot6ILKuSEQ",
      "nome": "We've Come to Rescue You"
    },
    {
      "numero": 6,
      "url": "https://www.blogger.com/video.g?token=AD6v5dweekO_0eCWLPh-9HLQXe2_rE72tjJROhF4Pe43C86Y885YYvl_PcPjga-OmZj9hFfJw7kAZUohrNg3yEWbrDJ4XvmzPNmalrMKWySC81UQqQYEHCNYBr3iEPuUNRIYDXT0DPk",
      "nome": "I've Practiced"
    },
    {
      "numero": 7,
      "url": "https://www.blogger.com/video.g?token=AD6v5dwmfH-GfIyjnun2PolTmqhbCc9kq0VkkO49cfTA-KK3o-cLSNKhAS5Z5F2tZwqGjcfwc1YrgJbdI0vTKfnQzUeS-qPuumg09wOd-OZGmze_9L2ZG7iNDjpcEBFtWBwxiF0_ZReQ",
      "nome": "We've Come to Swim"
    },
    {
      "numero": 8,
      "url": "https://www.blogger.com/video.g?token=AD6v5dyTaj5QL01L5wSruy_uvPSSebpTs4gJsAuG7hk-GLbs93OxIOYbhxAfH0Nz0dPLNNJk07Hc2LiMfsNoHXqtln5EOtcd_OY_2zL9o1UQPhUd7ugUYhRNM_chLIl-SycHmNHw57M",
      "nome": "We Had a Duel"
    },
    {
      "numero": 9,
      "url": "https://www.blogger.com/video.g?token=AD6v5dyAWYbJZrgcWL3hL_6rmxG63RpE9wer0iuBvErDwcIKZ0weCYoWvbsTtYTdyyn9cBncOnD17CJtlXLM0W3uJiz8e8eVLX8yajUMBs_zIggBvrfI_f7tA8MigplDWJi8t88VAZhv",
      "nome": "The Grand First Assistroid?"
    },
    {
      "numero": 10,
      "url": "https://www.blogger.com/video.g?token=AD6v5dxEniBjpPc7Ff9xowmGbIJsva414eO5XSMHvI6xfS16H2g4Ue7oyT8fapQ2jgqbxogpNPZ1QrnkLtbGWmQjh2D1gERObojLhdNWGy6FB7Qhdju6SYMXLAD22uJaEhd3VF_iGY8",
      "nome": "We Came After You"
    },
    {
      "numero": 11,
      "url": "https://www.blogger.com/video.g?token=AD6v5dz16frb8JI4bWiaxhjfdjuAhedpEqq3ciZoHV6dDMJUf8wH9GCNg4rLsO0izbYHVUr6jAUyRFbVUp6qxNLtZHzI3VUPazB8m6DRhWKEHrSBALqEDiI7mMJGwfq80hNMLN-If_L5",
      "nome": "I Came Looking For You"
    },
    {
      "numero": 12,
      "url": "https://www.blogger.com/video.g?token=AD6v5dxoIYzBUIxN7jj36inw_4LQ-sxcO07lfx0biabm0F-U6Y3U-oiCwz1ggt0o1WkYmgB0kZzTqx4NmHU-I_fOTwM3UnwvlboTVlCPpFaWFR5B_SOPx6vO1X5GRR0f_TtCa8kuEAuS",
      "nome": "I Came to Find You"
    }
  ]
}