{
  "id": 38572,
  "title": "Assassins Pride",
  "title_jp": "アサシンズプライド",
  "slug": "assassins-pride",
  "type": "legendados",
  "format": "TV",
  "images": {
    "poster": "https://cdn.myanimelist.net/images/anime/1267/103421l.webp",
    "banner": "https://cdn.myanimelist.net/images/anime/1267/103421.jpg"
  },
  "trailer": "https://www.youtube-nocookie.com/embed/j5paOgPW3h0?enablejsapi=1&wmode=opaque&autoplay=1",
  "synopsis": "On the brink of extinction, mankind has downsized and now solely resides in the city-state of Flandore, living in cities encased by glass domes. Beyond the domes exist vicious lycanthropes who thrive in the darkness; among the citizens inside, a clear distinction between the nobility and commoners is in place. The blood of nobles enables them to utilize mana, granting them abilities that exceed human limits and greatly assist them in defeating lycanthropes.\n\nAlready 13 years of age, noble Melida Angel has yet to manifest her mana, and attends an elite academy where she is mistreated for her lack thereof. In order to help her, Kufa Vampir is ordered by the Angel family to become Melida's tutor. While Kufa seems to be a mere mentor, an ulterior motive lurks behind his job—he is to assassinate her if he confirms that she does not possess mana.\n\nKufa's investigation eventually leads him to determine he must eliminate Melida. However, Kufa is struck by her unwavering determination, spirit, and belief in herself when he witnesses her in a fight, choosing instead to offer a way she can manifest her magic. As Melida learns to use mana with the help of Kufa's teachings, Kufa forsakes his mission and jeopardizes everything to keep his discovery of Melida unknown to the Angel family and his own guild. However, both Kufa and Melida will soon realize that hiding their secret will not be the only challenge they face, as unforeseen trouble is waiting just around the corner. \n\n[Written by MAL Rewrite]",
  "score": 5.92,
  "genres": [
    "Fantasy"
  ],
  "episodes": [
    {
      "numero": 1,
      "url": "https://www.blogger.com/video.g?token=AD6v5dxWno1YJ1uVikjW5RM89_u-Fpslv41V5GjXhFozAUt6SQH7qjBRW81oBxnRGWOC5nZ_C2TWcDthicwPxND35Ol9pJQ5430L9mjvtuzTPl7NIZr1gl9TGJjUp2b48msN5GvyzeM",
      "nome": "Mercy of an Assassin"
    },
    {
      "numero": 2,
      "url": "https://www.blogger.com/video.g?token=AD6v5dz0qyGlg_DiBhu62JRruHtKwQGBA8iOUCHk1xIPMe9pFZZesJpldNXokg5Tbde59aNK2zcDIsZj_ETuqM9wdvnd-GpYjSB2wzrdJ8xhIRYuymqNzgBO1_zD9umlBfrckzIFxxv5",
      "nome": "When the Girl's World Changes"
    },
    {
      "numero": 3,
      "url": "https://www.blogger.com/video.g?token=AD6v5dwOxn7X2mqZgC1hK35-vrKqKU2ib68zV2owBxHjRKZ-OAcfTe9MMhRn9iLMx-zFUCQrWaR9cxwAiYYi0gS0v1l-syl1qJnB1pmOoRMOWeQlAJZCmL4bf9gorD5jPYwBMfOfyiI",
      "nome": "Beyond the Critical Point"
    },
    {
      "numero": 4,
      "url": "https://www.blogger.com/video.g?token=AD6v5dz6m3bpbvsA14LMUt620BFa2eTZhfejMNUxnb-bbS4TQGOHo7ylMTrplL8ExWYOel-kwV18hp0utbDjqIkjtdhmHTZP5bYQMScOSEpRx_tpDLZlbfOefRgP7Pp2MMr7_yUdlSmZ",
      "nome": "Two Young Ladies Assemble at the Chained Castle"
    },
    {
      "numero": 5,
      "url": "https://www.blogger.com/video.g?token=AD6v5dwGWDIVFUfQWkZXrcwfuj7GMEeIKeQ0-WA_Z-4ObiGUeMxVUnPzT-yogj-yvCk-l7esMS1csCV6FIdHeHHb6hYjS2Cc2xvJXFBKcOBYLBAxSxY6ycKSubgaKWkTSs0I7aIEToI",
      "nome": "The Golden Princess and the Silver Princess"
    },
    {
      "numero": 6,
      "url": "https://www.blogger.com/video.g?token=AD6v5dww2qHjJ2WXvHFFbb_dR4GByRyU0f25bhpjp9FnW2mFCozubCTa7Z3sEx8DLtJr1lxePN_mI1BEeYkqSjpdWFaq6dVi8UMRBBfnZhpqOwGu_Lyv14JDdeFTfxuQ6mhIV3Y67t0",
      "nome": "The Gray Witch"
    },
    {
      "numero": 7,
      "url": "https://www.blogger.com/video.g?token=AD6v5dwQeUTiltWn7zlO_PVLHGh1NIsIqbdBbiY8lMkUVe1vbPw7Lh9QU1m-lPNe7e7iYgRfmd2Udj0P4dcY6-9gpS3ZAnoAConx9JOsxtewapaz4LiIzFAhIrHlOLrE3UucOgbThKw",
      "nome": "No Guidance Above nor Below"
    },
    {
      "numero": 8,
      "url": "https://www.blogger.com/video.g?token=AD6v5dyUv274ch7r3HWAsrHhAT8tq-Z6PbK4WNdXhMrIpcwhGJkn9ZcEp_O5QMNLs0_-s97tfWSnZcY3heaqIqwCCfMsv2JsVIGUrZq9vOs_7udaGzE31KNnzgw_dbW7HYjqn2t_tAk",
      "nome": "The Last Testament of a Certain Skeleton"
    },
    {
      "numero": 9,
      "url": "https://www.blogger.com/video.g?token=AD6v5dyp8paaWrM82n9-8UDe_Qail3MpSCzK3-3G92WifDdrkcze0gZWaDb0sflzkvNheX0t3VkbAVDOf18ExiADqfMS4sy6xPtV4zItyPpwCalGTG-uVd_qwLh3cqa-0L6J8_l7N0-w",
      "nome": "An Eternal Pact"
    },
    {
      "numero": 10,
      "url": "https://www.blogger.com/video.g?token=AD6v5dyCXsrKvxy8CEsbDIS6oTxHs-hpXVh0xHl_WBQCqoR6yjV8taClqh6vhtVPyBdIcu-azHYh_iZxBJg02LcN_KDFi-lgYTU7VYIXpowcs34WNX6PyALTKYNACfO8ZUwz_u0LSQ",
      "nome": "Labyrinth Library"
    },
    {
      "numero": 11,
      "url": "https://www.blogger.com/video.g?token=AD6v5dy_JOKRTqRoUsi61U-pCnRqiXuWT46_4f9EEST9kmz7St54cbf-L8ga17nVU6iIC0Sx0YR4V6CJAmKiwhCUSYee_nsGnFThoLmcVHEgyRXbdS5OgAG5ALzrnVGlDTc2Ms5ljL4",
      "nome": "Messengers of Death"
    },
    {
      "numero": 12,
      "url": "https://www.blogger.com/video.g?token=AD6v5dylgT5G40Os0VEdTI8MG6Qm_IE7CF7SxX47bui24ExhdxA9Y55xelE4s0nlryLybyrXnWDJhVCcHVFiz1Kazf0sa2sAhoAYPmYxcM9LG-bt53OAvgQ-VP-AArsx-O0h6lQEavY",
      "nome": "Pride of an Assassin-Instructor"
    }
  ]
}