{
  "id": 40550,
  "title": "Assault Lily: Bouquet",
  "title_jp": "アサルトリリィ Bouquet",
  "slug": "assault-lily-bouquet",
  "type": "legendados",
  "format": "TV",
  "images": {
    "poster": "https://cdn.myanimelist.net/images/anime/1024/108413l.webp",
    "banner": "https://cdn.myanimelist.net/images/anime/1024/108413.jpg"
  },
  "trailer": "https://www.youtube-nocookie.com/embed/LkpAeaSjHq8?enablejsapi=1&wmode=opaque&autoplay=1",
  "synopsis": "Fifty years ago, mysterious creatures known as the \"Huge\" suddenly appeared all over the world, posing an existential threat to humanity. To defend against these menaces, soldiers in the form of teenage girls known as \"Lilies\" use the energy \"Magie\" within their bodies to power weapons called \"Counter Huge ARMS\" or \"CHARMS.\"\n\nAfter being saved by a Lily two years ago while evacuating from a Huge attack, Riri Hitotsuyanagi vowed to become a Lily herself. She enrolls in the prestigious academy of Yurigaoka, a training ground for Lilies, and discovers that one of her classmates is Yuyu Shirai—the same Lily who rescued her. Much to her confusion, however, the person she thought to be cheerful turns out to be quite antisocial and prefers to fight alone. Even so, Riri still desires to get along with Yuyu and is willing to do anything she can to reach that goal. \n\nWith Yuyu and the other Lilies by her side, Riri's journey on becoming one of them has just bloomed!\n\n[Written by MAL Rewrite]",
  "score": 6.5,
  "genres": [
    "Action",
    "Fantasy"
  ],
  "episodes": [
    {
      "numero": 1,
      "url": "https://www.blogger.com/video.g?token=AD6v5dzooUl_Alo2Zh4Ncbgahy6TOspQ3cdMabeOxap5UGOTrG8XqT3d7KwMhlImQI_C5Xe17kV4cTZ58ef9mySQO6Wk-QSbLQ7joMTI_isoUCRkbTolprUQ_iZgFP4nSNOz-oRdcEc",
      "nome": "Water Lily: Purely of Heart"
    },
    {
      "numero": 2,
      "url": "https://www.blogger.com/video.g?token=AD6v5dzzQ1A9KmCBAbWWYGt7PwoYYF6wlRMOZpIq53NCq8z3clzbx-82ap0QPYGa995pEd-6fDopJikzW4EmPhjBIm8NZA81wTJa_CfMqmBusSf3n5WbvMCP-btLY3P5xCPs4NFsz_zA",
      "nome": "Lily of the Valley: Return of Happiness"
    },
    {
      "numero": 3,
      "url": "https://www.blogger.com/video.g?token=AD6v5dz8CrG2p5vRn8qKvLScGCPsl9X2KpUUJO-tSZ9U30Z4cv5KjLzNDiyBBYZxuy3Eu-F5hw8QGZqbenBQ2ffoWKTn7uQ0aqQUMayIP_szQsWTfbbx2_Kza6nRSh7jNjGCbR1yd7xz",
      "nome": "Forget-Me-Not: True Love, Memories"
    },
    {
      "numero": 4,
      "url": "https://www.blogger.com/video.g?token=AD6v5dxhwwsqlWFV5qAtrT74llPYe3g8cznAeKuUVGbds7uTAvWvWz0IdWY_QPPyjZYpMOMQHBIWfZRgICM2P1ymfzjLeHu4vsfALzzY3w1iShPestbSUV8H5tczAlSMRSvw7hYSgFWG",
      "nome": "Fragrant Olive: A Person of Eminence"
    },
    {
      "numero": 5,
      "url": "https://lightspeedst.net/s3/mp4/assault-lily-bouquet/hd/5.mp4",
      "nome": "Jade Vine: Forget Me Not"
    },
    {
      "numero": 6,
      "url": "https://lightspeedst.net/s3/mp4/assault-lily-bouquet/hd/6.mp4",
      "nome": "Violet: Daydreaming, You Occupy My Thoughts"
    },
    {
      "numero": 7,
      "url": "https://lightspeedst.net/s3/mp4/assault-lily-bouquet/hd/7.mp4",
      "nome": "Freesia: Innocence"
    },
    {
      "numero": 8,
      "url": "https://lightspeedst.net/s3/mp4/assault-lily-bouquet/hd/8.mp4",
      "nome": "Camellia: You're Flame in My Heart"
    },
    {
      "numero": 9,
      "url": "https://lightspeedst.net/s2/mp4/assault-lily-bouquet/hd/9.mp4",
      "nome": "Cosmos: The Joys that Love Life can Bring"
    },
    {
      "numero": 10,
      "url": "https://lightspeedst.net/s2/mp4/assault-lily-bouquet/hd/10.mp4",
      "nome": "Anemone: Believe in You and Wait"
    },
    {
      "numero": 11,
      "url": "https://lightspeedst.net/s2/mp4/assault-lily-bouquet/hd/11.mp4",
      "nome": "Lily: Pureza"
    },
    {
      "numero": 12,
      "url": "https://www.blogger.com/video.g?token=AD6v5dz6aw9OxcF9lSeGPgRJ-kIXRfK59mAj7Mc_zCXxR7zbcsLZ5vW-L3YNRMDeyLN-v_NZyhE2YwBVmcjGcHFJ812BxNzOqZnXwtm3XLTh-IDJEMwde8dMy1l79vj77Y-6dXHgemE",
      "nome": "Bouquet: Flower Language"
    }
  ]
}