{
  "id": 9736,
  "title": "Astarotte no Omocha!",
  "title_jp": "アスタロッテのおもちゃ！",
  "slug": "astarotte-no-omocha",
  "type": "legendados",
  "format": "TV",
  "images": {
    "poster": "https://cdn.myanimelist.net/images/anime/3/75562l.webp",
    "banner": "https://cdn.myanimelist.net/images/anime/3/75562.jpg"
  },
  "trailer": "https://www.youtube-nocookie.com/embed/qKo1bHKI_PA?enablejsapi=1&wmode=opaque&autoplay=1",
  "synopsis": "Succubi, like the young princess Astarotte \"Lotte\" Ygvar, require the life seed from men to survive, replenish their magic, and continue the royal lineage of the magical realm. This means succubi are required to keep a harem of men close at hand. Ironically, Lotte despises men, which will put her life at risk once she matures. To convince her to fulfill her duties, one of her attendants, Judith Snorrevik, goes to the human realm to find a human male whom Lotte can tolerate.\n\nJudith returns with 23-year-old Naoya Touhara, a single father who unfortunately leaves his daughter, Asuha, behind in the human realm. As the first member of Lotte's harem, Naoya quickly adapts to this new environment, serving the princess to make her happy, rather than viewing her with sexual intent. Unfortunately, when his daughter is allowed to arrive in the magical realm, Naoya's relationship quickly worsens with Lotte. Even so, he strives to patch up their relationship.\n\nIt soon becomes clear, however, that Naoya's presence in the magical realm is more than just mere coincidence. As he develops his bond with Lotte, fate begins to pull together the connections that tie him and everyone else within this enchanting world.\n\n[Written by MAL Rewrite]",
  "score": 6.46,
  "genres": [
    "Comedy",
    "Fantasy",
    "Romance",
    "Ecchi"
  ],
  "episodes": [
    {
      "numero": 1,
      "url": "https://lightspeedst.net/s3/mp4/astarotte-no-omocha/sd/1.mp4",
      "nome": "The Exclamation of Our Meeting"
    },
    {
      "numero": 2,
      "url": "https://lightspeedst.net/s3/mp4/astarotte-no-omocha/sd/2.mp4",
      "nome": "The First Semicolon"
    },
    {
      "numero": 3,
      "url": "https://lightspeedst.net/s3/mp4/astarotte-no-omocha/sd/3.mp4",
      "nome": "Parentheses of Passing"
    },
    {
      "numero": 4,
      "url": "https://lightspeedst.net/s3/mp4/astarotte-no-omocha/sd/4.mp4",
      "nome": "Ampersand of the Party"
    },
    {
      "numero": 5,
      "url": "https://lightspeedst.net/s3/mp4/astarotte-no-omocha/sd/5.mp4",
      "nome": "Quotation of Crossing"
    },
    {
      "numero": 6,
      "url": "https://lightspeedst.net/s3/mp4/astarotte-no-omocha/sd/6.mp4",
      "nome": "Caret of Being Lost"
    },
    {
      "numero": 7,
      "url": "https://lightspeedst.net/s3/mp4/astarotte-no-omocha/sd/7.mp4",
      "nome": "Secret Apostrophe"
    },
    {
      "numero": 8,
      "url": "https://lightspeedst.net/s3/mp4/astarotte-no-omocha/sd/8.mp4",
      "nome": "Forceful Comma"
    },
    {
      "numero": 9,
      "url": "https://lightspeedst.net/s3/mp4/astarotte-no-omocha/sd/9.mp4",
      "nome": "Slight Fever Backslash"
    },
    {
      "numero": 10,
      "url": "https://lightspeedst.net/s3/mp4/astarotte-no-omocha/sd/10.mp4",
      "nome": "Adjacent Fist"
    },
    {
      "numero": 11,
      "url": "https://lightspeedst.net/s3/mp4/astarotte-no-omocha/sd/11.mp4",
      "nome": "A Full Stop for the Two of Us"
    },
    {
      "numero": 12,
      "url": "https://lightspeedst.net/s3/mp4/astarotte-no-omocha/sd/12.mp4",
      "nome": "An Asterisk Beyond the Sky"
    }
  ]
}