{
  "id": 57391,
  "title": "Astro Note",
  "title_jp": "アストロノオト",
  "slug": "astro-note",
  "type": "legendados",
  "format": "TV",
  "images": {
    "poster": "https://cdn.myanimelist.net/images/anime/1372/141859l.webp",
    "banner": "https://cdn.myanimelist.net/images/anime/1372/141859.jpg"
  },
  "trailer": "https://www.youtube-nocookie.com/embed/2_CrvGBSsAg?enablejsapi=1&wmode=opaque&autoplay=1",
  "synopsis": "When he arrives at Astro Lodge to interview for the head chef position, Takumi Miyasaka finds a run-down boarding house instead of a fancy restaurant. Disappointed, Takumi nonetheless demonstrates his skills, much to the delight of the eccentric tenants. The happiest among them is the charming landlady, Mira Gotokuji, who falls in love with his cooking. On the other hand, Takumi falls in love with Mira. He decides to take the job as the breakfast chef at Astro Lodge and moves into Room 5.\n\nTakumi soon notices strange things about Mira; she is hopelessly clueless about modern technology and Japanese food. In addition, Takumi hears an unfamiliar voice coming from Mira's room. What he does not realize is that Mira is an alien who has recently arrived from another planet on an important secret mission.\n\n[Written by MAL Rewrite]",
  "score": 6.54,
  "genres": [
    "Comedy",
    "Romance",
    "Sci-Fi"
  ],
  "episodes": [
    {
      "numero": 1,
      "url": "https://lightspeedst.net/s7/mp4/astro-note/hd/1.mp4",
      "nome": "Episode 1"
    },
    {
      "numero": 2,
      "url": "https://lightspeedst.net/s7/mp4/astro-note/hd/2.mp4",
      "nome": "Episode 2"
    },
    {
      "numero": 3,
      "url": "https://lightspeedst.net/s7/mp4/astro-note/hd/3.mp4",
      "nome": "Episode 3"
    },
    {
      "numero": 4,
      "url": "https://lightspeedst.net/s7/mp4/astro-note/hd/4.mp4",
      "nome": "Episode 4"
    },
    {
      "numero": 5,
      "url": "https://lightspeedst.net/s7/mp4/astro-note/hd/5.mp4",
      "nome": "Episode 5"
    },
    {
      "numero": 6,
      "url": "https://lightspeedst.net/s7/mp4/astro-note/hd/6.mp4",
      "nome": "Episode 6"
    },
    {
      "numero": 7,
      "url": "https://lightspeedst.net/s7/mp4/astro-note/hd/7.mp4",
      "nome": "Episode 7"
    },
    {
      "numero": 8,
      "url": "https://lightspeedst.net/s7/mp4/astro-note/hd/8.mp4",
      "nome": "Episode 8"
    },
    {
      "numero": 9,
      "url": "https://lightspeedst.net/s7/mp4/astro-note/hd/9.mp4",
      "nome": "Episode 9"
    },
    {
      "numero": 10,
      "url": "https://lightspeedst.net/s7/mp4/astro-note/hd/10.mp4",
      "nome": "Episode 10"
    },
    {
      "numero": 11,
      "url": "https://lightspeedst.net/s7/mp4/astro-note/hd/11.mp4",
      "nome": "Episode 11"
    },
    {
      "numero": 12,
      "url": "https://lightspeedst.net/s7/mp4/astro-note/hd/12.mp4",
      "nome": "Episode 12"
    }
  ]
}