{
  "id": 5342,
  "title": "Asura Cryin'",
  "title_jp": "アスラクライン",
  "slug": "asura-cryin",
  "type": "legendados",
  "format": "TV",
  "images": {
    "poster": "https://cdn.myanimelist.net/images/anime/7/17071l.webp",
    "banner": "https://cdn.myanimelist.net/images/anime/7/17071.jpg"
  },
  "trailer": "https://www.youtube-nocookie.com/embed/avjKr-VvKjI?enablejsapi=1&wmode=opaque&autoplay=1",
  "synopsis": "Natsume Tomoharu is a normal high-school student in every way with one exception: he's being followed by the ghost of his best friend, Misao.\n\nAfter moving into his brother's old house, Tomoharu expects to continue living his normal life but is one day left with a mysterious and locked briefcase without any instruction. At first he plans to leave it in storage; however, his house is soon invaded by multiple groups of people after the briefcase. Although still not knowing the purpose of the briefcase, Tomoharu and Misao attempt to escape with it.\n\nFrom there on, Tomoharu tries to learn the secrets behind the briefcase, the connections between it and Misao, and why it has the power to change the world.\n\n[Written by MAL Rewrite]",
  "score": 6.88,
  "genres": [
    "Fantasy",
    "Sci-Fi"
  ],
  "episodes": [
    {
      "numero": 1,
      "url": "https://lightspeedst.net/s3/mp4/asura-cryin/sd/1.mp4",
      "nome": "Asura Machina"
    },
    {
      "numero": 2,
      "url": "https://lightspeedst.net/s3/mp4/asura-cryin/sd/2.mp4",
      "nome": "Destruction of the Future"
    },
    {
      "numero": 3,
      "url": "https://lightspeedst.net/s3/mp4/asura-cryin/sd/3.mp4",
      "nome": "The Shadow of Science"
    },
    {
      "numero": 4,
      "url": "https://lightspeedst.net/s3/mp4/asura-cryin/sd/4.mp4",
      "nome": "Thoughts with Nowhere to Go"
    },
    {
      "numero": 5,
      "url": "https://lightspeedst.net/s3/mp4/asura-cryin/sd/5.mp4",
      "nome": "Intersecting Hearts and Bodies"
    },
    {
      "numero": 6,
      "url": "https://lightspeedst.net/s3/mp4/asura-cryin/sd/6.mp4",
      "nome": "Sacrifice Beyond the Darkness"
    },
    {
      "numero": 7,
      "url": "https://lightspeedst.net/s3/mp4/asura-cryin/sd/7.mp4",
      "nome": "The Dream that Dispersed in the Heartless Sky"
    },
    {
      "numero": 8,
      "url": "https://lightspeedst.net/s3/mp4/asura-cryin/sd/8.mp4",
      "nome": "The Youngest Daughter of the King of Misfortune"
    },
    {
      "numero": 9,
      "url": "https://lightspeedst.net/s3/mp4/asura-cryin/sd/9.mp4",
      "nome": "The Impossible Taboo"
    },
    {
      "numero": 10,
      "url": "https://lightspeedst.net/s3/mp4/asura-cryin/sd/10.mp4",
      "nome": "Bound by the Chains of Time"
    },
    {
      "numero": 11,
      "url": "https://lightspeedst.net/s3/mp4/asura-cryin/sd/11.mp4",
      "nome": "Together in the Ordinary and Extraordinary"
    },
    {
      "numero": 12,
      "url": "https://lightspeedst.net/s3/mp4/asura-cryin/sd/12.mp4",
      "nome": "Until the End of the World"
    },
    {
      "numero": 13,
      "url": "https://lightspeedst.net/s3/mp4/asura-cryin/sd/13.mp4",
      "nome": "Mark of the Cursed Criminal"
    }
  ]
}