{
  "id": 55310,
  "title": "Atarashii Joushi wa Do Tennen",
  "title_jp": "新しい上司はど天然",
  "slug": "atarashii-joushi-wa-do-tennen",
  "type": "legendados",
  "format": "TV",
  "images": {
    "poster": "https://cdn.myanimelist.net/images/anime/1630/138388l.webp",
    "banner": "https://cdn.myanimelist.net/images/anime/1630/138388.jpg"
  },
  "trailer": "https://www.youtube-nocookie.com/embed/Qb9YyEvdkEc?enablejsapi=1&wmode=opaque&autoplay=1",
  "synopsis": "After 26-year-old Kentarou Momose develops health problems due to his boss' abuse, he quits his job and joins a different company. Now, he hopes to start anew under the care of his mentor and direct supervisor, 34-year-old Yuusei Shirosaki.\n\nShirosaki is a capable boss admired by his coworkers, which makes Momose fear letting him down and reliving the past traumas. However, Momose can rest easy, as Shirosaki is always delighted to help—even if he looks absolutely ridiculous doing it. Although it may take some adjusting, Momose realizes that there is no need for caution around his new, endearingly eccentric boss after all.\n\n[Written by MAL Rewrite]",
  "score": 7.91,
  "genres": [
    "Slice of Life"
  ],
  "episodes": [
    {
      "numero": 1,
      "url": "https://lightspeedst.net/s6/mp4_temp/atarashii-joushi-wa-do-tennen/1/720p.mp4",
      "nome": "It's a Little Cracked!!"
    },
    {
      "numero": 2,
      "url": "https://lightspeedst.net/s6/mp4/atarashii-joushi-wa-do-tennen/fhd/2.mp4",
      "nome": "Should I Carry You Piggyback?"
    },
    {
      "numero": 3,
      "url": "https://lightspeedst.net/s6/mp4/atarashii-joushi-wa-do-tennen/fhd/3.mp4",
      "nome": "Paws, Paws, Paws..."
    },
    {
      "numero": 4,
      "url": "https://lightspeedst.net/s6/mp4/atarashii-joushi-wa-do-tennen/fhd/4.mp4",
      "nome": "Wanna Live with Me?"
    },
    {
      "numero": 5,
      "url": "https://lightspeedst.net/s6/mp4/atarashii-joushi-wa-do-tennen/fhd/5.mp4",
      "nome": "Heart Eyes!"
    },
    {
      "numero": 6,
      "url": "https://lightspeedst.net/s6/mp4/atarashii-joushi-wa-do-tennen/fhd/6.mp4",
      "nome": "Ex-boyfriend? Ex-boyfriend?? Ex-boyfriend???"
    },
    {
      "numero": 7,
      "url": "https://lightspeedst.net/s6/mp4/atarashii-joushi-wa-do-tennen/fhd/7.mp4",
      "nome": "The Shocking Truth...!!"
    },
    {
      "numero": 8,
      "url": "https://lightspeedst.net/s6/mp4/atarashii-joushi-wa-do-tennen/fhd/8.mp4",
      "nome": "Wanna Visit My Family Home?"
    },
    {
      "numero": 9,
      "url": "https://lightspeedst.net/s6/mp4/atarashii-joushi-wa-do-tennen/fhd/9.mp4",
      "nome": "I'll Listen to That~!"
    },
    {
      "numero": 10,
      "url": "https://lightspeedst.net/s6/mp4/atarashii-joushi-wa-do-tennen/fhd/10.mp4",
      "nome": "Take Responsibility...!"
    },
    {
      "numero": 11,
      "url": "https://lightspeedst.net/s6/mp4/atarashii-joushi-wa-do-tennen/fhd/11.mp4",
      "nome": "I Have to Find a Place to Live!"
    },
    {
      "numero": 12,
      "url": "https://lightspeedst.net/s6/mp4/atarashii-joushi-wa-do-tennen/fhd/12.mp4",
      "nome": "Be Back Soon...!?"
    }
  ]
}