{
  "id": 49780,
  "title": "Atasha Kawajiri Kodama Da yo: Dangerous Lifehacker no Tadareta Seikatsu",
  "title_jp": "あたしゃ川尻こだまだよ～デンジャラスライフハッカーのただれた生活～",
  "slug": "atasha-kawajiri-kodama-da-yo-dangerous-lifehacker-no-tadareta-seikatsu",
  "type": "legendados",
  "format": "TV",
  "images": {
    "poster": "https://cdn.myanimelist.net/images/anime/1996/120580l.webp",
    "banner": "https://cdn.myanimelist.net/images/anime/1996/120580.jpg"
  },
  "trailer": null,
  "synopsis": "The story depicts the lazy, unhealthy daily life of Kawashiri, who loves alcohol and anything greasy, salty, or sweet.\n\n(Source: ANN)",
  "score": 5.72,
  "genres": [
    "Comedy"
  ],
  "episodes": [
    {
      "numero": 1,
      "url": "https://lightspeedst.net/s1/mp4/atasha-kawajiri-kodama-da-yo-dangerous-lifehacker-no-tadareta-seikatsu/hd/1.mp4",
      "nome": "Untitled"
    },
    {
      "numero": 2,
      "url": "https://lightspeedst.net/s1/mp4/atasha-kawajiri-kodama-da-yo-dangerous-lifehacker-no-tadareta-seikatsu/hd/2.mp4",
      "nome": "Untitled"
    },
    {
      "numero": 3,
      "url": "https://lightspeedst.net/s1/mp4/atasha-kawajiri-kodama-da-yo-dangerous-lifehacker-no-tadareta-seikatsu/hd/3.mp4",
      "nome": "Untitled"
    },
    {
      "numero": 4,
      "url": "https://lightspeedst.net/s1/mp4/atasha-kawajiri-kodama-da-yo-dangerous-lifehacker-no-tadareta-seikatsu/hd/4.mp4",
      "nome": "Untitled"
    },
    {
      "numero": 5,
      "url": "https://lightspeedst.net/s1/mp4/atasha-kawajiri-kodama-da-yo-dangerous-lifehacker-no-tadareta-seikatsu/hd/5.mp4",
      "nome": "Local Chinese Restaurant"
    },
    {
      "numero": 6,
      "url": "https://lightspeedst.net/s1/mp4/atasha-kawajiri-kodama-da-yo-dangerous-lifehacker-no-tadareta-seikatsu/hd/6.mp4",
      "nome": "Valentine's Day"
    },
    {
      "numero": 7,
      "url": "https://lightspeedst.net/s1/mp4/atasha-kawajiri-kodama-da-yo-dangerous-lifehacker-no-tadareta-seikatsu/hd/7.mp4",
      "nome": "Coffee"
    },
    {
      "numero": 8,
      "url": "https://lightspeedst.net/s1/mp4/atasha-kawajiri-kodama-da-yo-dangerous-lifehacker-no-tadareta-seikatsu/hd/8.mp4",
      "nome": "Life with Karaage"
    },
    {
      "numero": 9,
      "url": "https://lightspeedst.net/s1/mp4/atasha-kawajiri-kodama-da-yo-dangerous-lifehacker-no-tadareta-seikatsu/hd/9.mp4",
      "nome": "Strategic Retreat"
    },
    {
      "numero": 10,
      "url": "https://lightspeedst.net/s1/mp4/atasha-kawajiri-kodama-da-yo-dangerous-lifehacker-no-tadareta-seikatsu/hd/10.mp4",
      "nome": "Regressing to a Baby"
    },
    {
      "numero": 11,
      "url": "https://lightspeedst.net/s1/mp4/atasha-kawajiri-kodama-da-yo-dangerous-lifehacker-no-tadareta-seikatsu/hd/11.mp4",
      "nome": "Multi-Tasking Skills"
    }
  ]
}