{
  "id": 33371,
  "title": "Atom: The Beginning",
  "title_jp": "アトム ザ・ビギニング",
  "slug": "atom-the-beginning",
  "type": "legendados",
  "format": "TV",
  "images": {
    "poster": "https://cdn.myanimelist.net/images/anime/6/86607l.webp",
    "banner": "https://cdn.myanimelist.net/images/anime/6/86607.jpg"
  },
  "trailer": "https://www.youtube-nocookie.com/embed/gfZ4HPUHSTI?enablejsapi=1&wmode=opaque&autoplay=1",
  "synopsis": "Japan in the near future suffers an unexplained major disaster. Five years later, reconstruction is well underway. Two young researchers at a university are pinning all their hopes on robot development. Now their new interpretation of the eternal hero Astro Boy up until his birth is just about to start!\n\n(Source: Showgate)",
  "score": 6.79,
  "genres": [
    "Action",
    "Sci-Fi"
  ],
  "episodes": [
    {
      "numero": 1,
      "url": "https://www.blogger.com/video.g?token=AD6v5dxevUAbW34yQVJ-adVWpmrstJcT6NxcMidy7pm-UtnGtBCNTtb8V6GfyU-N_hZ1Ygc5tDNckzD1MJOWAQ-sJCElklKteK6lYM2WFPdXCjN1J1BBAh7zvbYhGMcU5g1wl9knYVY",
      "nome": "Birth of the Mighty Atom"
    },
    {
      "numero": 2,
      "url": "https://www.blogger.com/video.g?token=AD6v5dy6WmvJnjqqzH38THjBCE4BiNyxGP4YDGeCvfH56fMLC63-TeMrDqkozlwAID9oWr9gf4u5514VKCsJRhNxBqdt_zaeQqIGNEV_1c6MTMYwuuOK5GqSuBlXgR6mg0ixfQaU9nU",
      "nome": "Bewusstsein"
    },
    {
      "numero": 3,
      "url": "https://www.blogger.com/video.g?token=AD6v5dxHhvxKJlZoK9kGuG7EII7oK7Zw9BTSyptiFMAg0mzInaJg2aN1yM3GkmHEgT4puETvmoybLktn1-RrU6K0xPPBi3CThBQSDhyJc8vfpeul3xQIRZ6FbfWiuv8-kaV-BszzJ6Cx",
      "nome": "Pursuing the Respective Leads"
    },
    {
      "numero": 4,
      "url": "https://www.blogger.com/video.g?token=AD6v5dxHta6-ozVtEIMFBfwUH2q8Jm6s4bxh-eRVO5_ihf-0_kocML0I4LwgBbFVZO0SoRxw9ouPUMaLs_bo1DMlyo9jtYwfTTO5xokESbRQqDt0CadV6utkW6f0OQoipztEj6MbI9Q",
      "nome": "Welcome to Nerima U Festival"
    },
    {
      "numero": 5,
      "url": "https://www.blogger.com/video.g?token=AD6v5dydVsce3Hi-NFmw8MiLWDrvmf6uNMmRh1PawH5vLMBSB3mFFyoO7KGrT-XYHIAi1U1HNicM-RAxajMKXAQM-fHfSpM2Wl9NXbFor2Wb7ZtcifpMJ6PKk1BAPSgxCK9ed64nDSPh",
      "nome": "Step On It! Maruhige Shipping"
    },
    {
      "numero": 6,
      "url": "https://www.blogger.com/video.g?token=AD6v5dxWddY-RA1m20sFIYGPRDpLMVWXmyRnJmxMRJ7uhZp4BWItXkuBsTiz5a0fgxWioZNFVFdTUkeoBeEjDdh2grs0Aaj1CN-wZNUVLb4WAz9-lPswIMRj5qLG9D_IH31OTFxWOSI",
      "nome": "Lab 7's Annihilation!"
    },
    {
      "numero": 7,
      "url": "https://www.blogger.com/video.g?token=AD6v5dzihxt11tpjhKJ-7dFxTtx1l3j74VFhekD1MIMv8iu0SQE-7R-ucyH2cksP24NI2oA3_M-Yhb77UHI7ty_zArFvXj0dYajgS9iRnlLO2S0szHLPZ_qcQ_VD-FE2t3wAgz_84fc",
      "nome": "Ran and Princess Teru"
    },
    {
      "numero": 8,
      "url": "https://www.blogger.com/video.g?token=AD6v5dzl5ZZW_IyeuYLxubr-vzna2w34fVfDIQQk_3krLV1wDAu1fB0v-EZn91zuLaSXgesCaEzGoKr_g99Tv2iPfKROU4WiElNicAFX8LcEADy_38yJlaJM1K7Pl_1Lr34Htusu3HU",
      "nome": "Robot Wrestling"
    },
    {
      "numero": 9,
      "url": "https://www.blogger.com/video.g?token=AD6v5dw72dVwMyRyhE2iPRTVKZoFzgcWFoDnSjp8m1af9lDYJsEaRFLiwRf1mYNa0pd-pf7TZyMBIiUoa5_MJagmlVB0ssrZ3dwBZE_defGVHJhRNfWTse0A4ccBsuAZAHiu8ulmNIEw",
      "nome": "Six is Unfit to Fight"
    },
    {
      "numero": 10,
      "url": "https://www.blogger.com/video.g?token=AD6v5dy-NIDA1jQP4R1rTnyWC7qxI7KkujLSeH8KeCZrzzl0LmbGbQsmEMIUzd7rw3hgqpxbTDa_4UbVqIH_Di5cI9mDsSjdtrtMDD5de2XEA0gKpQ9eETAG3UbRYBkvCqZM3ZyeRWs",
      "nome": "Battle Royal"
    },
    {
      "numero": 11,
      "url": "https://www.blogger.com/video.g?token=AD6v5dx_SuXkYcATO7dTbY-g1B8IF6_fKJAfY6PXORBw8BijpW0ZIAbUKTluX6OAXtDHSz5p0_nbXhsiZ7azDL82JjfBF5L5e63oD1eihGTt9Egsbar_lJmL_qxTUFcXoJxAtz4xVito",
      "nome": "A Dialogue"
    },
    {
      "numero": 12,
      "url": "https://www.blogger.com/video.g?token=AD6v5dw7ZXpV_J-MgoP4kNrLwB9qzD0YRsWnQk6Pi5Lcfws0TVdZTRmlA3SvUAX63pQiHHGH8tm--6mwrorhslYMaaV3NGIix6mua2rkc6HtgSBJKo7-_Ey8Vs2swBp3yN-bghXAHcY",
      "nome": "Beginning"
    }
  ]
}