{
  "id": 40080,
  "title": "Avatar: A Lenda de Korra Livro 2 (Dublado)",
  "title_jp": "全职高手之巅峰荣耀",
  "slug": "avatar-a-lenda-de-korra-livro-2-dublado",
  "type": "dublados",
  "format": "Movie",
  "images": {
    "poster": "https://cdn.myanimelist.net/images/anime/1960/102480l.webp",
    "banner": null
  },
  "trailer": "https://www.youtube-nocookie.com/embed/9WzHaZ8yCMg?enablejsapi=1&wmode=opaque&autoplay=1",
  "synopsis": "Two years ago, Glory started out as just another MMORPG, but its real-world influence has grown as more countries begin to recognize esports as an official sport. Now, in China, arrangements are being made to hold the first professional league of Glory, culminating in the Glory Championship.\n\nFriends Ye Qiu and Su Muqiu both aspire to make a career out of esports. However, due to personal reasons, Ye Qiu has been hesitant until now to chase his dream onto the national stage. When the two boys finally agree to form their own team, they are supported by Tao Xuan, their boss and the owner of Excellent Era internet cafe, after which they name their team. And so, Team Excellent Era sets their sights on defeating all opponents who stand in their way of reaching the ultimate summit of Glory.\n\n[Written by MAL Rewrite]",
  "score": 8.06,
  "genres": [
    "Action"
  ],
  "episodes": [
    {
      "numero": 1,
      "url": "https://www.blogger.com/video.g?token=AD6v5dzUbhmcSIMeajtSXraGhF5-M54vK7g0GkPAZcPANyk8CEVWOaR9qeULkDLc4VypkfAtABDCPVw7H6YrCzE11sl0Y31LddMgy33H0sNLjc1lWY2-c01eGylf0DY0XxaMqHDXYwpY"
    },
    {
      "numero": 2,
      "url": "https://www.blogger.com/video.g?token=AD6v5dz96ahNTqfl6HRCTv_vv_LaNMvT01nBkmquLDL0uJLGbRp2vV7be25xwEzlWo84gYv5YaChSf2g2A2gySogz30sI_yLKFOkmmHGLC8966FwdBNSz9394neFcjgxBkOMT8FG1WA"
    },
    {
      "numero": 3,
      "url": "https://www.blogger.com/video.g?token=AD6v5dy0_fPge-9jIIpFEmDPouIcbCFUgyfBbw6iUwtu-PRcJIIpaY3InZyjAsWlNXnAtnH-O4gibGk3lZrvqywra178M7a0fzJTjOrvhvntZANYcULx6yQPKRyvAc_VtT0xo5FbWfw"
    },
    {
      "numero": 4,
      "url": "https://www.blogger.com/video.g?token=AD6v5dydKwnVBRJxQKDUGuU8frP5yLCA7Ibe3siHv0BWN75mpYfh1u-SzHOFVP6GGXrDrbstZGSCU79uHWNqCLOy04gB-TwHBFNt18Pnk53OSVTBZj5laTmnKurRFA6t9RWij5Qt8kA"
    },
    {
      "numero": 5,
      "url": "https://www.blogger.com/video.g?token=AD6v5dzcXleoifLmKdFu93JxsUyucu3rM-Fxytk6CNaexTubVBw7aaUNL2sPiZ33CZxcB1ajcD1p7qiJ35TRWwdf-arfWx5LVY-cbu5Y00rG0xGJqFwdAR8DOgKKWLveYpu2BW75I79Q"
    },
    {
      "numero": 6,
      "url": "https://www.blogger.com/video.g?token=AD6v5dyNLcLPnuIMeVM--bXt_hQuaRb01eS2wv3-K_4snaCAHzOjBxCCE8evHMfIL6pMvlI0Z3V7gsotLeOtJLgPJBQRO9AY9NngV_HJruPC4BiHcXhduLkyCIKUsioO1movpsScuvgc"
    },
    {
      "numero": 7,
      "url": "https://www.blogger.com/video.g?token=AD6v5dyQzXUCRVjJqdHkDRwErHOyabrnUfVJEYoqf5z5pxXK8CpbyzPokY7NbYuyHLP-hnFTCjQuj0ynQlU0DenYXuxPZDZmd7Wv6RQ_Lp9pzi35fHFRriiaMh5nTvsOuEEgFROwf0tw"
    },
    {
      "numero": 8,
      "url": "https://www.blogger.com/video.g?token=AD6v5dxXkHf2wMuFpdd3Ic9R4f1ykAWU66iO3xEmFf5rLdIwnUtCK6CwoVE3Kac6N8RK_M6W8-1q7qStW2XOR1x_XKxoeoH5CH2k1fF_C8S62N5c-O0pzAdk7r889wSBjYsEAbWnWVJA"
    },
    {
      "numero": 9,
      "url": "https://www.blogger.com/video.g?token=AD6v5dxB3wj93SYf2kSGIDK_4TDP9YDtorjmlC6hRgq44CaB7b8wHCz3cM7z62wTm7BWAdrdrjBueXvvPm86iAgwOyPV-Ny-cDEIPNqDRWXAK5RAMmPtdarUbOeaIdTvtSyjXVLaKA"
    },
    {
      "numero": 10,
      "url": "https://www.blogger.com/video.g?token=AD6v5dyjoPpk_zc3__zlXZMbiydyFCvxWIew47VUsCCbpNHrfW37E_FpuZ7xANhoSExRSOAyXvNX_pkDflR1ucwafXfY87-u2KdwVJixffIziVVQK_M71RVkXvgxop3L1G4Ihf1-qFNz"
    },
    {
      "numero": 11,
      "url": "https://www.blogger.com/video.g?token=AD6v5dwW8a7fJlm5Vlwo6S4Wzd-8nDsO4vRIsqgzF3scuVyQDp2sv0LLwRCL_CUs8WrYzq5iOCPnJPTi6mYwsgG0Warlo_TZD3DzPtMu6NDdLly44CYtg4_tW5xbkWSoTxavmR17hCc"
    },
    {
      "numero": 12,
      "url": "https://www.blogger.com/video.g?token=AD6v5dyZx3h2AZS2eWyKxTL5Pq_OdhYyu4xCSlf_tz8e4t7DrA7IqcivczSyh-zIRyXWabOtG-_U3dC8CxgXTHcbhd_Cn9ftyal-a3-TR0wxI13Eom1MtFZIPFwD1ZejVyQNJFWoogVr"
    },
    {
      "numero": 13,
      "url": "https://www.blogger.com/video.g?token=AD6v5dwILRkMfrtVkr-BcvMDFctCLGahjIuuGvAR4-94sQRfA-I3Z6pQ_JCmw2xYcl-JG4jMou5fEj399XXbGr2MJ1t9Pq7I4dPTvfjsf4epGWwxmv4FjUWJFzFnDzbMFPkJeMFdvxnp"
    },
    {
      "numero": 14,
      "url": "https://www.blogger.com/video.g?token=AD6v5dx_w2VWzyqFS2A9CCQYpkvjw6jIpYSc67E9VsmqlIK5TQNIstVWId5VpT1Dbm8E5usoGUYlc22mARUU47gSlVyOn9q6oPMCGTbTYPuTIopUlbM_C6o1rg1C6KpWzXRfIoWqAgo"
    }
  ]
}