{
  "id": 35134,
  "title": "Avatar: A Lenda de Korra Livro 1 (Dublado)",
  "title_jp": "交響詩篇エウレカセブン ハイエボリューション 1",
  "slug": "avatar-a-lenda-de-korra-livro-1-dublado",
  "type": "dublados",
  "format": "Movie",
  "images": {
    "poster": "https://cdn.myanimelist.net/images/anime/1334/90827l.webp",
    "banner": "https://cdn.myanimelist.net/images/anime/1334/90827.jpg"
  },
  "trailer": "https://www.youtube-nocookie.com/embed/nit-F9woH9Q?enablejsapi=1&wmode=opaque&autoplay=1",
  "synopsis": "It all begins with the story that was left untold—the earth-shattering incident where Renton's father disappeared. With the mysterious pilot Eureka by his side, only Adroc Thurston could undo his own mistake, sparking the event that changed everything and earned him the title of a hero. Now, ten years later, Eureka lies in critical condition as Renton leaves the crew of the Gekko. But when he finds himself in the care of his father's old friends, he has a choice to make. Either stay with the loving family he's always wanted, or earn the love he seeks.\n\n(Source: Funimation Films)",
  "score": 6.15,
  "genres": [
    "Adventure",
    "Drama",
    "Sci-Fi"
  ],
  "episodes": [
    {
      "numero": 1,
      "url": "https://www.blogger.com/video.g?token=AD6v5dxRSqUrSUeUfrB3rSas95PT1juT2VAFuJ92k3SPLMeC8K3KjOXRe9Bbvb9mV5kWh4P5QTGqTAjfcZIMkLa4h8oBMEbJplnwjwSWNvsC9x1UVzKg0eWD9l6QHNsAb8Xfv7-vlDjb"
    },
    {
      "numero": 2,
      "url": "https://www.blogger.com/video.g?token=AD6v5dz59NAVkHR90rJBWB9QpTStv1jAi0DkO7dMYUoXSDJqdxOZyIN0dFTAuJQWSswOrhL2ZfRSxCXcP2WqQlCJJIWJnLh4KT1cNdxrOcy2iyKosSDQJKx4iH6DqCaare3SiVLtPrE"
    },
    {
      "numero": 3,
      "url": "https://www.blogger.com/video.g?token=AD6v5dyWlxkCAT2Ch1Mf49cN19QL1NFg-MQ1Jt2qBxc4Ds8EOVoF5cP03VS_dVlTkFZL_JLmy5jzwQixzXOQFnaBSkh9fruBoPRioTUF1zjqx5i67GwHb1owhJktnrOhsy86uzirwKc"
    },
    {
      "numero": 4,
      "url": "https://www.blogger.com/video.g?token=AD6v5dzMG8taZwXu7YUFv3MFGm-AjqjChT55xV7YM9vJ7OOasyVA0UwysX-vMBUUOsSpSufFNFqU1Ve65_omZwXXwJjxsSPLkM2adRWePlGvr1X9GarV4XPGTGHF5dOm3dHWaqsqJOQ"
    },
    {
      "numero": 5,
      "url": "https://www.blogger.com/video.g?token=AD6v5dwrJOWcZ1iWF32-10mFpf-_WsH4X7rwDNvnzcQIyTwFtFasUVNppVygpC9WRLPsMI9dhb9tKGDQPB-6cFnSqs-pk8GUI6S4tUINYGaIaOViAssQg8I9gFTMCjIORgGMSbZVpxtp"
    },
    {
      "numero": 6,
      "url": "https://www.blogger.com/video.g?token=AD6v5dyPA7_C1tSDQYj3ZTPI3K9Rug9ILiEyyI-d216LM8Z0UPcotSIN5x0W_23JIdWEOprgL8ArUzpPDIixqGBZ5MdGlq2pj0nwC1eTbasqYMtsjKUDIfck1iW-pLlotQnERrQTXbar"
    },
    {
      "numero": 7,
      "url": "https://www.blogger.com/video.g?token=AD6v5dyLKF1kfeVtVeVjN4GpbQ9T95prRUPitBNuXDzn5XPWZZSoiBQLkjhUmjt9LRLTOVQiWRXcAolny9YoFJBAhNMra--8uZmbzPSVzkGXMROiThk2IXm4qtmSIOHJp4eTJn2hnzA"
    },
    {
      "numero": 8,
      "url": "https://www.blogger.com/video.g?token=AD6v5dzzHuGqbY-nqmSe1QqTfZtX6BhIPQ9pjt6AKzUZ6WZikFWe1-T1Dy1n3ydJVK7b6QaGOEb5QLYUKznw5JQSbNpbeJuWGQJaWUwnP1TSiR69Lxo9Ab2IOxCiYxJQXWm6bBGPuDJK"
    },
    {
      "numero": 9,
      "url": "https://www.blogger.com/video.g?token=AD6v5dyZM0c-AIFAqDGONkd7zRTuJigmtNG73pZqBJRds-bZaIS65KAznGdJ3N3FITmZbxGcITFR3R3HPrwDJtRyV_RbV0hOx9rurKmbldG4yNik2jURMBzTaQrmivuNq5sa3OQEoSo"
    },
    {
      "numero": 10,
      "url": "https://www.blogger.com/video.g?token=AD6v5dxovG3jGqmwN89Q5aEcevRxONMJzcAi45mbQ3tYO4goYEdw8Nn2pabJNjitLJlOaIx5c-TUU6wmsRvM59pWH6ojCGNgzq9N9aWRJI7Z_j_HI7FhVPCcRbIAjBxbZZ6mjOtKFlQ"
    },
    {
      "numero": 11,
      "url": "https://www.blogger.com/video.g?token=AD6v5dyg_27BX0tI55tDI0HqJPFknVsHHu3lmrayXwRvwGOR1UteaoOeUeEL9dGcc82Ks8om4uDDTDMkcn9wDIq0AJM8c1-WWg92HFyGXOx0fD0tOLqz6dQZBLvuEOpfXKMDPZ4JVhMb"
    },
    {
      "numero": 12,
      "url": "https://www.blogger.com/video.g?token=AD6v5dziTbSRd88ggrjmZs_GL-S-bNUHMHKrGc9PZSNaGXGVqFcYZ4-xOXHtTytQG_ZN3kJabCuT2z5U97xIinJdMeqF4rwVZJqzSjduz3ZwUAzuTCLFaYVQ-V4qjHGnqg6xJSAYTvU"
    }
  ]
}