{
  "id": 24075,
  "title": "Avatar: A Lenda de Korra Livro 4",
  "title_jp": "ペルソナ4 ザ・ゴールデンアニメーション",
  "slug": "avatar-a-lenda-de-korra-livro-4",
  "type": "legendados",
  "format": "TV",
  "images": {
    "poster": "https://cdn.myanimelist.net/images/anime/3/63251l.webp",
    "banner": null
  },
  "trailer": "https://www.youtube-nocookie.com/embed/f-lcgGXCc-4?enablejsapi=1&wmode=opaque&autoplay=1",
  "synopsis": "Spring. Far from the city, time flows peacefully in this rural town. As the cherry blossoms scatter in the wind, a young man named Yu Narukami steps off the train at Yasoinaba Station. Yu has come to this town, where his uncle lives, for family reasons; he will be transferring into the local high school, Yasogami High. And so begins his school life... The shopping mall after school. A series of murders taking place in town. The Midnight Channel, airing late at night.... What lies in store for Yu and his friends ‘this time around?\n\n(Source: Aniplex USA)",
  "score": 6.63,
  "genres": [
    "Adventure",
    "Mystery",
    "Sci-Fi",
    "Supernatural"
  ],
  "episodes": [
    {
      "numero": 1,
      "url": "https://www.blogger.com/video.g?token=AD6v5dxUr0oWqWDNwJLaAduAxn6u9kDITjuofW5gEAtRDQRypGDMmC3VqqfPumcFoOOlKXoAPKLAhPRKnqB3U4nTwFzqp08Xp-uKZdVH39Kc39ZVzfnF1Mm6Mvq8aFq7u7tqXMM7Xf31"
    },
    {
      "numero": 2,
      "url": "https://www.blogger.com/video.g?token=AD6v5dwPfZY2Zudkt6uqr9UmFap_WA2qUdqgcX_j6-V9FwA3g1cgUNq-g9Na5dhUYF9kSobHqY81ujWn9N6vSlZgWzwTOiutePPsFvthFfZIsjND7xOH7k9D27ctjmHuDHBbYj94FSRm"
    },
    {
      "numero": 3,
      "url": "https://www.blogger.com/video.g?token=AD6v5dxch14ApIRTLQq4Ipf6D_bIKHR4uBUOcjuDQAVuyAKVM-0MQ9_1zsEo8I2DhRYVGVoGLzP5-q4mZmEP0xsr9iT7I47GBEXNF9D8il1MH6zPPdrY0UTKwBTUSc7-ZPLOseefaCbp"
    },
    {
      "numero": 4,
      "url": "https://www.blogger.com/video.g?token=AD6v5dyayMuB9477Hc9Nr1-CBC7V440JXbD-1dYvjTH5pSOrXElYCPpGQXhylqzSnBBHlE_jUXNhLi7NtEUzKZb_01kh-tUP4VAR4KyWFbIHZSXSoRqTcchKtKUugdiNxaoizZ4Iso9_"
    },
    {
      "numero": 5,
      "url": "https://www.blogger.com/video.g?token=AD6v5dyfj2YuhAojMpA70BuozhlizzlNuG4ylmQK40SnbVozyktNPHueSbYzkI53OB4KijZPnRyS8QT0dDMwyeJ8BDtLhRXVdsPl8GapPT9BjqiigjyQqU5HZpeD8n_77N8dhkglmmZL"
    },
    {
      "numero": 6,
      "url": "https://www.blogger.com/video.g?token=AD6v5dwqVPzgca8mnNiCQvLvkpIec1Fw81SJtHeds5A2-YwPnNre1h618ZrRk_LoYxqJRMJu_tverqh8L0wrrLEucYqwf3J6sBvtFmF5r9Mu05cpkuS9x8vVJW8DOJF23hvUphEw6kK1"
    },
    {
      "numero": 7,
      "url": "https://www.blogger.com/video.g?token=AD6v5dyOJ4gwll51izHUIOr7IFXzoT92Lx7SOmsEXcztXvAd3Xi0THEO_9RNG_BTlD9Du0m-q8-PxaX1lGbsDSFcaAzdtSz9ZJ2zMztCJGRdn_7u0VOHn6E6yYV4KqsVq1HGG7Nh5vY"
    },
    {
      "numero": 8,
      "url": "https://www.blogger.com/video.g?token=AD6v5dwkwPlhEVbG44cZ_vAe6Jnctc3ApvKz9RRNwfi_qZgXWlcly0JypObTZYSNH0qCSPSZeSQhY-88tYXhlkfzfnu7AAFEvNQSIiSUW1j6HoCc65FF1Oa7hQ4cWVhdmf5rriZqVVQI"
    },
    {
      "numero": 9,
      "url": "https://www.blogger.com/video.g?token=AD6v5dyAdvb8L5n0Yp9ZIR-o4oPrnRc0JDAyy4_0kqHdMAuKA4xMH_rnaPz-6zEwp20GDgDn5srYpdb3TsKJokEM7C3x7gnWimuIBXvC2jWkj70p-PqShrEQvFHOzpkI03ODA2l9h5c"
    },
    {
      "numero": 10,
      "url": "https://www.blogger.com/video.g?token=AD6v5dzpdPJZVjl7NytVh868Zq_F6-hRcaKgeP5Xg0fP2ZEp1QUVd62Htj6Ytm7QSPURucXAUGhyRblEkzMFMWxeY6n6kt_ZG2KlOu83z1Bs327y1DjLnSo1wdMOz6em779qvf8_-_0"
    },
    {
      "numero": 11,
      "url": "https://www.blogger.com/video.g?token=AD6v5dzhXTsb_fAKvyoBE8RR65-C_aIk3cET-j6VszFdsmC8Nf1_FZX_3zINCFc2AxScCh5mH5qUirMvPtxb_P0ps3crNU5nsl_Cx3qE6NJ4oRi9C4jjv-ZFQDo68t3g1kKGhBrDa7c"
    },
    {
      "numero": 12,
      "url": "https://www.blogger.com/video.g?token=AD6v5dxycoUYm7EiQxv87gvTO84niLneTmRkxzMO0uNlNmBH5Tn29PWVGeGjWoSBeMWFEYi9kzb6HV4vl9i3uxQpfGVr1i39N2G8CSXiRBeFTeNGOMVO-Ls5ydH_H4f-ykqZSYwm1_M"
    },
    {
      "numero": 13,
      "url": "https://www.blogger.com/video.g?token=AD6v5dzwh1hoBD1gh-byWFTjWQNA5FowRu5pjeQoQw2FfsCcteGARHCnUNSudnYVy6N-deHTiR77WeR-h1vTodcVWxL2tVQ0kTn8kWso_EAT0xfEctf1zWdDuP3_yHU50Lrb1497TPg"
    }
  ]
}