{
  "id": 56,
  "title": "Avenger",
  "title_jp": "アヴェンジャー",
  "slug": "avenger",
  "type": "legendados",
  "format": "TV",
  "images": {
    "poster": "https://cdn.myanimelist.net/images/anime/13/19921l.webp",
    "banner": "https://cdn.myanimelist.net/images/anime/13/19921.jpg"
  },
  "trailer": "https://www.youtube-nocookie.com/embed/sy4gkY2KBik?enablejsapi=1&wmode=opaque&autoplay=1",
  "synopsis": "Mars has been colonized and is a world where children have been replaced by robot servants known as \"dolls.\" Layla is a skilled fighter with a tragic past who travels about the world. Her companions are Nei, a strange and unique doll with some unknown ties to Layla, and Speedy, who is a doll breeder. The founders of Mars see the trio as a threat to their world, and each time they attack Layla and Nei a bit more of their mysterious past and future is revealed.",
  "score": 5.85,
  "genres": [
    "Adventure",
    "Fantasy",
    "Sci-Fi"
  ],
  "episodes": [
    {
      "numero": 1,
      "url": "https://lightspeedst.net/s3/mp4/avenger/sd/1.mp4",
      "nome": "Dome"
    },
    {
      "numero": 2,
      "url": "https://lightspeedst.net/s3/mp4/avenger/sd/2.mp4",
      "nome": "Doll"
    },
    {
      "numero": 3,
      "url": "https://lightspeedst.net/s3/mp4/avenger/sd/3.mp4",
      "nome": "Child"
    },
    {
      "numero": 4,
      "url": "https://lightspeedst.net/s3/mp4/avenger/sd/4.mp4",
      "nome": "Adult"
    },
    {
      "numero": 5,
      "url": "https://lightspeedst.net/s3/mp4/avenger/sd/5.mp4",
      "nome": "Silhouette"
    },
    {
      "numero": 6,
      "url": "https://lightspeedst.net/s3/mp4/avenger/sd/6.mp4",
      "nome": "Reflection"
    },
    {
      "numero": 7,
      "url": "https://lightspeedst.net/s3/mp4/avenger/sd/7.mp4",
      "nome": "Barbaroi"
    },
    {
      "numero": 8,
      "url": "https://lightspeedst.net/s3/mp4/avenger/sd/8.mp4",
      "nome": "Pilgrim"
    },
    {
      "numero": 9,
      "url": "https://lightspeedst.net/s3/mp4/avenger/sd/9.mp4",
      "nome": "Goddess"
    },
    {
      "numero": 10,
      "url": "https://lightspeedst.net/s3/mp4/avenger/sd/10.mp4",
      "nome": "Frozen"
    },
    {
      "numero": 11,
      "url": "https://lightspeedst.net/s3/mp4/avenger/sd/11.mp4",
      "nome": "Lunatic"
    },
    {
      "numero": 12,
      "url": "https://lightspeedst.net/s3/mp4/avenger/sd/12.mp4",
      "nome": "Match"
    },
    {
      "numero": 13,
      "url": "https://lightspeedst.net/s3/mp4/avenger/sd/13.mp4",
      "nome": "Outer"
    }
  ]
}