{
  "id": 3166,
  "title": "Ayakashi",
  "title_jp": "アヤカシ",
  "slug": "ayakashi",
  "type": "legendados",
  "format": "TV",
  "images": {
    "poster": "https://cdn.myanimelist.net/images/anime/5/20942l.webp",
    "banner": "https://cdn.myanimelist.net/images/anime/5/20942.jpg"
  },
  "trailer": "https://www.youtube-nocookie.com/embed/A2Ver357t8o?enablejsapi=1&wmode=opaque&autoplay=1",
  "synopsis": "As a child, Yuu Kusaka made a vow upon a shooting star that he would stand on the side of justice and defend the weak. However, the death of one of his friends robs him of the desire to live up to that vow, and he turns a blind eye to the misery of others, using the mysterious power he possesses as a means of making money instead of helping those in need. His days of living only for himself continue, until he's forced to fight for his life against another classmate with powers similar to his. He's saved by a mysterious girl named Eimu Yoake, who also has strange powers.\n\nEimu reveals that his powers stem from a creature known as an Ayakashi, a parasitic being that grants the user special abilities at the price of slowly draining the life of the host. She helps him fully awaken his own. Now aware of the ayakashi he possesses, Yuu must live up to his childhood vow, putting his ayakashi to use and fend off those who would use their own for evil, all while unraveling the mystery behind the death of his friend.",
  "score": 6.29,
  "genres": [
    "Action",
    "Fantasy",
    "Horror",
    "Sci-Fi"
  ],
  "episodes": [
    {
      "numero": 1,
      "url": "https://www.blogger.com/video.g?token=AD6v5dzEMseLORMI3eb30N4W6tE1ZXRF3jJ9a73pcLVIPel84RbrLhhrAeJhmn52g_YtlOxGE_oCvndNJFjla0q9coT-X-Lwthd_WdPGDohza4r9h3BEDAg59HX61m68vWG_YnSczWo",
      "nome": "Bloody Beginning"
    },
    {
      "numero": 2,
      "url": "https://www.blogger.com/video.g?token=AD6v5dy9Hw9sACNBt9MZi29ka01hhw12oO0gZYaFrH6aH-NrE6JvAV3IPiDXQTVI2SpdXktLseLB13TEz7cwZLPTKcJm4aqm9pEw3RsV9kfPgJ_31ImjUid9DGL-0w8Swtrn4_72XkU",
      "nome": "Awakening"
    },
    {
      "numero": 3,
      "url": "https://www.blogger.com/video.g?token=AD6v5dztG8VIfcvIzg2P34l3s9NJepQd47udl5MFNe-lf5l18FskZXEw6B6_ooNjP5GWd6k776PHAbWWeVmAfFhJCSB5Ed4bbHY7Mw6PP8tCm7qoY8F-QEW-nzX-jpeUt1hXZJo3yzpd",
      "nome": "Compensation"
    },
    {
      "numero": 4,
      "url": "https://www.blogger.com/video.g?token=AD6v5dzTSVXD0nine6xHsCoA7JCOhv5dzSZ7NRSB-epC6clmjO3UOpTTDgAizsgyOUHzgaLCvyasrhNpZK-lmsYhBWFr264ZbFshZzbHYNukbyPtxifTN_oQtr6KArJbY7a9PeM4StX5",
      "nome": "Ayakashi User"
    },
    {
      "numero": 5,
      "url": "https://www.blogger.com/video.g?token=AD6v5dxQJXsTAXbg_4HU1tDJnWU_RTg9_7S4-EK-sAp_p-n-_6VZ_EYL6yMBxG4Jy5A6VZVTS5Xw265tv2jB72QyguoO2osEujT8nlQx5iqc3m7Rhgu1QOuT8V-rMdGy5_FJY2YTLW4",
      "nome": "Him"
    },
    {
      "numero": 6,
      "url": "https://www.blogger.com/video.g?token=AD6v5dzLmTT8CI2GqW95jgE5DsB3_YrXOV4f3mkqa2bh9a2CthIic5Ihm325B_QCgaqG7KDZxju6Hh02ZWc2p9UI6cuDtWWBlglRssNpHE4Jou3aqS1l3eWwWOG8pHB782yWaPxg_dha",
      "nome": "Izumi"
    },
    {
      "numero": 7,
      "url": "https://www.blogger.com/video.g?token=AD6v5dyndQQ8vFHXVqKdBF_QZ4Z0Zx80LVX3UiOjpinsv0bdv13DP017a005HFCd_vXf-t7XPQcw9yLvM6D_WUVdwWLJUc75vMPaTLtrfK46SOzydnr6TajG6rpJQkzRf8fzGxJGaPU9",
      "nome": "Isolation"
    },
    {
      "numero": 8,
      "url": "https://www.blogger.com/video.g?token=AD6v5dx7fpSWoY4nfqzOIj8NC1h-UeKyERgOoaJ1-iyj-RZSzOLCrc6isTQa0LYdGOXzHvrd3A5BJ-_0KTz1btNYYKkioUO9B08qGzFRe18cl2kTdsZKMdGw4NYIV-hpPlusFcKy_crQ",
      "nome": "Aim"
    },
    {
      "numero": 9,
      "url": "https://www.blogger.com/video.g?token=AD6v5dwA7YUhvC6Cx2OOSpKKsGgLpaVmGDSlgukA2Yr4YAuJKYzemCHeKACwT3uVuvrYprEO0NdQu-8gG9loqR6t-NDDqHhEDGTLtY5j7AMAN9PqRa3Z2E6Pkfdhqq1dOv691rAZ-ks",
      "nome": "Decision"
    },
    {
      "numero": 10,
      "url": "https://www.blogger.com/video.g?token=AD6v5dysjsNFpPtfZjw5mp8F_uE2IaqLWkXAD71j6j5K7JqlYB-8cLiDNrDc25Lbg5qZadcN2AHAiC3F4SICElxipm3IfGiDIZBRm81i-Hc_jf1yQvtcKVkoZ1kmXco-qLwETtXxKCos",
      "nome": "Couple"
    },
    {
      "numero": 11,
      "url": "https://www.blogger.com/video.g?token=AD6v5dx3VORK8ZDUVtowK9d59_rT6fV38bBYtNKvBhyPb3wrG4eyij5rFNCbVu0j0AX_xQz4-Q1lI7zfSS8mne4u131RXpAwaUDjJpHMjxOULuHsCYNEaL_Vmh-wTrJQa6QUG2SmI97u",
      "nome": "Path of No Return"
    },
    {
      "numero": 12,
      "url": "https://www.blogger.com/video.g?token=AD6v5dzBwDPwWGwLPEEFs0lpLEivrjL8yEpzjuaWWbS5rYQPCzz4jLju9--PTtc0QD9N2aJ2d7IyIoBT93H2Ist-srhNIxP_VTLTIp3cmhUkqHGrJ7-ohCrhb-ycu07VE8KLe3j5ssew",
      "nome": "Symbiosis"
    }
  ]
}