{
  "id": 104,
  "title": "Ayashi no Ceres",
  "title_jp": "妖しのセレス",
  "slug": "ayashi-no-ceres",
  "type": "legendados",
  "format": "TV",
  "images": {
    "poster": "https://cdn.myanimelist.net/images/anime/1287/134408l.webp",
    "banner": "https://cdn.myanimelist.net/images/anime/1287/134408.jpg"
  },
  "trailer": null,
  "synopsis": "Ceres was a tennyo (Celestial maiden) who came down from the heavens to bathe in a stream. She hung her hagoromo (robe) on a tree nearby, which was her key to returning to the heavens. But the robe was stolen and the man who had stolen it forced her to become his wife, thus producing a family full of human and tennyo blood mixed.\n\nNow, in modern day time, Aya Mikage is a descendent of Ceres, and has quite an amount of tennyo blood. On her 16th birthday, she and her twin brother, Aki, are thrown a party. At the \"party,\" Aya's grandpa plans to kill her, for she has tennyo powers unlike the rest of the family, and can actually become Ceres herself and destroy the Mikage family. Aya, however, can switch back, so this transformation happens quite frequently.\n\nWith protector Yuuhi by her side, it is up to Aya to control Ceres and keep her from coming back, but her relationship with an ex-worker for her evil grandpa may be a distraction.",
  "score": 7.17,
  "genres": [
    "Adventure",
    "Drama",
    "Horror",
    "Romance",
    "Supernatural"
  ],
  "episodes": [
    {
      "numero": 1,
      "url": "https://lightspeedst.net/s3/mp4/ayashi-no-ceres/sd/1.mp4",
      "nome": "The Day the Moon and Sixteen Stars Align"
    },
    {
      "numero": 2,
      "url": "https://lightspeedst.net/s3/mp4/ayashi-no-ceres/sd/2.mp4",
      "nome": "The Angel's First Kiss"
    },
    {
      "numero": 3,
      "url": "https://lightspeedst.net/s3/mp4/ayashi-no-ceres/sd/3.mp4",
      "nome": "The One Who Descended to Earth"
    },
    {
      "numero": 4,
      "url": "https://lightspeedst.net/s3/mp4/ayashi-no-ceres/sd/4.mp4",
      "nome": "The Stolen Celestial Robe"
    },
    {
      "numero": 5,
      "url": "https://www.blogger.com/video.g?token=AD6v5dzssMKxRZ2z-PpAJNt1EoBn25IxQgR1yKGqS4uOtw9vhqmpiIafAhgUQ-Sar7me2mE7ow8wlboOUpLrt_CaDfj31_mWKV4mn3tj1OnKB_XEml7-hqWdj_xXMFnBBPQ0_giF6Ko",
      "nome": "Toya's Destiny"
    },
    {
      "numero": 6,
      "url": "https://lightspeedst.net/s3/mp4/ayashi-no-ceres/sd/6.mp4",
      "nome": "The C Project"
    },
    {
      "numero": 7,
      "url": "https://lightspeedst.net/s3/mp4/ayashi-no-ceres/sd/7.mp4",
      "nome": "Celestial Awakening"
    },
    {
      "numero": 8,
      "url": "https://lightspeedst.net/s3/mp4/ayashi-no-ceres/sd/8.mp4",
      "nome": "The Mikage Conspiracy"
    },
    {
      "numero": 9,
      "url": "https://lightspeedst.net/s3/mp4/ayashi-no-ceres/sd/9.mp4",
      "nome": "The Angel's Promise"
    },
    {
      "numero": 10,
      "url": "https://lightspeedst.net/s3/mp4/ayashi-no-ceres/sd/10.mp4",
      "nome": "Chidori's Flight"
    },
    {
      "numero": 11,
      "url": "https://lightspeedst.net/s3/mp4/ayashi-no-ceres/sd/11.mp4",
      "nome": "Stir of Emotions"
    },
    {
      "numero": 12,
      "url": "https://lightspeedst.net/s3/mp4/ayashi-no-ceres/sd/12.mp4",
      "nome": "The Silver Choker"
    },
    {
      "numero": 13,
      "url": "https://lightspeedst.net/s3/mp4/ayashi-no-ceres/sd/13.mp4",
      "nome": "Relic of the Mikage"
    },
    {
      "numero": 14,
      "url": "https://lightspeedst.net/s3/mp4/ayashi-no-ceres/sd/14.mp4",
      "nome": "The Return of the Ancestor"
    },
    {
      "numero": 15,
      "url": "https://lightspeedst.net/s3/mp4/ayashi-no-ceres/sd/15.mp4",
      "nome": "Toya's Past"
    },
    {
      "numero": 16,
      "url": "https://lightspeedst.net/s3/mp4/ayashi-no-ceres/sd/16.mp4",
      "nome": "Another Ceres"
    },
    {
      "numero": 17,
      "url": "https://lightspeedst.net/s3/mp4/ayashi-no-ceres/sd/17.mp4",
      "nome": "Bewitching Affection"
    },
    {
      "numero": 18,
      "url": "https://lightspeedst.net/s3/mp4/ayashi-no-ceres/sd/18.mp4",
      "nome": "Fleeting Happiness"
    },
    {
      "numero": 19,
      "url": "https://lightspeedst.net/s3/mp4/ayashi-no-ceres/sd/19.mp4",
      "nome": "Chidori's Confession"
    },
    {
      "numero": 20,
      "url": "https://lightspeedst.net/s3/mp4/ayashi-no-ceres/sd/20.mp4",
      "nome": "Toya's Death"
    },
    {
      "numero": 21,
      "url": "https://lightspeedst.net/s3/mp4/ayashi-no-ceres/sd/21.mp4",
      "nome": "The Ancient Tennyo"
    },
    {
      "numero": 22,
      "url": "https://lightspeedst.net/s3/mp4/ayashi-no-ceres/sd/22.mp4",
      "nome": "Song of Redemption"
    },
    {
      "numero": 23,
      "url": "https://lightspeedst.net/s3/mp4/ayashi-no-ceres/sd/23.mp4",
      "nome": "Mikagi Reborn"
    },
    {
      "numero": 24,
      "url": "https://lightspeedst.net/s3/mp4/ayashi-no-ceres/sd/24.mp4",
      "nome": "Denouement"
    }
  ]
}