{
  "id": 1593,
  "title": "Azumanga Daioh",
  "title_jp": "あずまんがWEB大王",
  "slug": "azumanga-daioh",
  "type": "legendados",
  "format": "ONA",
  "images": {
    "poster": "https://cdn.myanimelist.net/images/anime/1186/139941l.webp",
    "banner": "https://cdn.myanimelist.net/images/anime/1186/139941.jpg"
  },
  "trailer": null,
  "synopsis": "Chiyo brings a video camera to school for a class project. But when Tomo gets a hold of it, heaps of trouble happen all over campus.\n\n(Source: ANN)",
  "score": 6.73,
  "genres": [
    "Comedy"
  ],
  "episodes": [
    {
      "numero": 1,
      "url": "https://www.blogger.com/video.g?token=AD6v5dxJRLcqnVXw9jB9OLh3bUH0FGQ4hdMRZ0kTK6BVGMc2dSU6glQJBIHR8K07poF6wwUjC3ygvNNgS1cXu9CeR2PYA_L62sr7Mko4V5A9t1h6og_fC97gD5uSWyuJ46ACG7J2KjQ"
    },
    {
      "numero": 2,
      "url": "https://www.blogger.com/video.g?token=AD6v5dzElXUMKMYCPLyRAgE6lX_9NW7grDGYGNOd126JxBol6YlD0bM-EYq_2-RTeIho8DUFpQchvt_EflRQF5DmWuM_pF3E8puiL38adH_hqpK1XToHJRLmZiR7wWm7JEy-MMX-sXs"
    },
    {
      "numero": 3,
      "url": "https://www.blogger.com/video.g?token=AD6v5dxJgPqEnKBd26ZzLWJ6Rhtke9PN6gEC9dLZo28zfsmyZpZLefV3YM8DfgtJiEQK9JcOnFT6Zk-upm9Le5TjLQPcUV4g37Dc_TdmcKRFJAC5AtQ4ytgN0R2TjJq_S1YlGmUq4C8"
    },
    {
      "numero": 4,
      "url": "https://www.blogger.com/video.g?token=AD6v5dxlkCCuQVOm8K7RD7LcN6Xun-QFLjh952olSoETftCNeIAXR5Pl611jnk90qTL4ndIFvFFF4N_8p4PqGQF9YiOkRpAVcHUY0KqdQpDa8OHi6EhRNNktcEXjXG2O6FOCw4AjeKQ"
    },
    {
      "numero": 5,
      "url": "https://www.blogger.com/video.g?token=AD6v5dyQ_BkEqR_3w28Vcdro2nvW_DfaLc8vjYf6x_KOW81A_3jx2hfu7P7LB89hKfKbd1IaFJT1PU5vNuWC_ZpQjrAGR9LxK6TImV-OPbkRolfSx1jrZkV8cmjmyxq2JbR9QOBv87qf"
    },
    {
      "numero": 6,
      "url": "https://www.blogger.com/video.g?token=AD6v5dxeNrj83PD8pYrHr-tC4FSDLObHwrAggzfDgJfxucv9a4BKJBLoQKA1e537YQyKzxc5vP8KGMor2sOL51Cg6hzEnTJDh65VW8iznINmwdgvu3cxKRgbwjL5qv0h5_l18wosOtw"
    },
    {
      "numero": 7,
      "url": "https://www.blogger.com/video.g?token=AD6v5dy6aRPlC92egq7S-zWX48tlznu7XD9Ugx91xibqpGeXgwhweJx2biC3JZF6BaeSL3SLB7jciRWuC6OBRzx878sepBJD3kZRaR1I33XNPUSVwd6nVW2ZfGKFGW4yurRDVSHbMg"
    },
    {
      "numero": 8,
      "url": "https://www.blogger.com/video.g?token=AD6v5dzt6sAKHW1IKhIEH-K3yn6s9A8h1g8NavArnKzZM_Ur-XuB5rK3Plk5-gar-WvpF-My3PwLrJiQOjC77Bhi5P41rAgDu4iPc7LLMqAxpuY5RwFq7XJC6ADbJmVDOlUScsESt2eK"
    },
    {
      "numero": 9,
      "url": "https://www.blogger.com/video.g?token=AD6v5dzMYTi7E8zpYNZFTbyajvm8GFPXM3vzUwGhoxEpPZNtqUZikroTY7csafUyQ4v2cx2hMbrSZl2uyzJAGuhiM3kxMtaQ8Af-PoUhk5DqwP2syRG5WQHZVdpxGddkaizYni0dD30l"
    },
    {
      "numero": 10,
      "url": "https://www.blogger.com/video.g?token=AD6v5dw6TjNL_Dx5T213SkNDb_-jRUs7HVxXww2GTTw_vhhJI057GL3bKX3Eszr4c2gT8ix0VjLpo_2bc8WwhdsNCF3imOp_TGYuSShGvecDQ39Z6wefrHHYF-9xoU5Glm1dyGgXwxvh"
    },
    {
      "numero": 11,
      "url": "https://www.blogger.com/video.g?token=AD6v5dyE4EtDjbucyCcvKViZ6NJrQQq29hvrpA92KU6idKlABpVBoNLec0XH2XEms8i7NDaWSNaBhBojp2z4grBshd5zZ7OVbpJEjmmzsK23RkjJPyzsAJdE_dHb6cUO4p0y67YpW2zO"
    },
    {
      "numero": 12,
      "url": "https://www.blogger.com/video.g?token=AD6v5dxMQAtFOOvpnlB_bvEKgOCO3t1VJeADFOXa6xb7g9neMJrsK8tgJapl0xRYsuKDPiMAA3oJrjnF7j2lpJ8NV4negBNjpBfSeIy0BkmTKBLqCUQA-yK_jiYUunZ9sNovsFQ3IEtw"
    },
    {
      "numero": 13,
      "url": "https://www.blogger.com/video.g?token=AD6v5dxi2lT8LJWVA2g3N7hnPr8IOa5A3umFb3GA0jMf22rh90adUZUJ-v1L1kA1SDdPQ3ucCsDuMpmOIg1Io-KoW-gLb9fqqE2r0XcZf2RAyUR2VtdhnK6tU0N0rWnIIyceufe72I4"
    },
    {
      "numero": 14,
      "url": "https://www.blogger.com/video.g?token=AD6v5dw5-z1XVBO-DXObuv9EjfWW7KtCHnRzmESVkBCt01LNSfLnaU8XmXEUof48SA6EVCR-YI05e7GFgLkMc6kn0PUq5ngBPxEcquGSBxf5haeLCV7Et4Yq-M3g3z4arWUsq4pPOBw"
    },
    {
      "numero": 15,
      "url": "https://www.blogger.com/video.g?token=AD6v5dyWCobUc217S5JSV4oHIaoZWKVqUT9ViAci4I7SbDZbPgpw8hxJJyfNXQoF7_WQQmAxgNpi6UBqMaMdKTJ5puDuOu9QfJ0WWgk8z06K9_zm8Ol4wZuD3oZ9b6Wno4vU1iUY9KE"
    },
    {
      "numero": 16,
      "url": "https://www.blogger.com/video.g?token=AD6v5dxsUL_T2NuOFCfNwIFrIWkJyjD__pBYDKV1QrgCHp58gGfBKZcq35RVFsSGTdwY9upAmJnK-j2Rc6TU-DK9a1Y6s098gEXOwCX6JnQJ_OB5-LYyO3KZpbRpauXtPZhEHd_WgI4"
    },
    {
      "numero": 17,
      "url": "https://www.blogger.com/video.g?token=AD6v5dyUp1msOrZ017pwZMLy35w3UFKseUvKJjgFVeRgigJXwmCb63vxQY6AAeLQ2rC6akR3a5WIL0dFEKFwipWSYHXlOFgJs2EUnHWrXBZeGXPsX0ag0hAIVpV4PMnsg4CNNhCc_HY1"
    },
    {
      "numero": 18,
      "url": "https://www.blogger.com/video.g?token=AD6v5dxISud-WJwk3M17Qu0IOKExJDwxnyZQgto9eQp9e1PNS9NfcsJe3Ig0dDReU7l-sP_ZlITuQx00_zuVP5CA7_oyDheTMyQ5LMNWYhPUfw3pVAAhKpNwtfHMn8fwImzKPu2SRTzm"
    },
    {
      "numero": 19,
      "url": "https://www.blogger.com/video.g?token=AD6v5dza3EvVnNbPswpnI0vYeB3bP4eGHqeBA5ubdVY9Q2fSTgC3l1LklGa99aVaNHzMvLZ1gqJzLN-cgdIQFKKjVIzEwq-rRvwzQMzcIZ2PeSZ4mw0SEGUtI2E0fmZXhD4bdzsvW0I"
    },
    {
      "numero": 20,
      "url": "https://www.blogger.com/video.g?token=AD6v5dxNCpxxp_o1oRu0plJzyzbx1xLwBlBjW4-2sSPKxyaDLjOoTaWAq41L4ivwQzzH4aT9lcN-MKfJ2Mz42cl0a0W7aOCnrCj5ZLY3dg3jUVw-scz_McAsnh4iLL0qowqQ8lAsbw"
    },
    {
      "numero": 21,
      "url": "https://www.blogger.com/video.g?token=AD6v5dxnWMHoAUmo_erywanMEAqaGDdLpoA8-AbA5xdaY6068vwJbfU3jJF3h29AIJ18YgzGCzKfWqTBs1Ub7ow2rODLbaH0YOU7gXJBFDaKgfHcp_tKVt6uZJ0TCzrv58mU5FwWXJbN"
    },
    {
      "numero": 22,
      "url": "https://www.blogger.com/video.g?token=AD6v5dzxkIMDaV48fd1HBStnIrSri01Vngv5ORUtzV3ifstZEzsT535jBF-O9ox0Ssrj8uojMo0US-gKd__M30QKOPWjpV6cOMgYF4idYc3gx0GamsjdvrBFDQrcKFM_9PftoZ57ME4"
    },
    {
      "numero": 23,
      "url": "https://www.blogger.com/video.g?token=AD6v5dzXdTbDsEM46Dh6zyHrz8dyVHIAb6ekPw0Oz6MrJMv2EqK0GAy1ccLqJ8yDBSxOnzx1IgIw3_RZwP6KPkCQhAHSJnhLvBloiw3FIdmXOHRraZDMABN2RxZwrreyybDwUrlfhD0v"
    },
    {
      "numero": 24,
      "url": "https://www.blogger.com/video.g?token=AD6v5dzThn9Yu-Nx6xQukLlDV4tz8SO5AV4CV-houRhU-TqJcknMxCxi3OmhUn5we7Pb8zXfi3ZUMjSwB0LG57fI8cdcV2JzWImyURy9JGUvMY57xiRBuTQa2UDWacJv3LgsRlba_uQ"
    },
    {
      "numero": 25,
      "url": "https://www.blogger.com/video.g?token=AD6v5dw4OWYPdB2Rq_WgFwnjAkG7Fn7xlpwuR2y0QAxNjb7KAii4lH_tC0kdOUoc_7Ok4JgkXLRC9vCtx5kaugVyGUBzbTAOBpdWvwATKOvTYC-Jg3gNFgU163Q4WI2MMXMBu74J_BaL"
    },
    {
      "numero": 26,
      "url": "https://lightspeedst.net/s3/mp4/azumanga-daioh/sd/26.mp4"
    }
  ]
}