{
  "id": 38328,
  "title": "Azur Lane",
  "title_jp": "アズールレーン THE ANIMATION",
  "slug": "azur-lane",
  "type": "legendados",
  "format": "TV",
  "images": {
    "poster": "https://cdn.myanimelist.net/images/anime/1106/111620l.webp",
    "banner": "https://cdn.myanimelist.net/images/anime/1106/111620.jpg"
  },
  "trailer": "https://www.youtube-nocookie.com/embed/0V-SwEtubII?enablejsapi=1&wmode=opaque&autoplay=1",
  "synopsis": "When the \"Sirens,\" an alien force with an arsenal far surpassing the limits of current technology, suddenly appeared, a divided humanity stood in complete solidarity for the first time. Four countries—Eagle Union, Royal Navy, Sakura Empire, and Iron Blood—formed Azur Lane, paving the way for the improvement of modern warfare, which led to an initial victory against the common threat. However, this tenuous union was threatened by opposing ideals, dividing the alliance into two. Sakura Empire and Iron Blood broke away and formed the Red Axis, and humanity became fragmented once again.\n\nAs a seasoned and experienced fighter, the \"Grey Ghost\" Enterprise shoulders Azur Lane's hope for ending the war. But behind her stoic persona hides a frail girl, afraid of the ocean. Even so, she continues to fight as she believes that it's the only purpose for her existence. Meanwhile, Javelin, Laffey, and Unicorn—three ships from the union—stumble upon Ayanami, a spy from the Red Axis. Strange as it may seem, they try to befriend her, but as enemies, their efforts are for naught. Still, they persevere in hopes of succeeding one day.\n\nAmidst the neverending conflict within humankind, the keys that could unite a fragmented race might exist: a soldier coming to terms with her mysterious personality and camaraderie between those with different ideals.\n\n[Written by MAL Rewrite]",
  "score": 6.29,
  "genres": [
    "Action",
    "Sci-Fi"
  ],
  "episodes": [
    {
      "numero": 1,
      "url": "https://www.blogger.com/video.g?token=AD6v5dw4JzsLHYZ3XcEiOkFoWJAHQUh1lxdSI6IEDewPx6Yo5G-ahSZ0zY4UDVYHlEV7vQeWn1AWLneh1XgAeD_2_DN2BpFsKzPMqCaa5P66EQn40bCJetAa79WdXw3UV_cUVDxJEL0",
      "nome": "Mobilization: The Girls of the Sea"
    },
    {
      "numero": 2,
      "url": "https://www.blogger.com/video.g?token=AD6v5dyGr_QO1l5ZYdto7fO0UcXQBWxewCKYJryoZRVCG7OoI_hQafGBTAqqV5Ny-l9KlZMyU0Q9CE7lxYalY5daqv2rZN0AiZjOTeRlacC6URgDcQyPUELO-NsJpjoxW-C_X7JthxrH",
      "nome": "MELEE - Pulsing Waves, Steel Wings"
    },
    {
      "numero": 3,
      "url": "https://www.blogger.com/video.g?token=AD6v5dz62JlxYZpwNXftcbxlYTiPweRdgfedtu9yPluxzbShGYi9FSLHWBzjSom5w2r6MaTpGASwLsfFi6XbVRJQkb91t3t4uyqLlsMbXB5AHsDZXtouNE4g8knmKTILsQiXRWk03juW",
      "nome": "Elegance: Perchance, Like a Human"
    },
    {
      "numero": 4,
      "url": "https://www.blogger.com/video.g?token=AD6v5dxa2ZmTbg0l_dulydaiHA_ycZZxJutlDqbb78aZjssqXL0vDgpBD26d4h7mUDJ3hhLG9Ydem6lqUeqf6TUJ_-n_JsuVcP1ImgeO08UARV2SPHetG4RQuZQ6C3Sqw5lfVTLw62A",
      "nome": "Sakura: Cloak and Dagger"
    },
    {
      "numero": 5,
      "url": "https://www.blogger.com/video.g?token=AD6v5dwPnuZHkLQ1NycMZBE4xp0kYP2AB7AxNgKzjoZKFiD--WIePqso2i5PdcZKQ4m47v2VeD2Pjs1X5V3glehdVVdeHSMkkoa6gg8xMtwYP_KHci6m5p_eaIaFGxRNLSUCYgJd5veL",
      "nome": "Reunion: Reaching Out to You"
    },
    {
      "numero": 6,
      "url": "https://www.blogger.com/video.g?token=AD6v5dxdOtdDWgxFfxvVczdNlct8q0LXG2Ovxa3MJc_zwfBzwD4SxH-yqUbV7yF40sqQj_J27Ekw4lljfV0xE0lxpGOv17kaCoHOc88srGXn9WKyQun_e2-24C9ENrpn2EPbvgPdtHU",
      "nome": "Shackles: Tying Bonds, Binding Hearts"
    },
    {
      "numero": 7,
      "url": "https://www.blogger.com/video.g?token=AD6v5dx97K4xkJVCBooHduigzO45ubIx9gBM-ngiye6p5HtJ8USekDtsqIkZKBWcGLRCUfR6FowBwGPSulanIxKP5fYTPcorJEsBkwoxXscWP0NCqv6x_4ciijI46QHsxG1EAEn_n5g",
      "nome": "Deadline: For Determination, for Love"
    },
    {
      "numero": 8,
      "url": "https://www.blogger.com/video.g?token=AD6v5dyo6u4aZsDB3g_FljjTsRkyw-3nxp5nuVgvrJaur370CfHKTU45Bn4Y2NSAaNIltGnXYshTLQiw6fvOjPSuEprgXu25HU1p6kgpwjsdl8mj3MsUHP-4v0xoWPpsEcf2XyIF3mHd",
      "nome": "Intersection: Hold You, Never Let Go"
    },
    {
      "numero": 9,
      "url": "https://www.blogger.com/video.g?token=AD6v5dy3c6LDz0bX9vNY35SYu3F2mVMKUQ-914dJw4w56QRVH1BVeau8Z0yh1OjtLN8Ix14Qso3LLoxdk0RMGoPL-nwVTAiRXJASJsZ2zZ_AY8y-5qsxm0ZQhnhuJhObg1s2XmWmsg",
      "nome": "Hope: Light Shines Through the Darkness"
    },
    {
      "numero": 10,
      "url": "https://www.blogger.com/video.g?token=AD6v5dyEdG4pmOSXdHzK9bigXGviBwdlN1qX0T8zgx78jjutsCnA2j4_7dHeiC-riWBBf4MVHLtMscUscFxHY78fDPM265WYFBC_hXNa0K-TuqkaziPT-2JEA1z9E78vZh07ljSUZOc",
      "nome": "Echoes: Crimson Memories, Bleached"
    },
    {
      "numero": 11,
      "url": "https://www.blogger.com/video.g?token=AD6v5dyx-MzKWTdg1v5cUZe-K9VubSav83HP8kE-PfjsQZWLGGdkOXG9FlBr5-U_XzhTtz8oBMsY5la9K0miJh3qN_sDtmNPzAlsVo-EBA2xPowtZoQkh6jNtRnGAsXy9fI6hlyhbJM",
      "nome": "Monster: A War to Span Every Ocean"
    },
    {
      "numero": 12,
      "url": "https://www.blogger.com/video.g?token=AD6v5dxoooaV4ZiaLCMk1zwv5i-9I0-VXrFzTrM1LyDFhZcVMsEOOhA5pZlUmnEPPaDTnCKwH8qI5-N4w5JrNh08v3ZCiPHi4hY826OooTTjw5R9O4XOdeqMM3FsvsjB_VWUYKmEHMg",
      "nome": "Blue Waters: May the Azure Lanes Bless You"
    }
  ]
}