{
  "id": 40930,
  "title": "Azur Lane: Bisoku Zenshin!",
  "title_jp": "アズールレーン びそくぜんしんっ!",
  "slug": "azur-lane-bisoku-zenshin",
  "type": "legendados",
  "format": "TV",
  "images": {
    "poster": "https://cdn.myanimelist.net/images/anime/1137/113872l.webp",
    "banner": "https://cdn.myanimelist.net/images/anime/1137/113872.jpg"
  },
  "trailer": "https://www.youtube-nocookie.com/embed/gDLE0jfKYKg?enablejsapi=1&wmode=opaque&autoplay=1",
  "synopsis": "In a seemingly peaceful time without looming threats of Sirens or war, shipgirls from different nations live together in harmony. Some girls, such as the destroyers Ayanami, Javelin, Laffey, and Z23, attend school. Others immerse themselves into various other activities, including sports, foraging, training, going to formal parties, or even vying for the commander's attention! But one thing is for certain: the girls will continue to deepen their friendship in the pleasant port of Azur Lane!\n\n[Written by MAL Rewrite]",
  "score": 7,
  "genres": [
    "Comedy",
    "Sci-Fi"
  ],
  "episodes": [
    {
      "numero": 1,
      "url": "https://lightspeedst.net/s2/mp4/azur-lane-bisoku-zenshin/hd/1.mp4",
      "nome": "Port and Starboard, Slow Ahead!"
    },
    {
      "numero": 2,
      "url": "https://lightspeedst.net/s2/mp4/azur-lane-bisoku-zenshin/hd/2.mp4",
      "nome": "You Need Something Sweet After a Workout..."
    },
    {
      "numero": 3,
      "url": "https://lightspeedst.net/s2/mp4/azur-lane-bisoku-zenshin/hd/3.mp4",
      "nome": "Is Real Life a God Tier Game?"
    },
    {
      "numero": 4,
      "url": "https://lightspeedst.net/s2/mp4/azur-lane-bisoku-zenshin/hd/4.mp4",
      "nome": "Beach Time Is Barbecue Time!"
    },
    {
      "numero": 5,
      "url": "https://lightspeedst.net/s2/mp4/azur-lane-bisoku-zenshin/hd/5.mp4",
      "nome": "With Friends, With Someone Special"
    },
    {
      "numero": 6,
      "url": "https://lightspeedst.net/s3/mp4/azur-lane-bisoku-zenshin/hd/6.mp4",
      "nome": "May I Have This Dance?"
    },
    {
      "numero": 7,
      "url": "https://lightspeedst.net/s3/mp4/azur-lane-bisoku-zenshin/hd/7.mp4",
      "nome": "Pay Close Attention to Keeping Things Neat and Tidy!"
    },
    {
      "numero": 8,
      "url": "https://lightspeedst.net/s2/mp4/azur-lane-bisoku-zenshin/hd/8.mp4",
      "nome": "Enjoying the Fair With Everyone!"
    },
    {
      "numero": 9,
      "url": "https://lightspeedst.net/s2/mp4/azur-lane-bisoku-zenshin/hd/9.mp4",
      "nome": "Maid, At Your Service!"
    },
    {
      "numero": 10,
      "url": "https://lightspeedst.net/s2/mp4/azur-lane-bisoku-zenshin/hd/10.mp4",
      "nome": "Balmy, Hot, Dizzy..."
    },
    {
      "numero": 11,
      "url": "https://lightspeedst.net/s2/mp4/azur-lane-bisoku-zenshin/hd/11.mp4",
      "nome": "A Fun Amusement Park Outing?"
    },
    {
      "numero": 12,
      "url": "https://lightspeedst.net/s2/mp4/azur-lane-bisoku-zenshin/hd/12.mp4",
      "nome": "Friends Are Our Most Important Treasure"
    }
  ]
}