{
  "id": 49487,
  "title": "Azur Lane: Bisoku Zenshin! Hokorashiki Bokou ni Shukusai wo",
  "title_jp": "アズールレーン びそくぜんしんっ! 誇らしき母港に祝祭を",
  "slug": "azur-lane-bisoku-zenshin-hokorashiki-bokou-ni-shukusai-wo",
  "type": "legendados",
  "format": "Special",
  "images": {
    "poster": "https://cdn.myanimelist.net/images/anime/1476/116733l.webp",
    "banner": "https://cdn.myanimelist.net/images/anime/1476/116733.jpg"
  },
  "trailer": null,
  "synopsis": "Javelin, Z23, Laffey, and Ayanami help Sirius practice as a maid for an upcoming party, while South Dakota and Massachusetts practice the piano.",
  "score": 6.8,
  "genres": [
    "Comedy"
  ],
  "episodes": [
    {
      "numero": 1,
      "url": "https://lightspeedst.net/s1/mp4/azur-lane-bisoku-zenshin-hokorashiki-bokou-ni-shukusai-wo/hd/1.mp4"
    }
  ]
}