{
  "id": 7817,
  "title": "B-gata H-kei",
  "title_jp": "B型H系",
  "slug": "b-gata-h-kei",
  "type": "legendados",
  "format": "TV",
  "images": {
    "poster": "https://cdn.myanimelist.net/images/anime/1687/123304l.webp",
    "banner": "https://cdn.myanimelist.net/images/anime/1687/123304.jpg"
  },
  "trailer": null,
  "synopsis": "Most people, including the girl herself, would say that first year high school student Yamada is beautiful and perfect. Despite this, she is working towards a peculiar goal: to have sex with one hundred men by the end of high school.\n\nTrying to put some sense into her head, Yamada's best friend, Miharu Takeshita, points out a major flaw in that plan—she is completely inexperienced with men. However, the reason behind this is that Yamada thinks her lady parts look strange and believes others will judge her for it. As a result, Yamada decides that her first time must be with a fellow virgin, since they will not hurt or scare her. After a fateful encounter, she sets her sights on the shy and average Takashi Kosuda, an aspiring photographer with a heart of gold. \n\nWith contending rivals for his affection and her own raging hormones, Yamada must find ways to seduce Kosuda and take his cherry. However, as she gets closer to Kosuda, she finds herself increasingly enjoying their time spent together.\n\n[Written by MAL Rewrite]",
  "score": 6.83,
  "genres": [
    "Comedy",
    "Romance",
    "Ecchi"
  ],
  "episodes": [
    {
      "numero": 1,
      "url": "https://lightspeedst.net/s3/mp4/b-gata-h-kei/sd/1.mp4",
      "nome": "Boy Meets Girl. Let Me Have Your \"First Time\"! / Big Gambit After School! Why Don't We Start With a Kiss?"
    },
    {
      "numero": 2,
      "url": "https://lightspeedst.net/s3/mp4/b-gata-h-kei/sd/2.mp4",
      "nome": "Oh, Yeah! Let's Go to a Pool! You Wanna See Me in a Swimsuit, Right?! / Here Comes the Rival! Who's That F-Cup Girl?!"
    },
    {
      "numero": 3,
      "url": "https://lightspeedst.net/s3/mp4/b-gata-h-kei/sd/3.mp4",
      "nome": "Suddenly So Close in the Darkroom! Kinda Dangerous Club Activities?! / Passionate School Festival! I, Yamada, Will Be the School's Queen!"
    },
    {
      "numero": 4,
      "url": "https://lightspeedst.net/s3/mp4/b-gata-h-kei/sd/4.mp4",
      "nome": "Romantic Christmas Eve! What Does the First Kiss Taste Like? / I Can't Go Back Empty-Handed! Let's Go to the Make-Out Park!"
    },
    {
      "numero": 5,
      "url": "https://lightspeedst.net/s3/mp4/b-gata-h-kei/sd/5.mp4",
      "nome": "Yamada's Level Increased! She Learned How to Deep Kiss! / Work on Your Naughty Power! I've Never Felt a Sensation Like This Before..."
    },
    {
      "numero": 6,
      "url": "https://lightspeedst.net/s3/mp4/b-gata-h-kei/sd/6.mp4",
      "nome": "Kanejo Is Coming! I Can't Stand That Sparkle! / Behind That Rosy Smile Is... Kanejo's Dark Secret!"
    },
    {
      "numero": 7,
      "url": "https://lightspeedst.net/s3/mp4/b-gata-h-kei/sd/7.mp4",
      "nome": "Major Duel in School Swimsuits! I'm Not Gonna Lose Against You! / Memories of a Summer Day... Yamada Returns to the Wild!"
    },
    {
      "numero": 8,
      "url": "https://lightspeedst.net/s3/mp4/b-gata-h-kei/sd/8.mp4",
      "nome": "Yay! It's a School Trip! No Chance to Be Alone... / I Have to Tell You That I L... The Trip Causes a Great Fuss!"
    },
    {
      "numero": 9,
      "url": "https://lightspeedst.net/s3/mp4/b-gata-h-kei/sd/9.mp4",
      "nome": "Oh No! In Front of Everyone... I Never Said I Don't Like You... Autumn. / Put Your Hopes in Field Day! Suit Yourself... Autumn."
    },
    {
      "numero": 10,
      "url": "https://lightspeedst.net/s3/mp4/b-gata-h-kei/sd/10.mp4",
      "nome": "The Kanejo Family! Richy Brother's Sparkling Secret! / On My Way to Love? Don't Hit on My Kosuda!"
    },
    {
      "numero": 11,
      "url": "https://lightspeedst.net/s3/mp4/b-gata-h-kei/sd/11.mp4",
      "nome": "Year 2 Class H's Christmas Eve! Take Me to Bed! / Kanejo Is Watching?! A \"Live\" Broadcast That Pushes the Limits!"
    },
    {
      "numero": 12,
      "url": "https://www.blogger.com/video.g?token=AD6v5dzcjhVcJ8ZOG_-kHljLsnkGvg4PQzEUaZv2b7CXh4DOiImbD6mB2uqoxAaem2RcEzZwiZj4QfY9yf5FNtxJIe03ImWExt-1LrxdgG8erXvj1YegYskTSFS3bw5Rjmo2nvmgyufL",
      "nome": "The World Revolves for Us! Goodbye... B Gata H Kei! / Yamada Turns Into an Angel! Farewell! B Gata H Kei!"
    }
  ]
}