{
  "id": 36483,
  "title": "B-Project: Zecchou*Emotion",
  "title_jp": "B-PROJECT～絶頂＊エモーション～",
  "slug": "b-project-zecchou-emotion",
  "type": "legendados",
  "format": "TV",
  "images": {
    "poster": "https://cdn.myanimelist.net/images/anime/1368/111378l.webp",
    "banner": "https://cdn.myanimelist.net/images/anime/1368/111378.jpg"
  },
  "trailer": "https://www.youtube-nocookie.com/embed/pXYj-NxGFDI?enablejsapi=1&wmode=opaque&autoplay=1",
  "synopsis": "Tsubasa continues her job at the A&amp;R department of the major recording company Gandala Music. The idol group \"B-PROJECT\" that she has been in charge of, now made up of four idol units instead of three: Kitakore, Thrive, MooNs, and KiLLER KiNG. Tsubasa must deals with not only the various challenges of her job but also a group of young men with different personalities.\n\n(Source: ANN)",
  "score": 6.68,
  "genres": [],
  "episodes": [
    {
      "numero": 1,
      "url": "https://www.blogger.com/video.g?token=AD6v5dy_GT1DdSUwmVG9wkRPD02Yh3o_30SMzjYbzocFNFnpMRmeYw7z5FnULX7GfFth_KcKSxj86maHZng7M6Ddpwx8swTw2g7fOtoxj93PLUWbSDHZJ_DXsyPdvT1g41b7Vy3VX_Y",
      "nome": "BRAND NEW WORLD"
    },
    {
      "numero": 2,
      "url": "https://www.blogger.com/video.g?token=AD6v5dwLz27zDCTr5n6NF0YkvrY9fAvCmdQnuYUoa6NnmMRUWnwQRSRyAmyq3304zopFs7EFxfgkxo5tGtcYdxiUyjMRF_5fbu_wgXP3Iv0Q9SjvtLEZn-kCUHH90C0ry5oaZ8-5N7xk",
      "nome": "DIE HARD"
    },
    {
      "numero": 3,
      "url": "https://www.blogger.com/video.g?token=AD6v5dx4krHr078VydxA5Va1FtvubURrr88vAuc2wgi-bwursX-47Z2-qxoAjgVfvP_Qv6vArL61h4VHsHINtmTiaISQSPyVuCY39O83a-MIiJb4_Ca_mHWP-dPBhN0Fb_4y4awpeN1J",
      "nome": "PARTY NIGHT"
    },
    {
      "numero": 4,
      "url": "https://www.blogger.com/video.g?token=AD6v5dyB204mEbUbdVGxNTsKLn73gQiBoZGoC8Q69Kuv8LySkJcE1GzcxgP3mJQ-0z29u1oJt-8Cu48HMdKGP09o2hsCrBEIWaifiU67ubdYyueFYNG4pIK3g-tn53MOnU89Iz28qCKU",
      "nome": "TWO IS ONE"
    },
    {
      "numero": 5,
      "url": "https://www.blogger.com/video.g?token=AD6v5dxpBspAr3jOiGic-Yvk0PF4mwvBVRNQ3boH94gbkNvwMfCXKL-fcQO-XpDSUTNSs6l3CsbVRYoZUh9bxfMHHMcxTBe2U6JTZkDfYNlN3pUSZZI1z_1p4IxJuAd6PFoYkXy-XZk",
      "nome": "KICK OFF"
    },
    {
      "numero": 6,
      "url": "https://www.blogger.com/video.g?token=AD6v5dwNsteZjif-__eLNqObw6o9Tvq7gwERV5QA3AjNLXWU-lci63eHY4v2xLSudmQnQIAnJyO32z2BPufYU3vLyIA4cx8usUThhMDsSUeKXJ9UH8pixxiTTrkA-eRxZRLE5EO5aRXQ",
      "nome": "MOVING ON"
    },
    {
      "numero": 7,
      "url": "https://www.blogger.com/video.g?token=AD6v5dzykc4emmtqGn6KHcZ6L4ee_02tUJr6AgUZcC32dlgT9eBwD11D4M_9GJNChzU6kTzRcJMS22MJB9Fost_xz3VlLN-QUuiD_Kz8RVHHmZScyaVd2DEqF9hH3gBJARNvdbd2EDs",
      "nome": "MIRROR COMPLEX"
    },
    {
      "numero": 8,
      "url": "https://www.blogger.com/video.g?token=AD6v5dyGkxqQ89vdh479AtIWNBU2n9QqrBNvgdJfcxJzc6BCyJZd4Qx2dtoliRV6CwHrMz2pBCiGSlb1UxopL68lvwkdnC2bux6xCDqXO3i_sK59k4VrXmRp-cspdm8TPdasGfyBxPzE",
      "nome": "TRUE"
    },
    {
      "numero": 9,
      "url": "https://www.blogger.com/video.g?token=AD6v5dwP0dz5UuhAAmxX31a-dWr3qox5uRW_YioEI-o1CT_Yu3Bgkn2znX095X9b8m7n4rIZrzj5YuSpmy-4j7cV0nCRWRhub_yoa1KCRjRVo2dj3z6kb3x2ayJwKNZ_hmdMz-HVnJX8",
      "nome": "SUMMER CAMP"
    },
    {
      "numero": 10,
      "url": "https://www.blogger.com/video.g?token=AD6v5dzbXJs-y38--6yC4kOeJg87TNFgVvru8XwGaaRRp4n6Gxkw9VYmym6vjM-VNYovnR4y0L7XihJ0C-vyQHjN_i7ywUGdH47S2EF98vR9NtuYZF9xcWuJpdx776YiJ2lX7buJ3VT9",
      "nome": "BRAVE ACTION"
    },
    {
      "numero": 11,
      "url": "https://www.blogger.com/video.g?token=AD6v5dwkDF4fvaoK-1qM2Y2f5CbMOxPEX41-zFQxkV-SCXu6ENr9skefR-abTK3h9-v10yijzfI_TEB3UV26E804-4M58b6uaDQXal5AwKYc0jns-quvS8t_fcHBd6ONWDAjyG12Ew",
      "nome": "TRAP AGAIN"
    },
    {
      "numero": 12,
      "url": "https://www.blogger.com/video.g?token=AD6v5dw-zYkTCQ7-ONmyDqfHnU6Bk4vNLCZhZT41x9PreP_Li8p3bSUvztxV2GEC2uJ9maFLB6pQDSBfBDlI9KfUCFjyERjQIKaYbDfAaeb42r_LCECqbCZzpttR1k71Jo6-zPeYIbo",
      "nome": "CLIMAX EMOTION"
    }
  ]
}