{
  "id": 33046,
  "title": "B-Project: Kodou*Ambitious",
  "title_jp": "B-PROJECT～鼓動＊アンビシャス～",
  "slug": "b-project-kodou-ambitious",
  "type": "legendados",
  "format": "TV",
  "images": {
    "poster": "https://cdn.myanimelist.net/images/anime/4/79984l.webp",
    "banner": "https://cdn.myanimelist.net/images/anime/4/79984.jpg"
  },
  "trailer": "https://www.youtube-nocookie.com/embed/h78qNQ5Sby4?enablejsapi=1&wmode=opaque&autoplay=1",
  "synopsis": "The anime's story follows Tsubasa, a new hire in the A&amp;R department of the major recording company Gandala Music. Tsubasa is immediately assigned to oversee the idol unit \"B-PROJECT,\" which is made up of three idol groups: Kitakore, THRIVE, and MooNs. This is Tsubasa's first job, and she gets involved in various incidents and accidents as she deals with this group of young men who each have their own differing personalities.\n\n(Source: ANN)",
  "score": 6.58,
  "genres": [],
  "episodes": [
    {
      "numero": 1,
      "url": "https://www.blogger.com/video.g?token=AD6v5dxwOw5ffN3u0gtEg5CKq2b75FiNUkY86j59xFdQHN5-NJ9zV5VC1TINHGynikwbavY832fK1WeCt5rvVXYNVBetbGf-mlgzZnsHWonZfSz_dTNVUF4BnSax2heXqzXR0Au8uxsL",
      "nome": "Boys Meet Girl"
    },
    {
      "numero": 2,
      "url": "https://www.blogger.com/video.g?token=AD6v5dyn8CERjeX5y_TOtoPvxNDBRRbpdFPIg9kQCTrG491oEy_OOwwZVGr63kCcJeG0tjIpbJRwsmGgooE1BlJ4IGrfLDUymoOfUottZMnMDRX8Jh_HG_LqCeaHKtWP-D5QNBAtIk_a",
      "nome": "The BAD END Isn't So Bad"
    },
    {
      "numero": 3,
      "url": "https://www.blogger.com/video.g?token=AD6v5dyztrxPHXZQtxiZWZ3gsXg5KJrmXRdZCRZEL8YkcXxn2oXeAXI_uQawkPXph31jLpFpVbaDvwA4lD2m2qRO-7n8SmQKcp6mBWMLMYoJks5ulQcsjxn9H5EbwcSd9_LCxq9_Z3wn",
      "nome": "Let's Go With BRILLIANT"
    },
    {
      "numero": 4,
      "url": "https://www.blogger.com/video.g?token=AD6v5dyQQTXvOSHVAXg5mTrg1HGZWP4Ks-C-ITfg_vFTU8lqZ25Ixz5SvCJmGBuODR1YZxB7ppUM1F0DD-uqtl3BxtNHrBlo_SpxmGUEIJ0wzH2O7cBe2qekCNfChCoS6XvXozg-d32R",
      "nome": "BREAK OUT STAR"
    },
    {
      "numero": 5,
      "url": "https://www.blogger.com/video.g?token=AD6v5dwnOfzr-7u4xFN2YahcO9vdaj-Okhg1OCbEy8ERiouq-yY-QzzNIsgLFMumxNFbMN3EGJOISVQaTWmGZ1AhHRz7eZ_wUdWmSzZBxTUt3YB2meJoo9jdvBUEv0gvZL4gIpYBqLaf",
      "nome": "BACK TO THE BABY"
    },
    {
      "numero": 6,
      "url": "https://www.blogger.com/video.g?token=AD6v5dwAgddVt20J43Rfqm-8QMO7drS3QVBPCeY4dQECeUuGAzCRPzWOuDBvNr4ugv4Nq6yShcWJosoVvXDlO9J9tsrPlZkxVxYDjZLQ-my1-8kpyI5tEgKC_ZHPkQYVUMcZCg3AxMB9",
      "nome": "SIX SENSE BLADE"
    },
    {
      "numero": 7,
      "url": "https://www.blogger.com/video.g?token=AD6v5dyfbemvvTiq7M6itbbFZ-J67sNUhvrk8XkcZogSJv75J7EAvLJqBwYtnLK3LBzTOaY0U3No67XO9733T-N_GlAMB31_mL-ztgD7Dv9hRdJHUgWH-cSZRtc_984WyTQnDye-gOc",
      "nome": "BULLET of the Heart"
    },
    {
      "numero": 8,
      "url": "https://www.blogger.com/video.g?token=AD6v5dwFbDsJfItws6SgmIMq4-jDdexXPHBIP7s30AMXnChDQQuWl84bKpuXlHISiQqr3JWVQ6s625v3gW1Ig5vKoDnYeU3CEYwL7G36TwME1mLWVSA9Ea8wJgpfc1tAGzBRewsWN9Hd",
      "nome": "BYE-BYE YESTERDAY"
    },
    {
      "numero": 9,
      "url": "https://www.blogger.com/video.g?token=AD6v5dyTrzvnXMqViQP2qVmLKNSoxsD3fCHkN4GSwnl_GWyWBqYIdWsdHi-S8ZAJd0rJ56giee9hbMdaKXVRkB5dS_jO7RQ6ZosXgejj7x_Zogg6tYL_MVlUrnSwj7nEoptCiVcIzk4",
      "nome": "Flirtatious PLAY BOY"
    },
    {
      "numero": 10,
      "url": "https://www.blogger.com/video.g?token=AD6v5dxFu-Gpo_X2MBlXQB151BOAsmrLKWb4f5LjWajqdtvMUPH1UU_Dae3f6ZnJRnvRoFa8uwB87vHKVpDRBtpPpPCLItDLe4DYYMRI6pA6s-WZHFNez4y0i5C7rB3HA7t_BUAW8YF_",
      "nome": "BIRTHDAY"
    },
    {
      "numero": 11,
      "url": "https://www.blogger.com/video.g?token=AD6v5dzMbktqHuDyi-KxJC8lW5zrArS0cPzBdTMe_i3MYTVRG5E8ZB8rAv_qioD71m4s_sHciv8YdzGCt6aTgBkEc6I7D3eGnUn2hiHn3cE2-JRgZMAHCrcit3sClVqG-7KbsvLlNI4",
      "nome": "BEYOND YOU"
    },
    {
      "numero": 12,
      "url": "https://www.blogger.com/video.g?token=AD6v5dy7vxkWxX6mthyzwGKnp190Hfab_EvETQb4h8s-xp2UnKwDo9tDNOaNiW9Uv27bcTsJut2WLTyscE3-KE3g5b3qEEU618wLC584a-YYW40-_OYJ9UGM4InzQeM3-kNk0lc0iGIQ",
      "nome": "BOYS BE AMBITIOUS"
    }
  ]
}