{
  "id": 44081,
  "title": "B-Project: Netsuretsu*Love Call",
  "title_jp": "B-PROJECT ～熱烈＊ラブコール～",
  "slug": "b-project-netsuretsu-love-call",
  "type": "legendados",
  "format": "TV",
  "images": {
    "poster": "https://cdn.myanimelist.net/images/anime/1591/138183l.webp",
    "banner": "https://cdn.myanimelist.net/images/anime/1591/138183.jpg"
  },
  "trailer": "https://www.youtube-nocookie.com/embed/Le-NryrXEmM?enablejsapi=1&wmode=opaque&autoplay=1",
  "synopsis": "The idol unit \"B-PROJECT\" has successfully completed their second JAPAN Dome live concert, and changes are afoot at the major record company \"Gandara Music.\"\n\nTsubasa Sumisora, who works as an A&amp;R, will now oversee not only \"KitaKore,\" \"THRIVE,\" \"MooNs,\" and \"KiLLER KiNG\" but also a new artist from a different genre named \"Ultras.\"\n\nThe synergy created from the meeting of B-PROJECT and Ultras is now resonating with a thrilling and passionate \"love call\"!\n\n(Source: Crunchyroll)",
  "score": 6.3,
  "genres": [],
  "episodes": [
    {
      "numero": 1,
      "url": "https://lightspeedst.net/s6/mp4/b-project-netsuretsu-love-call/fhd/1.mp4",
      "nome": "Big Wave"
    },
    {
      "numero": 2,
      "url": "https://lightspeedst.net/s6/mp4/b-project-netsuretsu-love-call/hd/2.mp4",
      "nome": "Pose a Problem"
    },
    {
      "numero": 3,
      "url": "https://lightspeedst.net/s6/mp4/b-project-netsuretsu-love-call/fhd/3.mp4",
      "nome": "Mess Up"
    },
    {
      "numero": 4,
      "url": "https://lightspeedst.net/s6/mp4/b-project-netsuretsu-love-call/fhd/4.mp4",
      "nome": "Oneself"
    },
    {
      "numero": 5,
      "url": "https://lightspeedst.net/s6/mp4/b-project-netsuretsu-love-call/fhd/5.mp4",
      "nome": "Chemical Change"
    },
    {
      "numero": 6,
      "url": "https://lightspeedst.net/s6/mp4/b-project-netsuretsu-love-call/fhd/6.mp4",
      "nome": "The Goal"
    },
    {
      "numero": 7,
      "url": "https://lightspeedst.net/s6/mp4/b-project-netsuretsu-love-call/fhd/7.mp4",
      "nome": "Each Other"
    },
    {
      "numero": 8,
      "url": "https://lightspeedst.net/s6/mp4/b-project-netsuretsu-love-call/hd/8.mp4",
      "nome": "Fellowship"
    },
    {
      "numero": 9,
      "url": "https://lightspeedst.net/s6/mp4/b-project-netsuretsu-love-call/fhd/9.mp4",
      "nome": "Conflict"
    },
    {
      "numero": 10,
      "url": "https://lightspeedst.net/s6/mp4/b-project-netsuretsu-love-call/fhd/10.mp4",
      "nome": "Harmoniousness"
    },
    {
      "numero": 11,
      "url": "https://lightspeedst.net/s6/mp4/b-project-netsuretsu-love-call/fhd/11.mp4",
      "nome": "Lack Something"
    },
    {
      "numero": 12,
      "url": "https://lightspeedst.net/s6/mp4/b-project-netsuretsu-love-call/fhd/12.mp4",
      "nome": "Love Call"
    }
  ]
}