{
  "id": 32827,
  "title": "B: The Beginning",
  "title_jp": "B: The Beginning",
  "slug": "b-the-beginning",
  "type": "legendados",
  "format": "ONA",
  "images": {
    "poster": "https://cdn.myanimelist.net/images/anime/1564/90469l.webp",
    "banner": "https://cdn.myanimelist.net/images/anime/1564/90469.jpg"
  },
  "trailer": "https://www.youtube-nocookie.com/embed/WUKrj0lPIrk?enablejsapi=1&wmode=opaque&autoplay=1",
  "synopsis": "On the islands of Cremona, a vigilante runs amok. Celebrated by some and hunted by others, the notorious \"Killer B\" takes justice into his own hands, armed with a sharp blade and superhuman abilities. Unable to apprehend this renegade, the Royal Investigation Service (RIS) calls upon the expertise of Keith Flick, a seasoned, yet eccentric detective who was relegated to the Archives Department following a personal loss. As crimes in Cremona begin to escalate, from stealthy executions of wrongdoers to sophisticated strikes on public figures, it soon becomes clear that there is more than one person responsible.\n\nWith the help of his impulsive sidekick Lily Hoshina, and unexpected aid from the elusive Killer B himself, Keith begins to unravel plots involving secret organizations, domestic terrorism, and human experiments. When the involvement of the RIS extends beyond the scope of justice, the extent of the government's corruption—as well as the trustworthiness of close allies—are thrown into question. \n\n[Written by MAL Rewrite]",
  "score": 7.14,
  "genres": [
    "Action",
    "Mystery",
    "Suspense"
  ],
  "episodes": [
    {
      "numero": 1,
      "url": "https://www.blogger.com/video.g?token=AD6v5dyGolO-lHDPPj54rqr0HxjMMWqwcA1_RS5d7QK-loO1NcbE6f-gYGd65qafBLLDZ8-wq2MN_gOPn1RZ9ceQ0l8wwGWnp4Yl5-amU-r1bzQ6hT4qiPTBKwSM_c5RKUhrj1HZMK4",
      "nome": "Episode 1"
    },
    {
      "numero": 2,
      "url": "https://www.blogger.com/video.g?token=AD6v5dyUwDfsLEDu5xtyVGQuNY7ZMH6tRz5JbJhXnSop1A-Mn_9TnjuTvCnFq5sNaG8NtCybfo24LXa2-Cn8XEdX_08q1nlBhjvUUEkLVe6NlQh0FLXz1RfoP5Z62eLllSC3iJplm4Y",
      "nome": "Episode 2"
    },
    {
      "numero": 3,
      "url": "https://www.blogger.com/video.g?token=AD6v5dxfMiF3bas8cODsJi5559MAr-RSrOu0k5pCQao6GDtxWC3bSKoY9OukUMgGoXOd-Agr5gwPbg8G9Ej4XbmEdRh5pMdna3XDNtJbm_W0fwXzBz1jeJ3rKKCuYhNcJ7CRcR1h-OA",
      "nome": "Episode 3"
    },
    {
      "numero": 4,
      "url": "https://www.blogger.com/video.g?token=AD6v5dzU0LUjVrkca0DnGQzOXvwDBn1XsYc3Y2XoaIj6e9-2kMj86bQwSiXYzWfwQs7towrMA99L88_JjLOFeCvVIwaJPLYbed2QQWknEuozqHcXoKWy9jEBR7LqNSr2BHlh0rMQcoM",
      "nome": "Episode 4"
    },
    {
      "numero": 5,
      "url": "https://www.blogger.com/video.g?token=AD6v5dwR4yUzqUXHH75asCTVryPpSq2spK8IWUJU9BGnsqiKyyAGuhvVFDqPIZh5gsz4F1YePKnQuw6qwD7WCw17aS2hqvN0fFBqoaFKhRouP_FV-sKfL_Z5BiwRMEBLB0WW8x80PVc",
      "nome": "Episode 5"
    },
    {
      "numero": 6,
      "url": "https://www.blogger.com/video.g?token=AD6v5dwomNQo7cu-ilqUiCouRHbtygsD8Jqnn4Cmsla3gYl4Xj_kJLT7bMLygcXpjI_TLKkkdEIG3SjiMoy-oZp6UfGQSNkH-LzjIZA2DyxplnYnEuKVmt5IfyuSAoIqRW_AzLYBe80",
      "nome": "Episode 6"
    },
    {
      "numero": 7,
      "url": "https://www.blogger.com/video.g?token=AD6v5dxqxMqiLHvmNKMWWuMAPHfh95blkS5KjPhruJ-BPazJoPzf6MMzjreXc9ptWa6z2yo2hQXSV-mMPXJhJQDXoaHkOARHAOwRdItc1mCC-okRoxdjfS-5fbfktWe1K5FSmePjx3I",
      "nome": "Episode 7"
    },
    {
      "numero": 8,
      "url": "https://www.blogger.com/video.g?token=AD6v5dw8ne2o9QoHlpFG3WGGAn3e7xkQ2q5US-fzQDQ2rOBipqR8h_MBGuUqUjTAvBWSVVSKPYGT_1SFh-NVg-t71OpgBR77uCimZc_LPVm0-WH_EXIOHxme04wXlDl91CMXZ1GCpAQ",
      "nome": "Episode 8"
    },
    {
      "numero": 9,
      "url": "https://www.blogger.com/video.g?token=AD6v5dzRnRMbojdiUnNd-Yakh6fIhq6kVQn2U5FsfYEceA93HvhQJK8W64b2OOs_NrobQuumEKLUxOCCC8ilIJlRmLzxmXQ3F4hS_bcVg1lJsrtSk6CZRhRcVZsKFafo30QF7xI4rLc",
      "nome": "Episode 9"
    },
    {
      "numero": 10,
      "url": "https://www.blogger.com/video.g?token=AD6v5dycnmmf64WFPwmXJhDvUYat5S-ZMdi6Uqm3TcQ959mfrbM3905ba-9XN7sGpspK11AoAOhGH7QuT1u2IajLpP_BKBpJctgQD-wVzyPX9RfcQruE4a8yGVIIJcBUH6a0a7ExbYY",
      "nome": "Episode 10"
    },
    {
      "numero": 11,
      "url": "https://www.blogger.com/video.g?token=AD6v5dxMyVXCoZ2XpClwKxZYUnbqOVZMc5Izqnebao--_BECeO0LP_SIAmfVO_1xJHg9OvJ0p8q_TD6ixMw0RAW0SIdJvUeLPKoL62QaJSQpmd8jdHljrSfeWCE3gWGKln_KYXEpj6w",
      "nome": "Episode 11"
    },
    {
      "numero": 12,
      "url": "https://www.blogger.com/video.g?token=AD6v5dxKXjC48Hf9xjlceQfHALxo8dUn3L5W7YhGIf-YP-gnPZf1pLFV2TTbd9FeVPbsMetFcTXT0KDEjmkf5qPTumQAngWdolHogBMnPkGafSoPep-7GinLWsGf0N3FyYB8KSKFKVkr",
      "nome": "Episode 12"
    }
  ]
}