{
  "id": 58265,
  "title": "Babanbabanban Vampire",
  "title_jp": "ババンババンバンバンパイア",
  "slug": "babanbabanban-vampire",
  "type": "legendados",
  "format": "TV",
  "images": {
    "poster": "https://cdn.myanimelist.net/images/anime/1221/146649l.webp",
    "banner": "https://cdn.myanimelist.net/images/anime/1221/146649.jpg"
  },
  "trailer": "https://www.youtube-nocookie.com/embed/nlqnmg6QELY?enablejsapi=1&wmode=opaque&autoplay=1",
  "synopsis": "A decade ago, 450-year-old vampire Ranmaru Mori was saved from the brink of death by Rihito Tatsuno, a young and innocent boy. Ever since then, Ranmaru has been working at the Tatsuno family's bathhouse with a secret: he wants a taste of Rihito's virgin blood as soon as he turns 18. However, his plan is threatened when Rihito falls in love with a girl on his first day of high school.\n\nJealous and scared that Rihito's pureness will be ruined, Ranmaru begins to lurk in the shadows to protect him from any harm. During his operation, the vampire must keep his real identity hidden and make sure his target's virginity remains unsullied.\n\n[Written by MAL Rewrite]",
  "score": 6.57,
  "genres": [
    "Boys Love",
    "Comedy",
    "Supernatural"
  ],
  "episodes": [
    {
      "numero": 1,
      "url": "https://lightspeedst.net/s7/mp4/babanbabanban-vampire/hd/1.mp4"
    },
    {
      "numero": 2,
      "url": "https://lightspeedst.net/s5/mp4/babanbabanban-vampire/hd/2.mp4"
    },
    {
      "numero": 3,
      "url": "https://www.blogger.com/video.g?token=AD6v5dyM-4_RYvtS1yx2LNjwvCwcKF2VOj_Uek-QNh-_qG04SlSzb4hsi4C2SAezxma_0BltRbX4Ch1wM5WEThS_WWo6IY0C-bP0tPXKKGTz576rtSYxvvTA8iYCKYcqw9G2d6ZDzIA"
    },
    {
      "numero": 4,
      "url": "https://www.blogger.com/video.g?token=AD6v5dzYUh7i5TaKguXcwA1Ll0P2-GBYu7IPhEwhgJDHq4UDSSoRTiUwLM5QS6ExCxOtEGuysgq1au89rXOd-3lbi9WWy0LNS8R1GpH3Osde53bkRKlY1Xbpu_a5HafylPapKZTXf6Q"
    },
    {
      "numero": 5,
      "url": "https://www.blogger.com/video.g?token=AD6v5dxVtOfTxAN0IP91j9-TnzV8w55ILn5uTt1WVBsSpGmsyFmUtFQSJejsUTXI4vBfKgJPRpyqnuv67bKlxofnzD4t1iU_Au41sj_q_-dSIdEhBGFrTKAzrud7V5aP6-gOJLdsAM2Y"
    },
    {
      "numero": 6,
      "url": "https://lightspeedst.net/s5/mp4/babanbabanban-vampire/hd/6.mp4"
    },
    {
      "numero": 7,
      "url": "https://lightspeedst.net/s5/mp4/babanbabanban-vampire/hd/7.mp4"
    },
    {
      "numero": 8,
      "url": "https://lightspeedst.net/s5/mp4/babanbabanban-vampire/hd/8.mp4"
    },
    {
      "numero": 9,
      "url": "https://lightspeedst.net/s5/mp4/babanbabanban-vampire/hd/9.mp4"
    },
    {
      "numero": 10,
      "url": "https://lightspeedst.net/s5/mp4/babanbabanban-vampire/hd/10.mp4"
    },
    {
      "numero": 11,
      "url": "https://lightspeedst.net/s5/mp4/babanbabanban-vampire/hd/11.mp4"
    },
    {
      "numero": 12,
      "url": "https://lightspeedst.net/s5/mp4/babanbabanban-vampire/hd/12.mp4"
    }
  ]
}