{
  "id": 21185,
  "title": "Baby Steps",
  "title_jp": "ベイビーステップ",
  "slug": "baby-steps",
  "type": "legendados",
  "format": "TV",
  "images": {
    "poster": "https://cdn.myanimelist.net/images/anime/5/63361l.webp",
    "banner": "https://cdn.myanimelist.net/images/anime/5/63361.jpg"
  },
  "trailer": null,
  "synopsis": "Diligent and methodical honor student Eiichirou Maruo decides to exercise more during the little free time he has available because he is worried about his health. For this reason, after seeing a flyer, he joins the Southern Tennis Club at the beginning of his freshman year.\n\nDuring his free trial at the club, he meets Natsu Takasaki, another first year student, who is determined on becoming a professional tennis player due to her love for the sport. In contrast, Eiichirou's study-oriented life exists because he believes that it is what he has to do, not because he enjoys it. However, his monotonous days come to an end as the more he plays tennis, the more he becomes fascinated by it.\n\nBaby Steps is the story of a boy who makes the most of his hard-working and perfectionist nature to develop his own unique playing style. Little by little, Eiichirou's skills begin to improve, and he hopes to stand on equal footing with tennis' best players.\n\n[Written by MAL Rewrite]",
  "score": 7.79,
  "genres": [
    "Sports"
  ],
  "episodes": [
    {
      "numero": 1,
      "url": "https://www.blogger.com/video.g?token=AD6v5dzXkgUAxbRbPDUg_SI6qUmmdnlQlFFBYS7aNIdpxZiOc5F3sT16h8l8OhjqM-M1j7NOTSu2xq-EWAObW3Rg1QvQVyfJFrKYIvLnLpGkF4DHavbakBFAFkBJj2tZNw4qc-W6xicr",
      "nome": "Tennis and Notes"
    },
    {
      "numero": 2,
      "url": "https://www.blogger.com/video.g?token=AD6v5dzflSpjiBJisutN315Y3rMSFMgVfxb9ULwCqA06sNaaHMIU_Zm4hj2OxDPe-cyQPVLot2pnaxsEZ07Nef2DKNAi0izrDF18Nm0c8LfUYyfalHRxKdeik_V0RKA_7YiRz4eQbGs",
      "nome": "Methodical and Unorganized"
    },
    {
      "numero": 3,
      "url": "https://www.blogger.com/video.g?token=AD6v5dz1bHJ6ufQEyTuuuFhSmLQs1d_XiUp09UInKlm2WGo2Lrtmzi6dMjyBCGx9tNqExhhc_RT0e-OdRSMIy7KY4sP0vkJCZvCo_TQIjqucQdDUsXqGpPKLrJUxtlcu_UQwCAqXtjAr",
      "nome": "The Contest is a Fight"
    },
    {
      "numero": 4,
      "url": "https://www.blogger.com/video.g?token=AD6v5dyyOncuGj_wJztlHnojnZ2Yyxh0MzTki7upUvy9_-pedfBhik6juDO0RjzSz9SqeJpBHNvbTjsB4AZPKtnEbk-FIZrK5PCKd83oRxG730BLhpnznZgBtBSyawDicRnr8hOu3x0",
      "nome": "Face of Conviction"
    },
    {
      "numero": 5,
      "url": "https://www.blogger.com/video.g?token=AD6v5dxtwer1AM55bF3DdYjEBcB9GBFLPZvjD5pDoK4UfDuruFxoNMpFkSmEYwN1aOs1GtdzzkX1FR1ZktmcvnSgsZF-xRAaLf7BLn7KD2EKHmL_Hi3TdVEnhFDmPk2ed5sVSGsJSQ",
      "nome": "A First Match Full of Surprises"
    },
    {
      "numero": 6,
      "url": "https://www.blogger.com/video.g?token=AD6v5dzFZZ-hPG67tjiZqiEGbKk8XrXKE5iWS7szkgVkF5PF8o_wVUTLEqIzzvrLm5Q5eb4PuKLLYxeWV649nVBi4JxizKIXwZJCBrznyy4JOSkH3YvtCh59j0_eagmflFqKNpTOKRJj",
      "nome": "Diamond in the Rough"
    },
    {
      "numero": 7,
      "url": "https://www.blogger.com/video.g?token=AD6v5dxqz7UI6Qui7pM3H0Jpac-tofuc8yOb2r9KIMZH2WRJ3Gv73OXg_P5DZj4ZK_ur0pcM9Amgo1dCsmvYZ12xcXsHv-iAQqW1rPkcm-5_shqBm7np6oiorG6WSxovldKsABBURT0",
      "nome": "9-Square and Reality"
    },
    {
      "numero": 8,
      "url": "https://www.blogger.com/video.g?token=AD6v5dzJt5NVxbQ3EBj2DpGPzTHZCrCHizNHKFsp_cQmmvHgZIl6uFKvV4bHsZbuMCBLBligvvvVHRXB6pA3nGEr7fcGsYto8lqrl6vF3yGGWS6ZQTz1jfOevLR1R_a-Ej7g353oG7k",
      "nome": "One Year and Twenty Notebooks"
    },
    {
      "numero": 9,
      "url": "https://www.blogger.com/video.g?token=AD6v5dwkFwwoYD3OgvbEeTqHSXX_BootGeM5bSjlWeWKHIlbSB3Wge7-PXorAOZzAl3JVSinD7Jj67bWIOBwQUZtIYjtA53ZVbVg27d6Avkf7hBGeGIoyHgPByxUCqtg4yC_L-dregdI",
      "nome": "Diligence is My Style"
    },
    {
      "numero": 10,
      "url": "https://www.blogger.com/video.g?token=AD6v5dx_YoltdcWLL5J1b9o8WB6vIIF_xQxCUs5YLQv-0Xc2tCHZDM8XOGqhXRYs8xRZ5Uk6Jb-_NKBhOqaRmcejM7ZlZVwXSxuS-A5jjFCsS3NeqtPuuFKwTH_fXQ56iUmXoye-lhvu",
      "nome": "Unease on the Edge"
    },
    {
      "numero": 11,
      "url": "https://www.blogger.com/video.g?token=AD6v5dxNSgF1YDf8XGvKfV9ewI533lpglIWAjSwdUEzeVlB04le91YV_kyht_bPHnOuB6ER1d2oMbQSeDCHq3DBQNmK30zbMDyK676uMtkhg4e5P7nxokPjEbd4yPKyscA3c5JcWdTy6",
      "nome": "Risk and Possibility"
    },
    {
      "numero": 12,
      "url": "https://www.blogger.com/video.g?token=AD6v5dyHT_tnjs7U8lY9y5-Lbhhdz4ayjwlpln-aRxfZwbEVo7_o6rz-OzeO81IjvOCE6Av_fI7bEJCa283qiDuB2aYMKmtaDwIOlOn05vRaFRFlOz4PUXcUC3x0liMJzBayr9q1GA54",
      "nome": "Improvement by Memory"
    },
    {
      "numero": 13,
      "url": "https://www.blogger.com/video.g?token=AD6v5dxe4ZBWFmj1VVQN4a_BjDhuOo_3l9L88KiLNpRJdbZwTXdgPQlJgnVoV13UZBvQreUMti6_SmhsTNCOKu6GAhQXJZcobv2KHK6N0DBbH3gnVXKGsb6TfDmaKqR4s0AeoB8XGvpI",
      "nome": "Art and Technique"
    },
    {
      "numero": 14,
      "url": "https://www.blogger.com/video.g?token=AD6v5dwgv3VDKCJPihZTK5gWesdX5Oiph2SMhfjfkkDMhuctd8Q_HL7UbdJtjKOoicz2qdwnSPq-mf6XG-PKavwdXa-_0tdjwCseho6JgeAuCvW7i-gKJ0er46TjqjFMuOg0MH2ecA",
      "nome": "Putting the Pieces Together"
    },
    {
      "numero": 15,
      "url": "https://www.blogger.com/video.g?token=AD6v5dwKAMRAORH_2rpUZjC_CQZEsKMLhkqNp73QAq8zGGBaUWaXPdRFgRlKZU8jYn_0laATUN-DPDPznfKDs4739bq4WPPcfCVALZNtwA9zf0x_hdESgH9oznjtxlq2zIIByBXkx2w",
      "nome": "Plan to Be Forceful"
    },
    {
      "numero": 16,
      "url": "https://www.blogger.com/video.g?token=AD6v5dzjnAv-JcqhwWikPCj-_aZqDWn8N6pR4nLWvIIQYUHJlmE5tYbM3wBMbY6h7ThlXb8JQXz6CgkQp9zn3IM7FW9oUqSYRiGj3TtAN3ZuOUEtpxVxySU8vxP5zt0sJjhWFQHlOqg",
      "nome": "Beast and Initiative"
    },
    {
      "numero": 17,
      "url": "https://www.blogger.com/video.g?token=AD6v5dwMe4JmQi3RgTMoFNjnXlHSVoFqHsBMb4kOSGQ4BG9lJvWw-7h4ilcywHd_ZekRl-nCGOIFqQxWZubbmH55TDquqiQG6WY6Mzbu6K_yLvsAjpDb2nPOa-zqy17HyjFdCyZbkME",
      "nome": "Pro At My Age"
    },
    {
      "numero": 18,
      "url": "https://www.blogger.com/video.g?token=AD6v5dye24PVrdskjoWWeLuJvvXnF12sqRBW7mnhFbbzogCWw8Ns83ki3aVZWk736-aZcU6nbUMmfyHrC8gIcFIYJ3LIX7zK9xrenMfMd_1CDGWhLxP85Pc1N4YceF4xhRSfKo-mavU",
      "nome": "Determination and Presentation"
    },
    {
      "numero": 19,
      "url": "https://www.blogger.com/video.g?token=AD6v5dw1r0UOyDL2NZXT7h8uJ6o7WjLc4-rBE2v8qxbLptmTAuKCpeq8zbgVIjkokBXYFMCoWeDourKrktJzaHBQrO-6ko7D9YPpUpzvLIKgWsUXuxIVNnKYdzG02rdsul56emDMqa_k",
      "nome": "Resolve and Hell"
    },
    {
      "numero": 20,
      "url": "https://www.blogger.com/video.g?token=AD6v5dxPyeUCivTfebYc1eyWZJMtK4m04JjLMLSJksgnGxCWA8k13LXsBYpszotvVmqVYiAZsZteUUNQPM2wCyk4XVKo93TzZ0WppAK3Au1O_-7bqfexnFXwb6NdXzrKXczKoGQy2A",
      "nome": "Meat Buns and Yakisoba"
    },
    {
      "numero": 21,
      "url": "https://www.blogger.com/video.g?token=AD6v5dyaEwIsFDZ5oBVZDc_FLtplvsPimn5SmMNI1RQOvMr33UX50rtpL4OUALfyAZGaoJmdC1URfdqcJ8URChKz2bNqqQrlwGvHzmGEMEsf0D6Bd5qhsgoGmfNDy_QMDBJr1196mFGB",
      "nome": "Consistency and Change"
    },
    {
      "numero": 22,
      "url": "https://www.blogger.com/video.g?token=AD6v5dx8GsdfGsGMQ_A0uDTmHWBDj7LZa2bpICiJdlDj5DQxzEpym5sut-fpFCdwDxjwPj0MRruP5Bs0QnmCTUcHBe0MdjhrN7442liWB5CbXs__LqPPqh1mjM_vdddofNjIhYQ0ogE",
      "nome": "Fundamentals are the Weakness"
    },
    {
      "numero": 23,
      "url": "https://www.blogger.com/video.g?token=AD6v5dx0J5HKhFvVZ8RnyGglUMKmaKfFUZLDqVw9_SIgXbub-NIi8cAQxLID7Y9KIpqw5tYgJDw7MKCTGdCq3Ik7lYw_98cbRcBTyfHtKRbzwXOpDaG4tVHWeQsMaU2VlRWvyBtI1jw",
      "nome": "Reckless 100-Square"
    },
    {
      "numero": 24,
      "url": "https://www.blogger.com/video.g?token=AD6v5dySWmq5dyICi-aldIoiCHlt3CA2a0vM2689Vr-cgy_51IDUjSVFt4mgPX8zideh9NWOlc5NlwRiPpgV3z4wCNCVArbEn9cwwBJRy3xyli1ntPYL2fdDYWqgiSi6tEyXe0YGpAk",
      "nome": "Duty and Desire"
    },
    {
      "numero": 25,
      "url": "https://www.blogger.com/video.g?token=AD6v5dxc0OdlSnBSHkxx_MW8kjZYEhOTYFHVlM6WF3Msp6Hl3o4WRAa8rXG8jRPY86RzyjZ6s2-NGDQJdZhoC4-nUjhZHQb-TTUkiQikkDzINUpVAPogNR7mwyNA_ttGqaLovcawxZQ",
      "nome": "Eiichiro and Natsu"
    }
  ]
}