{
  "id": 37525,
  "title": "Babylon",
  "title_jp": "バビロン",
  "slug": "babylon",
  "type": "legendados",
  "format": "TV",
  "images": {
    "poster": "https://cdn.myanimelist.net/images/anime/1942/102707l.webp",
    "banner": "https://cdn.myanimelist.net/images/anime/1942/102707.jpg"
  },
  "trailer": "https://www.youtube-nocookie.com/embed/h5KYz_DXqwQ?enablejsapi=1&wmode=opaque&autoplay=1",
  "synopsis": "In the newly formed Shiniki district of Tokyo, Zen Seizaki is a diligent public prosecutor at the Tokyo District Public Prosecutors Office. Assigned to a case involving false advertisement, Zen—along with his assistant officer, Atsuhiko Fumio—investigate Japan Supiri, a pharmaceutical company that had provided fabricated clinical research on the company's new drug. While investigating the file of Shin Inaba, an anesthesiologist connected to the crime, the case takes a dark turn when Zen finds a page stained with a mixture of blood, hair and skin, along with the letter \"F\" scribbled all across the sheet. As he investigates further, the case goes beyond Zen's imagination and becomes vastly complex, challenging his sense of justice and his knowledge of the truth. \n\nDigging deeper into the investigation, Zen begins to uncover a concealed plot behind the ongoing mayoral election and ties to many people of interest involved in the election and those closer than he thinks. The case grows more severe and propels Zen into an unforeseen hurricane of corruption and deceit behind the election, the establishment of the Shiniki district, and the mysterious woman associated with it all. \n\n[Written by MAL Rewrite]",
  "score": 6.74,
  "genres": [
    "Mystery",
    "Suspense"
  ],
  "episodes": [
    {
      "numero": 1,
      "url": "https://www.blogger.com/video.g?token=AD6v5dxvSm1D6W9zfw_yjQgDpkhgZjF8ls2_K8ZsZiTCHErdidUpGr-dU49yl2lsWuCqLb4I4yHQT4Iudky6v7VQKA0_c8NZ_uIs4sGnMckKY1zdplrHiYUpLRDbb2CKFFYUm42YsbLH",
      "nome": "Suspicion"
    },
    {
      "numero": 2,
      "url": "https://www.blogger.com/video.g?token=AD6v5dwJJEEtwxwl-smKob0p7hhVTBzZCRbZzmbJDzVQYVAFEOb33KeclGwzSj1xrUnen6UENWA55aBUYo9-85H1UixodTvyrbnu3xpCvSVp8-0HMGG5K4PJTgdZI_l2u0iXgOmu5u8i",
      "nome": "Target"
    },
    {
      "numero": 3,
      "url": "https://www.blogger.com/video.g?token=AD6v5dy2v_39tQL7IGeaPRqjVPAXn4gLZZLDYpMzquY1oZCF6ntfq8zyPa3-t3X3JAkDzDQlTtHWpjR5yWo25ZbSyOJQqPKP44v4W-j4ZOfRwIvkUJZUlaG-Dw2CjYb4AgZyejMb6f-8",
      "nome": "Revolution"
    },
    {
      "numero": 4,
      "url": "https://www.blogger.com/video.g?token=AD6v5dyjqAGYqzPk5m9dLp-ahFjLx6a-pKJ-CzbGJ2sTUHtNX9c3whJ2dp5MgyN_yucmaT5Au4R0MwyEcjpaPaVOHaLW5U8uqKUiZtGyGbpROuKGdxoyrIe1Aw8_Pe7ydgzslXEFOM-_",
      "nome": "Chase"
    },
    {
      "numero": 5,
      "url": "https://www.blogger.com/video.g?token=AD6v5dxLF1AI63Jp1nXcy_MW3idhFsrhNNTJOIiaMTTK0GAG28QxOJHs2jVzDF89PIwspUzSGSByjGNZ78K1olCz4RzuBLbXr5ITAvSrlzR8UCDqJG8Sew4mFEN1xGz7b7wI2ubnjsZC",
      "nome": "Confession"
    },
    {
      "numero": 6,
      "url": "https://www.blogger.com/video.g?token=AD6v5dw1ehT0Agtfcj8LymdDRrzEDG7q2OhrUro3-AGlNEcIKd2x52kaBaiSQhfA15qRoxaW36ulMDC4u4GscZq8x1Xb14PnNxiT0aeafDl6AqVDX55FQN06gp9aBAHjbVyMz_6bB3hl",
      "nome": "Strategy"
    },
    {
      "numero": 7,
      "url": "https://www.blogger.com/video.g?token=AD6v5dz1BmVSPvG9uxjeu-BQlCtMfAjIjJbjMJvqRa7yQgjtTCoWio-WpKcKo368_AErvj4jLBZxS8bfeVTHOJNYzlB-2mgaSNJJhCh21eaYUA3VOBQVOTIWEjrGvqfcGIhKNXkql36x",
      "nome": "The Most Evil"
    },
    {
      "numero": 8,
      "url": "https://www.blogger.com/video.g?token=AD6v5dxlkuPRcZ0iQxISkAmm7w_UGsOQTMWfEgZ-xSil9lPfXw55FgyK5EVePDVsdkoS8JdwdFoL0ebFzDAriC9J9tMiVOrzKWzBd5GSflyqpQ6z2a2a_f1nUxj1CNrHor6K9MG8V20",
      "nome": "Hope"
    },
    {
      "numero": 9,
      "url": "https://www.blogger.com/video.g?token=AD6v5dwoAYNdI0VRtR7IPpyg7bxIbOwcO1u4IPudxDagG8c0kD4S1HG_4ij2sRpJaOl1cVPwpchEp74dYMu2XoxaWCnPR-8qdAn68Fxhf_GEAX8LDd4SD5FtXe5E-SVch04PuMjR-P65",
      "nome": "Chain"
    },
    {
      "numero": 10,
      "url": "https://www.blogger.com/video.g?token=AD6v5dw-7EDCR-fT6WlxAGYvIXw73zv3cMsVcNRiTbJZnvdNiot1D2JbBBGmiYuwr6sEhbwNiH52v69xZdqRpPuaH4URxuCAB7cWifPgb6uQqu5AD4iA8OUrXklg0pWnNFrdoF2GfU4",
      "nome": "Decision"
    },
    {
      "numero": 11,
      "url": "https://www.blogger.com/video.g?token=AD6v5dzm_6h7wqxQXmbyHO6XV3Z1ILzJA4xPIhxRj0ZcD3HJ0FrgW3gqfZ7izNfyOF1eQ86cybHqwGtza4tmwNYuVnguuWTh8RTy4clYZvu3jUSNoqAo8rpFDvZd5cmn67ASmHTlIInD",
      "nome": "The Curtain Rises"
    },
    {
      "numero": 12,
      "url": "https://www.blogger.com/video.g?token=AD6v5dwGmAXCTI3NhbJHvTSa4uIoTZZC-c7b90qLkQPWBY79E6plDE3VTNnZPX3ePRzfMI1rRgJWvx7iTAIM3CwJ7dTAiQJFqF_UjQ7w85yNH_elzP_Ri-PwqXiN4fS-_uT_PNnHoUFn",
      "nome": "The End"
    }
  ]
}