{
  "id": 27663,
  "title": "Baby Steps 2nd Season",
  "title_jp": "ベイビーステップ 第2シリーズ",
  "slug": "baby-steps-2nd-season",
  "type": "legendados",
  "format": "TV",
  "images": {
    "poster": "https://cdn.myanimelist.net/images/anime/9/73683l.webp",
    "banner": "https://cdn.myanimelist.net/images/anime/9/73683.jpg"
  },
  "trailer": null,
  "synopsis": "After having decided to play tennis at the professional level, Eiichirou Maruo now needs to convince his parents to support his decision. To do so, he makes a wager: if he cannot win the All-Japan Junior Tennis Tournament, he will give up on his dream. However, he will need to improve his skills quickly if he wants to qualify for the tournament and have any chance of defeating the best players in the country. For this reason, his new coach Ryuuhei Aoi suggests that Eiichirou travel abroad to train at the Florida Tennis Academy.\n\nBaby Steps 2nd Season takes the action to America as Eiichirou begins his two-week training program, getting a taste of what tennis is like outside of Japan. With this exciting experience awaiting him, Eiichirou hopes that his training will get him closer to his goal of becoming a professional player.\n\n[Written by MAL Rewrite]",
  "score": 8,
  "genres": [
    "Sports"
  ],
  "episodes": [
    {
      "numero": 1,
      "url": "https://www.blogger.com/video.g?token=AD6v5dwsmaIZCZdj2OKQY75jusjVq5DWJA_kpVPeBAAzPSSFd2qTsrNWCakhzwDJuOnntQDJu1puc7miCmP1HIP6kdTE5KOEPVLpmZ30LyDtauA8jRFArR33smQqhY2LyeQqq41JqEs",
      "nome": "The World and the Wall"
    },
    {
      "numero": 2,
      "url": "https://www.blogger.com/video.g?token=AD6v5dwEfdf00RlKR6y-IwQnKqYW_7k3yVKSbbjO82h1ey-6CrvIHTlmyXDscmtZ7wdZlNnDP41CCLWVjA4S1RtBzkClmYNSYyuCPmnt0GLWz1syAXonLqEuNyxOphcsXW4IDe_F5pEO",
      "nome": "A Vicious Circle is Lucky"
    },
    {
      "numero": 3,
      "url": "https://www.blogger.com/video.g?token=AD6v5dzby32T-LuwJRsZ6UdyOs4Wr9y56NwN8l4g6V7P8oZUM98a05nx1hEFExd6dvLSTx9Fc-uZtWXVjybZx5Oq0chjyr5OD1KNG0eirlD3SjCl-ADxuQLMhs61BfH28uzD0VgEUOQ",
      "nome": "Data for the Future"
    },
    {
      "numero": 4,
      "url": "https://www.blogger.com/video.g?token=AD6v5dw5xHAA-X8fpI7dqG6Koft1CKx7Yo3O8RmHl6ghKNgx9XqpOzBzhdXq4xuNAaWIyQFAojKGBONx1BSXJ11J7EfUhXYlwsY1tOkAmc5stWSWkY2I6fLy3iFVFB1-qNbxoY0kFXY",
      "nome": "Awakening to Simplicity"
    },
    {
      "numero": 5,
      "url": "https://www.blogger.com/video.g?token=AD6v5dzzg3EZL-vrtlkFuz9lT0BlTNw24t5IzCjuSyvbzeSraMCPtwKnlr112gW5XO6mc0xLiv53etYF9RZhgfQQ_wqhuiVguBMP_Op-Kv6k4Se_1h3nz23tZHE8whZm963Cz2XZKx4",
      "nome": "Takuma's Decision"
    },
    {
      "numero": 6,
      "url": "https://www.blogger.com/video.g?token=AD6v5dyCQ3HtklbAatb9ZzxEGp_vLEy_Z1MRdwf_7join8tx-NdpTALevVlWsKZjH5wfzuMi5OH2f_MpLZY-CG7I9FYm8CNYvtmM-JZtApgZUdveRkOUjKUGMaw4AJYB57YFdqWo6h8",
      "nome": "First Encounter by Scouting"
    },
    {
      "numero": 7,
      "url": "https://www.blogger.com/video.g?token=AD6v5dzgz8UkckPtCqNKbFN1cU74IFItdG8vSvdiypNYgSzXrgvwn2ExIUclmQK9S3XYBMHXo8Cc_rFsrQWYs9f2IVKH0geAf8fuJjWpZ-ojzABciN7eqJcLNajHF8Cgq1gXi5per9GR",
      "nome": "Revenge at the Critical Moment"
    },
    {
      "numero": 8,
      "url": "https://www.blogger.com/video.g?token=AD6v5dyQgxQtYPma_qQZ84yKwwzq4Nj3lgD-EWH184nDu0lkLq8FtRs4lqfsbGM1GI8qUbgvVTD4RgEA2bAWJhO7aWJ-y4A_IwOwzpzxLrbyjLynKNr7tXnbzcXCgCpB5Z5fkv7n89fW",
      "nome": "The Speed of Evolution"
    },
    {
      "numero": 9,
      "url": "https://www.blogger.com/video.g?token=AD6v5dwJlIc-BKW-VmsGXWD01PRvbKcCPtlNzw1t0SfO2JlOtKb1wDMMfsNSu9CUZl76RPENxU4vtuesn1AWIAQwJJtNuKhnXRVaT6-fgsF7AyLGndDycFZJwia5u3Ki_xOVtC0sFR4",
      "nome": "Baffled by Intuition"
    },
    {
      "numero": 10,
      "url": "https://www.blogger.com/video.g?token=AD6v5dxNYWP3CwGgBRC97xFs8TmT1CgNyrnXZF6Wyssx7Lq4Mc2TV8uCynU5Dfknd73nZP4MpG-77huNET1Ugr7_Dh_Gbe80S3slKYi74xXA8YtORCO_ag7hljm8s-nina45Ydw3yDI",
      "nome": "Start with a Roar"
    },
    {
      "numero": 11,
      "url": "https://www.blogger.com/video.g?token=AD6v5dx6d7eP9RI-6Rz20HEBfFpv8HsYHkUxm324_maquLictzeNjuqAvE8a-P3aZUMbCFCx5UneKd2xz9KchQDwilvw2VhqGEKgygTb5HGdKMop468tKQO28ulETINTfrJoBZRyz3yQ",
      "nome": "Choices and Explosive Power"
    },
    {
      "numero": 12,
      "url": "https://www.blogger.com/video.g?token=AD6v5dxCmmJrhmiCzWUOUo88BTTeB5hE0vVZKyL7b99CxGTEvL4M52tQCA8vn1u_c3OkJGwd8xc1tjCcBt0MweB8oGxR5y5VoUp5suoGVsAJOfwKLnERuH9_cAHeQr4wyMn_JRw9Fzs",
      "nome": "Full Force Toward Adversity"
    },
    {
      "numero": 13,
      "url": "https://www.blogger.com/video.g?token=AD6v5dylL__gnbMzoj9HbKM1EZNLeQXI5Apx593d4hNlQCqZuO9ZESg3hvQP7dv4isQpt129kMVOczaG7L17HLbhfhQv3nk9dbuKGvD8xIhNVoNY0uTLq6SVgVPG-Udg8EBLTZrVQlnQ",
      "nome": "Gathering of Rivals"
    },
    {
      "numero": 14,
      "url": "https://www.blogger.com/video.g?token=AD6v5dxhFTyr6aVCRYIRRtTywejumE0rVbntS601_FcBwKXKA-9_TCHhLixYGnJLQFxChN_J958bw9XU-_YVLuSkmBOyz8gj1RccsNruwqHxoNZvtv7aFzoY2wXyKrGNpqF_KxUcgdYw",
      "nome": "Moonlight and the Sound of Waves"
    },
    {
      "numero": 15,
      "url": "https://www.blogger.com/video.g?token=AD6v5dzMcGaXD42zBWOoutYCDTfJdN2tKxYtm3B98mfMXOteOw0a-VptgK84Jzm28L5gMUK9ONPexh4MHxHA6QMI534FJZLIz0s_XdSztc1fPhY_VD5KnVdAZBQ2FcAQ_Xi5visPIBo",
      "nome": "A Hero and Loud Cheers"
    },
    {
      "numero": 16,
      "url": "https://www.blogger.com/video.g?token=AD6v5dyumoewViH-tvEuZzEi2DREK9_mBnXG8awvz9XBaxXpy2M9Dx6eAuGK0zHvRKI-gKOecIYHXs5aWdHjnBkzxVl0QJMsWdeDA7tOTaKrx9AYFfY_gU-ZcEbPo14ne9y624B0fLM",
      "nome": "Whish, Then Fwoom"
    },
    {
      "numero": 17,
      "url": "https://www.blogger.com/video.g?token=AD6v5dxmLCvpYs4y_QnwVwVcNjJj65pgqhVLsrjYSdJvRu-PBv2depkjXZp-8M8q4CSn8TwLvtjVuDj49MyLW-qkyCS4ILhq5YX4qq6prFFNHFpxfDeY6Kjrqu0E9ZXztnrg2r8r-c0",
      "nome": "Dramatic By Nature"
    },
    {
      "numero": 18,
      "url": "https://www.blogger.com/video.g?token=AD6v5dzq01cKVTgT8I0jxV2qrk8VToUHDINTOGQwwRRRjV29i_12yYdjySGFTHqNH1mAORPG-8SlIRT7zwmslXvLjUufT5JU_N2nUHExcQlV7GNLCiQ6rgEyb9kxfUdA07tT3IGX-NQ",
      "nome": "Visualize the Pressure"
    },
    {
      "numero": 19,
      "url": "https://www.blogger.com/video.g?token=AD6v5dyWel3d4YPTlgRkJMJF9H7DpCCRurT45dbPMMGrexfsBodzuhL77WiNYhDfDcEUxEPzeKOZR5t2lkmUuvbsli4FkKnEpbzTJ70kvW7UVG9jjAaHvuRohaIUwLN2vUuMxwniGFM",
      "nome": "A Rude First Meeting"
    },
    {
      "numero": 20,
      "url": "https://www.blogger.com/video.g?token=AD6v5dx9qT7PEegYVO6TadAHmAM2htTWVcLe0HsPGxx-Y65NSKf7lkMbHsMvB4cwLI_KIVBNLhCvc9S8CIeBiPpY46mmZzb37rN4KQfVpJKe2GjOU5_6nT8_-YK-ivaaHoVY-BTJkAhX",
      "nome": "Psychological Warfare and Self-Control"
    },
    {
      "numero": 21,
      "url": "https://www.blogger.com/video.g?token=AD6v5dwrS4hIIa8A__WWIVU-2Q_MkINuTGceQ160La0tfmyJKR8eMTJE2jcwng638V0WRGBNLMHAukW_PAxqMJI7WdtRTw_U9R3CYS_rwrFkmA1ERk5ExmJaeTA09CI_PqXhIV8JD_8E",
      "nome": "Good, Evil, and Rules"
    },
    {
      "numero": 22,
      "url": "https://www.blogger.com/video.g?token=AD6v5dzc9qIFdauJVJdeXMeX-xjuj73b78TXi9MAGns004CEiK0Akz-KFVUbsz107Vk-j8N8y7HyLMclFBgho60OeWaEskBQMKMP6eYa3biI-9TLB5ogktDYnaIQJty6dFFAp_xpYMyE",
      "nome": "Existence is the Driving Force"
    },
    {
      "numero": 23,
      "url": "https://www.blogger.com/video.g?token=AD6v5dx6aJotbKDylEVIfSY2Seu8nM3hJr9UbfYNye9-IpFB9y65qQYwgU61X4iuWJX39Wtcy535pq6xs8UU4xNNevNLaUkHJ2wDmFLJzqb-K2rEMSKwBAoa9ZfxqCiUMGj25tBvE_Fe",
      "nome": "Aggressive is Ideal"
    },
    {
      "numero": 24,
      "url": "https://www.blogger.com/video.g?token=AD6v5dxzmhoYZoG4NRRcFER4bZ_GtsmGMKdczU0Kvci05ZPwi4x38Msu5TEbRwHsVi0bPjjU-TN8MwK_74U3RmytFTdvujsXaGL_8mjXQ_Odnv6grYn0ydn_cTvih4Lo3e1LL7cz_rF1",
      "nome": "Recklessness and Surprise"
    },
    {
      "numero": 25,
      "url": "https://www.blogger.com/video.g?token=AD6v5dxla-rj8YBhSXLJPmO9qZXzuZ0gouwExLlmmeZ3nU2Vcw0YvNURJP_KCE5Q1cAxHOlefWno1hlRQ2td_50ck4TH0a3YMdI44q6yVVCRazIqRJTC8wGy9M_5dTi4w7ywVyq1z_bR",
      "nome": "Final Set"
    }
  ]
}