{
  "id": 10196,
  "title": "Baby Princess 3D Paradise 0 [Love]",
  "title_jp": "ベイビー・プリンセス 3Dぱらだいす0[ラブ]",
  "slug": "baby-princess-3d-paradise-0-love",
  "type": "legendados",
  "format": "OVA",
  "images": {
    "poster": "https://cdn.myanimelist.net/images/anime/1224/114633l.webp",
    "banner": "https://cdn.myanimelist.net/images/anime/1224/114633.jpg"
  },
  "trailer": "https://www.youtube-nocookie.com/embed/hBqTF4WC1dk?enablejsapi=1&wmode=opaque&autoplay=1",
  "synopsis": "A high school senior named Yotaro thought he was an only child—until he met his real mother and discovered that she has 19 daughters, from 0 to 18 years old. He ends up living with his \"true family.\"",
  "score": 6.36,
  "genres": [
    "Ecchi"
  ],
  "episodes": [
    {
      "numero": 1,
      "url": "https://www.blogger.com/video.g?token=AD6v5dxDfSm0mFWxfopyPptfIbrYfqBGShU7mFTcI4_lApCHx3iZGebuokDw7Xll4wFhKS_ZgIzoDVqCKfJzbwJqc-eneTJ-hftW55hmHw4R0uleJXzAuaI8aG7ogM9HTKQjfYmyAsI"
    }
  ]
}