{
  "id": 36873,
  "title": "Back Street Girls: Gokudolls",
  "title_jp": "Back Street Girls -ゴクドルズ",
  "slug": "back-street-girls-gokudolls",
  "type": "legendados",
  "format": "TV",
  "images": {
    "poster": "https://cdn.myanimelist.net/images/anime/1484/93140l.webp",
    "banner": "https://cdn.myanimelist.net/images/anime/1484/93140.jpg"
  },
  "trailer": "https://www.youtube-nocookie.com/embed/kkTtdrG8s7M?enablejsapi=1&wmode=opaque&autoplay=1",
  "synopsis": "After failing their boss for the last time, yakuza members Kentarou, Ryou, and Kazuhiko are faced with one of two choices: have their organs harvested and sold or take a trip to Thailand for sex reassignment surgery and become pop idols. Now, after a year of excruciating training, the three thugs have been reborn as Airi, Chika, and Mari. Debuting as the amateur idol group The Goku Dolls, the three strive towards becoming top idols.\n\nHowever, despite the hours of feminizing brainwashing they were forced to endure, the three idols have managed to keep the yakuza spirit alive in their hearts. In order to fix this, their yakuza boss hires Mandarin Kinoshita, a legendary manager who has never had an idol group fail under his management. With their lives now on the line, the reluctant yakuza must work with their new manager to unleash their inner cuteness and become the successful idols that their tyrannical boss can truly be proud of. \n\n[Written by MAL Rewrite]",
  "score": 6.98,
  "genres": [
    "Comedy",
    "Ecchi"
  ],
  "episodes": [
    {
      "numero": 1,
      "url": "https://www.blogger.com/video.g?token=AD6v5dxe7L0TQmPtX_PJVzhVwi223H8AKGzJxe1VXVNKVrXBBZe010diudJNSZeEktnyK9_wDRnpVcFVGRZJexoncUjJVd8ulFKT2-TD1SmpvhKwLEWSCCtPpIWLm23Bzu4Hu9wqzSE",
      "nome": "Episode 1"
    },
    {
      "numero": 2,
      "url": "https://www.blogger.com/video.g?token=AD6v5dzp5pPKAPk_LB1lLLKliYEDnZcoeKwduW6vLyuV_XCqopzVF6xx7MRfYoIvmDCyWU3R7iAOB20rl0pSHOWlPRHg_7mKNvYUijKTppKOuS_EyaFgxeBCsgp9Jlj0N49rj0Kx45s",
      "nome": "Episode 2"
    },
    {
      "numero": 3,
      "url": "https://www.blogger.com/video.g?token=AD6v5dzqBpfPvj3dS3QrhD6hAqN0nejvBUH04EhY9sWs9CgZgczRMfEgsCgfXUt0XT3hiF61rTp73DgzxV66QvbZgikxJiqBSkxGrLlOWbipLRa7EMgGSxkBTK79hmFz-BpVLjehc9tF",
      "nome": "Episode 3"
    },
    {
      "numero": 4,
      "url": "https://www.blogger.com/video.g?token=AD6v5dytOTIqJcmTysxSrtCGq4Ut5-MLLlpCwPFskVpIZDsfWc9D9qHCiYNtdR4ZtsRCamyawg7SiqGW1dsWxwbGq1n0O7B9e1dN2KMjTjG3YrdU1HUlxrZ0grUmpARbG5RYzMpJPK8i",
      "nome": "Episode 4"
    },
    {
      "numero": 5,
      "url": "https://www.blogger.com/video.g?token=AD6v5dxBBViLSj4e1iM2gGsPpQbBIDt-0-wwgM82MGNHKCrVzNC7xCB6GCBeVyqE3dVApM8ipZoFt_BSldFPd36bkp1t9fYtOPzPS4A5OYvLsbTlgZUchus5gW86f3RVHR1Y8M6XLw",
      "nome": "Episode 5"
    },
    {
      "numero": 6,
      "url": "https://www.blogger.com/video.g?token=AD6v5dzphAEYwzEXNsoFTQt8utyWcI2yIR_mQ3VDCvgXTvQxqTJGxhajn6GWGp-m2kmvSyFT0PSSuWHX2DdZp2GTd5D8GCdbj38D9OwOS2Sf0JTlKfkFg5LG7yv488A0ViEvLY5LVI-J",
      "nome": "Episode 6"
    },
    {
      "numero": 7,
      "url": "https://www.blogger.com/video.g?token=AD6v5dzOk2P6kbj-S01FOaJ_fKQLDsf1KVCKX5uwJGjvHXVqXiS_xBeVVRE9MkWEFUvDq53chVNk2YdyUwatXhvA4ghwIAFG0E6fqlqCw-r41-T0XKclkEvUG7r1nv5q528-p5_l4TaM",
      "nome": "Episode 7"
    },
    {
      "numero": 8,
      "url": "https://www.blogger.com/video.g?token=AD6v5dzxIOfoaDAj9NDp45AvXCMR1VUUB_C8Eyh4bwJOItQ-MLhHigkqfe7V7tB7kAprwmI4UYwkyT4u5VG2q2mC8IX1IjAqC7q3ciUtt-QOHQFg-la5EKAAHUwzVHF7gozHiaqtcpIx",
      "nome": "Episode 8"
    }
  ]
}