{
  "id": 40964,
  "title": "Back Arrow (Dublado)",
  "title_jp": "バック・アロウ",
  "slug": "back-arrow-dublado",
  "type": "dublados",
  "format": "TV",
  "images": {
    "poster": "https://cdn.myanimelist.net/images/anime/1373/111546l.webp",
    "banner": "https://cdn.myanimelist.net/images/anime/1373/111546.jpg"
  },
  "trailer": "https://www.youtube-nocookie.com/embed/AbdJ4xLtBes?enablejsapi=1&wmode=opaque&autoplay=1",
  "synopsis": "The world of Lingalind is surrounded by a mystical wall with seemingly nothing beyond its confines. Worshipped as the mother of the land, the wall delivers celestial gift capsules called \"Rakuho'' to locations across the continent. Arriving once a month, the capsules contain metallic armbands that allow the wearer to transform into a mechanical being known as a \"Briheight.\" As a result, Lingalind is thrown into constant turmoil by its warring nations, all hoping to strengthen their military prowess by procuring the offerings for themselves.\n\nOne day, a Rakuho crash-lands in the countryside with an unexpected inhabitant—a mysterious black-haired man. All eyes are set on this strange newcomer, who calls himself \"Back Arrow,\" when he claims to have hailed from a place beyond the wall—a revelation that can potentially unravel Lingalind's entire dogmatic foundation.\n\n[Written by MAL Rewrite]",
  "score": 6.33,
  "genres": [
    "Fantasy"
  ],
  "episodes": [
    {
      "numero": 1,
      "url": "https://lightspeedst.net/s1/mp4/back-arrow-dublado/sd/1.mp4",
      "nome": "Do Guys From the Sky Have Undies?"
    },
    {
      "numero": 2,
      "url": "https://lightspeedst.net/s1/mp4/back-arrow-dublado/sd/2.mp4",
      "nome": "Is Having Dreams a Burden?"
    },
    {
      "numero": 3,
      "url": "https://lightspeedst.net/s1/mp4/back-arrow-dublado/sd/3.mp4",
      "nome": "Does a Huge Ship Bring Hope?"
    },
    {
      "numero": 4,
      "url": "https://lightspeedst.net/s1/mp4/back-arrow-dublado/hd/4.mp4",
      "nome": "Does Genius Come When Least Expected?"
    },
    {
      "numero": 5,
      "url": "https://lightspeedst.net/s1/mp4/back-arrow-dublado/sd/5.mp4",
      "nome": "Is Today Yesterday's Tomorrow?"
    },
    {
      "numero": 6,
      "url": "https://lightspeedst.net/s1/mp4/back-arrow-dublado/hd/6.mp4",
      "nome": "Are Pretty Boy Farms a Thing?"
    },
    {
      "numero": 7,
      "url": "https://lightspeedst.net/s1/mp4/back-arrow-dublado/sd/7.mp4",
      "nome": "Is the Wall Really That Solid?"
    },
    {
      "numero": 8,
      "url": "https://lightspeedst.net/s1/mp4/back-arrow-dublado/sd/8.mp4",
      "nome": "What is the Bloodstained Knight Hiding?"
    },
    {
      "numero": 9,
      "url": "https://lightspeedst.net/s1/mp4/back-arrow-dublado/sd/9.mp4",
      "nome": "Why Do Lips that Profess Love Hide Fangs?"
    },
    {
      "numero": 10,
      "url": "https://lightspeedst.net/s1/mp4/back-arrow-dublado/hd/10.mp4",
      "nome": "Can Have-Nots Have Backbone?"
    },
    {
      "numero": 11,
      "url": "https://lightspeedst.net/s1/mp4/back-arrow-dublado/sd/11.mp4",
      "nome": "Is This a Head-to-Head Fight?"
    },
    {
      "numero": 12,
      "url": "https://lightspeedst.net/s1/mp4/back-arrow-dublado/hd/12.mp4",
      "nome": "Is Too Much Pride A Problem?"
    },
    {
      "numero": 13,
      "url": "https://lightspeedst.net/s1/mp4/back-arrow-dublado/hd/13.mp4",
      "nome": "Do the Heavens Cry When the Princess Rises?"
    },
    {
      "numero": 14,
      "url": "https://lightspeedst.net/s1/mp4/back-arrow-dublado/hd/14.mp4",
      "nome": "Is There Love on the Battlefield?"
    },
    {
      "numero": 15,
      "url": "https://lightspeedst.net/s1/mp4/back-arrow-dublado/hd/15.mp4",
      "nome": "What Will the Riots Produce?"
    },
    {
      "numero": 16,
      "url": "https://lightspeedst.net/s1/mp4/back-arrow-dublado/sd/16.mp4",
      "nome": "When People Want Peace, What Does God Want?"
    },
    {
      "numero": 17,
      "url": "https://lightspeedst.net/s1/mp4/back-arrow-dublado/sd/17.mp4",
      "nome": "Is This How They Rise Up?"
    },
    {
      "numero": 18,
      "url": "https://lightspeedst.net/s1/mp4/back-arrow-dublado/sd/18.mp4",
      "nome": "Is This the World's Truth?"
    },
    {
      "numero": 19,
      "url": "https://lightspeedst.net/s1/mp4/back-arrow-dublado/hd/19.mp4",
      "nome": "Can You Sort This Out?"
    },
    {
      "numero": 20,
      "url": "https://lightspeedst.net/s1/mp4/back-arrow-dublado/hd/20.mp4",
      "nome": "Does People's Anger Reach God?"
    },
    {
      "numero": 21,
      "url": "https://lightspeedst.net/s1/mp4/back-arrow-dublado/hd/21.mp4",
      "nome": "Who Will Stop Me?"
    },
    {
      "numero": 22,
      "url": "https://lightspeedst.net/s1/mp4/back-arrow-dublado/hd/22.mp4",
      "nome": "But What Do I Live For?"
    },
    {
      "numero": 23,
      "url": "https://lightspeedst.net/s1/mp4/back-arrow-dublado/hd/23.mp4",
      "nome": "Does Destruction Rain From the Heavens?"
    },
    {
      "numero": 24,
      "url": "https://lightspeedst.net/s1/mp4/back-arrow-dublado/sd/24.mp4",
      "nome": "Do We Head for the Stars?"
    }
  ]
}