{
  "id": 59161,
  "title": "Bad Girl",
  "title_jp": "ばっどがーる",
  "slug": "bad-girl",
  "type": "legendados",
  "format": "TV",
  "images": {
    "poster": "https://cdn.myanimelist.net/images/anime/1672/148848l.webp",
    "banner": "https://cdn.myanimelist.net/images/anime/1672/148848.jpg"
  },
  "trailer": "https://www.youtube-nocookie.com/embed/QUeiRyKjsmE?enablejsapi=1&wmode=opaque&autoplay=1",
  "synopsis": "High school first year Yuu Yuutani has always been a good girl, following the rules, helping out around her house, and generally going through life unnoticed. From afar, she reveres her upperclassman and the school's Public Decency Officer, Atori Mizutori, and desperately wants her attention. When she realizes that the best way to get Atori to notice her is to be a delinquent, she begins to dress differently: she dyes parts of her hair a bright red, wears clips on her ears to resemble piercings, and attaches jumbo erasers to her shoes to give them thicker soles.\n\nDespite Yuu's best efforts and even with the advice of her \"natural born delinquent\" friend Suzu Suzukaze, all of her plans to be a bad girl go awry. Still, Yuu manages to befriend Atori and pledges to spend as much time as possible together, not knowing there are others vying for Atori's attention. In the process, Yuu has also gained the attention of the school's self-proclaimed idol, Rura Ruriha, filling her once-invisible life with more attention than she may be able to handle.\n\n[Written by MAL Rewrite]",
  "score": 7.06,
  "genres": [
    "Comedy"
  ],
  "episodes": [
    {
      "numero": 1,
      "url": "https://lightspeedst.net/s5/mp4_temp/bad-girl/1/720p.mp4",
      "nome": "As of Today, I'm a Bad Girl! / I Wanna Be a Bad Girl! / Dog Ears and a Collar / Suzukaze-san's Many Misunderstandings!"
    },
    {
      "numero": 2,
      "url": "https://lightspeedst.net/s5/mp4_temp/bad-girl/2/720p.mp4",
      "nome": "Natural-Born Ero-ist / Secret Club / Please Tell Me! / Rura-chan Wants to be Pampered"
    },
    {
      "numero": 3,
      "url": "https://lightspeedst.net/s5/mp4_temp/bad-girl/3/720p.mp4",
      "nome": "I Hate You / Is Ruu Cute? / First Kiss / Suzukaze-san's Many Misunderstandings!"
    },
    {
      "numero": 4,
      "url": "https://lightspeedst.net/s5/mp4_temp/bad-girl/4/720p.mp4",
      "nome": "ADC Committee Assemble! / The Secret Classroom / A Rendez-vous with Rura Ruriha / Rura-chan Wants to be Pampered"
    },
    {
      "numero": 5,
      "url": "https://lightspeedst.net/s5/mp4_temp/bad-girl/5/720p.mp4",
      "nome": "Shijimi and Hotate / Bool! / I've got you now! / Suzukaze-san's Many Misunderstandings!"
    },
    {
      "numero": 6,
      "url": "https://lightspeedst.net/s5/mp4_temp/bad-girl/6/720p.mp4",
      "nome": "Violent Times / Four-lling in Love / Heaven and Hell / Suzukaze-san Wants to Be By Her Side"
    },
    {
      "numero": 7,
      "url": "https://lightspeedst.net/s5/mp4_temp/bad-girl/7/720p.mp4",
      "nome": "Clothes Change Chaos / The Enemy is Within the Classroom / Welcome to Cafe Scramble! / Rura-chan Wants to be Pampered"
    },
    {
      "numero": 8,
      "url": "https://lightspeedst.net/s5/mp4_temp/bad-girl/8/720p.mp4",
      "nome": "A Co-Ord Based on Vibes / Confession / She's Here! / A Troublesome Senpai's Interest in Her Kouhai"
    },
    {
      "numero": 9,
      "url": "https://lightspeedst.net/s5/mp4_temp/bad-girl/9/720p.mp4",
      "nome": "Something Bad / Another Mountain / I'll Tempt You! / Suzukaze-san's Many Misunderstandings!"
    },
    {
      "numero": 10,
      "url": "https://lightspeedst.net/s5/mp4_temp/bad-girl/10/720p.mp4",
      "nome": "In the Private Study Room / Gripping Rather Than Grabbing / In My Room / Suzukaze-san's Many Misunderstandings!"
    },
    {
      "numero": 11,
      "url": "https://lightspeedst.net/s5/mp4_temp/bad-girl/11/720p.mp4",
      "nome": "A Really Fun Toy / Yuri-Track Camp / Wibutt / Rura-chan Wants to be Pampered"
    },
    {
      "numero": 12,
      "url": "https://lightspeedst.net/s5/mp4_temp/bad-girl/12/720p.mp4",
      "nome": "Goodbye / I'll Give You All of Them! / The Ultimate Bad Girl / Suzu-chan is All Mine"
    }
  ]
}