{
  "id": 5081,
  "title": "Bakemonogatari",
  "title_jp": "化物語",
  "slug": "bakemonogatari",
  "type": "legendados",
  "format": "TV",
  "images": {
    "poster": "https://cdn.myanimelist.net/images/anime/11/75274l.webp",
    "banner": "https://cdn.myanimelist.net/images/anime/11/75274.jpg"
  },
  "trailer": "https://www.youtube-nocookie.com/embed/PugZi9QKL64?enablejsapi=1&wmode=opaque&autoplay=1",
  "synopsis": "Koyomi Araragi, a third-year high school student, manages to survive a vampire attack with the help of Meme Oshino, a strange man residing in an abandoned building. Though being saved from vampirism and now a human again, several side effects such as superhuman healing abilities and enhanced vision still remain. Regardless, Araragi tries to live the life of a normal student, with the help of his friend and the class president, Tsubasa Hanekawa.\n\nWhen fellow classmate Hitagi Senjougahara falls down the stairs and is caught by Araragi, the boy realizes that the girl is unnaturally weightless. Despite Senjougahara's protests, Araragi insists he help her, deciding to enlist the aid of Oshino, the very man who had once helped him with his own predicament.\n\nThrough several tales involving demons and gods, Bakemonogatari follows Araragi as he attempts to help those who suffer from supernatural maladies.\n\n[Written by MAL Rewrite]",
  "score": 8.32,
  "genres": [
    "Mystery",
    "Romance",
    "Supernatural"
  ],
  "episodes": [
    {
      "numero": 1,
      "url": "https://www.blogger.com/video.g?token=AD6v5dxiz0dxxbieif6GGO9kQ8GJZl4F0ZIYarWS6u6sCMQFNorHnF0QqGttN1Ia4TwyfxA8jnu88NQ5bQaJ7Zsv6J3OO0094qBkU7dyB5fYm6JJ10Jlx7fNp8C7wEMoV29NhLo3JbA",
      "nome": "Hitagi Crab, Part One"
    },
    {
      "numero": 2,
      "url": "https://www.blogger.com/video.g?token=AD6v5dxna2x_ReKgzlp7pL25NQAC7R3clKLi32H-I6YDtSx5uyoUP94eGzUfIzRixzYAq1gnJkhnPrxMJvqM7_EH6_Mm41dOhYJDkhJ4yy6kqjR89Tgth1w5b5AySKYyjNXe50RG9M8",
      "nome": "Hitagi Crab, Part Two"
    },
    {
      "numero": 3,
      "url": "https://www.blogger.com/video.g?token=AD6v5dz75uHGKuA_cmB0yhV0R74tJBPGgIVxoZCc8QBe3HAcIfnebO_YioWzrf0kiMW_wC1zXIotBlQFmJW_8bmYtQIpMfHjLcJShhIxP5Y-F38jW5Pd1QYFpU6Z5ifjuKbzCRHwFOE",
      "nome": "Mayoi Snail, Part One"
    },
    {
      "numero": 4,
      "url": "https://www.blogger.com/video.g?token=AD6v5dxj7F5QdODEvQ_G7HkvFQ5yAHv8nBZ3oaYCpiD0WqzfXiXcEsmWBI9Eao27SEFo3IRHXyCGJxQ23hNlME9GdXypgcoZOUZId2M4Pb5RMkO6LU0znNobOs4Ro7KoVtDXrDxXtbw",
      "nome": "Mayoi Snail, Part Two"
    },
    {
      "numero": 5,
      "url": "https://www.blogger.com/video.g?token=AD6v5dzL3Dgqhp0uHpSBZInIcCdy9VY4kK5WfL7cSq0hRxZrjH8h67pJQxyDYnFiyBVyTTFIFNYVJUIN_OIvzp73YamB87p3vc95gxNzTL3Mhw8EBezMrEBtdGbVvGnnbtKLc8JM1nk",
      "nome": "Mayoi Snail, Part Three"
    },
    {
      "numero": 6,
      "url": "https://www.blogger.com/video.g?token=AD6v5dwRsL1nvbmMTXG3koZTyN2oykexM5FtxSgWGNsg-Hq2G4xaFNCQ7-fx9M0btgmOsyZ_OEEYw21VghgXJA5KYCIxNnwlLFHUJk67m9z1-WOuChNAE9Bm_oPDe558da2qI3JFpcA",
      "nome": "Suruga Monkey, Part One"
    },
    {
      "numero": 7,
      "url": "https://www.blogger.com/video.g?token=AD6v5dxBl1bKlyFcVgOSi6EmjEorvPvPDCNNml6gz2R1iTh8OY8efXqD11o4EDY7ki5LudiIvcNE8h62WoTVqqq6QyMwkQFAXJJkgXPrx2KhorGt_L_7-JMobkHn21WOAyIMDoONi9zL",
      "nome": "Suruga Monkey, Part Two"
    },
    {
      "numero": 8,
      "url": "https://www.blogger.com/video.g?token=AD6v5dx-zwHmTRwT2_UoAa6WgBXd98Q8JuEE31SyXJ41q83l938FxwdIfsJIVJpRJNvHlhhC9NhH1qhSNdBA1dbXbnnuqeC-E1ZL04WPU5KyI-ANY0CpmezgNvkrBTbTAKkpyZP5N6rA",
      "nome": "Suruga Monkey, Part Three"
    },
    {
      "numero": 9,
      "url": "https://www.blogger.com/video.g?token=AD6v5dyj13GHvNGq0gmSQacUP_s-JytjWrDHiVmretjtN97oaCtgwekptyQDR6GkelqDcLRNwSCBdnKXRnkXCrCEbHQF2_ofF6SdZSX5VI8uTNj5M9jOdgsqep8qWHMeVgX9tLvyLBIp",
      "nome": "Nadeko Snake, Part One"
    },
    {
      "numero": 10,
      "url": "https://www.blogger.com/video.g?token=AD6v5dz5eSChx3EinJsmek11WjtBUVlSHzNFtvs-_772UXYv8xOBuipW0c1VYWPsZZ_EXqTySxgrGc6J7-y8GnDCZJ5luTyY_AYMlPm7NwbgmMxd5U7qK8Mat223I5ilOuM7ediQ2v0",
      "nome": "Nadeko Snake, Part Two"
    },
    {
      "numero": 11,
      "url": "https://www.blogger.com/video.g?token=AD6v5dyFOQ969q9qlsyoaJmy3D2mRnRRdUD0mZz9MHd1fxJJKFQab9Npdxjn0mUveZ7QR8C684goKTx9qIgEy7vHssZ8G2yPrNNGTZ56i3cqSiy_9a9Kuc_9SHtinUA-phjx7Xh3lTZJ",
      "nome": "Tsubasa Cat, Part One"
    },
    {
      "numero": 12,
      "url": "https://www.blogger.com/video.g?token=AD6v5dzPW8wT-1p7X-bNhCCfwFs6AlOd02UNx6j-yH0nzVEeomVpdahPef2YhqGUBeEVAt_-nCqFsBwBf7gmVKEQWfQ_ZjStdti1z3VP71HNQGX9QvwC3MQ_YAJnhEW5OehZRzOdWXf5",
      "nome": "Tsubasa Cat, Part Two"
    },
    {
      "numero": 13,
      "url": "https://www.blogger.com/video.g?token=AD6v5dz92CXe_4FfKPLPLTiL1HCGhpYmJ0k6t4jXnAqrtbuI1eSsRLViw6FB2NYsrZDtAf2oQQrNJoSNLTCYSLP1F9a35KqBCvJnEswXVt6vg-NhjNsOZ8NHVrd5NkNAou8F8iCoTGBc",
      "nome": "Tsubasa Cat, Part Three"
    },
    {
      "numero": 14,
      "url": "https://www.blogger.com/video.g?token=AD6v5dytBKXk5GBL5ShbSSrHIPhO1FZ_oC7OlXnv01DdeDkEFVxtd9oGAd_ZKzWBisw7GwtJw_OzrqV6ul1NUWltc_ZtvxS2to-ee8Sy8sIcR7XxVxYQ7UoTzeyDbrlLZDlEf-sVY8gI",
      "nome": "Tsubasa Cat, Part Four"
    },
    {
      "numero": 15,
      "url": "https://www.blogger.com/video.g?token=AD6v5dwZ8nkL7EhJ_tcoTFqRful5WVO9ne8GjoSApLVdbNVa5LWilHYkckiP2nKAFhJBWzRMxtAiLU9AGrPSmlzXSUIEb1mwi1Zk7DhuwAlqB6rt4pMkcssnuZ_JTRrc63PHyPzxiuuF",
      "nome": "Tsubasa Cat, Part Five"
    }
  ]
}