{
  "id": 34443,
  "title": "Baki (Dublado)",
  "title_jp": "バキ",
  "slug": "baki-dublado",
  "type": "dublados",
  "format": "ONA",
  "images": {
    "poster": "https://cdn.myanimelist.net/images/anime/1979/93135l.webp",
    "banner": "https://cdn.myanimelist.net/images/anime/1979/93135.jpg"
  },
  "trailer": "https://www.youtube-nocookie.com/embed/00nwsWLCDv4?enablejsapi=1&wmode=opaque&autoplay=1",
  "synopsis": "After emerging victorious from a brutal underground tournament, Baki Hanma continues on his path to defeat his father, Yuujirou, the strongest man in the world. However, he gets no time to rest when the tournament runner, Tokugawa Mitsunari, visits him at school. He reveals to Baki that five incredibly dangerous death row inmates from around the world—all skilled in martial arts—have simultaneously escaped confinement and are heading to Tokyo, each wishing to finally know the taste of defeat. Tokugawa warns that, due to his well-known strength, Baki is bound to encounter them sooner or later, and he will not be their only target.\n\nAdapting the first saga of the second manga series, Baki centers on the all-out war between the esteemed martial artists of Japan and those of the dark underground world.\n\n[Written by MAL Rewrite]",
  "score": 7.31,
  "genres": [
    "Sports"
  ],
  "episodes": [
    {
      "numero": 1,
      "url": "https://www.blogger.com/video.g?token=AD6v5dx2m_FM6JJ-uYE1EHxPzCjlBaAuLpE3zyegNTtL8NbquO2ly-cME0hdbL9tzdHD8jQ-apJsHDHI7Pa4HBZ2hGPnxxevOjLAHw1T9yXrNlvvni_W9mXYuKc2GIyY95vaJsfgidg",
      "nome": "Synchronicity"
    },
    {
      "numero": 2,
      "url": "https://www.blogger.com/video.g?token=AD6v5dyBU2CqsqMwod8Wulk7d263prnxPu_YJwvjLTwUS4-Obazdftac3rLoweO8QPhgoP-_QR57dL3OGamtTvI300DRrrcH2enZB79A62NdKP_FAGfEptEbv-pFN1YZeZMwoaDEyuQ",
      "nome": "Dark Martial Arts"
    },
    {
      "numero": 3,
      "url": "https://www.blogger.com/video.g?token=AD6v5dyeQrmqVf7VP2gyf6tBtsXZHf-NIuSqwCvL-Fs0qFpOVekU2lpc0vLTP3sSqFmrEjaGbqlbMcbZD6QqOYWp0L1msDTIMujw8BxGzBQkfxe0BMfa7FgUMPCQvNecSELVD98jx8g",
      "nome": "They're Finally Here!!"
    },
    {
      "numero": 4,
      "url": "https://www.blogger.com/video.g?token=AD6v5dznP74vsc3beWF5OY_yFOgVhbXCv38U66wfWMuZ_hFh09RVT-1sLkcoBnAWbZj0E34RglvmNzW2R5XiArlzR6l3Sm9ef4wAatSbNUPbRvWRpo5EvLjZyp0L3ppfh7Z0nx8qRRU",
      "nome": "The Battle Begins!!"
    },
    {
      "numero": 5,
      "url": "https://www.blogger.com/video.g?token=AD6v5dwLEsPRK1Av41MTxuqysbSNAz_ZFvOysTT5VTQ4jmNSHSSE2YHrZnLjJYn3I4MxNZC3j0voLr3t9Uj-WaZM75rXcRZlW0l9o2dt8lN81OpMUUs3FAT5-jMI3d3S6d2c2MgWzm8",
      "nome": "Want Some More?"
    },
    {
      "numero": 6,
      "url": "https://www.blogger.com/video.g?token=AD6v5dxWc7yWtXvarSIRnY9qXw0PBxKTSe4B85SH-V_j9sAfDSS6koGDvE-zbwODzGpxoPFRJgOW0PcmejC58qkhYEwVLk1KYV9zToB4aVMP7VpwtPpSJ7PcDXcKp9KFzbnHFimcblQ",
      "nome": "Sergeant Katahira's Report"
    },
    {
      "numero": 7,
      "url": "https://www.blogger.com/video.g?token=AD6v5dwvS_read-xuaD2e7QzuE6UIm44GmtU6LE-AgYyuDylAydS5wbs6kn-nZP2iXgzb2cuAvXpTrg3CA5L74aQQp7yCEfPFX83wp6Zbmq8D4xZws4RpXTzsyPndxbCUSfpVCfEYVo",
      "nome": "A Formidable Team"
    },
    {
      "numero": 8,
      "url": "https://www.blogger.com/video.g?token=AD6v5dwtmL5VY9XwUKf7aEoVKSWryglLsdW1tIQRyRrt38YSxieo7on8nN0sNyMuQ8zMR3VG5mzrN77n_cjQAzzgX75M37tsxies8YWYbsGJkMiXGZN0r-ohZt4__jdtxkf9vVUL8qhZ",
      "nome": "A Match vs a True Fight"
    },
    {
      "numero": 9,
      "url": "https://www.blogger.com/video.g?token=AD6v5dw66btlk1Ww2MR0HBGcFUF2bU-0K72cYKxc55TMpy8Q5Y1Eh2K6wi8Llsoepe2BMBKloEzM09VWrZ0Mupaqz9g_iORFx0ikPfd1AwQlPf9AMGgciHKUMCQRQ2cxuv3Koi7a",
      "nome": "Shaken Shinshinkai!!"
    },
    {
      "numero": 10,
      "url": "https://www.blogger.com/video.g?token=AD6v5dzn6Ol6cJOammYHeksZd6N7kK_pzLqbgRoGryMvFKN35INYVdxQ8PfUVaEecLjIM6WzXlVk9SZaBS4RhI8HsXxKKLmqHYe-knjBPz7Da8yo-rpBgHIvpdILuQ1o3iMubvG-Pmc",
      "nome": "Air Duel"
    },
    {
      "numero": 11,
      "url": "https://www.blogger.com/video.g?token=AD6v5dzprivNRlZwUu1ChzvKUzv5IXui6c2ODZmBwgBcZeGQ4-tdL-Q3mjL_nMZokDQyym5rV_NeZ4BLqz5P1qVlxT2qh0LW3oI5nJUdBc3tSuu2xo8cELvkOpdrnkPoQNDT--mCcac",
      "nome": "Tiger Killer"
    },
    {
      "numero": 12,
      "url": "https://www.blogger.com/video.g?token=AD6v5dw8SD75CM_C9iRsWUyHPE4LltEvl03qxOlBmvvsIIsKXAf5ap30YWWhkuoQdeL9vsNlqHEoR7WxSfo1iqgdj7LK-aZEOOE98uWZu29lUGu7ZVuKQzkgzCp6yx6bpPVW5DpfuIE",
      "nome": "Candy"
    },
    {
      "numero": 13,
      "url": "https://www.blogger.com/video.g?token=AD6v5dyfxqi94uLOaMXcogmKlCDUVDNPVOVtfrK-zA-iOlauvKsgRUwoiO59pAzrAjaJzzE-ZifGPHfr372auL0oHDt0o1H8QMpJtTXkMyxg5meAhejBExQ6eKS-r0Z3c4bTnG3kMuXQ",
      "nome": "Mr. Oliva"
    },
    {
      "numero": 14,
      "url": "https://www.blogger.com/video.g?token=AD6v5dzfWCm2KaWQy5sosy1h6JBCwwSwklKjzgddsUUT0-VLWaqrKp8KdmKASKqhxG-gIRA0U6Z1fmRo-LvgI_WkhmGjs0t-NVDRQLLnmgPqKGy0qOQrzjiHGtZXWUcpn-vI6--zMmQ",
      "nome": "Ungranted Freedom"
    },
    {
      "numero": 15,
      "url": "https://www.blogger.com/video.g?token=AD6v5dwv6mbORpuEukd_bOQgmlhgDyV23bfbjLgCGCW5eo9Rq9qw2RQ5He2hvCgjsvm59nDO_2axdIs28yqQ2vzFHke3M69G65PFG8vpl7kB4DiXxOB6Zq9ClsHlsmmKFfVb81Xkew",
      "nome": "Tremendous Muscle Power"
    },
    {
      "numero": 16,
      "url": "https://www.blogger.com/video.g?token=AD6v5dx4PaUQ6yhsY-jAJAhk7iHg2dp8WjTApW3OSzqHsb_P3xa2Cjbx_LXwzmsf58XKCR2Djt6YhXgRObqak67K60ESni_QzSm5eG9K4gUd_Zbx477MIoXlx_A77fm_TL_n5MIVQF70",
      "nome": "Slash"
    },
    {
      "numero": 17,
      "url": "https://www.blogger.com/video.g?token=AD6v5dxGwcMET1qfLkdD6VeeXa2rNPxfflWtq7kQxJhK6DfBkJIHIs3t7MgiPB9pStKrKGGX6i7rgDCkeboQFX_jBsVZ6-BEUUloF1uaXqFTjj9XD1IsugyDisTS4eVkbR-jpWyrUTaW",
      "nome": "Dad!"
    },
    {
      "numero": 18,
      "url": "https://www.blogger.com/video.g?token=AD6v5dxqSkwevzFdIBC5VrTQVvhRO-2Er8r4VIDnShgJQzZP1wNmP7yF81LesqeKareWe5rWooRDffnQSzLNE9aDR1B6_1rCDGrVuOJaJB4tVR1XI2XXa_NTAytccFfuIAeFYHjCgTir",
      "nome": "Thanks"
    },
    {
      "numero": 19,
      "url": "https://www.blogger.com/video.g?token=AD6v5dzLBy_OeMowNxcIf2H6GKNN0afDJcZ9EQMYiYtdLr8tvw5DCzCVP-ozYcoNeXn0HwPYfS3JXLoVQOn35VabtrTXavIBeBkaUdIsLAaKld1Pn0PDxwUBwX6pUjn_j0BKZyAOJGI",
      "nome": "Admission of Defeat"
    },
    {
      "numero": 20,
      "url": "https://www.blogger.com/video.g?token=AD6v5dyxOYik2uXq38Kl-NUDzyAW4S9EjHIKGvsLwv7xzqF5lDHTU033uuiENs6625F37YapI9RsKxG3xM9WaGjvNUv6c0SHxvGLI0yP9AsRGF_k2mfyb0t_zdJkyHtzk21BPnW9mQ",
      "nome": "Saga"
    },
    {
      "numero": 21,
      "url": "https://www.blogger.com/video.g?token=AD6v5dxZQuqhXPGPGa91aIzitaH2f2FnkogItG98rZ2Tr9C9S-uOPD-hJg6pQWdm3Nt5PhjMuAW3wKYHD8M4TY_o9N3XijyGh4ctswsV432QVWvUMvfZPxandjOrQiU5lgHex2MNdgs",
      "nome": "Punishment"
    },
    {
      "numero": 22,
      "url": "https://www.blogger.com/video.g?token=AD6v5dxNUk8eg0_j1qZPNZ-BmfahiwQnX3Lt3jFsRyxyNmph6Bo-Jq7S-2-T9YPRN-J4HAJ6D3ahMNb7toBquXwqzDgbpa2Pu40koFAApTkI9VMf9zxL0qyh2ttaypCmWROB43sORg8",
      "nome": "Clash of the Alphas!"
    },
    {
      "numero": 23,
      "url": "https://www.blogger.com/video.g?token=AD6v5dxhFJcvtCZVZkc81LSIKBrDCnSPWVsLVtEsVd9xOWaAKfbDSYoJ5Sp3ABxs3TGJREMO9XbpuSr355ZKgzbWVpSLaWUsakNfDNwb4UlhHbqfhdq7Cq1-o2-abafrG--d5UH24Mg",
      "nome": "The Real Attack"
    },
    {
      "numero": 24,
      "url": "https://www.blogger.com/video.g?token=AD6v5dyLVTO76_5nP9YTNWoqB6ZDkjavzZ8lkJ5F_XHdWcnGyeaJJIFbcJyuZGzd0fI0YfrctDAC1BN7t3hW8Je6cLGbodt3egSBKlma0KZvbeiE7LUpJXj2JA0eGwUeZQahiRXaSRA",
      "nome": "Defeat"
    },
    {
      "numero": 25,
      "url": "https://www.blogger.com/video.g?token=AD6v5dx20T-Wl7FJanScfQGmHezYA1_B4NGqE7oYC2JFe5hi6_4EPSbCKwzvnvhAnSC4zVntmiP4E7DWaBOgubEbPYRa1BsCEMjzH6-lmNaxwyDA457GqVkQQM5_-NFbSotmQKSBbJ5G",
      "nome": "God and the Devil"
    },
    {
      "numero": 26,
      "url": "https://www.blogger.com/video.g?token=AD6v5dy4UGtjyEMVUteXLE1lQPtM5R-nuS59un9hQt7fgPi1VwI6-ygjLhLzu1YKmomOSMF7uPw77XUO5ilDNTmE6cqV09dhGj8BRy09zl6HRLx72ChuLwJ_yuM_MX-k3yvcEPMfOm8z",
      "nome": "The Centennial Tournament"
    }
  ]
}