{
  "id": 51318,
  "title": "Baki 2nd Season",
  "title_jp": "範馬刃牙 SON OF OGRE",
  "slug": "baki-2nd-season",
  "type": "legendados",
  "format": "ONA",
  "images": {
    "poster": "https://cdn.myanimelist.net/images/anime/1800/135847l.webp",
    "banner": "https://cdn.myanimelist.net/images/anime/1800/135847.jpg"
  },
  "trailer": "https://www.youtube-nocookie.com/embed/Ns8r8J44f6s?enablejsapi=1&wmode=opaque&autoplay=1",
  "synopsis": "Second season of Hanma Baki: Son of Ogre.",
  "score": 7.93,
  "genres": [
    "Sports"
  ],
  "episodes": [
    {
      "numero": 1,
      "url": "https://lightspeedst.net/s3/mp4/baki-2nd-season/sd/1.mp4",
      "nome": "New History of Mankind"
    },
    {
      "numero": 2,
      "url": "https://lightspeedst.net/s3/mp4/baki-2nd-season/sd/2.mp4",
      "nome": "Completely Surrounded"
    },
    {
      "numero": 3,
      "url": "https://lightspeedst.net/s3/mp4/baki-2nd-season/sd/3.mp4",
      "nome": "Nature Power VS Battle Power"
    },
    {
      "numero": 4,
      "url": "https://lightspeedst.net/s3/mp4/baki-2nd-season/sd/4.mp4",
      "nome": "Pickle's Tears"
    },
    {
      "numero": 5,
      "url": "https://lightspeedst.net/s3/mp4/baki-2nd-season/sd/5.mp4",
      "nome": "Just Want to See You"
    },
    {
      "numero": 6,
      "url": "https://lightspeedst.net/s3/mp4/baki-2nd-season/sd/6.mp4",
      "nome": "Beyond the Sound Barrier"
    },
    {
      "numero": 7,
      "url": "https://lightspeedst.net/s3/mp4/baki-2nd-season/sd/7.mp4",
      "nome": "Moment of the Heat"
    },
    {
      "numero": 8,
      "url": "https://lightspeedst.net/s3/mp4/baki-2nd-season/sd/8.mp4",
      "nome": "Praying Savage"
    },
    {
      "numero": 9,
      "url": "https://lightspeedst.net/s3/mp4/baki-2nd-season/sd/9.mp4",
      "nome": "Devouring Each Other"
    },
    {
      "numero": 10,
      "url": "https://lightspeedst.net/s3/mp4/baki-2nd-season/sd/10.mp4",
      "nome": "Food Reserve"
    },
    {
      "numero": 11,
      "url": "https://lightspeedst.net/s3/mp4/baki-2nd-season/sd/11.mp4",
      "nome": "The Weak Eats the Mighty"
    },
    {
      "numero": 12,
      "url": "https://lightspeedst.net/s3/mp4/baki-2nd-season/sd/12.mp4",
      "nome": "Final Form"
    },
    {
      "numero": 13,
      "url": "https://lightspeedst.net/s3/mp4/baki-2nd-season/sd/13.mp4",
      "nome": "Unwritten Rule of the Fight"
    }
  ]
}