{
  "id": 7334,
  "title": "Bakugan Battle Brawlers: Gundalian Invaders",
  "title_jp": "爆丸バトルブローラーズ Gundalian Invaders",
  "slug": "bakugan-battle-brawlers-gundalian-invaders",
  "type": "legendados",
  "format": "TV",
  "images": {
    "poster": "https://cdn.myanimelist.net/images/anime/1295/133817l.webp",
    "banner": "https://cdn.myanimelist.net/images/anime/1295/133817.jpg"
  },
  "trailer": null,
  "synopsis": "Bakugan Interspace is a virtual reality system, where players can brawl against each other and take part in tournaments. Initially designed to help practice and enhance Bakugan skills, it quickly became a meeting place for many enthusiasts. During one of Danma Kuusou's duels, the Interspace crashes, and he gets knocked out cold. Before regaining consciousness, he experiences a vision of Bakugan at war with each other once again.\n\nThe explosion of energy that accompanied Danma's fight and caused the shutdown of the system sends shock waves across the galaxy, attracting the attention of the Twelve Orders, a Gundalian organization. They infiltrate Bakugan Interspace, looking for strong brawlers to join them in their upcoming war with another alien race, the Neathians.\n\nDanma and his companions—Shun Kazami and Chouji Marukura—soon find themselves caught up in an extraterrestrial war. However, distant as it may seem, the conflict threatens the very sovereignty of Earth and the future of the Bakugan race as well.\n\n[Written by MAL Rewrite]",
  "score": 6.37,
  "genres": [
    "Action",
    "Adventure",
    "Fantasy"
  ],
  "episodes": [
    {
      "numero": 1,
      "url": "https://www.blogger.com/video.g?token=AD6v5dzOX1Kh4TrA35o9m3_iWkKxPCDXy_f9h87dqt5xEQw7rhxB5qQkED0uer69Fmm_pABBValmpRLt7u4yVewavyx5Pw8NwtTa6gD2ziR6CgN-JhXY3D-06qaFtbCrNdTQ0rzAZs4u",
      "nome": "A New Beginningv"
    },
    {
      "numero": 2,
      "url": "https://www.blogger.com/video.g?token=AD6v5dyd84oxWKbP15sPbOK4IpksCOiUXSIjnv8Q4qbkbbMf_zNmnzJdhcl7YNQDZEOKoLxXeHS4V8U-EnGPrBGa7KPtdZ7VJ-KR5HkTCLa3LwgYsWZzq-EK8zDgGWpnFeCA5KF53jUa",
      "nome": "Revelation"
    },
    {
      "numero": 3,
      "url": "https://www.blogger.com/video.g?token=AD6v5dwxnQ6s_TjA5tjVGSeRTvZRY1SkhOWdKZPDDqsx4c9B75C0p649e_OCf_-EYN_dsXkjRzKKzencfQFjfA8GfRcGnn2JnJcTh_6kVuvrHWRezJT0hSYj6ZLumJ2w8zbtp6mSKw",
      "nome": "The Visitor"
    },
    {
      "numero": 4,
      "url": "https://www.blogger.com/video.g?token=AD6v5dy5CYvDpRWqlEW8ydoGjHGgmiLGj4d73z4E-IpMzAY_Qdm871fmHDsa4WxRHgxWXsYgjsDNi7G9Rq8YLrVf5BpX6SVfYlKuX-ECfAsoH4vetVT8hJDy_iYD_osVIdlqIvdLwc0",
      "nome": "Brawler To Be"
    },
    {
      "numero": 5,
      "url": "https://www.blogger.com/video.g?token=AD6v5dzscH8XevCecJi4a-g4qvd0Bjtk3luPT5ym7di0KM9VRJ2DyncAX5nlYxrc-GkazCqIx8F0Vgz18gxMxewT68mE6iDN2IV6Fffs7gFj-sKL7zzA4qt_S4-m15PGztjqd0jEZaE",
      "nome": "Confrontation"
    },
    {
      "numero": 6,
      "url": "https://www.blogger.com/video.g?token=AD6v5dw515jIDMmqTCBSAwn6z3ycLzhoakugralPT7ZCypQpQOzz4lllBp3gf9lI4Z1yGWBfa_w7Pb-DotRXANF6qHrjJ0DIRrZnOTepoq64oJRfBsvbOySfelgxUrS4qUD3teLFxow",
      "nome": "Exposed"
    },
    {
      "numero": 7,
      "url": "https://www.blogger.com/video.g?token=AD6v5dyApb2PjLMR81P0JDvic8i77ghfjgEvSfE_i6Bk9lxr-GsCt1HyHtpqzl7k7MgPlnJREagxvLgHQhJgr93o07QJGG-EAxlZw4LYcRXwWW9L6tJZsxz4yUyyAMJwC-3-tipAXsE",
      "nome": "True Colours"
    },
    {
      "numero": 8,
      "url": "https://www.blogger.com/video.g?token=AD6v5dyel4pOC_0kiwmX5hHLUSziceL5V4E86dKy-FpdurOrsBf3Hxxq1njAA2E1wjtUY3fCN6AJQzXLLVgLXT4fZvhnR7FySSP1FRqF2zVwTx4zrHUCq70uIvxFXnfNMDaDH9zsP32Y",
      "nome": "Hostile Takeover"
    },
    {
      "numero": 9,
      "url": "https://www.blogger.com/video.g?token=AD6v5dwE6Ck-SvYUp2Evz0GPcNjIMcaEMJl1p65iIT0z1-xHRrcshGBykYysqfe34NnqRP7Z1k7vAOvckEdGZASB4cnOxv_cLCekY57jtex6sjXiaxMKr9W4Clb-iNCETefesFZDdr4-",
      "nome": "Twin Attack"
    },
    {
      "numero": 10,
      "url": "https://www.blogger.com/video.g?token=AD6v5dw02JiCp7fuDZMVvXAkv5a2tGtoGqZt7v4iW6nj3IUdtyZ_0VCYdqBJRoyMAicuDyJPALurS16lV5d0-lKN-H4sP-t2crGjC6zmzFP60WayZXr9Dp_2E5SJadjOgqgCDQHy7W3h",
      "nome": "Escape From Darkness"
    },
    {
      "numero": 11,
      "url": "https://www.blogger.com/video.g?token=AD6v5dzkY80pWTnsxEcUXgTMUMshuZy9WP8hE-ppgo_pepbsdW40VXr-DSvCSBSlhfRF0NH2-vgAKpa1G_kFiN_69d3FIt0KBYTEHmiKsGGBSRLm76XJJTBURoOZEVyPzYpvaiWlha66",
      "nome": "The Secret Package"
    },
    {
      "numero": 12,
      "url": "https://www.blogger.com/video.g?token=AD6v5dxuF1aeLkLT7eKRhsdW04GleLlTku-xZND7eTI-2kYiP7tdG4DXKHRuKCtFTfBLql_Er_Sf5ppXDfQe8y3lkU-Tw3ZiOCclFPKYXAPUr6YLTe3zLwY4FXFp6z5ovq0xv-k6YQ0I",
      "nome": "The Element"
    },
    {
      "numero": 13,
      "url": "https://www.blogger.com/video.g?token=AD6v5dwpbrzQpCLLP8th0cboG6HpX0t4JfOLBZjAvXAPhMec1dgBKOq-LqjD3rb56hHRuLdCSNu0_NMm_KGDPe7LVQ1MaeSlhbJBJS27tc8VBEQm18bwadlDEI0uVv5_3Aba3WXWkuU",
      "nome": "Twin Evil"
    },
    {
      "numero": 14,
      "url": "https://www.blogger.com/video.g?token=AD6v5dyb0nVzl7V_GFTsVeJKyiVe69iYd-gSHApnB-W0cyI_4Xqh0AidxZaNyS6R62-O5hkbGbSZqS_XTzB-4L2lBuc-f9_kviBtF9cyI5AYB22WiBiI3Iry_j-zNuFVPNrW95coSepl",
      "nome": "The Sacred Orb"
    },
    {
      "numero": 15,
      "url": "https://www.blogger.com/video.g?token=AD6v5dxk_iwaE9K4Q-KR6t67w7dm7zPhpvkTdwyxB9N3wVdVlvfVSHF6ncCn8nvt_Q5SiBIkkQP2XnriN7dOo_M-tnGoC2WmmqWpu2LFin_WoqU-Itl6rJP0yWXA8s2i3FjpSxPwn3g",
      "nome": "Decoy Unit"
    },
    {
      "numero": 16,
      "url": "https://www.blogger.com/video.g?token=AD6v5dxpRIpRiRKpy4zXBS9Ih86QeHBeRH2HkQPUEHQsVQdVo4qZko1rH3IX1Q-fqBSRhePQbtSOdK8m94xU4ZtN8xiih1v4zFPdDlpA2YnbtjtXpvzMMwdwIEOJtzFiGEWnCmX0gQ8",
      "nome": "The Secret Switch"
    },
    {
      "numero": 17,
      "url": "https://www.blogger.com/video.g?token=AD6v5dzUpQ3gA6avdR2fP9ZfFbMLRNGZ-kbnALVWCiXuD5qb5qeUDKIVICTf0KokHghYd_JIQMTT9d_-mfCbAhiJ4Y-EPvT53W9LedSVDpNixENmpoxcgV4CrORjni40D6OvPv_LaPfn",
      "nome": "Battle For the Second Shield"
    },
    {
      "numero": 18,
      "url": "https://www.blogger.com/video.g?token=AD6v5dwxb1mo5A5n5AKMAs6mw4wZVLvHBhSBWtEXgllcK2Yxzjc8n2m8CUc3YTWjyrm1MGC4NJxVSjTNoA2VZPJBSifpS2tU4LngBmY_OPQLGKXebFSUXRHIIKcveFaXv3O_1-XesHOd",
      "nome": "Curtain Call"
    },
    {
      "numero": 19,
      "url": "https://www.blogger.com/video.g?token=AD6v5dxq-tRXJUuLURtS-jXXoVc46LvLeEbj9eeiUGMkzhkUmD-MfFT6pyWhLSVgdhX9XpV7sJMGew0N1EdFCldvjnr5wdw2Ao1ZVEM0JQKC82Lq1wD2U0WSeA6HJA9NvwzW646J9oQ",
      "nome": "The Secret of the Orb"
    },
    {
      "numero": 20,
      "url": "https://www.blogger.com/video.g?token=AD6v5dzzeeQB9WvMUZZIPhm9Isb6jbSfU7qIH9OytJTH-TcGOCSpAcUBkUM7Lk2xJza5EjJPffBNhWyDX2ZXCrPsC3z785eIeZv9uUDbq49SfqSZ1xjVsncqUyKa5ryTj4Qk_JuDaGY",
      "nome": "Partners 'Til the End"
    },
    {
      "numero": 21,
      "url": "https://www.blogger.com/video.g?token=AD6v5dx_WsEMhg1_ANgiyaJBX17OJ92-StlzknS9jhq-ihXEcyq3q05qkj3WTl9u2qTJqnazMk6voNE00gfZDkplfZJo0oO2qI090Hli2QwVHi72mKPtPuE7Fz4FpYCP3IYNsR7wNmQm",
      "nome": "Divide and Conquer"
    },
    {
      "numero": 22,
      "url": "https://www.blogger.com/video.g?token=AD6v5dwZWgCK4CSzciOKdFPRCI84EaSnX7snyxOKRdi8dH_hSWvygFoLjuuK_L7FsK3oliEGCp3xHjCgunotdqUXj7blnt-i-YI1P8GyORDVGy5PhdL4qyZKNcEfhOr9GQyW_2Qk-yiP",
      "nome": "Mobile Assault"
    },
    {
      "numero": 23,
      "url": "https://www.blogger.com/video.g?token=AD6v5dyRS7EQeJTAgQ-7WHwUVnWxW3Naboxkk00sUX3DgIPwNxRUWDEdHdZTCm93wjhaTlY4RzKJGVRGMsRTge3ytdrJ_gmC73uAlgP5Q9JyObjGNIFT4ToAxfjvS8bbib1BkculKCQK",
      "nome": "Sid Returns"
    },
    {
      "numero": 24,
      "url": "https://www.blogger.com/video.g?token=AD6v5dwue3Wuqbg8jAZzui9gRB8Zh3dGDp2aSYmi7ZhEulWZnNKL0NNex_nZYYJEzlB8LslArNHdhFOk9s9EnCoDgxSNc2L3Ze6bAZrXYmd8Tahkvt8EsNYqEDb6v6CiyHsCv7gWOKI",
      "nome": "Colossus Dharak"
    },
    {
      "numero": 25,
      "url": "https://www.blogger.com/video.g?token=AD6v5dz7VqLVlwWgv2tmRkpo8Eih6X-0yLRjeO3S69AHR4YN4r-V_fkJazV9EcPoViSHdrJskPXXr_iiKG3tWMJWy1spMDvn19gN_PwqraiiI1_mLajdqJ3w7DH6vt2D_6n9_8VaL30",
      "nome": "Dragonoid Colossus"
    },
    {
      "numero": 26,
      "url": "https://www.blogger.com/video.g?token=AD6v5dyRhDyRyP38_WulUxX-qC8PvhDj0e9qjwInm1e9eyU5xL1k4K710SoZQx9nPUMetwPnxbFn-gu1DE5SlXnp7DY1MmJt1Nb-tWuXPrQMDjQN_DUNcm8uCcKQS_RNyysSIhdQWf8",
      "nome": "Forgiveness"
    },
    {
      "numero": 27,
      "url": "https://www.blogger.com/video.g?token=AD6v5dysSu5ahhinBBRkwxOB0R7Bl8nbJY_GnGyw0vsP3QtRglcp7IUJ4HBWyVFNUaPGbxsQAEL5od6vYgpb3pXhAX3kuHH3W8KGbqmoRgzFZyYsspp17M-Tc6VR9kuKRmWFd2arNc8",
      "nome": "Into the Storm"
    },
    {
      "numero": 28,
      "url": "https://www.blogger.com/video.g?token=AD6v5dycnKHT3bTG8NBSJtsyjmnoskJ_vAwOaXCmBfbb1WL2WzMqgCII9jIS8EcbHgrKVGYnBl4wgQyQ8VsKqckuguiUrqICFfXGUM7tx33TSbEqi7689cFXshUx7Njsvyhu_LYWIQ-x",
      "nome": "Jake Returns"
    },
    {
      "numero": 29,
      "url": "https://www.blogger.com/video.g?token=AD6v5dzJsu_nK7LVu3OC9KV7ZAdGCKjrA3k1z0uUUQ03NCjg-yN1azdTEztuYWgonOFyIhkHHjNMO0xK0AaNyKSa1FRIsJtsABoAuBXaL_nh9zVW2dFohhSc8t1UCNkHbobeUCTAAyg",
      "nome": "Genesis"
    },
    {
      "numero": 30,
      "url": "https://www.blogger.com/video.g?token=AD6v5dzeXBtB7aAV60uyTByZfVtlVmO_rHwKGy3SBlq6AEFTiIWPxcsbZ7K5nL8P6-Zhxb5ZfbI84HaRD3ryVPI6HdaTaDtr6SJ1LFIPBu6vPBr3WDTLgba8xJHryUVK8K6x3Cb-5G0",
      "nome": "Infiltrated"
    },
    {
      "numero": 31,
      "url": "https://www.blogger.com/video.g?token=AD6v5dxiD-ZUDfwGdLkiRahviurepJS_-bYiVwhsil3sSKTM8WoF0qUIgHiwJA0UipNamoiyPNMs_GI5RNAMuD_GeneYcgOaAf5gLgRfO-VdErRTlHvLzd77tXmZwa3i9878AjZQoRX6",
      "nome": "True Evolution"
    },
    {
      "numero": 32,
      "url": "https://www.blogger.com/video.g?token=AD6v5dyzuf-60Y1C_Kphx1YCy2H0OQIlUA1mFQLevrFV-NZsw_nhfqUfdEbLmtgbmhqMKz2sEuSDle1dwird-ZCL1dxaWAhhanMSmJXHqY9Ts3dhTHwpzJvpW2Qx5F_3g7SYdNvlyMIu",
      "nome": "Redemption"
    },
    {
      "numero": 33,
      "url": "https://www.blogger.com/video.g?token=AD6v5dxzuJyy7Z7h1pbcem0Vzjo8A65FZxNYZgVvQEFxLR7kp2snXxvLtjIzHVK3xYuQtaiSJ-ie_6V1F5FF_WG8wTM7Uy3MNLraIdZUugL_nATYydqxYu_i-lhtpBEda0ZZnVBBei4",
      "nome": "Jake's Last Stand"
    },
    {
      "numero": 34,
      "url": "https://www.blogger.com/video.g?token=AD6v5dwxZyNJpXhIIPXhwZkMNSGdyAWC0U3gFV-xcNUJUvbRH58Y_G4gB0D_gkM6w1_nogU3j0oEhdU1RZGLdId8RNNQvBM7oOI8w9e91N2oa1hvysVLwzAxN-yzUx1xyX3YdNzhdfNL",
      "nome": "Final Strike"
    },
    {
      "numero": 35,
      "url": "https://www.blogger.com/video.g?token=AD6v5dyVlQD6FH9MzVyj0YJ-hcBi7B9S6gMbaUNub-72ZlYCuGvuSYSEbKMWk5z-okQhj2saLpRKXOCi_IWizdoDAeabj2KumAuzouc5efz_h1c-LDjGkUhnOFEJ0PWIYuOwwoBHFSIz",
      "nome": "Dream Escape"
    },
    {
      "numero": 36,
      "url": "https://www.blogger.com/video.g?token=AD6v5dwn7GUYcot9gixCqZvHSmXROgIwBlIoHjq0ICo_PovmTIm-WgfLqoi2C5gr8wliKs6-5rlKiAQxcXsgRF6GA_bpxEooKJ2cc5zeOtsSM7Iun6U2Y43BDD8GlcIy5yUo7b8V2WI",
      "nome": "Gundalian Showdown"
    },
    {
      "numero": 37,
      "url": "https://www.blogger.com/video.g?token=AD6v5dwBqvp_8gcPgl6udsmZ7vDDteR4Ec1Qw6MCHqVKYCfAePk70B_Yim5vfLKbbEPab8y8XWy1L3m8k1vvattjOp3RylsbxCh3VfQf1kK9LEEKq0HXwbrwliKcuuj_i7ryqAetTIBL",
      "nome": "Broken Spell"
    },
    {
      "numero": 38,
      "url": "https://www.blogger.com/video.g?token=AD6v5dyRR4VxgYulWk7zERDAgT6b29SasqybcXbrNHHR6jpSxEx4nViaMyZZAez3cPyWN_oeACDL92McDG93thD7X-r0Es5D99qrWCainjqanzfuKeIxv7sEclyHtYvzslDeBbtZcAg",
      "nome": "Code Eve"
    },
    {
      "numero": 39,
      "url": "https://www.blogger.com/video.g?token=AD6v5dyvK4G9VYhZJeZ0fkfy7NTd-FTjT8mZOnJDN2H9cp4N8JIF68WbbZaB9D7rw7T5S0Dqcellq2kGPPD_V4JqVAejz34hKM1rND8zS8QzkXyG9Gv-WsPeTNRZlj4URrk_mBLANo4",
      "nome": "Destiny Revealed"
    }
  ]
}