{
  "id": 109,
  "title": "Bakuretsu Tenshi",
  "title_jp": "爆裂天使",
  "slug": "bakuretsu-tenshi",
  "type": "legendados",
  "format": "TV",
  "images": {
    "poster": "https://cdn.myanimelist.net/images/anime/10/22647l.webp",
    "banner": "https://cdn.myanimelist.net/images/anime/10/22647.jpg"
  },
  "trailer": "https://www.youtube-nocookie.com/embed/r7JAExwWKJI?enablejsapi=1&wmode=opaque&autoplay=1",
  "synopsis": "In Japan's not-too-distant future, crime has become so common that the government has legalised firearms for citizens to use in self-defence. To combat this new wave of wrongdoing, the Recently Armed Police of Tokyo was established in hopes of hunting down criminals with lethal force.\n\nKyohei Tachibana is a gifted culinary student who dreams of saving up enough money to become a pastry chef in France. When four young mercenaries ask him to be their cook, he's forced into making a tough choice. As Jo, Meg, Sei, and Amy take on the bloodiest jobs in the chaotic city of Tokyo, Kyohei accepts an imminent descent into the world of crime—and he'll do a lot more than just cooking!",
  "score": 6.77,
  "genres": [
    "Adventure",
    "Sci-Fi"
  ],
  "episodes": [
    {
      "numero": 1,
      "url": "https://www.blogger.com/video.g?token=AD6v5dyVl2FDuoSQCn_Mf9B44GbyNAViNozZXOxPxY98ArSjv3fiAtSMLdCA_grDLWySpVLX44Upmo6-BErSSfjp6Q4yfC-BbxfrnW968nEEFhimI-RNiWIemBMDGjvGwQvQMG584Oc",
      "nome": "Hell Comes Silently"
    },
    {
      "numero": 2,
      "url": "https://www.blogger.com/video.g?token=AD6v5dxVxiBXuhbOZMYLxidjYDdm4ztJ08eUUWklZqjNY6W1rRKoihjiKLATMpHB8vtxMcSfXZG3G3JKeCY8Le_cH_Iv1eNK5-gxrUQN43jatLm2_tMUnRa9BTD52JPCAI2H2ZS9tLM",
      "nome": "The Heartless Gunfighter"
    },
    {
      "numero": 3,
      "url": "https://www.blogger.com/video.g?token=AD6v5dyMLKw472_zoE4RPzZRR8sBmX8WiTOj19ZF6IzRWl8iIFf4YbaDz7GwD0ex7QrJDMxhVBwhlCI3fm9UAV7RBPGpMQbXmX3MpemaCFWY9Fe71Ny2YROcESnfGTTroVzcg2fVBSk",
      "nome": "City Where the Beast Howls"
    },
    {
      "numero": 4,
      "url": "https://www.blogger.com/video.g?token=AD6v5dxMspEz2tSS5hfrZBUn3ajEfbADVMRh_3VByEzJf2hKVfQIYJxUuFoembPFR2Hi425-jege2VYDpK5hR03Zy6ePi86KSuEovGI-BDc3tTCKG3pHrhVyU0cZpPlFzqRL3ftTGqwO",
      "nome": "The Brothers Die at Dawn"
    },
    {
      "numero": 5,
      "url": "https://www.blogger.com/video.g?token=AD6v5dyKacKN4wKGYZtiYbG-dqQoZo8Wmv2HGJqyoCgyCeshASLotCvq1G66X7tMY-aPXi74wQk3CzvVqkEOqhV7Iqc4SiTEWyol6PS4J5fF7xDQHrIBUuvmHOcRNXbz3QpFWdE3Wq5r",
      "nome": "Mansion Where Lurks the Demon"
    },
    {
      "numero": 6,
      "url": "https://www.blogger.com/video.g?token=AD6v5dx_pi18UeuobDYKjQJFpeESbVEonzKT9DancZ4ZmSQn5CgvhMu9HwGEjmRGdtne7kUcbkcAU4ZzmgKDflBujDzPjGgHwq12wvrFzWEgQZDMdESVcS6UIg94_udETeNMwYquaRkI",
      "nome": "Wash this Garden With Blood!"
    },
    {
      "numero": 7,
      "url": "https://www.blogger.com/video.g?token=AD6v5dywybBEnJaIB-tPisVdkVURRqdz32kQejvTXSfF9I1wi050XUL5xsvEwv2aF4qY3LRRnUd3lRgcS0h2lh3jwI1G3kjNo2PNjIoukFJGsJcgGEpq0dDjNsxFdXJkhWU69PE9jbUT",
      "nome": "Black Sky"
    },
    {
      "numero": 8,
      "url": "https://www.blogger.com/video.g?token=AD6v5dxsr6XXvJ2AY2hdUpjJ8oyR1zjS4KMjcp3kuuk081Gcw74bnW_0DpdcK6RbzSgx63ZFK6EUsg3w2JERw2Qd9xjpxkH2KjaMcqNN6u1TWniTSLZdVZ7xFyyDN2qKMsIEbmbnl3KV",
      "nome": "The Wounded Fugitive"
    },
    {
      "numero": 9,
      "url": "https://www.blogger.com/video.g?token=AD6v5dxTFrkvzt-XSKGKg5jsjLHnc1R1UqFNciukTHzlFh9i686WL6OvK2M4NZrv5RsZNwLSLrz3MwCYbKvwFrENX_fObuCcEs5Hc9JA2WurxTIN2vozCD-D822J2TUPFWNPQ1PzvxTa",
      "nome": "Party of the Dragon"
    },
    {
      "numero": 10,
      "url": "https://www.blogger.com/video.g?token=AD6v5dyAUdNr4x35uSG-G23o9NfDUzWkZL7yRvWFAScCa6VNN4teZkyzLArB1kjMqHOCIV6W_7kLYz637DzUqs1jocPCQk6KqrpA4NOZyuvL5bDSNjUt2hHPGyffCLfHYxHPzhc83s4",
      "nome": "Uncharted Cyberspace"
    },
    {
      "numero": 11,
      "url": "https://www.blogger.com/video.g?token=AD6v5dwBVWcI_5u8EjkY7hj03F3IDyTb4IyfzFy96a-1R6zFwpM8XdmOV4xzENGN2fOy98dJhXT2Exq5Svz0npiNuYmLwHtqTAo2HpMlHcZzp0Z7zIss2AF1GPwdQQQZiLiQ5SlW5XXz",
      "nome": "Eastern Angel, Western Hawk"
    },
    {
      "numero": 12,
      "url": "https://www.blogger.com/video.g?token=AD6v5dyHt6UvuM45nho04Lr_tHXbvvQGjf1SE9HYuZiDQLFBIZOnV4x0ZBgd1408dkYOimYv2MbZogITU78bnAdduWu8SYsKgyXZmdT2SyQ5biKADn1sRzb7DZw5V8h6bxA_qFKBYBS4",
      "nome": "Tower of Tears"
    },
    {
      "numero": 13,
      "url": "https://www.blogger.com/video.g?token=AD6v5dxcCt-nosjMXal6cQI9Im01Tn_5pgg9ocdccJ2flhhBriLo1Yrr-b2Og15IdjivftGMYPTV1ePGqLt2l_MY21n-F1sesKR1MZWi3X3T7ewkWZC-6J0hSA-lkcXz_Ec4zhPOJbY",
      "nome": "Showdown in Osaka"
    },
    {
      "numero": 14,
      "url": "https://www.blogger.com/video.g?token=AD6v5dzp5tJyUspg8RnmqbcgCGGuWlOwH7jjwl5oWo_mNqY3LqQCfrmM4zEblk4nx81vbFi8WIBghof6VyV7R8cy28ieU9geiomiuqdGpaXCxgXe4yW0n9AM0-DUZBWztzb1rlmGVQ",
      "nome": "Wild Kids"
    },
    {
      "numero": 15,
      "url": "https://www.blogger.com/video.g?token=AD6v5dzbWxW2iLJKv8p2CeI-iE-_U8QVCgcrRvqmyIpDfG5N2Ku1FCC5TI3w_L-zz0GbEeZuVrPt-APBIuBgH9mmXOh-FasjkSUJuhmHiHdsxl7c05W24Q7cZPEjXu-N1bRywrCQnnrZ",
      "nome": "Slingin' Oil"
    },
    {
      "numero": 16,
      "url": "https://www.blogger.com/video.g?token=AD6v5dzG3uqEKI28V5ZqkujuyTL2T2epvAxzdXBhuUwc-cilZBaySRZQFo6wrig-pfVHApqDQCmnn-XIxif8pFw__2Ha_iI_TxaQ9ZusFrlQO1YsqFBlH_ACoN5ybglWgHLrT9C3j9N_",
      "nome": "The Man With No Name"
    },
    {
      "numero": 17,
      "url": "https://www.blogger.com/video.g?token=AD6v5dyjw8AZHYrLSiQY07zPCfNu4Nqs8sCG50w-IvZA_8WyT_NZqYd0KeWGwss57PNPmcf3ySKiEi67TDq8s3ESqQbnR9QnAummoe9WDo2wmYdY9noPG_FwjIjb3uyYEBorRcPgX7U",
      "nome": "Dueling Angels"
    },
    {
      "numero": 18,
      "url": "https://www.blogger.com/video.g?token=AD6v5dxy-HocpFj800YCThPHZjEE6FMJt0I-c8Zsr6JRR1yUmWNfW5lV62Mf2dRDDLWB0uaNZajenQliP_TPZxL48v8aXn-TkXGLVtTxObDpGXf1_iYvyF1R7j_xLZwnklxDRMst1HfW",
      "nome": "The Immortal Classmate"
    },
    {
      "numero": 19,
      "url": "https://www.blogger.com/video.g?token=AD6v5dxywGlVDsVZgtWY3DnFnNHrHUXFyZGMuODvuCTjkv149xiwsf_Ni9d0ljR0rJCEySNLvSs9GrFvoDZLqrietHBte2hvobbPO5kzpTJlcDbzqhCpaYX5FG2yKn8L4Sca3yoc5b4",
      "nome": "24 Hour Strategy"
    },
    {
      "numero": 20,
      "url": "https://www.blogger.com/video.g?token=AD6v5dxfAJ_tgC4IrusBpNqvbVbm6mu1dgiuVzv-4rzz_SlemHZ4ZyCalK2EDqUyxqIO6Hvr783wk0h6A_8JznqBqbxTtSsO0suyORX0JY2BEE3YmkWtuFRNyQNMEN4Vzq2gihN-zB4",
      "nome": "Blood Red Highway"
    },
    {
      "numero": 21,
      "url": "https://www.blogger.com/video.g?token=AD6v5dwwuSH5iF8KLkDNkhbcWEULFxIcheiUfSb7PfjS_NVWdGVCZlTKSkVj0Dj3KhHYhD7_iEmSN5eHsHozGNkxB67o9YsWKIaYl4OgaXbIzXQ_BxR7_hy3I1wKUr-wMEeDlHjIfmc",
      "nome": "New Sheriff in Town"
    },
    {
      "numero": 22,
      "url": "https://www.blogger.com/video.g?token=AD6v5dztniyJHfQL9uXUlQBYwholsy7SNsmyWl_Znx_ZQpISoteQY7qPvLj40ZsQdWz2w20eBI8e5_VgnK9mQLMxaixYTuHSqimlC7LIYEtr3tenX73PU5gfkIZ0OiIkgPbZf2RqjIbu",
      "nome": "Genocide Angels"
    },
    {
      "numero": 23,
      "url": "https://www.blogger.com/video.g?token=AD6v5dwP38MiuwpWEl021n4711HZ0RV8PB_ztuuaIUsQNiVFkLJVNES7XgCZlpsia-v0E3VJ4NzjJKz8WOlXaLEpZfD2MhwuUytelG-eCb5MuIgGMuBshN0j8NjahV--J5sMbTPp0MU",
      "nome": "Red Sea Gallows"
    },
    {
      "numero": 24,
      "url": "https://www.blogger.com/video.g?token=AD6v5dzX6nYc2uq60XYUGmJxl9SPB9xy6EvAwJtHg0CJ5LYJ1LvgO48jcA-7CMSRsLP6zTBVqY5Qckh2UnRh2DDxF_uwDQkNYA3Iv4d9w2merw5T6GOl9WESg2lSkJRFe3-70jh5aG0",
      "nome": "Angels, Explode!"
    }
  ]
}