{
  "id": 1668,
  "title": "Bakuten Shoot Beyblade G Revolution (Dublado)",
  "title_jp": "爆転シュート　ベイブレードＧレボリューション",
  "slug": "bakuten-shoot-beyblade-g-revolution-dublado",
  "type": "dublados",
  "format": "TV",
  "images": {
    "poster": "https://cdn.myanimelist.net/images/anime/1237/135138l.webp",
    "banner": "https://cdn.myanimelist.net/images/anime/1237/135138.jpg"
  },
  "trailer": null,
  "synopsis": "After keeping their BitBeasts out of harm's way, a new world championship tournament is announced, but the defending champions can't all be on the same team. Their friendship will be tested and tried as each Bladebreaker goes on a quest to prove why they are the best Beyblader around. Tyson, Max, Ray, Kai, and newcomer Daichi, must keep up their winning ways...even if they must face each other. But, after the tournament is over, what awaits them is an old foe, Boris, taking over the BBA and transforming it into BEGA, the Beyblade Entertainment Global Association. To save Beybladers of the entire world from BEGA's corruption, the Bladebreakers must reunite once again...\n\n(Source: ANN)",
  "score": 6.99,
  "genres": [
    "Action",
    "Adventure",
    "Comedy",
    "Sci-Fi"
  ],
  "episodes": [
    {
      "numero": 1,
      "url": "https://www.blogger.com/video.g?token=AD6v5dzJFpmiADYQ2hGS6g3z9x8wZx5W5NjoJboLuNwXBRKOqmw7UEwARy_RHClWzp5FUySum9HYkrU5ez-08a2Ntz_HylIkQLVF85WR9uZvS87UEpFaubjMRMzYI3faDZgQEy8chZhY",
      "nome": "New Kid in Town"
    },
    {
      "numero": 2,
      "url": "https://www.blogger.com/video.g?token=AD6v5dxt735NiLTN7zqxzRQVC3mQjQI0P0tbauji29cyZCGzsxOy6v0aQbndHHGB5mdwPzSbDnXG6NXVcWJsOMAoOuqPMBLjsQAWYP8Tx_AHT7a_t58TJGwueGpNlOS8lZ_7SHa4yxi8",
      "nome": "A Team Divided"
    },
    {
      "numero": 3,
      "url": "https://www.blogger.com/video.g?token=AD6v5dzmszTQtAh36Z8MGTXJMi0HAoaWGTPrZ5w46IwQ5CqOgJ9KXct031KT7SOJ3-JJFSkPakPNgF70Wxme9xnLhHKLsGub52FzsvVKxTTAJlOM5QeYpN5YgL_ONrrYliEyje-5ANE4",
      "nome": "Invitation to Battle"
    },
    {
      "numero": 4,
      "url": "https://www.blogger.com/video.g?token=AD6v5dxXFTlmiHSx-CmPsi7uNyu7OcNgUundsE9ZzIpBej5w_AVhuPhy4R4z9Lg2IBjfzpiT9O8A3wlt-nnX7pfNRojvLUGKRbj5jKMeyQlKago7yjozhWFGFsvDQyl-Kxbbl-Y_nR0",
      "nome": "We Were Once Bladebreakers..."
    },
    {
      "numero": 5,
      "url": "https://www.blogger.com/video.g?token=AD6v5dwrzYUluwec8EjiLZ5N8hQCh931vznRlsQS-rr2LMorq6amIlQe_r216VxM8r7cpo2Dpe1RsK3PxNye9-6CZwsMOWgDvL_IkXPH5qEDtICNzFKGFoCrSWKyt9E1kPrT8-MPb9U",
      "nome": "A League of His Own"
    },
    {
      "numero": 6,
      "url": "https://www.blogger.com/video.g?token=AD6v5dxzV_y-mW8eHEUdJhqhbc6lMWorWATazKnsYDclurF4byrcGD4_LsR0eUBJMA_KIKuC6cxz-TGS6PjFptJ-gQYwZcOMq67eVgd_6UNiazCg66G6z6uOG-6QK31Ie2mGinaPXEs",
      "nome": "You're The Man, Kai!"
    },
    {
      "numero": 7,
      "url": "https://www.blogger.com/video.g?token=AD6v5dwXLq6YK6DpewkTg8GCcjFVxgY0hup-nf7DnBd653oJXz0HFVVuyCACvCm1YWfF8fz5lvRWG5apwIq_CeJX6p-K7o_El09dKRSB9d6bXoAw-VAuVRPxGtyLA-cIHBgKmWiRhWQm",
      "nome": "Take Your Best Shot!"
    },
    {
      "numero": 8,
      "url": "https://www.blogger.com/video.g?token=AD6v5dxUmofH35MaPh_GZbccl2bybOU_maZNFsEZ5_tiwOSV7QVJfT7fFdlVwvjejn_PHfONvxoWozA1vek13vmpzhGF9JaQtSxukzqVWpqIq3ArazHKC-KE9BPjNBYb9t6hzhYNb00",
      "nome": "Roughing It"
    },
    {
      "numero": 9,
      "url": "https://www.blogger.com/video.g?token=AD6v5dz-HSHDZRBchgbeLkAtoIaPFRbA0yoHr3bXt0KbdpDJEWQi60_sgQ-JKK2JoMNy_uco_BKWv6B5hoAXyKudH9zEOLfEN_x6hoAlWkPRb40TPSQUBmC7r5h9ka59BnnY5pelGQfv",
      "nome": "Swiped On The Streets"
    },
    {
      "numero": 10,
      "url": "https://www.blogger.com/video.g?token=AD6v5dwquar-zp4hoGZlkSG92wdMUSwE5rQxHRH7-1kq2DeKGJaflvYAstiDMsRvtmMQG1oKr2hJ8HHUuFKTLZV-_ULjfo2CdWb2dVfSJRBIsrLJEZVdFZ2aAyN_j_eHx41L6kvS7BE",
      "nome": "It's a Battle Royale...!"
    },
    {
      "numero": 11,
      "url": "https://www.blogger.com/video.g?token=AD6v5dzbWw2P44oh-KBXi2f2JrcckVFkXjJ6rEFlHehXXXrTBiY6i_RAFfat21RMA0U55vrfzQwI69DJyRjjCUsOPMROy1wbPwEYKJreapG8_U7N0JpUifhlp5D4YyU0WTP2Uv1oJQRj",
      "nome": "The Blame Game"
    },
    {
      "numero": 12,
      "url": "https://www.blogger.com/video.g?token=AD6v5dyX9hLFelL5BIh5KZX5YZxrEd3uEVlWY5z1Np9yneKa7lfdWS6-cRacR7xjq1M3XZpjo1_gUxmn_SDQdvUpBxvRV1YBnAzHLD5EEilaT2HkV0kY4nN6njbc3nTuvYXosX109gn5",
      "nome": "When in Rome... Let it Rip!"
    },
    {
      "numero": 13,
      "url": "https://www.blogger.com/video.g?token=AD6v5dwR7eBY8nfAlfbyPtZSi31oAZLMT4HIXdBlsPxpsPB180q1yLGab9iKiM2GjnMrU5PByWLCqC6lhiGTYah4rA5MB2bfCeGPddvdhzDcl-Nr9q8x0EcgdqIk7TxRpMegKfizFiyu",
      "nome": "Kyojyu's Big Battle"
    },
    {
      "numero": 14,
      "url": "https://www.blogger.com/video.g?token=AD6v5dyiGGiODSL--hvHJajuaRqH92ZeoROt2sgvH7Zdbq91QGhWRdeO6aALbBJG08XR_bhOVpMDsto3mtNhgEw1xeJbL6Zy_CTYdw_lYgvsGUjEuwqZxcG-0gQft9_7gC7YAkGUeDs",
      "nome": "Picking Up The Pieces"
    },
    {
      "numero": 15,
      "url": "https://www.blogger.com/video.g?token=AD6v5dzQDwrzCQWc3lG9mc00SC7XmHZBGGhUQhh3Q7lnc5AbITAtqs1Elra0bKKNyROg9as_EU44oTcgEjjel0kl_aEMrtWEOM2yds7M5Q55U63gXb4KG9HogOkq6JOVpSwjnGcb3vyM",
      "nome": "Sleepless in Madrid"
    },
    {
      "numero": 16,
      "url": "https://www.blogger.com/video.g?token=AD6v5dxOP1V9OTifYZ0yIAq-Urypp9eQVZQVgfEuES1xA6dDwsjILeY2-L8Tda_50GnUf_KdA8WUPTecIYJXEQ1QFI9MxB212bNj91ArhNa-nDjup8jzlLlWwg7pGqTyYequp4FJmBVG",
      "nome": "Fire and Water"
    },
    {
      "numero": 17,
      "url": "https://www.blogger.com/video.g?token=AD6v5dxieGkC4zy1syZxXnnXwJ2KYgcTZDHCEBxJ1zOxZcsdUgYhf0Kh2GQZceYr01Bcxl5kxHomzga90Kn533yrkSLCvxm9CHOE_mpmAMV-8uYxicuTvTP2gCRsl2pQmC1f2WJEEOvu",
      "nome": "Same Old Dirty Tricks..."
    },
    {
      "numero": 18,
      "url": "https://www.blogger.com/video.g?token=AD6v5dxgMS6pCDvH-gZDGQrkqHfYawIUbo9J_LJME2nrLdKjGMGBveJGixmv6dVlWdVw_qFaDZNLTkcNLbCkuMnWv1rt6gxbEdyTdGzVEYqp8sFsnlVkvUuXx3VwOt0Kk-9crwG3YTY",
      "nome": "Beyblade Like an Egyptian"
    },
    {
      "numero": 19,
      "url": "https://www.blogger.com/video.g?token=AD6v5dyOnP5gqvPuHrntPpgtlEMYJ7by_i7Kf3wZG36PAbUc2y6zuoG8kyIco5IP4OGS6pfuli84nz6uifVjd2KDxcPkbhtAbRn2LJ5JolPLlxViRgGNjadM1eebR3qmAQ9QKo7PawOx",
      "nome": "One For All...Free For All"
    },
    {
      "numero": 20,
      "url": "https://www.blogger.com/video.g?token=AD6v5dykwKmUlKldk1M2L6DqKubufePTPbo2PEJdguJsgRLTScI-GUlfgE3pvjGbItVMOCcR35M-RlqFGxNleKWaYq761rzmHmw2uQ0INMdrDF6fLYbQ5hCIJvRhrjCt3smtVCo87RE",
      "nome": "Burdens of a Champion"
    },
    {
      "numero": 21,
      "url": "https://www.blogger.com/video.g?token=AD6v5dyCpSsVEWZP_fPdvcODmbGfGV6Q9Wl6WNr50T_mdVCTdZ5EZTTJt-QdDPeAvWJmgyan1PBCYSQZ98q-jiPZhTEbeNAKSOuTb3piaYQAxHbgQmZJ3XaxGYdYTyr8OZtCHDr8z6U",
      "nome": "Under Pressure"
    },
    {
      "numero": 22,
      "url": "https://www.blogger.com/video.g?token=AD6v5dxYm7e4zrZyxOoOf-1Z2qXZLKXexTAWf-GIpZhcn8BGpIj9H9bFbKmCu4MS34n50zT5bcor1JQ9nUAOxix6AcGh0G_f5KlZvhWfjrqXJiYsvjohWwpMzq2RJdOUm9HeDVzrbQk",
      "nome": "Sibling Rivalry"
    },
    {
      "numero": 23,
      "url": "https://www.blogger.com/video.g?token=AD6v5dx6kfrWGO9N3r3tMOQwluT6ZMznPdPQnEfmZ8rwj0nlUR3Ig-XxxVERBmBts0GKnl36C2S2dE9ITXUUrvEJtEqQjwDtrABJnhXsa9_BcTek2D3pGUcm3wi1mgbMNCJv8fMg0H-5",
      "nome": "Ray and Kai: The Ultimate Face Off!"
    },
    {
      "numero": 24,
      "url": "https://www.blogger.com/video.g?token=AD6v5dzVP8TKL7Q_T7DyD9xAjm_MQyAIzQ8B5lun4hNf08O5z21wFs83uIok0-PBfDHH5wXU4Ekjn-9knGxLdOPYmyS80Sh4BL2TjYbu-xR8WY0u3IwIL7R3xx-GKFsfVJnA1t_Cq1c",
      "nome": "Down Under Thunder"
    },
    {
      "numero": 25,
      "url": "https://www.blogger.com/video.g?token=AD6v5dyG1Hfko1lP6WQgWbeXNVuejIUp51OQDwSldvueCQ9_9X-VxBJNMDx30rf3WBBC26KOOcA6BsG1cmZbN9QqWqGbVb1D45Tl-G69BGWh-AhQ5Z66ayBtlZ_tPbyvYt_aKa4Sztc",
      "nome": "Max Attacks!"
    },
    {
      "numero": 26,
      "url": "https://www.blogger.com/video.g?token=AD6v5dybGzVH33xkWNIXzf7CM6AF9KlmsI_WoqcuNGxZwxbkXiWtARMJuKs6FFbbtS9UveP4nZFkjY8fq65-L9t_Vh5tf5DRERmdIqJ6THAJDcegcWI8MEQ52itRRa2M8oHCawPAByGW",
      "nome": "Familiar Faces"
    },
    {
      "numero": 27,
      "url": "https://www.blogger.com/video.g?token=AD6v5dw6u8-kzpvTK8DGeOG9r5gcElzDAZUZIb1DEEcieJpSfVIe-muJCs7MFtdVWNl0H2Y_30_Jmr82Wz0Hwj0M98AnudqyjmHVp4tR7_YJs9dmlfw3BcANt8fduXuMrI5n6yoN5A",
      "nome": "What a Blast!"
    },
    {
      "numero": 28,
      "url": "https://www.blogger.com/video.g?token=AD6v5dzjmA8csEM62Zq8G-UjgQXR7VBJCwBw4VhGaeAwHKj2AdCD3gDJfkprLRN6uW3V0aRY2v7N0hwhKoJjm30BsdB0LhKRBinyXZHsNQDlgapwRdPGbaB173sMtLPoXnldofcb5QU",
      "nome": "Changing Gears"
    },
    {
      "numero": 29,
      "url": "https://www.blogger.com/video.g?token=AD6v5dySNWOXRAHyvjB31tPlo_Ks8epf-4Jr_yvPlfbrTSpIFDOCqYrLkvL0GdXKwXJIiBq8qfI9XGpwAP14Jt76ifszxLThsXX98zj94xL6xecYn3dD17EGPI5820TI0XregM-LdXk",
      "nome": "And Then There Were Two"
    },
    {
      "numero": 30,
      "url": "https://www.blogger.com/video.g?token=AD6v5dzoD92z-NYh9yKV_aPcr3Zm8ti69viNV9CD4HwMTr6V_r76t86QU02UhXghrFcdaT93JNxoCFog1QtAUuOwcllrgGEkVQpdkYFrR-WIoLc3Cb1TjBz3lD0ktVgpG3wRgV9AKsNG",
      "nome": "Let the Games Begin...Again!"
    },
    {
      "numero": 31,
      "url": "https://www.blogger.com/video.g?token=AD6v5dy4xuKEJ26DFnLi00xRiBtQJAEnADukZ4WFOm1qBso4hyNGrAR7XpjZ2wlys0xuJBiyvfLJqKQY1ys-5KalPzI3EPOjQKVYmVEC8fXV8KF0X5VhsoNOhqyEHU4sq_5jCq0TpNO3",
      "nome": "Runaway Daichi"
    },
    {
      "numero": 32,
      "url": "https://www.blogger.com/video.g?token=AD6v5dzV6xXpZv3x43Hfbn3DFOPtJnVXVN8jucwd85bHAgPZXKCTcYVsA977Ltz2luHlrsp1Fb_50YC7XoUH2I4V2qDv_2wq3TEdcIz8pNx7vbfb20eKo4MxE6zTz9mEHvtb4kawtik",
      "nome": "Beyblade Idol"
    },
    {
      "numero": 33,
      "url": "https://www.blogger.com/video.g?token=AD6v5dxSza0PsK7DrWX-EOxQwu8KcW15LgGV6KZYjV3dCQwe2RJsKFzpQBLjmwTMXhdLjWOOTgpqQfbgvcjcz7iD5UoECTI965zhTda7CqmALJSNhlHe6TM2bm5LKWmJpjGIr1hg8v94",
      "nome": "Out of Their League"
    },
    {
      "numero": 34,
      "url": "https://www.blogger.com/video.g?token=AD6v5dxGmRkH6hUKjrDhRDhs8DBjhqSM3KnlC_c8cFBZLSi9L_t9BqDN50sHrXMSR5AcTk4KgrADrc4vl8tNMFufE8F8mvYND-n1Kuc8BaWZcAZYss67EmqJnKS3QJOTXwX9ukwBqEw",
      "nome": "The Mysterious Mystel"
    },
    {
      "numero": 35,
      "url": "https://www.blogger.com/video.g?token=AD6v5dy8Jf-Qb4z-nbZWl_ytLm4g6p-Qc-KPAxJuwGlJtNR4SeF1XYNNJsV6hRM8dl1ZL-F1jQvlJxQ8kVdS53wtSxUKF7nTvx_uUSYuut1jGTN8RomapUS8Ho0EwX8xM22bbGGcb91P",
      "nome": "Pros and Ex-cons"
    },
    {
      "numero": 36,
      "url": "https://www.blogger.com/video.g?token=AD6v5dxW6U4BzhCri5js2Ry44K5c1SuuGSVwZjUx9XxMwlNCiwQN3ajvgr1TL-kFEolesL9ZJqOFiHKL6gP-9uDMqwZDFI3HtlTKp3PrkQxm21CnJCXpfOGfMWYGDhawdUxC-H9bwrg",
      "nome": "Boris, The Blade Stops Here!"
    },
    {
      "numero": 37,
      "url": "https://www.blogger.com/video.g?token=AD6v5dwUs5_XQ4JUQqRh1sOtGkkY7SHhUDDvrEHYfQ_wFOSWQzdgIxFQhdo2E92owgDzTi2P9Np6BDr3-m7YYqBb08bRvhoXoWxy0aO8C2AQHfsEip6gLjlVdVXwWYwU_ObzOiNQA4gB",
      "nome": "The BEGA Challenge"
    },
    {
      "numero": 38,
      "url": "https://www.blogger.com/video.g?token=AD6v5dzXLJpCxjMWJRRc-yyAVJDBpAa9jgI_Lh4EUQcHs90bFz2J34ShWNZZiTZNQOezDDRg-6PbAsojGtJTQLxJbnnIlgFi7wkBK-CLOfbJORVfz-abk6mzPvSXp8Jgne9oqzOZIqI",
      "nome": "BEGA on the Rise"
    },
    {
      "numero": 39,
      "url": "https://www.blogger.com/video.g?token=AD6v5dw5CXyJz7dGalTTc0A1IWOHopcaeQWx3yAwITKe9F35CGxaAUZlc5LG5DG8iTUHbVLAzTwr-K5VZmxkM-IIX9Z7pWMr-Ae_GpT7UO2KXYLMN5GYvK1y1AiVgBXXT6Y3hwYPwoLe",
      "nome": "Rebel Alliance"
    },
    {
      "numero": 40,
      "url": "https://www.blogger.com/video.g?token=AD6v5dwhcTg2_LZNoyq-EwXVJk6Q8JbJE8P6wzisoqUqyobu_lvdCh6eUzdn-y1ZHfM3mkn6IIGg2W7IUpuzyZK4gi_egPxeMtbXxyHamI9FUC-yh7KQldigPac6FxxM0Y3-wxlM5Hc",
      "nome": "Back to Basics"
    },
    {
      "numero": 41,
      "url": "https://www.blogger.com/video.g?token=AD6v5dzabHM3OYCkzN_PVCWslXRNBW3DtsvAfv_HZBPtRhQ43HTbgTZq8N8hIvxKYrq1wkHUZdfTq45V7yvEgRirScNyjaJ8_gsPZPJLj661AnGOMD3n_kF5DEDAYtAO6Y2-GKXiVPw",
      "nome": "And Justice-Five For All"
    },
    {
      "numero": 42,
      "url": "https://www.blogger.com/video.g?token=AD6v5dz-qU9eQEx7r1CVSWrLWkMVQJm1pg_Y_FyhUiBZGRcOeOfr9uf_fvhQMYj7kWS9yGK5We-zTJAJVxFhDLzwYJUN4oI_gsx52piQoRc0MI0z5Oq008odCReNApm9OEer6-Ap_Pk",
      "nome": "When You Wish Upon A Star"
    },
    {
      "numero": 43,
      "url": "https://www.blogger.com/video.g?token=AD6v5dzNfz-8vLLdEyqk9kAlWyVHSiIso8nXa2-WgY3B_q7oQSdfJMMpZ4dtBJLKWsb4UxvVx_TIrzjknB1NzR3KAGfBFM0TOaLpnP_EDdhOJBGQD4iKdVpA8YxvSpdrIzKy7gqhoYo",
      "nome": "Sing Ming Ming Sing!"
    },
    {
      "numero": 44,
      "url": "https://www.blogger.com/video.g?token=AD6v5dxPpqzPNBKcsdo-MropzLNhZMK28XNAfA_FR2KWL4ikO0HZpuVL4M1pvDg3ibT-kesXj3gbyr0rbbhUtZ55JqTezjR179kaZGBhmAvhLGmrr-b4zIi1UBUXuCG5VNHsZWVnGA",
      "nome": "Refuse to Lose"
    },
    {
      "numero": 45,
      "url": "https://www.blogger.com/video.g?token=AD6v5dwuOufpiXYMpXX8APrOl9EqpMT8-3K7Siv6AqC8_PQTRj7-RosP25miIz0qWlVidoHqc_dOTNARxSedomz7Dydk6xqKQUIUkK4rVYZRbAT0R7V3aYXc1H0BAKLZ9Lk4f6SYHRg",
      "nome": "Max to the Max"
    },
    {
      "numero": 46,
      "url": "https://www.blogger.com/video.g?token=AD6v5dzeMV0-z860Ps50F_MzyM8XygX_1Pta2TBCZCeVOYyEwqIaEJXM4pEd6f6nwlP8yiCW_PWt9dnmLq1OA3Mw-GIJXoSZsJyCn5Wkn8lbwhp0ISPC2IwHD4ROTNPrTYYLz6MD4rLJ",
      "nome": "The Return of Kai"
    },
    {
      "numero": 47,
      "url": "https://www.blogger.com/video.g?token=AD6v5dyGdEm_HPDf9Fl3plj2PCJcFx0e6cLSRPYQURR334grZ77weCKTjgIfRMF7gSxmxMfQNIRRMrUZkeiklmovS6av_s4FCeGwJEZX_xm_4M-YLHa-WKtRa3uQ0h3rdnmh2BHHaLw",
      "nome": "Now You're Making Me Mad"
    },
    {
      "numero": 48,
      "url": "https://www.blogger.com/video.g?token=AD6v5dz8tiPdjkLejL5AvhwZZ05v3f8QcIw9db9u4dxZtFGkI-3aDGE_IxhcmKIkn9h7--CaTJcGWrfnMztH6k66_qMdgYgX63W-2Z0EsfWNvgOs1RTt7Bh3_jk_n3t3MMTsiElB7P5C",
      "nome": "The Beyblading Spirit"
    },
    {
      "numero": 49,
      "url": "https://www.blogger.com/video.g?token=AD6v5dxxjPDmA8-yZ1WhZIAH8CJv2coN4qU_NDoMBU2AdTdx5Ha6IHzOlgKtc6V16C8Hx9Tsui5cA2b-WneMx39mRUP7ou6C9RAYRBw57VEHfvFjMcoq_pBV0_m3tSXwgJZ7y-ggyxE",
      "nome": "Principles of Victory"
    },
    {
      "numero": 50,
      "url": "https://www.blogger.com/video.g?token=AD6v5dyaMuAollst3ivtHnLgLixeSiG4mJMLuLRTCfBc1P4akdeVcOAbazwynLFVeYw65UmC8U1QXxYs5k04SbK3W1HPWpYC-9o7K5qBZcccpgddc13OpkVSxNFngJ4sHmHVjxSPPPw",
      "nome": "Welcome to my Nightmare!"
    },
    {
      "numero": 51,
      "url": "https://www.blogger.com/video.g?token=AD6v5dzEglRyHmE0tinnaHG49__3Ycz4rtb2xeWUkL6-iAQulF6ipYghRiOMk-2PS7BxxPhPHUm7-cfxkev7JA-fy6zwVW9UXtS7SZf6BC4LSdxIvNd-ZvdnKbRJloTKX7JNzlCN6O-H",
      "nome": "Brooklyn's Back"
    },
    {
      "numero": 52,
      "url": "https://www.blogger.com/video.g?token=AD6v5dwYyb_qlRvsweTK0N4P3SgKDw5KX1i9x3nCZwAG1lHeL0-B2LIe7dH964-dmmJnMf3KtOic1ZXPCLQ1dNwaqFUsxPwTJ5TH-tn0x5XXhrEW6GLc2gAcN9GKS2LTYiLhqcwjz5E",
      "nome": "Beybattle for the Ages"
    }
  ]
}