{
  "id": 10030,
  "title": "Bakuman. 2nd Season",
  "title_jp": "バクマン。2ndシーズン",
  "slug": "bakuman-2nd-season",
  "type": "legendados",
  "format": "TV",
  "images": {
    "poster": "https://cdn.myanimelist.net/images/anime/3/34923l.webp",
    "banner": "https://cdn.myanimelist.net/images/anime/3/34923.jpg"
  },
  "trailer": null,
  "synopsis": "With the serialization of their new manga, \"Detective Trap,\" the writer-artist team, Akito Takagi and Moritaka Mashiro, better known by their pseudonym Muto Ashirogi, are one step closer to becoming world-renowned mangaka. For Mashiro, however, serialization is just the first step. Having promised to marry his childhood sweetheart and aspiring voice actress, Azuki Miho, once his manga gets an anime adaptation, Mashiro must continue his to popularize Ashirogi's work. A tremendously competitive cast of ambitious mangaka—including the wild genius, Eiji Niizuma; the elegant student, Yuriko Aoki, and her older admirer and partner, Takurou Nakai; the lazy prodigy, Kazuya Hiramaru; and the abrasive artist, Shinta Fukuda—both support and compete against Muto Ashirogi in creating the next big hit.\n\nAs they adjust to their young and seemingly untested new editor, the dynamic duo struggle to maintain their current serialization, secure the top spot in Shounen Jack, and ultimately, achieve an anime adaptation of their manga. With new rivals and friends, Bakuman. 2nd Season continues Takagi and Mashiro's inspiring story of hard work and young love.\n\n[Written by MAL Rewrite]",
  "score": 8.33,
  "genres": [
    "Comedy",
    "Drama",
    "Romance"
  ],
  "episodes": [
    {
      "numero": 1,
      "url": "https://lightspeedst.net/s3/mp4/bakuman-2nd-season/sd/1.mp4",
      "nome": "Silence and Party"
    },
    {
      "numero": 2,
      "url": "https://lightspeedst.net/s3/mp4/bakuman-2nd-season/sd/2.mp4",
      "nome": "Yearbook and Photobook"
    },
    {
      "numero": 3,
      "url": "https://lightspeedst.net/s3/mp4/bakuman-2nd-season/sd/3.mp4",
      "nome": "Window and Snow"
    },
    {
      "numero": 4,
      "url": "https://lightspeedst.net/s3/mp4/bakuman-2nd-season/sd/4.mp4",
      "nome": "Pandering and Patience"
    },
    {
      "numero": 5,
      "url": "https://lightspeedst.net/s3/mp4/bakuman-2nd-season/sd/5.mp4",
      "nome": "Jokes and News"
    },
    {
      "numero": 6,
      "url": "https://lightspeedst.net/s3/mp4/bakuman-2nd-season/sd/6.mp4",
      "nome": "Illness and Motivation"
    },
    {
      "numero": 7,
      "url": "https://lightspeedst.net/s3/mp4/bakuman-2nd-season/sd/7.mp4",
      "nome": "Life and Death and Stationery"
    },
    {
      "numero": 8,
      "url": "https://lightspeedst.net/s3/mp4/bakuman-2nd-season/sd/8.mp4",
      "nome": "Recall and Call"
    },
    {
      "numero": 9,
      "url": "https://lightspeedst.net/s3/mp4/bakuman-2nd-season/sd/9.mp4",
      "nome": "Restart and Low Rank"
    },
    {
      "numero": 10,
      "url": "https://lightspeedst.net/s3/mp4/bakuman-2nd-season/sd/10.mp4",
      "nome": "Gag and Serious"
    },
    {
      "numero": 11,
      "url": "https://lightspeedst.net/s3/mp4/bakuman-2nd-season/sd/11.mp4",
      "nome": "Manga and Youth"
    },
    {
      "numero": 12,
      "url": "https://lightspeedst.net/s3/mp4/bakuman-2nd-season/sd/12.mp4",
      "nome": "Experience and Data"
    },
    {
      "numero": 13,
      "url": "https://lightspeedst.net/s3/mp4/bakuman-2nd-season/sd/13.mp4",
      "nome": "Alliance and Classmate"
    },
    {
      "numero": 14,
      "url": "https://lightspeedst.net/s3/mp4/bakuman-2nd-season/sd/14.mp4",
      "nome": "Distrust and Trust"
    },
    {
      "numero": 15,
      "url": "https://lightspeedst.net/s3/mp4/bakuman-2nd-season/sd/15.mp4",
      "nome": "Monkey and Marriage"
    },
    {
      "numero": 16,
      "url": "https://lightspeedst.net/s3/mp4/bakuman-2nd-season/sd/16.mp4",
      "nome": "Prince and Savior"
    },
    {
      "numero": 17,
      "url": "https://lightspeedst.net/s3/mp4/bakuman-2nd-season/sd/17.mp4",
      "nome": "Relationship and Home"
    },
    {
      "numero": 18,
      "url": "https://lightspeedst.net/s3/mp4/bakuman-2nd-season/sd/18.mp4",
      "nome": "Complaint and Declaration"
    },
    {
      "numero": 19,
      "url": "https://lightspeedst.net/s3/mp4/bakuman-2nd-season/sd/19.mp4",
      "nome": "Fate and Star"
    },
    {
      "numero": 20,
      "url": "https://lightspeedst.net/s3/mp4/bakuman-2nd-season/sd/20.mp4",
      "nome": "Love and Denial"
    },
    {
      "numero": 21,
      "url": "https://lightspeedst.net/s3/mp4/bakuman-2nd-season/sd/21.mp4",
      "nome": "Selfishness and Advice"
    },
    {
      "numero": 22,
      "url": "https://lightspeedst.net/s3/mp4/bakuman-2nd-season/sd/22.mp4",
      "nome": "Hint and Best"
    },
    {
      "numero": 23,
      "url": "https://lightspeedst.net/s3/mp4/bakuman-2nd-season/sd/23.mp4",
      "nome": "Win and Lose"
    },
    {
      "numero": 24,
      "url": "https://lightspeedst.net/s3/mp4/bakuman-2nd-season/sd/24.mp4",
      "nome": "Visualization and Imagination"
    },
    {
      "numero": 25,
      "url": "https://lightspeedst.net/s3/mp4/bakuman-2nd-season/sd/25.mp4",
      "nome": "Vote and Chart"
    }
  ]
}