{
  "id": 43756,
  "title": "Bakuten!!",
  "title_jp": "バクテン!!",
  "slug": "bakuten",
  "type": "legendados",
  "format": "TV",
  "images": {
    "poster": "https://cdn.myanimelist.net/images/anime/1827/113510l.webp",
    "banner": "https://cdn.myanimelist.net/images/anime/1827/113510.jpg"
  },
  "trailer": "https://www.youtube-nocookie.com/embed/IOu25DQuc3Q?enablejsapi=1&wmode=opaque&autoplay=1",
  "synopsis": "Shoutarou Futaba has always loved sports, but he never became more than a benchwarmer on his middle school baseball team. After noticing a group of gymnasts practicing in the park, he decides to watch a rhythmic gymnastics tournament on a whim. Although displaying an exhilarating performance at the competition, the Shoushukan High School's Rhythmic Gymnastics Club places second-to-last due to penalties acquired from not fielding a full six-man roster. \n\nThe demonstration of skill captivates Shoutarou, and he decides to enroll at Shoushukan in hopes of joining the team despite having no background in the sport. The club recruits him alongside Ryouya Misato, a prodigal gymnast who was the runner-up in a junior tournament. \n\nNow with a full six-man roster, the team sets out to compete in the upcoming Inter-High tournament. As he strives to accomplish this ambitious endeavor, Shoutarou must learn and master the basics of rhythmic gymnastics all while working in tandem with his new teammates if Shoushukan wants to stand a chance at claiming the title.\n\n[Written by MAL Rewrite]",
  "score": 7.48,
  "genres": [
    "Sports"
  ],
  "episodes": [
    {
      "numero": 1,
      "url": "https://lightspeedst.net/s2/mp4_temp/bakuten/1/720p.mp4",
      "nome": "I Want to Backflip!"
    },
    {
      "numero": 2,
      "url": "https://lightspeedst.net/s2/mp4/bakuten/hd/2.mp4",
      "nome": "I Want to Soar With You"
    },
    {
      "numero": 3,
      "url": "https://lightspeedst.net/s2/mp4/bakuten/hd/3.mp4",
      "nome": "I Want to Camp!"
    },
    {
      "numero": 4,
      "url": "https://lightspeedst.net/s4/mp4/bakuten/hd/4.mp4",
      "nome": "We're All Rivals!"
    },
    {
      "numero": 5,
      "url": "https://lightspeedst.net/s4/mp4/bakuten/hd/5.mp4",
      "nome": "I Want to Hide!"
    },
    {
      "numero": 6,
      "url": "https://lightspeedst.net/s4/mp4/bakuten/hd/6.mp4",
      "nome": "Enjoy!"
    },
    {
      "numero": 7,
      "url": "https://lightspeedst.net/s4/mp4/bakuten/hd/7.mp4",
      "nome": "We'll Make a Promise!"
    },
    {
      "numero": 8,
      "url": "https://lightspeedst.net/s4/mp4/bakuten/hd/8.mp4",
      "nome": "I'll Look After You!"
    },
    {
      "numero": 9,
      "url": "https://lightspeedst.net/s4/mp4/bakuten/fhd/9.mp4",
      "nome": "Be Needy!"
    },
    {
      "numero": 10,
      "url": "https://lightspeedst.net/s4/mp4/bakuten/fhd/10.mp4",
      "nome": "I Can't Stand It!"
    },
    {
      "numero": 11,
      "url": "https://lightspeedst.net/s4/mp4/bakuten/hd/11.mp4",
      "nome": "Give It Your All, Fight Hard"
    },
    {
      "numero": 12,
      "url": "https://lightspeedst.net/s2/mp4/bakuten/hd/12.mp4",
      "nome": "Tomorrow, Too!"
    }
  ]
}