{
  "id": 38860,
  "title": "Bakumatsu: Crisis",
  "title_jp": "BAKUMATSU ~恋愛幕末カレシ 外伝~ クライシス",
  "slug": "bakumatsu-crisis",
  "type": "legendados",
  "format": "TV",
  "images": {
    "poster": "https://cdn.myanimelist.net/images/anime/1979/100451l.webp",
    "banner": "https://cdn.myanimelist.net/images/anime/1979/100451.jpg"
  },
  "trailer": "https://www.youtube-nocookie.com/embed/WpJky_B-5IY?enablejsapi=1&wmode=opaque&autoplay=1",
  "synopsis": "The Bakumatsu was an era in which the souls of young men burned with anxiety for their country's future. Takasugi Shinsaku, a soldier of fortune from Choshu, sneaks aboard a government ship with his comrade Katsura Kogorou in search of a mysterious \"timepiece\" with the power to manipulate time that he fears the government wishes to keep for themselves. Rather than allow such power to fall into the wrong hands, Takasugi plans to destroy the artifact, but having obtained it, the artifact is quickly stolen, forcing the pair to follow the mysterious thief to the seat of government in Kyoto. However, when they arrive in the capital, they discover that the government has been overthrown and the deity Susanoo now reigns in its place. The streets of the city and the people in them are much different than Takasugi and Katsura remembered. The times may have changed but their mission hasn't - Takasugi and Katsura resolve to reset time and save their nation from the nefarious forces trying to hijack it.\n\n(Source: Tokyo Otaku Mode)",
  "score": 5.71,
  "genres": [
    "Action"
  ],
  "episodes": [
    {
      "numero": 1,
      "url": "https://www.blogger.com/video.g?token=AD6v5dzABpfdjzWTgTLtEMzzaZxNPeD5xyDlmxY0spiOlPM7bZbnRD_j7B3vgWbGgNTEaKxWjURkdfihhbBDzUmbVT-CgYU4BHmHFnCTAqenxahY2VeNZhVHZ6hjeha9XlgWl1qjccA",
      "nome": "Black Ship Invasion and Mugensai's Return!"
    },
    {
      "numero": 2,
      "url": "https://www.blogger.com/video.g?token=AD6v5dx8WGxclTZOvugHPzoa_OJXoDJnw6fGGv1aYwlUAooH066L2xozCdkkA8JSbdYF7qMjsvkb89U8eMB0p2BP0HdVvyRZP9A49i_oLRVW4MmQnmpaoeBXPiDdcQ6DTODvystIH6A",
      "nome": "Kyoto on Fire! The Mysterious Ghost Light"
    },
    {
      "numero": 3,
      "url": "https://www.blogger.com/video.g?token=AD6v5dzOgLLHtqUCbOYpTthLxHjA_FTFTMmM76K1r_d-wpAXXZqmSGzuDUbQnx3yCuOlGcwTHA9n9_sxbGdVSZyrQEGZHMhbsPBVyABMrG-6LVaAQRbibgFRySGskJj_ByvEuQJBfe8I",
      "nome": "Bakumatsu Supernatural Tales: Tiger Sighting!"
    },
    {
      "numero": 4,
      "url": "https://www.blogger.com/video.g?token=AD6v5dz6mBEklUjGh6-HMp282r5FXj_0RblhLmy0Me15UY72v4AEter-J0pw8RSogfY_TW7G06CHKqbrcOFIJasPXwTdhTSkl6Ejlkk0dUUhmeRWIPNNmWWRSxMVr4hZGxqS_1gV_xnF",
      "nome": "Reunion with Hijikata: Ikedaya Incident!"
    },
    {
      "numero": 5,
      "url": "https://www.blogger.com/video.g?token=AD6v5dwt2R7sJOBM7wumVHOxiHfJKuBUT3txSg__XkBAuKqHqdtTF-7Iu70_hgunbF-sVuA_tFLwbl8-lQwk-OAQpSFAoqgWn-ja9ZJ2AVSP82yDgMTDRSaQ_nw4caK-YWQAlkYfHa4",
      "nome": "Who Goes There? Night Sky Konpeito"
    },
    {
      "numero": 6,
      "url": "https://www.blogger.com/video.g?token=AD6v5dwpvLw4hBNZdjpujXoHbjtNw7jYibKg1dp7aDOjEXq8VIsd7B5x1CsK5BflRFmVJ4-s8_TyKU0T-J64Ei_fcF5ue7E2M7Ax_lnvDUav4ssQQxo3oRK5lGTrK0o9xADA18Q5DJ-A",
      "nome": "Chronometer Out of Control! Kyoto's Motionless Day"
    },
    {
      "numero": 7,
      "url": "https://www.blogger.com/video.g?token=AD6v5dyCM2yvXTy6oshElmZ4ueCqhxFzP4fQgEE7_9yRvPkMQTV3TNmSk_aqbSD5xXF0VeNVn9osLaPj3BSKcYmR1ng-tedvrFyB37qa6XgXRyMtwUw16wN1jCt7Pj1OY0-bKsJPnlw",
      "nome": "Birth of the Chronometer! Destined Siblings"
    },
    {
      "numero": 8,
      "url": "https://www.blogger.com/video.g?token=AD6v5dyLp3dj9isfwnD3ORek3v_1bTLpwByRb--sCq8hKxfTbRbmptKF0RD1IQ7bU6BXtB2V_2bJ0-966sZTId5zihfcpAVWAu_SqVbacC1rnV4dIFwGIx2DthuQZg4PR1Recxp0P40",
      "nome": "Yoshinobu's Thoughts and Kondo's Feelings"
    },
    {
      "numero": 9,
      "url": "https://www.blogger.com/video.g?token=AD6v5dz1m0tUqdOflX2AScaBwT3NtzBSjKf4_zKwf7AOEh9R4h3y9BOCiYVb_bVikZN2PjksE4PtFAgLzSNajxbus9c9mSIs-iflRgHyLH8bziupBFgdoALZFuJ3bUaAQMAzQY0iiJjl",
      "nome": "Hidden Feelings! A Masked Confession!"
    },
    {
      "numero": 10,
      "url": "https://www.blogger.com/video.g?token=AD6v5dy2rJw79P1HFkLNYQb7NPW0d8ZvG6P0ri7UtuuOR2-PvSfuQH2OEt70UjNQXoBBN6Dd-S_qTf-KyZuXWIpTQDUh-2E9mpIGkNuii1Ih_m5SttQ0UfcKMNN-K5273fKIzvcQkOyO",
      "nome": "Vanished! Giant Castle Susanoo!"
    },
    {
      "numero": 11,
      "url": "https://www.blogger.com/video.g?token=AD6v5dxIKhSp1CsPLCg9Zu4D8w6dWh8apgID7Yocoyjc5PbvCTY9r9DbrOx1Ml_1Sjvv-9GrtllIRG3aDcMIcKwXWsdkvNZUIgvbjWYg408YA5sQXvtMFQCk_0UHjSB_pPNAAjipRVgh",
      "nome": "Birth! The Great God Susanoo!"
    },
    {
      "numero": 12,
      "url": "https://www.blogger.com/video.g?token=AD6v5dzftFHX_CoyQynUR7yZc37vrbOI74I-EmIaDk8008x3WZKTxQBjnyKUmYu6pj2-1TKthXSmh4TCrog65Mr-hYhvfskpmVQQFme4UUU_VTTM_9orzQFb8PC7j3gxRxxwircMpgA",
      "nome": "To a New Bakumatsu!"
    }
  ]
}