{
  "id": 37584,
  "title": "Bakumatsu",
  "title_jp": "BAKUMATSU",
  "slug": "bakumatsu",
  "type": "legendados",
  "format": "TV",
  "images": {
    "poster": "https://cdn.myanimelist.net/images/anime/1764/95110l.webp",
    "banner": "https://cdn.myanimelist.net/images/anime/1764/95110.jpg"
  },
  "trailer": "https://www.youtube-nocookie.com/embed/FFUJNaJY-f8?enablejsapi=1&wmode=opaque&autoplay=1",
  "synopsis": "The Bakumatsu was an era in which the souls of young men burned with anxiety for their country's future. Takasugi Shinsaku, a soldier of fortune from Choshu, sneaks aboard a government ship with his comrade Katsura Kogorou in search of a mysterious \"timepiece\" with the power to manipulate time that he fears the government wishes to keep for themselves. Rather than allow such power to fall into the wrong hands, Takasugi plans to destroy the artifact, but having obtained it, the artifact is quickly stolen, forcing the pair to follow the mysterious thief to the seat of government in Kyoto. However, when they arrive in the capital, they discover that the government has been overthrown and the deity Susanoo now reigns in its place. The streets of the city and the people in them are much different than Takasugi and Katsura remembered. The times may have changed but their mission hasn't - Takasugi and Katsura resolve to reset time and save their nation from the nefarious forces trying to hijack it.\n\n(Source: Tokyo Otaku Mode)",
  "score": 5.74,
  "genres": [
    "Action"
  ],
  "episodes": [
    {
      "numero": 1,
      "url": "https://www.blogger.com/video.g?token=AD6v5dxyi1y8iHVCi7PgAU2Ai921DJDCmkIyeerZaKu5bZBJNeGtAzEFw528YAHnACi4kpMZiuOTbkKWEJX-1B_qTKVE9RoWHfIrL_d9rva36oAEaF4aNkHwsZVd5lVWAj5tZfkirBu7",
      "nome": "Outbreak of the Susanoo Incident: The Other Bakumatsu!"
    },
    {
      "numero": 2,
      "url": "https://www.blogger.com/video.g?token=AD6v5dwOcEu0mq99EmvAIxlMBGJ_qWyADpieQXUQkxG8cK7HEG9JN1QW8V5ytzwcr49AucJ-hAd7FduYNvuS-5iGCbaqUqHxnLsPW1pRphIqbJBti8iHy5KD4f14Kj0ti68kY_83wZk",
      "nome": "Kill, Takasugi, for Love!"
    },
    {
      "numero": 3,
      "url": "https://www.blogger.com/video.g?token=AD6v5dzkRbFZUdVB_d1_y57TsdVMqNabwAe6rmGwKKFjUgB8yjN5mGDSuIkG1tL3pShjKR1JV7U511bbmdtH8_vGTA3l6J64kJjOUol-VxLjGV0eTm9l_1Jcr4QYqhVePWCYRLFYOYc",
      "nome": "Ryoma's Assassination? Assassin from the Past"
    },
    {
      "numero": 4,
      "url": "https://www.blogger.com/video.g?token=AD6v5dzBPvkVMDHz2-ywFelCsY-ykfY2KxCOVa1Bu5m2oYJ0ItWXxiILryGGZltG1ZMvp53iqlJH0XBt952xsa0Nqy68sfj4krMGxgEjlQ-oqH0lZvsfjsxxDwxGy7HS1zpRmWneWpsd",
      "nome": "Confidential Infiltration: The Code of the Shinsengumi!"
    },
    {
      "numero": 5,
      "url": "https://www.blogger.com/video.g?token=AD6v5dxE2OdzWVd5UHYvcqwqcZU-bP3CRj9anjRi4mC85ET2ICkrvRMOrSBU0vkDqyOP7JFr54kzTll60LpWOgm5ltNbA_2XSjky_iLunlSm8ro5Rm1yTZC6KhumPi8O3lGpkQBfrdo",
      "nome": "Okita's Fury: Time Wanderer!"
    },
    {
      "numero": 6,
      "url": "https://www.blogger.com/video.g?token=AD6v5dwaVKQI7-pYLCwFL-tFFa1iHoC-UhOIgtbj7P0hzyVazJa-pfre6eLbQD5Vv3noq5I51cSSbX-5lGyw0wCqX_4sAFdEo5i4o6QK5wvA1LKR6WGoUg82QWrRK8zb-ESwdZMn6Qc",
      "nome": "The Thousandth Prize: Yoshinobu, My Master!"
    },
    {
      "numero": 7,
      "url": "https://www.blogger.com/video.g?token=AD6v5dzRL7qZlDFzhbqG7gydHo6B5SbfmwvgA_57TnjHUXyM66U7oP2PfS88Lxg9IjCi3rcUPOD70xB7dHiTR3P_bDcGjTjbGB5X572V2VjHSwxSq3y5q3jy1-xTNwQpCW_OkWe1lfw",
      "nome": "Runaway Express! Don't Die, Katsura!"
    },
    {
      "numero": 8,
      "url": "https://www.blogger.com/video.g?token=AD6v5dxXq0pm1Tw0IPZvm3T3bXRkJI-satCsm7h0kiWW26Rz2CZ37goXARVL6jJT8UIpzL6FBdW2gUyDe5ab30ssLXb_zMpY79ihfYYS8XG9f54OGgjuXVEFEKU8tqqXB45YZYOEt7I",
      "nome": "The Kinkaji Incident! Izo Dies?"
    },
    {
      "numero": 9,
      "url": "https://www.blogger.com/video.g?token=AD6v5dwE-Geqa5pHeNJ1IVLL90p3Agns0RW07_z09HupjOXR6Cp--rf6EoceevaW3qkK7cRmImV-E5RCDkix3h9EikG9A77KiU6fXAOH5_ZFQj75NYrZqs1iyj-RjiMKvJvT8VNWaa1M",
      "nome": "Clash! The Last Samurai!"
    },
    {
      "numero": 10,
      "url": "https://www.blogger.com/video.g?token=AD6v5dxsQvULQZCR5-4aZ0HpIq_CeSQxZiJS8JpmYRico_1-c3RQPL68xNQIhPrzLCGUFqemiPsqPqIwCOgY_misbFoXDTBz9xojidRgxoPhl_Ufg9XTWA9jgsXvMdpvhzNYytsS7m4",
      "nome": "Rescue Seimei! Escape from Prison Gate Island!"
    },
    {
      "numero": 11,
      "url": "https://www.blogger.com/video.g?token=AD6v5dxf5NpR9PKk1UE8cxfSZATspwhoi5NqVKl6jlbmZBWOqZ_DmjnuXf0XGDUQOZrXHmCTw4DO_S7ARlQa6SjSJIMWWpe-TtaLLZ8gKP9sqYDU-1rhHXapjtZXMsNjOWc-xpnDXA3G",
      "nome": "Beloved Old School, Takasugi's Tears!"
    },
    {
      "numero": 12,
      "url": "https://www.blogger.com/video.g?token=AD6v5dx3XBE0L7QyK4jxkKXplY-McK4A-3heTw7DOdsdIEP0N1RimWDAtnla4MTyWHG1G-t9a7_4Cle8aeM8SKIQGb1nU8TTaXZiM_soefCGdq36zG2dtxNVDYy4YGRJ4VvwQ8ZCwXsS",
      "nome": "Decisive Battle! Giant Castle Susanoo!"
    }
  ]
}