{
  "id": 495,
  "title": "Bakuretsu Hunters",
  "title_jp": "爆れつハンター",
  "slug": "bakuretsu-hunters",
  "type": "legendados",
  "format": "TV",
  "images": {
    "poster": "https://cdn.myanimelist.net/images/anime/1607/96463l.webp",
    "banner": "https://cdn.myanimelist.net/images/anime/1607/96463.jpg"
  },
  "trailer": null,
  "synopsis": "For as long as anyone can remember, the Spooner Continent has been under the dominion of ruthless sorcerers. Obeying no laws but their own, they see humans as nothing more than tools to fulfill their dark magical rituals. The rest of the terrified population can do little to resist their cruel overlords.\n\nYet, even in the most trying times, hope persists. A small group of brave individuals has begun to fight back against this tyranny. In their quest for justice against the sorcerers who have gone too far, brothers Carrot and Marron Glace, sisters Tira and Chocolate Misu, and warrior Gateau Mocha travel across the land, challenging the sorcerers' reign and igniting flames of rebellion.\n\n[Written by MAL Rewrite]",
  "score": 6.64,
  "genres": [
    "Adventure",
    "Comedy",
    "Fantasy",
    "Ecchi"
  ],
  "episodes": [
    {
      "numero": 1,
      "url": "https://lightspeedst.net/s3/mp4/bakuretsu-hunters/sd/1.mp4",
      "nome": "Float-Bridge of Love"
    },
    {
      "numero": 2,
      "url": "https://lightspeedst.net/s3/mp4/bakuretsu-hunters/sd/2.mp4",
      "nome": "Red Flower of Life"
    },
    {
      "numero": 3,
      "url": "https://lightspeedst.net/s3/mp4/bakuretsu-hunters/sd/3.mp4",
      "nome": "Unwritten Laws about Light and Dark"
    },
    {
      "numero": 4,
      "url": "https://lightspeedst.net/s3/mp4/bakuretsu-hunters/sd/4.mp4",
      "nome": "Fireworks Competition of Love"
    },
    {
      "numero": 5,
      "url": "https://lightspeedst.net/s3/mp4/bakuretsu-hunters/sd/5.mp4",
      "nome": "A Dreamy Girl at Lakeside"
    },
    {
      "numero": 6,
      "url": "https://lightspeedst.net/s3/mp4/bakuretsu-hunters/sd/6.mp4",
      "nome": "Heresy of Love is Crystal"
    },
    {
      "numero": 7,
      "url": "https://lightspeedst.net/s3/mp4/bakuretsu-hunters/sd/7.mp4",
      "nome": "Love, as it Drifts"
    },
    {
      "numero": 8,
      "url": "https://lightspeedst.net/s3/mp4/bakuretsu-hunters/sd/8.mp4",
      "nome": "The Forbidden Fire"
    },
    {
      "numero": 9,
      "url": "https://lightspeedst.net/s3/mp4/bakuretsu-hunters/sd/9.mp4",
      "nome": "Labyrinth Opera House"
    },
    {
      "numero": 10,
      "url": "https://lightspeedst.net/s3/mp4/bakuretsu-hunters/sd/10.mp4",
      "nome": "To Love a Vagabond"
    },
    {
      "numero": 11,
      "url": "https://lightspeedst.net/s3/mp4/bakuretsu-hunters/sd/11.mp4",
      "nome": "Forbidden Fruit"
    },
    {
      "numero": 12,
      "url": "https://lightspeedst.net/s3/mp4/bakuretsu-hunters/sd/12.mp4",
      "nome": "The Fossilized Warrior"
    },
    {
      "numero": 13,
      "url": "https://lightspeedst.net/s3/mp4/bakuretsu-hunters/sd/13.mp4",
      "nome": "In Between Dreams and Reality"
    },
    {
      "numero": 14,
      "url": "https://lightspeedst.net/s3/mp4/bakuretsu-hunters/sd/14.mp4",
      "nome": "God's a Big Fool"
    },
    {
      "numero": 15,
      "url": "https://lightspeedst.net/s3/mp4/bakuretsu-hunters/sd/15.mp4",
      "nome": "The First Reunion"
    },
    {
      "numero": 16,
      "url": "https://lightspeedst.net/s3/mp4/bakuretsu-hunters/sd/16.mp4",
      "nome": "The Great Hospital of Love"
    },
    {
      "numero": 17,
      "url": "https://lightspeedst.net/s3/mp4/bakuretsu-hunters/sd/17.mp4",
      "nome": "Big Mama Once Again"
    },
    {
      "numero": 18,
      "url": "https://lightspeedst.net/s3/mp4/bakuretsu-hunters/sd/18.mp4",
      "nome": "The Gods Within"
    },
    {
      "numero": 19,
      "url": "https://www.blogger.com/video.g?token=AD6v5dwozFMvED1hoTqbQ9R7cw2abLuTHVNSC9WX-TuPf_DafSv731JJZPr4ooEFScAykW31SETbgFdbAp9eK0XwfVyqtMKsuFSd-sKVNlP9VZrGTkVOxyl9u2sNTMZ2P384b6YQcNRA",
      "nome": "Darling is a Love-Stricken Ass"
    },
    {
      "numero": 20,
      "url": "https://lightspeedst.net/s3/mp4/bakuretsu-hunters/sd/20.mp4",
      "nome": "The Boy Has Seen It"
    },
    {
      "numero": 21,
      "url": "https://lightspeedst.net/s3/mp4/bakuretsu-hunters/sd/21.mp4",
      "nome": "A Sleepless Night"
    },
    {
      "numero": 22,
      "url": "https://lightspeedst.net/s3/mp4/bakuretsu-hunters/sd/22.mp4",
      "nome": "Sorcerer Hunter Spirits"
    },
    {
      "numero": 23,
      "url": "https://lightspeedst.net/s3/mp4/bakuretsu-hunters/sd/23.mp4",
      "nome": "The Foible of Kindness"
    },
    {
      "numero": 24,
      "url": "https://lightspeedst.net/s3/mp4/bakuretsu-hunters/sd/24.mp4",
      "nome": "Overture of Destruction"
    },
    {
      "numero": 25,
      "url": "https://lightspeedst.net/s3/mp4/bakuretsu-hunters/sd/25.mp4",
      "nome": "The Awakening of the Destroyer"
    },
    {
      "numero": 26,
      "url": "https://lightspeedst.net/s3/mp4/bakuretsu-hunters/sd/26.mp4",
      "nome": "A Forgotten Piece from the Future"
    }
  ]
}