{
  "id": 7674,
  "title": "Bakuman.",
  "title_jp": "バクマン。",
  "slug": "bakuman",
  "type": "legendados",
  "format": "TV",
  "images": {
    "poster": "https://cdn.myanimelist.net/images/anime/6/26138l.webp",
    "banner": "https://cdn.myanimelist.net/images/anime/6/26138.jpg"
  },
  "trailer": "https://www.youtube-nocookie.com/embed/KB7QDax8PtY?enablejsapi=1&wmode=opaque&autoplay=1",
  "synopsis": "As a child, Moritaka Mashiro dreamt of becoming a mangaka, just like his childhood hero and uncle, Tarou Kawaguchi, creator of a popular gag manga. But when tragedy strikes, he gives up on his dream and spends his middle school days studying, aiming to become a salaryman instead.\n\nOne day, his classmate Akito Takagi, the school's top student and aspiring writer, notices the detailed drawings in Moritaka's notebook. Seeing the vast potential of his artistic talent, Akito approaches Moritaka, proposing that they become mangaka together. After much convincing, Moritaka realizes that if he is able to create a popular manga series, he may be able to get the girl he has a crush on, Miho Azuki, to take part in the anime adaptation as a voice actor. Thus the pair begins creating manga under the pen name Muto Ashirogi, hoping to become the greatest mangaka in Japan, the likes of which no one has ever seen.\n\n[Written by MAL Rewrite]",
  "score": 8.17,
  "genres": [
    "Comedy",
    "Drama",
    "Romance"
  ],
  "episodes": [
    {
      "numero": 1,
      "url": "https://lightspeedst.net/s3/mp4/bakuman/sd/1.mp4",
      "nome": "Dreams and Reality"
    },
    {
      "numero": 2,
      "url": "https://lightspeedst.net/s3/mp4/bakuman/sd/2.mp4",
      "nome": "Dumb and Smart"
    },
    {
      "numero": 3,
      "url": "https://lightspeedst.net/s3/mp4/bakuman/sd/3.mp4",
      "nome": "Parent and Child"
    },
    {
      "numero": 4,
      "url": "https://lightspeedst.net/s3/mp4/bakuman/sd/4.mp4",
      "nome": "Time and Key"
    },
    {
      "numero": 5,
      "url": "https://lightspeedst.net/s3/mp4/bakuman/sd/5.mp4",
      "nome": "Summer and Storyboard"
    },
    {
      "numero": 6,
      "url": "https://lightspeedst.net/s3/mp4/bakuman/sd/6.mp4",
      "nome": "Carrot and Stick"
    },
    {
      "numero": 7,
      "url": "https://lightspeedst.net/s3/mp4/bakuman/sd/7.mp4",
      "nome": "Tears and Tears"
    },
    {
      "numero": 8,
      "url": "https://lightspeedst.net/s3/mp4/bakuman/sd/8.mp4",
      "nome": "Anxiety and Expectation"
    },
    {
      "numero": 9,
      "url": "https://lightspeedst.net/s3/mp4/bakuman/sd/9.mp4",
      "nome": "Regret and Satisfaction"
    },
    {
      "numero": 10,
      "url": "https://lightspeedst.net/s3/mp4/bakuman/sd/10.mp4",
      "nome": "10 and 2"
    },
    {
      "numero": 11,
      "url": "https://lightspeedst.net/s3/mp4/bakuman/sd/11.mp4",
      "nome": "Chocolate and NEXT!"
    },
    {
      "numero": 12,
      "url": "https://lightspeedst.net/s3/mp4/bakuman/sd/12.mp4",
      "nome": "Feast and Graduation"
    },
    {
      "numero": 13,
      "url": "https://lightspeedst.net/s3/mp4/bakuman/sd/13.mp4",
      "nome": "Early Results and Final Report"
    },
    {
      "numero": 14,
      "url": "https://lightspeedst.net/s3/mp4/bakuman/sd/14.mp4",
      "nome": "Battles and Copying"
    },
    {
      "numero": 15,
      "url": "https://lightspeedst.net/s3/mp4/bakuman/sd/15.mp4",
      "nome": "Debut and Impatience"
    },
    {
      "numero": 16,
      "url": "https://lightspeedst.net/s3/mp4/bakuman/sd/16.mp4",
      "nome": "Wall and Kiss"
    },
    {
      "numero": 17,
      "url": "https://lightspeedst.net/s3/mp4/bakuman/sd/17.mp4",
      "nome": "Conceit and Kindness"
    },
    {
      "numero": 18,
      "url": "https://lightspeedst.net/s3/mp4/bakuman/sd/18.mp4",
      "nome": "Jealousy and Love"
    },
    {
      "numero": 19,
      "url": "https://lightspeedst.net/s3/mp4/bakuman/sd/19.mp4",
      "nome": "Two and One"
    },
    {
      "numero": 20,
      "url": "https://lightspeedst.net/s3/mp4/bakuman/sd/20.mp4",
      "nome": "Cooperation and Conditions"
    },
    {
      "numero": 21,
      "url": "https://lightspeedst.net/s3/mp4/bakuman/sd/21.mp4",
      "nome": "Literature and Music"
    },
    {
      "numero": 22,
      "url": "https://lightspeedst.net/s3/mp4/bakuman/sd/22.mp4",
      "nome": "Coalition and Disagreement"
    },
    {
      "numero": 23,
      "url": "https://lightspeedst.net/s3/mp4/bakuman/sd/23.mp4",
      "nome": "Tuesday and Friday"
    },
    {
      "numero": 24,
      "url": "https://lightspeedst.net/s3/mp4/bakuman/sd/24.mp4",
      "nome": "Phone Call and Night Before"
    },
    {
      "numero": 25,
      "url": "https://lightspeedst.net/s3/mp4/bakuman/sd/25.mp4",
      "nome": "Yay and Nay"
    }
  ]
}