{
  "id": 23037,
  "title": "Bakumatsu Rock",
  "title_jp": "幕末Rock",
  "slug": "bakumatsu-rock",
  "type": "legendados",
  "format": "TV",
  "images": {
    "poster": "https://cdn.myanimelist.net/images/anime/11/62557l.webp",
    "banner": "https://cdn.myanimelist.net/images/anime/11/62557.jpg"
  },
  "trailer": "https://www.youtube-nocookie.com/embed/EKlQ36GjiHg?enablejsapi=1&wmode=opaque&autoplay=1",
  "synopsis": "Ryouma Sakamoto wants everyone to know about his passion for rock 'n' roll, so he roams around town with his electric guitar willing to show anyone he encounters that he's just as skilled as the famous Shinsengumi stars they admire. Unfortunately, Japan doesn't allow anything other than that group's Heaven's Songs, for writing or performing different types of music is forbidden and can lead to harsh consequences.\n\nAgitated by these strict rules and brainwashing, Ryouma does everything he can to show people that the music he loves will bring them the freedom they deserve. Along with his bandmates Shinsaku Takasugi and Kogoru Katsura, Ryouma works hard to find places for his rock 'n' roll group to perform. Refusing to back down until their music is accepted in Japan, the trio begin to realize that there's more to their passion than they had thought.\n\n[Written by MAL Rewrite]",
  "score": 6.03,
  "genres": [
    "Action",
    "Comedy"
  ],
  "episodes": [
    {
      "numero": 1,
      "url": "https://www.blogger.com/video.g?token=AD6v5dwOf55NnP_oJmbBFt4qu9QrkpvqQcGz9vryYAUUOuRqASukwY558yJFF0z8Gp25bUPg7WnuU1Hx0zxhH3Hx_UZcsjxOTuO_ar8dri6ZaMNXVPRY8jbkTVeo5ak2JmkZYbTLanVU",
      "nome": "Peace Soul! Let's Rock!"
    },
    {
      "numero": 2,
      "url": "https://www.blogger.com/video.g?token=AD6v5dzG1dZnGNS_-Fl0d5MZulf28Hu_mzPueJTxqLTY1mPLptgt5189lb6GgIyXoV7pzIIjVEpqmb-QZs91QqhInlfEc6a6aa1ZdaFo9Ka118BtcTCuHjS_01Dxhvk78iqtzr2NDKAU",
      "nome": "Top Idol! Rampage at a Concert!"
    },
    {
      "numero": 3,
      "url": "https://www.blogger.com/video.g?token=AD6v5dw4ChS1hgNQBFFUIrmGSag3ynQeO6vzj9HL3NtKNOhPGSP_fruOOJ7QYSdK5BQdUQlBVWpwan_6iQiqkgzGv7aJlFirNdMEVkv4A3ifncr-ttK08ECyULY4QK0RzQCxgedYnm0c",
      "nome": "Passion! Let's Work!"
    },
    {
      "numero": 4,
      "url": "https://www.blogger.com/video.g?token=AD6v5dyIQ_80nbwLgyBtFon0_FS7ngU-vPeMcZOgDOZ_M6IouZid20r-vgtu8VvFX2qQ3CxGAbg1jAyUrGAS8mScwgInARan3J-MSpw-HnEL8N8V_xJwkKHgPkzoXqlqAfPBEc8534az",
      "nome": "Bath Concert! Let's Get Passionate Naked!"
    },
    {
      "numero": 5,
      "url": "https://www.blogger.com/video.g?token=AD6v5dzzzhllgvfdJuTdWStIu-C4H7JOwmkO2-tFMmnanZRwLHriZmbtXSrL6gUBhcBIi3ATzERBzLXNP7ZQsuPrerJ13PClE8zKCpiY8XirLDaX5JsK0MoSMkBt1-DoTuaEcDkwOrxM",
      "nome": "Peaceful! Heaven's Song is Wild!"
    },
    {
      "numero": 6,
      "url": "https://www.blogger.com/video.g?token=AD6v5dw6QL5cgKULGtakDto7jyRK0PxTd90GlSmPf0JMjrbmX08sKbNmGNjGsnzfnihhnau8qGwkEgLvLnYqM-H-sey9Az51HiO5ktZ-QG7f756iJcezRNd9fNEI6hL3DtdDDP-RBJ8",
      "nome": "Royal Concert! Rockers' Hearts are Moved to Tears!"
    },
    {
      "numero": 7,
      "url": "https://www.blogger.com/video.g?token=AD6v5dwdUtv8Oq7ZTTsYC-fv05J8gvxhpBPyoqNQyzKSNnDyUeMCkXH_iCAlFXU9o6A4gytgoxGHF2sKIqpUN6gcPXcKnbKPUegPjrOdsDNy-jtE71IXdpXoSb5Iyy0LNIcGCm29IZI",
      "nome": "Rockers! Let's Form a Band!"
    },
    {
      "numero": 8,
      "url": "https://lightspeedst.net/s3/mp4/bakumatsu-rock/sd/8.mp4",
      "nome": "Dark Cherries! Death to Rock"
    },
    {
      "numero": 9,
      "url": "https://www.blogger.com/video.g?token=AD6v5dzOG7qQzIRrOI_FvYfeFcJQDQ9Qq7_DhcIZ1_JpTijABkktaIv3u4GMV-TTwjLmbwX9AhywxMFpXD9GyiSjPEfyfKu1-6TKTZa3iqF_8iMU5QbESHROkJYoEhfghX75rpdWmNkr",
      "nome": "Mask the Rocker! The Soul is Important!"
    },
    {
      "numero": 10,
      "url": "https://www.blogger.com/video.g?token=AD6v5dzq5Am3PLdc9HJCFE-v4wHFsWWIi74KPK5JCkc4M2S0-F9sSGwbmJO4mrxGYuoimNdUTmlnWdGBB0_eibfN4vlqz_oPleXsA12rEJGwJNKAm4omP4jg2Mn6gDkJn82M0knFrTP9",
      "nome": "Solo Debut! We Can't Play Together Anymore!"
    },
    {
      "numero": 11,
      "url": "https://www.blogger.com/video.g?token=AD6v5dyWUoeIUR8JhTBlWH8We3RrKQ0ErelxlstUyV-Ecc_JaJbtYzbKS09VsiFBoNujMUQkz38Ccjngqeo1ajv14K1yoAPlJF9zGEgF1tzCyx0DdjdQajiCgx-GHhkej42XmZyQVyF0",
      "nome": "Heaven's Song! Time for the Climax!"
    },
    {
      "numero": 12,
      "url": "https://www.blogger.com/video.g?token=AD6v5dxspJgcHVToFW75C8Ga2slypnMtq7aYVs5nTyoKo5Cl3PPZ4QCrKpf2jUhunxlr4wbDbKzCFyzn0-zEd49k8QdThiokpz5g7B5-yUKNPdW7Fw4glsjI1hUbGxdXoRyJuWoopyw",
      "nome": "Ultra Soul! The Dawn of Rock!"
    }
  ]
}