{
  "id": 30795,
  "title": "Bakuon!!",
  "title_jp": "ばくおん!!",
  "slug": "bakuon",
  "type": "legendados",
  "format": "TV",
  "images": {
    "poster": "https://cdn.myanimelist.net/images/anime/3/78914l.webp",
    "banner": "https://cdn.myanimelist.net/images/anime/3/78914.jpg"
  },
  "trailer": "https://www.youtube-nocookie.com/embed/2dosNc52JSA?enablejsapi=1&wmode=opaque&autoplay=1",
  "synopsis": "Every day Hane Sakura makes the arduous trip to school, cycling up a large hill on her bicycle. After encountering the motorcycle enthusiast Onsa Amano one morning, she is introduced to the motorcycle club, led by the ever-silent Raimu Kawasaki. New to motorcycles, Sakura experiences firsthand the difficulty of learning to ride again. However, through this, she hopes to once again recreate her first biking experience, which was filled with both horror and exhilaration.\n\nAlongside Baita, the talking motorcycle; Rin Suzunoki, a Suzuki model enthusiast; Hijiri Minowa, a wealthy girl who dreams of being a thug; and professional racer Chisame Nakano, Sakura strives toward getting her bike license and experiencing the joys and hardships of motorcycles.\n\n[Written by MAL Rewrite]",
  "score": 6.51,
  "genres": [
    "Comedy"
  ],
  "episodes": [
    {
      "numero": 1,
      "url": "https://www.blogger.com/video.g?token=AD6v5dwWBCb2J3u87EPwNN0YelzSpzybcN5iD_gwRZbzi93DRgd5i7hA4FLXMsQ2_0zD_iHHZ36l9KOy0M_HoL9-jZ94n3l4b_GKpwSyiH1X5QE0LkoYSGJE-ORQRiHRd0-O2lLe2Q0",
      "nome": "Club Registration!!"
    },
    {
      "numero": 2,
      "url": "https://www.blogger.com/video.g?token=AD6v5dzsXJc_N3WPnFYsPP_qs_a4R5lfxXCqyEcBYyfrlY9a6Hh8t0zxkP8yZFTx58ApAd8sAL7SyX4oAgatiCYJz2SeXXP8kAmXmVdol3mOOrZrIsfLhB1zqiH94caYj8MH-O5YHNo7",
      "nome": "School!!"
    },
    {
      "numero": 3,
      "url": "https://www.blogger.com/video.g?token=AD6v5dySdGnxBw_xfSxUlG5_driieluMjh7vNkC_3DVy7rVKuq_LYh3SZEc71C9Dyb_Ne23qDudIOZe3uWl2jQMshWIF9ROBfvxQ3XZjd34LWDZsf_dR3TDw_nTmweF-SDbpddrIv6s",
      "nome": "Debut!!"
    },
    {
      "numero": 4,
      "url": "https://www.blogger.com/video.g?token=AD6v5dzRwHDiZO5tjF7Kj_BakkDwtVCLRH0-CW-9PcOkeDs8vAzw6Jtx7oYIWOlok3SDRksQZeSgw0PEh3bGu3iifL5BxSwc5yuONVyv3AQWaD2chjo6Ul9B6m0j7JCp3GBJXqRUcSc",
      "nome": "Hot Springs!!"
    },
    {
      "numero": 5,
      "url": "https://www.blogger.com/video.g?token=AD6v5dyLhWRyXsv11xrGek9i7o-uf7OiNh6MmcpsslTHFGYcXb_xCfvzAIyhfOxQXy7sRZgPw7WAmATnT7G2tZ96AuyXGn3PrFyNs_jCTi_nx91j9TBSvOybFs4dG6G7V7JjRTQG350",
      "nome": "Touring!!"
    },
    {
      "numero": 6,
      "url": "https://www.blogger.com/video.g?token=AD6v5dzNF6eKdW3O1Bu7_0BDSplwGztpdbu07V18adFg_Oh5hkQYpQgjgOrVZWlze4noFTHy1UtGrw149tXV-5GuLWqhrWFZcqebcSyz8Jol9td0Cqict367mGXzGHfq2DV46w6IiYwQ",
      "nome": "Prep!!"
    },
    {
      "numero": 7,
      "url": "https://www.blogger.com/video.g?token=AD6v5dxn1mUrTIZSGfzrv5W7nJR4JXgiXNphwi6k2BS_0XVs12b-o0NZ_-Qm6nRkGEJfyg_d1mJ2ZRrKvW0WVHt_2h2W6vNpONVKVbWQJK7G4rxXhTotUzlZ6weuCuxpx2O6gBRKnaU",
      "nome": "Cultural Festival!!"
    },
    {
      "numero": 8,
      "url": "https://www.blogger.com/video.g?token=AD6v5dwqCLHWGMc-DK5Tr1oaR0pTOob7JB4Z10EwZDPyCD5Ncizu_pjggvi_BVGYClMzyqYqEifHMFsbvs2MGukQYf5M7e4NfIwSKWBwAIiDd81T4AZkPeq6zWy5x9j4idfb4Y7BiQ",
      "nome": "Winter Break!!"
    },
    {
      "numero": 9,
      "url": "https://www.blogger.com/video.g?token=AD6v5dx90dqCyBl7Nmix9cHTutCcVKoz3On-kVcrbLt2a9qLHSaSRy1sPRjsna-0Uon1OGzuompBC4OV92evAPMmJ4pPFqxWNr3jSlizgbZIIz93QzI2mL-Xluce0NOH5kr8eYVJEuA",
      "nome": "New Students!!"
    },
    {
      "numero": 10,
      "url": "https://www.blogger.com/video.g?token=AD6v5dzMQg4E-v4vwSjTOdrXGF63zojaoi-QLjDi9bR7XrJBZ8IY9KK3mUre4ph0KRqAocpOpoUsdaAmLl84VWaAacHlzMBCsilUQiXll2bwopwpkvr3ClI0qw8scy-CJBChsrFpSQ",
      "nome": "Juniors!!"
    },
    {
      "numero": 11,
      "url": "https://www.blogger.com/video.g?token=AD6v5dylHFDUVQ4zOxDju-gxxylIvwHXK3Xl6zUxbmTrITfSIYREdk76jz-y-TU4hkJftONT-FJyeyEi91bOIGKAWjK2zcS0G2Bmo8mmZBd2HV5NQRoAPXa2z1dQlpnL27Wl5N58gKs",
      "nome": "Bicycles!!"
    },
    {
      "numero": 12,
      "url": "https://www.blogger.com/video.g?token=AD6v5dxs-tWZPL7mljG3DsFQDugUFIMVII5O1XGWqcuKBdgTQfgL_zSq_V4OAuH7HBDPCPY-jl4v6yqrSGBR23eYLbhbwQLx9sYrdRBdSXiIsLiYXH48QFgxKlEIsgn7Tr5-LYPrLEgX",
      "nome": "A World of What-ifs!!"
    }
  ]
}