{
  "id": 1576,
  "title": "Bakumatsu Kikansetsu Irohanihoheto",
  "title_jp": "幕末機関説 いろはにほへと",
  "slug": "bakumatsu-kikansetsu-irohanihoheto",
  "type": "legendados",
  "format": "ONA",
  "images": {
    "poster": "https://cdn.myanimelist.net/images/anime/4/56037l.webp",
    "banner": "https://cdn.myanimelist.net/images/anime/4/56037.jpg"
  },
  "trailer": null,
  "synopsis": "In the final years of the Bakumatsu, wandering mercenary Yojiro Akizuki travels the length and breadth of Japan. And while he employs his sword in the usual fashion, he also uses it to help him locate supernatural items which he pursues with single-minded determination, often with bloody results. In the course of his quest, he crosses paths with a traveling theater group whose members have their own dark agenda. Is it a chance meeting or the result of some, as yet, undiscovered conspiracy? \n\n(Source: Sentai Filmworks)",
  "score": 7.08,
  "genres": [
    "Action",
    "Drama"
  ],
  "episodes": [
    {
      "numero": 1,
      "url": "https://lightspeedst.net/s3/mp4/bakumatsu-kikansetsu-irohanihoheto/sd/1.mp4",
      "nome": "A Foul Star in the Sky"
    },
    {
      "numero": 2,
      "url": "https://lightspeedst.net/s3/mp4/bakumatsu-kikansetsu-irohanihoheto/sd/2.mp4",
      "nome": "The Earth-Splitting Sword Laughs"
    },
    {
      "numero": 3,
      "url": "https://lightspeedst.net/s3/mp4/bakumatsu-kikansetsu-irohanihoheto/sd/3.mp4",
      "nome": "Ballad of Stone Crane Mansion"
    },
    {
      "numero": 4,
      "url": "https://www.blogger.com/video.g?token=AD6v5dwmv8lSAbmt0-vHyPAd--dVlhLNg4-uN8HSU4fJqW2QrwkvaX9e4CH_Fwfm--Fat4GgiyMYeH5uW8qCF4niRDiFg30oFpgWD_l4vCD2POMEmQYqkzi2UWnxbtnVUKuMDkk8mgpD",
      "nome": "Anecdote of an Underhanded Scandal"
    },
    {
      "numero": 5,
      "url": "https://www.blogger.com/video.g?token=AD6v5dxUN4dqTH6xC92wlMz6nAWCmDBeDMAsCeAuecII-mNK-yTYKePJ_6In_cEiOhvRbeR9pEZjWeel_qLdQxgFmBNmRvyOx4IrjfoUzkYSwHlcGpadHBiih46C_6iMeO6rwUk6e5E",
      "nome": "Shureiki Unleashed"
    },
    {
      "numero": 6,
      "url": "https://lightspeedst.net/s3/mp4/bakumatsu-kikansetsu-irohanihoheto/sd/6.mp4",
      "nome": "The Closing Performance Burns"
    },
    {
      "numero": 7,
      "url": "https://www.blogger.com/video.g?token=AD6v5dwS4QSZjYZ7OvFYVDGncpEAkshACdr2E-9A-6cprC_T6xJmN2JeA-lQ5NXGNcGUO88m9Aus1vwkWUE1dHMY9OzRC1FmdsCgioVILW2EYgKlFsOhrZWWdmxe5B6H29cwrqEuw6hC",
      "nome": "Soutetsu Moves"
    },
    {
      "numero": 8,
      "url": "https://lightspeedst.net/s3/mp4/bakumatsu-kikansetsu-irohanihoheto/sd/8.mp4",
      "nome": "Satisfactions for Revenge Achieved"
    },
    {
      "numero": 9,
      "url": "https://www.blogger.com/video.g?token=AD6v5dwX_SSS-8nO1d3KKtvPAfsMi9BQbPdMLfgnVxHWifqPuHxVkzTxsasa4cVss4YVt-5w2jaUex2Fiq2Akkk_kWlLCGMexnCTzm1eu758QCDduNijB4N6pZBjyEv8x8bB8gVhoMts",
      "nome": "The Black Cat Cries"
    },
    {
      "numero": 10,
      "url": "https://www.blogger.com/video.g?token=AD6v5dzOAMUn6Yg_X3hsrRWMk7WqUT73dXTNo_eIhwId102iZRDu1fGAms9-LeEXKs4Srq7VJIoLgwQEZEZpmPA7s1fb-JoGmxyId2K1JTtsy8fXnCMxeuIEHb1dmjmkpgDPtkUnyIw",
      "nome": "Ueno Falls"
    },
    {
      "numero": 11,
      "url": "https://www.blogger.com/video.g?token=AD6v5dx9FvnIbDha1xYGHVZgX8d-TuVq97L4QeUNWvKiVsgxU3Pipe8aizDj_0cl8T1TrqUYy8qNe8eM_knF58Tsm8KuqX50k-BZ38OXxJ1FiFrdY76BqFg_-7za_HOa9069udMnCMk",
      "nome": "The Troupe at a Provisional Stage Again"
    },
    {
      "numero": 12,
      "url": "https://www.blogger.com/video.g?token=AD6v5dzAQXbDq7mG_ZlsudJ9hfomXQAaaMysclo29dLn5pe74vVSkgtVPmVSOx8AzVHToDIQvCxA8q4bshfYv_qCONHAwG3CKQswmBGbE16yDxBoCIbb4ex65i60MnbRxBx-0ph9dffS",
      "nome": "Ryoma's Message"
    },
    {
      "numero": 13,
      "url": "https://www.blogger.com/video.g?token=AD6v5dyd64toBkaXLktGfjx88zPUq90R0hg-3iV-ABlE3mfM9oLzh0DK0rTEbU6frTbpqGvdpyOxVpZlLRVE9KrU_-XqBprxNMwPE4cr2lvQKmurqMiQiFTs7cj2sdGiyLrzG2xjW7Gg",
      "nome": "The Head of the Conqueror with a Soul"
    },
    {
      "numero": 14,
      "url": "https://www.blogger.com/video.g?token=AD6v5dy_tkP8Vg6o7SWJ7pBaoiUD0CnLd8vJwOf3ma1YBZF-vAmRnECrbBWG3HISQ9x-Hq4t64EnyvvVLidfmvH-BfB1wAX8ScBIGZ6SBTupGJwXUgFHd9e4wF4xWZJD1bY8raPlsWc",
      "nome": "To the North"
    },
    {
      "numero": 15,
      "url": "https://www.blogger.com/video.g?token=AD6v5dzxEorcZEVQ90Du7p5wGmHEDLp92TU3zhGMNl_1dEpIFzg8JzfV8oJy-M_4PIugJKun-SExcVLbtwzWAmKFzf30NFLlLkcqY5J9VPNqPiwgHBj0O128ezjWqRRHasLYjGRWan12",
      "nome": "The Secret Sword Resonates"
    },
    {
      "numero": 16,
      "url": "https://www.blogger.com/video.g?token=AD6v5dyUoAoeXYGm4nbXXS4a49g3HXPZnoBTbp6tLPrQOp_3ndmNyTTBNq7kaFv7DKOTG6P0y_Hy7asYTsBOimq3VEeqsiasIYFPsrSpYQIviL8uyJG7OEXit0yDu37AGfhwaPJ6Y74",
      "nome": "Accompaniment of the Four"
    },
    {
      "numero": 17,
      "url": "https://www.blogger.com/video.g?token=AD6v5dxsmEjZOA5PtJppsqzNPLVa6yOzhTzxJVek3S4WmwqMr83f9VOyyRFPfNIJi2ezWswX3fcynHYpcimkfQrqUREUaYfijjff3itziCJxoErgdBKJx-H6dbqCFrFqcNw8evSRGlkg",
      "nome": "Unnecessary Deliberation"
    },
    {
      "numero": 18,
      "url": "https://www.blogger.com/video.g?token=AD6v5dyqiJjFzVnBcRaMZz6dGLlyzV2FjSxDChx51UALTp3xm83U1C3V2Yf5MPKKI6sUekIzlI1Zn-P1lfP7rN9ICa6i2g-9cJIVbBGoEAngI6YBBCLjrAOAHV7CXwQVtMaWXe4kxTA5",
      "nome": "Pathetic Destiny"
    },
    {
      "numero": 19,
      "url": "https://lightspeedst.net/s3/mp4/bakumatsu-kikansetsu-irohanihoheto/sd/19.mp4",
      "nome": "Bright Inverted Pentagram"
    },
    {
      "numero": 20,
      "url": "https://www.blogger.com/video.g?token=AD6v5dzmX1jsm9-vWPvP1ybJn6jpho9T9ruT4GY8EIMkLffjEbE2rYKdXLnQX8YxPsDRPUzWVPgSi37oYq28RxvulRNmHOj3g4n6Pm4W6BKPbK9sunvrF4Juquj-OrOQuGz0_Z_Wjd4K",
      "nome": "There Were Waves"
    },
    {
      "numero": 21,
      "url": "https://lightspeedst.net/s3/mp4/bakumatsu-kikansetsu-irohanihoheto/sd/21.mp4",
      "nome": "Crossing over the Strait"
    },
    {
      "numero": 22,
      "url": "https://lightspeedst.net/s3/mp4/bakumatsu-kikansetsu-irohanihoheto/sd/22.mp4",
      "nome": "An Encounter in the North"
    },
    {
      "numero": 23,
      "url": "https://lightspeedst.net/s3/mp4/bakumatsu-kikansetsu-irohanihoheto/sd/23.mp4",
      "nome": "Hakodate Is Red"
    },
    {
      "numero": 24,
      "url": "https://lightspeedst.net/s3/mp4/bakumatsu-kikansetsu-irohanihoheto/sd/24.mp4",
      "nome": "Irohanihoheto"
    },
    {
      "numero": 25,
      "url": "https://lightspeedst.net/s3/mp4/bakumatsu-kikansetsu-irohanihoheto/sd/25.mp4",
      "nome": "Goryokaku Emerges"
    },
    {
      "numero": 26,
      "url": "https://lightspeedst.net/s3/mp4/bakumatsu-kikansetsu-irohanihoheto/sd/26.mp4",
      "nome": "To Go Towards the Sea"
    }
  ]
}