{
  "id": 12365,
  "title": "Bakuman. 3rd Season",
  "title_jp": "バクマン。",
  "slug": "bakuman-3rd-season",
  "type": "legendados",
  "format": "TV",
  "images": {
    "poster": "https://cdn.myanimelist.net/images/anime/6/41845l.webp",
    "banner": "https://cdn.myanimelist.net/images/anime/6/41845.jpg"
  },
  "trailer": null,
  "synopsis": "Onto their third serialization, manga duo Moritaka Mashiro and Akito Takagi—also known by their pen name, Muto Ashirogi—are ever closer to their dream of an anime adaption. However, the real challenge is only just beginning: if they are unable to compete with the artist Eiji Niizuma in the rankings within the span of six months, they will be canceled. To top it off, numerous rivals are close behind and declaring war. They don't even have enough time to spare thinking about an anime!\n\nIn Bakuman. 3rd Season, Muto Ashirogi must find a way to stay atop the colossal mountain known as the Shounen Jack rankings. With new problems and new assistants, the pair continue to strive for their dream.\n\n[Written by MAL Rewrite]",
  "score": 8.52,
  "genres": [
    "Comedy",
    "Drama",
    "Romance"
  ],
  "episodes": [
    {
      "numero": 1,
      "url": "https://www.blogger.com/video.g?token=AD6v5dzcqI_z4CaltDVchKnQQAjsliFhy3MigU_x-rzzBucPYkHCgYmwyNBfCTBiFIc1chuwsXi2-14cVHTzRLm-DPhCApvPIrq7Yu-lF15_l0bsw0le1SFySzyKSgjRnMjiC-aThA",
      "nome": "Willpower and Decision"
    },
    {
      "numero": 2,
      "url": "https://www.blogger.com/video.g?token=AD6v5dyGNaLvMj_6V-bJI9Apo_vIYxc8CMkGcSqmhbN2-WQmkVoLHiBqMaL0o45SVb5iEBlPYlScPmTBxhAXbGU3crUeaA2Kw5VoHusXKavrQGaiqHCJKFgzdehHJV_hM26gF0CVUQ8",
      "nome": "Every Night and Unite"
    },
    {
      "numero": 3,
      "url": "https://www.blogger.com/video.g?token=AD6v5dyWMyssRGKVJGjpd-5kpxmEtyDCypAEo8Dmf9_AyH8frBaq3Rp9R5TghzDuT93VqavpYqTkvEm9eFQGsdq6_Uj6tSd_gmV6L7C2wBNdgf2hnVsRTVo4kj68N9gqOVzz6t1uNlk",
      "nome": "Last and Cipher"
    },
    {
      "numero": 4,
      "url": "https://www.blogger.com/video.g?token=AD6v5dxr_yOa7UknlNTAHnCGOKiiPV7IBJov4fTpNsa0hTVcc-9JMKOB3Xt4Rak5OYRwani_4mfY2eRmrsyXI7XoSJAZgjKDDICbQugIs4vKlxaAp4EA0-d7D018_ikZsQT5aA6Kl4PN",
      "nome": "Margin and Pitfall"
    },
    {
      "numero": 5,
      "url": "https://www.blogger.com/video.g?token=AD6v5dxRZ-cEy0V9X8gh123jVHJOI61dYAVETcleS-Ibsbziv0Rf9c-3D6HqlqsM6wycTW-JJQsYpoWTP73I314joca3fs2FFrvH3Y91Xg6W2tbgKdtAdNMBcDqvbT_P6v1lj_q5osk",
      "nome": "Step and Watch"
    },
    {
      "numero": 6,
      "url": "https://www.blogger.com/video.g?token=AD6v5dz2VpyOGVKBgHe6PbLZwxnsk1_cpETmpaKlgAmqr_UXjv8YBpr1S4JQ_DgyeYOBYKlTdHIyuB5RZKwU5LPxR-uqGMYCO2RgF3gQZVsat4PRjOl2Zkh6PiWbfFRkCs4WDJdelLc",
      "nome": "Punch and Independence"
    },
    {
      "numero": 7,
      "url": "https://www.blogger.com/video.g?token=AD6v5dziUBiruAhCXRSuSfmzNZETi2EQiKFLGpfSZJgzgyG7eeqez7PcSU-E2SSDHTIbwWZsqEx3dFbcbJixalhAcQ2ssD-er64FbEZ6PwWtXqmff7jlw-Fd-4g5sLA-0IiFfqtP",
      "nome": "Commemorative Photo and Classroom"
    },
    {
      "numero": 8,
      "url": "https://www.blogger.com/video.g?token=AD6v5dwue7NhZnp4YP3wV7yuMNgluxuVQRKd5--goKCZ1SwhWyAGkq1HLKMASlLOTinAM4TgDorymZRD5XxMm_xJEe0sLM8Ar1CuU8OPtXBcCOGwwbc16tYTeEO_1ejLzqSsfqaa6GOr",
      "nome": "Aims and Assessment"
    },
    {
      "numero": 9,
      "url": "https://www.blogger.com/video.g?token=AD6v5dwN4XfeySVJPLvj7V6j4epow71o8VqN5ql4Q44u5LzVX94jzniyB5W4bt6RTm5qdFZlflHWLoJisWcqFD1cBlo3iQYctTJ14l_HlNg_5283eHaK9fr9qQ5IcO_Wll_uSsA54yM",
      "nome": "Confidence and Resolve"
    },
    {
      "numero": 10,
      "url": "https://www.blogger.com/video.g?token=AD6v5dyrXUJ76ZujH5IRI8G4-888zQYsUvB4gzp9K9UgaEqSVVkwvzUxGv4KvSQ_7lGUjUhGUwSUY78rA0JOl3HLpWqon_7TFKjr3Ivdju_AZ8A4H2Ff3rDwlKIDocqPClADIk7yfX4",
      "nome": "Consideration and Provocation"
    },
    {
      "numero": 11,
      "url": "https://www.blogger.com/video.g?token=AD6v5dyjH1_Nk5ZHbB_7l0MjYHAkLfFNXHEjkB-DhWQlVRvzFCZjs4opzgGDZO8B8w4cGQ30AEBAMn9FcddTEm-Uk43UGqlk3gAb5uEd3PIlL970rmMNcBE6EfsrOfXF8dBNQjqTTsI",
      "nome": "Impatience and Return"
    },
    {
      "numero": 12,
      "url": "https://www.blogger.com/video.g?token=AD6v5dyVvH4Cm33Tw7VX39ZD4DsgbVhl0UeU5msuladLMboTLPlO9DoyqCLE33nTW3-hA02PvudBuaEIJG3SzCEBtgoOY_mEem7YDarRFuqh69LY9vuHUAdKKDLPefafGvlwjYawt9d7",
      "nome": "Zeal and Annihilation"
    },
    {
      "numero": 13,
      "url": "https://www.blogger.com/video.g?token=AD6v5dwrIaWzKsywUbFZMCboXZGRWQav-ZLWCI91E9MIZRlt3Sdr0NpCYBfR6_PSI4tPLAQYVvSyJiJ6YYTAASnMAOlHVfaqBPNI5-qVR_3GSuCVvNDQzmxPl2sHLRaycyMS0XGOA8Y",
      "nome": "Imitation and Unconsciousness"
    },
    {
      "numero": 14,
      "url": "https://www.blogger.com/video.g?token=AD6v5dzBpQmYMiQz0vNVzelFx8l4tdq3JoMSsUqtREKcZMRsVIKQpJ3Dyn299Ns5uxNTeARKyQd6hn0-1wG-aYsmQhtGYRdN7A8jqwCdDfA-ejQVr8xBmD_lyEDmspzVvP9qBE4n3A",
      "nome": "Continuity and Obstruction"
    },
    {
      "numero": 15,
      "url": "https://www.blogger.com/video.g?token=AD6v5dx2O3REuM6dOsgasvDPoX0zAaWwjBeVOwvsUOqcJ6aosGNZe4-Oa1-objt-JfRdPGTPTNJ-oJugosPZdbgQ4bj27YL0FcSy-QynlbaarJb45fm6wUFA0LDq-3A8fmSPk4j2z3Q",
      "nome": "Cover and Center"
    },
    {
      "numero": 16,
      "url": "https://www.blogger.com/video.g?token=AD6v5dzTF22jhVUplNveql4UH_-yigZEpqTPHhVd0YCLiBn1GiPKfnxvWfbZHxntGWZ3BvFg9M5cda2JkQ01O6tpcGhEugogOsJMB9of8WGEE4d9AL764MC4qh5b9frDAPlzJ8jDcmw",
      "nome": "Final Chapter & Comment"
    },
    {
      "numero": 17,
      "url": "https://www.blogger.com/video.g?token=AD6v5dybk1mSRuLmwH0tpzjRfMNN5xmU78NqLs1yLx0KcQaQHrSX7ftKu16BjWtTucN_pqQBXtxHJyuVqpG-S3x-AHsAbv-F60HRyqt7tp97zgmwG4HKkCHWRz7EfKbVsBKl4THEAmDk",
      "nome": "Zombies & Demons"
    },
    {
      "numero": 18,
      "url": "https://www.blogger.com/video.g?token=AD6v5dxk7F8zHuKFKgUUaAFqsly8O8eqSDKhTE-5o6XligO3ao_ERW8OGsReQTicNRAupWjXvkJSYyFVTVJTvxVIYy88WggF1XXN5_zAIoWDIMGTuII1EpNv9xNipzwE8px7JyuqWg",
      "nome": "Weekly & Monthly"
    },
    {
      "numero": 19,
      "url": "https://www.blogger.com/video.g?token=AD6v5dz7d2S-UxzVx_S0ucyVxLFatrpuzEsmTkfCZHUsy68W2cHfF8asQvy4uuKuJCI6oJRjJRQXrWrLlS0XB_Y30heJteSZzVYgRZU4XN1hEA9NLzgzaeWshrVHEg3xDtBAsYIaXTI",
      "nome": "Slow & All at Once"
    },
    {
      "numero": 20,
      "url": "https://www.blogger.com/video.g?token=AD6v5dwCU6aWPLY_Qkre62ariGEzx0G3K5Uw057OosxPh3vnaGnlLIi3O6Q0SctfxPqAJaXdDB_RvXJr5E3rXnGyMF-9GgBR6iOuVw9XXAloTAoTiVyriTXvXSfdhweLOwpm9PyCei3_",
      "nome": "Breather & Party"
    },
    {
      "numero": 21,
      "url": "https://www.blogger.com/video.g?token=AD6v5dxNL4N5MaiqSgW1K7ZqBJXFyint8sMQaiVKpJpPFio5mvHHoGygc_n5061J4xXlLsFK7K3tczERPbOO74MhR5j9cyI6_NlaYQhnxUOrivZzWWQOvQT8OdqDfK4cTu0mevFoxxNX",
      "nome": "Hot Springs & Confirmation of Intention"
    },
    {
      "numero": 22,
      "url": "https://www.blogger.com/video.g?token=AD6v5dzriKMEWFXfBDGd45VwHr8O0cu9n7HqybbQi9r1Oo2J4LAKfkBXDCOuF_MPUiBnEYcIPMxQgYgMcH3FFDfQzQHe8GzNoKavSCjiUP9Et-L-FbF-SW_de6Y1-s2TaeNF-JlRNqXo",
      "nome": "Correction And Declaration"
    },
    {
      "numero": 23,
      "url": "https://www.blogger.com/video.g?token=AD6v5dzdQ6uXuJ6EQOJeyh_2VFj_AgeJezeCR1ASPe_wCZQISE6plpnq8xaB7vHGPXecsJHLLPu2FFjtq28wiFfym7yDJA5SBKlwyA7iYbJFpFw8F6kyVkzYexbjRcnsTXMlE0AheZ6v",
      "nome": "Mic & Script"
    },
    {
      "numero": 24,
      "url": "https://www.blogger.com/video.g?token=AD6v5dwSGgESjw8f9fYVOTsA5RdITcO9DODY2Da5neFTvB6bOUyaL4znY_9VXjKGyTL50b191EoghyJkSsv_zTeYDFitIQ7begmffWfGlisu5Iw6DklQkNdzR_FUncP73bPpGjx1fWij",
      "nome": "The Way It Is & The Way It Will End"
    },
    {
      "numero": 25,
      "url": "https://www.blogger.com/video.g?token=AD6v5dyiUDgzTdYxcRPZUymoCoXGGks0KVRLY_2clGaV--QW1ipm-X5LU1mgblOyc2a9UAEZVHufknKnd5JMANvxnRr1gTxfGbm5lx1jb7TbVWNaVX-96sXSH8kYRErliV252YL7DA",
      "nome": "Dreams & Reality"
    }
  ]
}