{
  "id": 16211,
  "title": "Bakumatsu Gijinden Roman",
  "title_jp": "幕末義人伝 浪漫",
  "slug": "bakumatsu-gijinden-roman",
  "type": "legendados",
  "format": "TV",
  "images": {
    "poster": "https://cdn.myanimelist.net/images/anime/9/43673l.webp",
    "banner": "https://cdn.myanimelist.net/images/anime/9/43673.jpg"
  },
  "trailer": "https://www.youtube-nocookie.com/embed/OgVvhbF5De4?enablejsapi=1&wmode=opaque&autoplay=1",
  "synopsis": "The stage is the close of the Edo period, an age when, not unlike our own time, both natural and man-made disasters left chaos in their wake. Manjiro makes a living helping the people of the troubled capital city, but behind the scenes, he also works in secret to take back precious belongings stolen from the people by unjust political powers and conspiratorial menaces. The people call him \"Get-backer Roman.\"\n\n(Source: Crunchyroll)",
  "score": 6.12,
  "genres": [
    "Fantasy"
  ],
  "episodes": [
    {
      "numero": 1,
      "url": "https://www.blogger.com/video.g?token=AD6v5dx-oMOBiEFUrEl5WlxYF794R8d-VmXK311QbtvMXDWZKzzNuR-D2niwXPjJ2GCDn_x5R7GEqMDcQ1Ak1RNn9rbEcG8F1Yt2FqTrQTo8lKM1R76qGNbqhnVZCvr7x1TojQbf",
      "nome": "A Lavish Banquet of Raining Coins!"
    },
    {
      "numero": 2,
      "url": "https://www.blogger.com/video.g?token=AD6v5dzm7tgzpDoxumDYsuL2UmExc5cYfQBdARg4NM-1l_a722-HpUMGDQoBk8wgvMws2Y_9C7HyPcnabGMzIyEz5FED7-HtRsS0_VUTap9tMkLSQexWPY21CApnRS5viE6LHaiCjg0",
      "nome": "A Lavish Banquet for That Hateful Jerk!"
    },
    {
      "numero": 3,
      "url": "https://www.blogger.com/video.g?token=AD6v5dx1XJwXR6RcqRsA4xKkphFJhasJip71UXQzUercfGQL46gLkj9JSQA-4jykjNmmIoGT2UwszLVbJrGGJaSD2t5K837TIc1HOsB9RFDlp6A7enZLMd04Via-AOlWtwRrRZxyQtE",
      "nome": "A Lavish Banquet For Guys In Trouble!"
    },
    {
      "numero": 4,
      "url": "https://lightspeedst.net/s3/mp4/bakumatsu-gijinden-roman/sd/4.mp4",
      "nome": "A Lavish Banquet In Skintight Swimsuits!"
    },
    {
      "numero": 5,
      "url": "https://lightspeedst.net/s3/mp4/bakumatsu-gijinden-roman/sd/5.mp4",
      "nome": "Shred And Throw For A Lavish Banquet!"
    },
    {
      "numero": 6,
      "url": "https://lightspeedst.net/s3/mp4/bakumatsu-gijinden-roman/sd/6.mp4",
      "nome": "Alleys, Cellars, and a Lavish Banquet!"
    },
    {
      "numero": 7,
      "url": "https://lightspeedst.net/s3/mp4/bakumatsu-gijinden-roman/sd/7.mp4",
      "nome": "There's a Lot to Life, and a Lavish Banquet!"
    },
    {
      "numero": 8,
      "url": "https://lightspeedst.net/s3/mp4/bakumatsu-gijinden-roman/sd/8.mp4",
      "nome": "What a Terrible Face, and a Lavish Banquet!"
    },
    {
      "numero": 9,
      "url": "https://lightspeedst.net/s3/mp4/bakumatsu-gijinden-roman/sd/9.mp4",
      "nome": "Bang Bang Ba-Bang, It's a Lavish Banquet!"
    },
    {
      "numero": 10,
      "url": "https://lightspeedst.net/s3/mp4/bakumatsu-gijinden-roman/sd/10.mp4",
      "nome": "Show Your True Intentions with a Lavish Banquet!"
    },
    {
      "numero": 11,
      "url": "https://lightspeedst.net/s3/mp4/bakumatsu-gijinden-roman/sd/11.mp4",
      "nome": "A Showdown You Won't Believe, and a Lavish Banquet!"
    },
    {
      "numero": 12,
      "url": "https://lightspeedst.net/s3/mp4/bakumatsu-gijinden-roman/sd/12.mp4",
      "nome": "In Full Bloom! A Lavish Banquet of Smiles!"
    }
  ]
}