{
  "id": 1669,
  "title": "Bakuten Shoot Beyblade 2002 (Dublado)",
  "title_jp": "爆転シュート　ベイブレード2002",
  "slug": "bakuten-shoot-beyblade-2002-dublado",
  "type": "dublados",
  "format": "TV",
  "images": {
    "poster": "https://cdn.myanimelist.net/images/anime/1230/118855l.webp",
    "banner": "https://cdn.myanimelist.net/images/anime/1230/118855.jpg"
  },
  "trailer": null,
  "synopsis": "The Bladebreakers have to join forces once again because a mysterious group under the lead of Oozuma has defeated them, but the real enemy is not Oozuma. The real threath is formed by a group of people who use cyber-BitBeasts to capture the original ones from the Bladebreakers.\n\n(Source: ANN)",
  "score": 6.74,
  "genres": [
    "Action",
    "Adventure",
    "Comedy",
    "Sci-Fi"
  ],
  "episodes": [
    {
      "numero": 1,
      "url": "https://www.blogger.com/video.g?token=AD6v5dyTAbONBzdYOb-2SeepW-H8dIFmnPJ_eh1GPIH9uyE0whHk1MB9gGw-kJCCMVb6t3kzLygah5yXSZX86dZC4cB-4p1ZdUikXiK7CY582p3z2ZWfYBNcT5Plh6dT542eVRjUGWby",
      "nome": "Shot Down in Flames!"
    },
    {
      "numero": 2,
      "url": "https://www.blogger.com/video.g?token=AD6v5dzM6jKyznM0yjJg3k-8VmxwKIK8wlpVpIxJyGvvBHpxLaWaLapQEA5mPkOUNUo_D3S9g_hCmB-7t9DFTTGG7q8bVdMcffGKrChJCPrYXsmNiGrkMK1jSIofEgnHDtXHO8PAWHM",
      "nome": "The Search for Mr. X"
    },
    {
      "numero": 3,
      "url": "https://www.blogger.com/video.g?token=AD6v5dwG1VURmMZwDjFlUTEIwRAVoHpVHdu_rNm_3Ylts8TJWUFZyrcnP3o2QsmEeSdwb_oO7H9ztRPp58V9HnefI-g0VXok8oDB5LDorMadVDasODj92RvO_KatuOJjB-BIM--nqs8",
      "nome": "Unseen and Unleashed"
    },
    {
      "numero": 4,
      "url": "https://www.blogger.com/video.g?token=AD6v5dy8j1VXHahb86wORrx4fPj3TTYtMvVNa2c-oLG-jesfx17M4ilEZQ5TAvPAq8yJgfY7HN8WPksEVyLMnpZ_YqoPXGC4sfxZmEL5bbExsdoVYn_Ra1lSK4ZkcsWq4hHXubjFnZY",
      "nome": "Searching For Dragoon"
    },
    {
      "numero": 5,
      "url": "https://www.blogger.com/video.g?token=AD6v5dwCM2uRJ9UD3WmHUjBGAEj3UQeBlji8zYglmFpeINnPaTNjgq0dOml6iacl2OlKLU3i4vaO89U4dMYXG3_11Ahv-J2ovhv4a358yIY7H9DCRON_6ft63Fty1W79wyTVjOMiiv-e",
      "nome": "Guess Who's Back in Town?"
    },
    {
      "numero": 6,
      "url": "https://www.blogger.com/video.g?token=AD6v5dzq6CcvdmhSwxfyLjAkYtThlO-jr81Y-nZ6aQxbdqcDY_ewC5qq0v64CmDXsWIkbnIvuhFbG8Ch-Pg4C9H4rRejmxGnqwAvObdgp5PbmUdV1FvD1kBdJhhQbmhNDdaeU6G3Ow",
      "nome": "The Magtram Threat"
    },
    {
      "numero": 7,
      "url": "https://www.blogger.com/video.g?token=AD6v5dwmWgvuYwo0CIyE336lFw2Dp_I7daBZfhrryR2-gPU3erse0DNIDAeaxnVQFV-kELwDGgDdy0E2e9jlylZWIjT--VJuE5X6kmdufTfWsTzh63z6myeGPhES8yN6e1uW0aM66w",
      "nome": "The Reunion Begins"
    },
    {
      "numero": 8,
      "url": "https://www.blogger.com/video.g?token=AD6v5dyGJq3K_N8PFle8pxmYdggjnj_uaM3OKlj7gc1o8EhuREDGpc7sNSgWok0GIbhRs9YrtUm3FtsDTmFYbYlv-Vd_vF-Dz4sU-NzwLfqGTg1I4H9Jw8iYyaFT0Wfk-9P8is7hdBY",
      "nome": "Return of The Bladebreakers!"
    },
    {
      "numero": 9,
      "url": "https://www.blogger.com/video.g?token=AD6v5dy3rzf9ZxtLXiw2WaratQoxkpBiTNUGuVYy3SIgZeUrtNRL5jMgBJIneLyW8XEw8P6a1qTZNtfSx68gTuTFXyLs0v1JGdrq1_1P3bRSlAGivkIlw5CzmB0Nyf0IV8jNdUO0vA8",
      "nome": "La Isla Bey-Nita"
    },
    {
      "numero": 10,
      "url": "https://www.blogger.com/video.g?token=AD6v5dzGZWS666DnBV4_TyCk7AyW-Y9ShoqlEW2wZrG3_cgPkeaHnrhWMf-72HKee4lIpJfwPNJVtPy0bFHSVPHx4HeLtQSQf1WRj8oa1LrJjgDL4OZvGaSDtFVQvOAPZc6hX4G5ch8",
      "nome": "The Island of No Return"
    },
    {
      "numero": 11,
      "url": "https://www.blogger.com/video.g?token=AD6v5dy5Zt5Ux8wvhYlhHbpAYND0P6EWf59Hg6pZm0gx9-N7DRgEtWWZge1Ik83BTeRfwKHFyLQcr4-CkR4K4To9g6Ex5djtkUBjACbQak00ONfTk63US0IhHloLoV5iQIcmKlB28im0",
      "nome": "The Evil Island of Dr. B"
    },
    {
      "numero": 12,
      "url": "https://www.blogger.com/video.g?token=AD6v5dyU7A41FVQ6yjXe6djABKPiqY46CzU5JMUQUrmch12jmDZaQjZ30gwUriwR_UQYIDVkv9eipvFPr1JHl08YNrapMjIo_fD5PGrxcXAR6gGxCjqK3hmTZJ6Wrt5gUBSknGAYX1Gv",
      "nome": "Bring Me Dranzer"
    },
    {
      "numero": 13,
      "url": "https://www.blogger.com/video.g?token=AD6v5dyFqkMPViOv_u8jNGW-XJ1qDOSVpuHZhwnfv_xgD6DM9lgRSITI4pHpimdz0-aLlIFCwbetvnCOF6rK2rVSuxJsEIieYHTOPeefTnA-IrCeqsw2WcdwHXZ7UcVvbLD6RPp3JUU",
      "nome": "Testing One, Two, Three"
    },
    {
      "numero": 14,
      "url": "https://www.blogger.com/video.g?token=AD6v5dwzp0fh-TxkuvPXBkFHMRiLpWouWFk1r9HIq4VYwqtdvVdUiQVDrH-AdJ_32uZxoVll7c6bYCsm-2DrGpvPmklOo4gwxirQmtwU82dG9u_LppRe-gjaw8Da_N6dXHvXfWqm1e_0",
      "nome": "Gideon Raises Gerry"
    },
    {
      "numero": 15,
      "url": "https://www.blogger.com/video.g?token=AD6v5dwdJUwOtIa3YOmXi3Tmt9kuZlaQsdC8HmiRz5WRiDzdYKhAX6d3M2fEjlv2XTIpfEzoNdjlEAR5MOimV_G-kQV_S5t1fW_k0JnCcEtATvb8gHlKMvsayicpPUOpJ4nZAUW9Niw",
      "nome": "Show Me The bit-beasts!"
    },
    {
      "numero": 16,
      "url": "https://www.blogger.com/video.g?token=AD6v5dy0oCLz7Ide_tCtBLEcNkQsrwNu6fVr66PFLFuAQg217htM4mnsyTy8QdXHdRhiFCU3XxykKjwfPWJcY42aax2RG4Iuv5Gw_WbCHx5VabZsFJnVqZRz2tj1LYYV-JS5l5uAt0A",
      "nome": "Psykick's New Recruit"
    },
    {
      "numero": 17,
      "url": "https://www.blogger.com/video.g?token=AD6v5dyxSj4vSEGusIkltWZE9VamUQmimGPUuhTVPemmJhdWLsA2Hu-fLaJUxIvZ58a0SPdGdfAwSP3q22AMoekEjJfoID-8BDLpgbrSC-AmKsAy95olV0ULIgsR-lc6qpgdWLKaCM7C",
      "nome": "Hilary's Bey-B-Que"
    },
    {
      "numero": 18,
      "url": "https://www.blogger.com/video.g?token=AD6v5dzfshvrTYHZ2X8kVveXxhX9qq2rzKY2905yHSZubAGOP7oXuYqb4rdmQbUDC-ZNXyIlSL0a4Te93CXyNp8_taUKzlhvUbwWYztGAh8MVTnvrOkl_1zL_HgE-Da0pIwfQkZ8i8ry",
      "nome": "When Friends Become Foes"
    },
    {
      "numero": 19,
      "url": "https://www.blogger.com/video.g?token=AD6v5dwblCTTqjJUrV00ohvmbbPv_N0ZJNOgjskwE6_ley3Uh1UQDTrxk5lH_cs7zDHLiF7KkjsadkSDKbWnaxhCbdoOb2yJJO8bfMEVxJgdGX6FzmRtFRXKEW5BA0C9IkN021o3xc8O",
      "nome": "Their Own Private Battles"
    },
    {
      "numero": 20,
      "url": "https://www.blogger.com/video.g?token=AD6v5dwp3_x2V-rKoT4sYQOFeaGaPVg2daseQ5g1EPvgwckfqLuqDTa8ga_4LrFZ9VnqLKwIYPOmAC2gwU2zH-cpSnn7n22oFHEGX-cN5GNLMG3mYzzNitDNMthQmKjbSH0ue-JHH1U",
      "nome": "The Power Half Hour!!"
    },
    {
      "numero": 21,
      "url": "https://www.blogger.com/video.g?token=AD6v5dwQVxt5ggqWfJ-lZRAh1fm8OIdSM-aNP07o7TSkXjAQFFSHwRilIkN_rlMlHgrHu4tvPYZCBYIebdLrAGDXKp-xRkNREwPh313qUc0TpQ9_gqviKxyYM5qBdCgJnXUR5MG22M_3",
      "nome": "The Battle Tower Showdown"
    },
    {
      "numero": 22,
      "url": "https://www.blogger.com/video.g?token=AD6v5dx6yCKv_eRCzsmCvzgkbAWUJorHFSrXIqTuTpPE7VZEl3SY_CSkv3IhcAjjJh4Ow0ONUFgqdlwkyMGJKmabFwKqAeNzoo4A4PmZovHTwdCgCU-bkDYgB9-ZW8nRFbVQQNlh23E",
      "nome": "Max Takes One For The Team"
    },
    {
      "numero": 23,
      "url": "https://www.blogger.com/video.g?token=AD6v5dxcBmB8XJiAcuPWj9KoY8uUlzTEskhBkd2fXy_8XzxE48bg1ZAM2kImCi7OMuCxSt8ocYTduId_pUOYewO94HHBjtINH7eSgtoiKptKfqO_vWAZ9tFXMq4qzPaX0J15g1QlRu0c",
      "nome": "The Bigger The Cyber Driger... The Harder It Falls..."
    },
    {
      "numero": 24,
      "url": "https://www.blogger.com/video.g?token=AD6v5dwZkbxpyWC6KKyAMKU4vP5InRXJ2qgxUZsRp6OewBEH1emAQ-gcc1AzdX7E7pfhPwvDRmyIPoF1giYiziOdNEAtoqH7gSZezGv6Gl86i8PaaRQB7LuAKg3GCshSFkyWEDPGRmWc",
      "nome": "Ghost in The Machine"
    },
    {
      "numero": 25,
      "url": "https://www.blogger.com/video.g?token=AD6v5dyjphIP69v533Uyhw_O3TEDFMizeKi5pefg4Iyy0HnmS4KaivmvRPL--UoLePuadqY1fJTGdQRVY9mQzEV2nG-87kiH9tRnX9UiG3XezeVYTPW2YUDNmsrgmnBwSvNN2LigIdg",
      "nome": "Raising Kane!!"
    },
    {
      "numero": 26,
      "url": "https://www.blogger.com/video.g?token=AD6v5dyTa4H834OvcLtJDbNR1BVWot0lE4tFf_ZKSjY6YAv7lbk_vbn859GlD0YXe8CJtsjJz0AeblQsAflE81_UEQZewIOhDVb8wAgYe5i-9BjQdlMRybU9DiRil7LQDwcI11sAsgU",
      "nome": "Cyber Dragoon Takes Control!"
    },
    {
      "numero": 27,
      "url": "https://www.blogger.com/video.g?token=AD6v5dxA9apaf0kYcGu1pRSiLgrD8Lam6RBl3zl9hLaevZG0ds_xb4CMED5FpTHD_Q8q8kFJyLoYWZZNBETGnST0qCTt-vraWwMPFmslVqojqzW7sdZddtGs1hKWJP3BDcIVL1la4vc",
      "nome": "Building the Perfect bit-beast"
    },
    {
      "numero": 28,
      "url": "https://www.blogger.com/video.g?token=AD6v5dyogLh9Um2cCnOZXEhG90JeyhpgzdsXABb2vjK3Aa8DXKQEfMK6dCsJkOEokfb6sx67s8d5gDcRtC0hJCTawbgrDakrJIcSCKmLEqDWL2yUYmGAx3Xs_iaKOHO5Miiyf0jlT-0U",
      "nome": "Hot Rock"
    },
    {
      "numero": 29,
      "url": "https://www.blogger.com/video.g?token=AD6v5dxwOjO_sACxbkhr_8zL64XfusFQJtA8x4c23at6y8CsDzdD8UiF9GcKS7vKEzthqXigqiXCp0hQgQJldt7wyIFwrGNjQ4byt_dAc90ikppb-MervMOORr3yMbWi6IkMxaZOkIgp",
      "nome": "Bad Seed in The Big Apple"
    },
    {
      "numero": 30,
      "url": "https://www.blogger.com/video.g?token=AD6v5dylFiF-Ngt_slwr_a5UYIx1FE260zf7BbnRnJ3TSaO6txD2Ds9YcFuNXq3k-U2zNQEw-QLDWdbNLld0mq5_V_dJ61g9k6pTVFH0bEbA8m0c7fdMCSHayuG2r2g4aHv8l0jp6WI",
      "nome": "Get a Piece of The Rock!"
    },
    {
      "numero": 31,
      "url": "https://www.blogger.com/video.g?token=AD6v5dz_07h0T932P4gG3f5u7Z-mCPvMXVp3xW2vQwyv3kuquSY_moj9uukHRH9fsaoekN9OP09phFSKle3QHQ0dDfA6kdknb4JtQzF88NFf38K_gd8yVZrpKbuRjJ18S67CfCGG5vSc",
      "nome": "Attack of The Rock bit-beast"
    },
    {
      "numero": 32,
      "url": "https://www.blogger.com/video.g?token=AD6v5dzKBE5cvW-zHaX0uUv5_-p_OO19k1J2l6QwDJbXYs2LPjVrOK33tZyFocIf7smPPvf-yCwdrDGXdhGJWxk4H2j7-9W6XoS0D417zHHQTpPszq4sYTrZAh247i-F2FuWZKxCv0Sz",
      "nome": "Lots Of Questions... Few Answers"
    },
    {
      "numero": 33,
      "url": "https://www.blogger.com/video.g?token=AD6v5dyUvwHL9yYQvw9gj_w8bLJIx8kyy-gT0lsoXXPdYSAxoLlzlwbIcywSf_N4Ym8xvan1fsfhw5sHSbLc40I1LXvZDfzIn6DGIvrkY79Pteg6CgptQpyLSGdyYUSDpzP2D-DDtwDC",
      "nome": "Rock Bottom!"
    },
    {
      "numero": 34,
      "url": "https://www.blogger.com/video.g?token=AD6v5dy3oHyyR8w6ZtufCS3UqsKSVlNsze62sx7V41dObHBaGTvOwkr2Dab5gNnJpgowSnEdjqVRp39ATTu7hnTW0-CoUYIhYkACFWaGs6zWqH6dXiB4yDdRRKFxRbr5beODk5WOpw",
      "nome": "Itzy Bey-Itzy Spider"
    },
    {
      "numero": 35,
      "url": "https://www.blogger.com/video.g?token=AD6v5dwHhogLDtn0mix247Jj_hjxkvjcUvR-MEam28VEJlE8fngKgt5nHxVaVCv0s4jiVuiCilXxhz3vkBSGunJh5_RJ-JHB6vHAt8winvI87lBZ_NIlA_ksVelROH5tNBdujlxrdjM",
      "nome": "See No Bit-Beast, Hear No Bit-Beast"
    },
    {
      "numero": 36,
      "url": "https://www.blogger.com/video.g?token=AD6v5dwiNO7JVQVAQ-X06BdPk1-mSgbB_OCQrD8DTdaY44MdZq_PBKIoDKxhQwFzygzhPQDXGpJz4aKYb0ieOsivhI-ykFerpqMYKzf1QksiGcwNXW25r9xADxoIC0sEwL0u1bv2FNo",
      "nome": "Friends and Enemies"
    },
    {
      "numero": 37,
      "url": "https://www.blogger.com/video.g?token=AD6v5dzHAYj-h_OWhgt1zaJBbYutlBaC0kcgpMsv4SZv0q8OKcUDL4BjFrFTFcA9SO4FRf0zfWtIhNsVbgX3bjWruj-IJD2wMs5IQmPialKTvSY-yLsL-mtZO4V-7o4rnzkE_OjPcyrq",
      "nome": "Beybattle at the bit-beast Corral"
    },
    {
      "numero": 38,
      "url": "https://www.blogger.com/video.g?token=AD6v5dxQFNR_1aTdxXCNcRMubrFrwOvV9FjfzqFaqBXLRhEHKFmWoc00hUV8W2lssKrKVLo_fsu-2sLpWFaVf3L4Miy7_wOC-15_l_YOppy4Oor3ngJ0gt82dMDwMOFPAX4HgrcIGC8",
      "nome": "The Fate of The Spark Battle"
    },
    {
      "numero": 39,
      "url": "https://www.blogger.com/video.g?token=AD6v5dw5OLZFrfOQjejdSnjKrHIDbQtyfGJe2oLLrkBzBOjE349Hw5aUy2jM90MMpV5PeMIRJtdgS2iXt9G2qSPsLyNl98xDfhkdgbw-pFcmpDVOvCddt9WZEIYQ-VabWvWlYsjXYLU",
      "nome": "The bit-beast Bond"
    },
    {
      "numero": 40,
      "url": "https://www.blogger.com/video.g?token=AD6v5dx9SoxQEGIVvnguNKg0OmEGtywXq-6Rrz2Cvoa8PM5_kP9B05GUg6zg2mkNUA7LHIVUmF1ZlxvJSEu8pN0YzyE52s_XukDIXnosMMq5BokLMiXSz02-gxMmu3DZGwcGZt1XGyrV",
      "nome": "Squeeze Play"
    },
    {
      "numero": 41,
      "url": "https://www.blogger.com/video.g?token=AD6v5dwDsZHoMzQbyPcUTn9bYE3DEiEnLSRDfGy4WN8nqToqOqhItpfAXzPxo5tItOWgi0Pw3cYwmX8tE8sf1IYjrjF-TVwFLF1Uj0Oly5N7roUljgezyRT-Vi8N90t1WeTxvnuQAN8g",
      "nome": "Who's Your Daddy?"
    },
    {
      "numero": 42,
      "url": "https://www.blogger.com/video.g?token=AD6v5dxPIFRf-4qNe0xPkoqochNDXl8DQCPNm2EX19q-dd4hTC6Rr3xZoED8AxXLd1nZ_kjHEHQ05sFAro-t_Z2sjoLCq4DftaPV4vXBTM9G-K8hA0BhoHkx8bFo9GtL805qAJ0zAl2J",
      "nome": "Fortunes Dear and Dire"
    },
    {
      "numero": 43,
      "url": "https://www.blogger.com/video.g?token=AD6v5dws9VXTcg075X3b5bW5LCSBtEmGkIKpn-BbohvI2glSd-nLEPwSs0MSKsUTG1APOZjYj8LR4G4hLZdB_ynJLCLIosmCyovFe_PrsjVCRdXUAq0Hj1NZcSzrZDdjKxQaqj-u4uaS",
      "nome": "Kai's Royal Flush"
    },
    {
      "numero": 44,
      "url": "https://www.blogger.com/video.g?token=AD6v5dxM1GD33X3DdpYuOVtRniKXnX9O7QYJLpB5WOUnszAh1GC430svJcFVtH-V1tqD-u6vtTvuGj4oXHXft4bft98_gajyccg5u5_jfakXbLVJLoQYtf6a1o4a-Zs1ChVY-7hpTDDH",
      "nome": "The Calm Before The Storm"
    },
    {
      "numero": 45,
      "url": "https://www.blogger.com/video.g?token=AD6v5dxsKXNOUJEDbgx7pSMAVT0_o-fh62zjQ9IumcFdF0lnUHdnGI55BvHqxjJML628xj2rRKJpN4e3YU5eRYQgzQnz6D6AwYEFAa7cHRpQwQ2fD6H-VsS8_lQsyi6XNBbmwILsPGK-",
      "nome": "Zeo Vs. Ozuma"
    },
    {
      "numero": 46,
      "url": "https://www.blogger.com/video.g?token=AD6v5dyQHTeCjaesuh9RP78XX6xjicOcj3sXvX-D50LDTG8m8ooZiRIvFmhbaSw7_676oqpRC0xIdOaWrCSPq97-WMEgKeiULbrxIFiggaltkC3_UNCgoxcORd84q4AjYPnYnJJlVgg",
      "nome": "Black & White Evil Powers"
    },
    {
      "numero": 47,
      "url": "https://www.blogger.com/video.g?token=AD6v5dynCcKVFHO3yZhT9O-QBtaUAqLcI5ZJKwsD4eGAFNhkSHtBlqYJ6KHeEfGpES8VLjDMzueVUMJURcVIRD0JI7Os2Na4jRVedV5-Y0NTq9KvjKoDQm3s4CM7XSzJitFhzKb9Uao",
      "nome": "Deceit From Above"
    },
    {
      "numero": 48,
      "url": "https://www.blogger.com/video.g?token=AD6v5dwCRzBRyHnS-WqunwhFut-hZW_u4fK0MLP-A9Kr6a9O4JR6VPcrWUfhxyMFCCPt9aFNMLWC_bIZD6xyZJ5h0B6wcmtrqfRmCjik_1rtaJwsmIh-CL7SBgJkzOnGfDHBfGlHadk",
      "nome": "Phoenix Falling"
    },
    {
      "numero": 49,
      "url": "https://www.blogger.com/video.g?token=AD6v5dx9hGTGA22_hsyJae8M9Q3Ms_Fmc07unYKVjGhPui_TIjxaHMc1pFTQpgAobhsRdNqobABHPZAHp_avy16Fe7ThWRXENd5NzdyCNG_WJSSMV4WzZNFS9zlfvRE7ockABBgEWJFV",
      "nome": "The Enemy Within"
    },
    {
      "numero": 50,
      "url": "https://www.blogger.com/video.g?token=AD6v5dyuhZjk_K1Qk3-rhTaBTcyx5V8hLIZ-eBqslk6CGSd7d-tajelvbqAegb4SDoK-gbR5c-PA1TOMI5HQg782z4gX6VMq9lHADLwYaZkcLzhRPXvtyvgbTJb3J5b0mOgEKUcCiaE",
      "nome": "Clash of the Tyson"
    },
    {
      "numero": 51,
      "url": "https://www.blogger.com/video.g?token=AD6v5dxUKWMH-Y1snDWP61gTE2BKBuQwJwvoWoh2twCSR-XyqCUeHj1UiLJ4VujNUTAlQY4v-4mygzcB5h_DZv0jxOZe6fM1G0nhzXOhTKiau-UFl4sdoGU8Z7zcr8FXvxoaKfE8r92T",
      "nome": "Destiny of The Final Battle"
    }
  ]
}