{
  "id": 288,
  "title": "Bakuten Shoot Beyblade (Dublado)",
  "title_jp": "爆転シュート　ベイブレード",
  "slug": "bakuten-shoot-beyblade-dublado",
  "type": "dublados",
  "format": "TV",
  "images": {
    "poster": "https://cdn.myanimelist.net/images/anime/1429/127983l.webp",
    "banner": "https://cdn.myanimelist.net/images/anime/1429/127983.jpg"
  },
  "trailer": null,
  "synopsis": "Thirteen-year-old Tyson Granger (Takao Kinomiya), along with his fellow teammates, Kai Hiwatari, Max Tate (Max Mizuhura), and Ray Kon (Rei Kon), strive to become the greatest Beybladers in the world. With the technical help of the team's resident genius, Kenny (Kyouju), and with the powerful strength of their BitBeasts, the Bladebreakers armed with their tops (AKA: Blades) attempt to reach their goal.\n\n(Source: ANN)",
  "score": 6.8,
  "genres": [
    "Adventure",
    "Comedy",
    "Sports"
  ],
  "episodes": [
    {
      "numero": 1,
      "url": "https://www.blogger.com/video.g?token=AD6v5dwCiA_fbacDBRweZz8mZ_Z_ADgZdc9thtcYx-bVffykpnVCyFHDoVPTsPsFclOedOQXWSsMFZCr-ZOlQIrssDVQnNcgVU_aaOVgpF4FEYvA_o2ALn0wQdYFjluTjkGa0KHFu1bq",
      "nome": "The Blade Raider"
    },
    {
      "numero": 2,
      "url": "https://www.blogger.com/video.g?token=AD6v5dzXtFAic6GZXNjCgrUkbOT6Ceflj_GRpW5WpzTzMmX8ddP4oxIQRDyszcDQ3njd43q01gxBbRw3SL3fblhLZy2YKAM2i8cELKpuJ60_Y6st_B9myFLCjO58XVjSIT2dEVt9WGfG",
      "nome": "Day of the Dragoon"
    },
    {
      "numero": 3,
      "url": "https://www.blogger.com/video.g?token=AD6v5dz-67lmZpAU3HiR3Bz-_lMOvGMYdVCIRu-d1uJunxpmOGxpqtP3oHGwVJ7PANpN3G4aGRahEXwbV9SMfms6DFyRcpaDuDTUjNy9OuS-90aq1H8yiS3jipYOKqkCgh5Ga1hfvwWg",
      "nome": "Take it to the Max!"
    },
    {
      "numero": 4,
      "url": "https://www.blogger.com/video.g?token=AD6v5dwCicp3X5xcTCpdjF6MgGAUQjS8IQnyAJwvh7fLhcmCR2d7lEQDtQVn8jhnBLb-rJ5sJptC3S9RAgA6mlxEg2stPHRj1NKEOKH006ri28HSzvugIibiw9AVwr9RWzgOdVjWQuWI",
      "nome": "The Qualifier Begins"
    },
    {
      "numero": 5,
      "url": "https://www.blogger.com/video.g?token=AD6v5dwyNYWNpeuLSzX0_tg0qx3qNcvrKp1w-Dyt-30aTG76nfLaTy4zkS3Ud-HBs1IGA3u9qfOQmLr2t8qIsIf46QY-QxtWINCDUp_hYIbpN6ZG-M-LkMz0tbC3wyMqpdq_AQoaNqI",
      "nome": "Draciel of Approval"
    },
    {
      "numero": 6,
      "url": "https://www.blogger.com/video.g?token=AD6v5dwrCyhveK68ir2Hjei-eVXtTudFRMoukqdLI_ZBiG0CLt83XMQyUe8jRuUmZmSNoIf7JYXmDfd065E-JdP_uDrLCV9HQHLLgz87Llgg96NfNxzLzxD51EnN16PzZqSwxs5xMQ0D",
      "nome": "Dragoon Storm"
    },
    {
      "numero": 7,
      "url": "https://www.blogger.com/video.g?token=AD6v5dy3apxxtPSGZeW5qiU7yv-BNipDNpmsP3Wx1Ni9nDXcFl2k7s60I6U5rI_siGFAZFJEtR4Ky783q5VG7uFlvfb3awdE_EaDpQQtzo5QLWJRkM9nXrzb7orUo726pOWCZwp__vAR",
      "nome": "Thirteen Candles"
    },
    {
      "numero": 8,
      "url": "https://www.blogger.com/video.g?token=AD6v5dydWwcekoM55y4mCFrSSPPFcUoW8jXgJ3fpNWKaGeZ8HuH7Y5kzND4RuJb32lFwGbxVk08ulbkHMx-GnsrEfDXpJ-5JViPS7Ay5ikkacYdlRLn2DuVKFMzWWa-JebZSi1aRAJk",
      "nome": "Bladin' in the Streets"
    },
    {
      "numero": 9,
      "url": "https://www.blogger.com/video.g?token=AD6v5dwWFaWmG4g48VXUYIke__FRuo9vV9gEklAJknhQ1h_i345o2n2ptgT1cCdBLSZdwxwXm2JZs1Wbbz640CD_vO8xFhycRQAeZLkIKnArHbHx0pgGj8amJYOyfudekKYHiBGXs4Y",
      "nome": "Showdown in Hong Kong"
    },
    {
      "numero": 10,
      "url": "https://www.blogger.com/video.g?token=AD6v5dxBeZqjfC4eKDWkOSnq1SsjVTBXrMTk7EXOm5BeHcb2GtOXWPWn7r-lUaN3VpwQzxfWJ8_HaIoK8OCtyKgqp4xUkt7GWAyuF95dIV-epxblDSZlaTHFD5J3xX6jPiNrEwfjKhM",
      "nome": "Battle in the Sky"
    },
    {
      "numero": 11,
      "url": "https://www.blogger.com/video.g?token=AD6v5dxWCoy3goP2x88HXP3d_u3BkgPFXv0EjXOUbzTLUpDjWEQORam6NedcHENy60OasGbWAp3owUBr88MZ9bGdRZCzO5Ur4d1tsoVWQsCW6qpnnopOUuseAfe-f7yrbQ8Go8lk80bf",
      "nome": "Bye Bye Bit Beast"
    },
    {
      "numero": 12,
      "url": "https://www.blogger.com/video.g?token=AD6v5dzaaVOOYOggslGa-GezwP2Q7kRLO9q4n8uYHYfT0PyKqSbY5QAtoB8vvDGhGrgohNLP0Jw8JOw411cY20zhsW2MqapLbDb2vJv-HHhNRW3Kbo6XqMtG6X72Fa4zjgttYiKBzwI",
      "nome": "Adios Bladebreakers"
    },
    {
      "numero": 13,
      "url": "https://www.blogger.com/video.g?token=AD6v5dwUQF_QTIcM3QaBBl_zPTtflqKq7a8cMqB-uNYEIogWspkHEeh0gBTX0jANTo9r-pUd7B6_qeF6SJU6TW2Jq_mt02EBCyfSlGalOoO5T4pXoHp3R1PZpy3V6R7benfGlSeK6xZi",
      "nome": "Crouching Lion, Hidden Tiger"
    },
    {
      "numero": 14,
      "url": "https://www.blogger.com/video.g?token=AD6v5dyKLDa9A_6VG_TeypIoKR7zi_GZg7z7ovS9EAfY8NoLKN8Owlf9j1Eqx4PUpfDrl6FgKt2S_zz0O0iR6xPpjbKfS0Km4XXDpA5sv4GSOSwzJgKZobNgW5mLpRQdN1VeiyBXZCbQ",
      "nome": "The Race is On!"
    },
    {
      "numero": 15,
      "url": "https://www.blogger.com/video.g?token=AD6v5dySjz_BEMhQ0shOvVur_IcbDb0n7TE5mkYbb-_J9JpTgiTkYsCNfsqvu2ku_7HezHvKmAAsg0ZV-LYvSp11hMby1X9IpJMp7NoaN_Gh3aAn4107IoMcwaautMNxHrx_SQs",
      "nome": "Going for the Gold"
    },
    {
      "numero": 16,
      "url": "https://www.blogger.com/video.g?token=AD6v5dx8E6xPlSrAGVqEPWSTu8sJiuGM1E0c0gB1CgAJEX0lJ5KcBtfNQ3FxYdyZPmoZRvrN4HysgUWU7D1WHEHrzB83JlVypboj1GaI-_GGtPtwV8mH1YNANOpYi_ENKNWh1jccXFE",
      "nome": "My Enemy, My Friend"
    },
    {
      "numero": 17,
      "url": "https://www.blogger.com/video.g?token=AD6v5dy-xLJkrRRhg3vh_Xu3UWUS7gU4ryQxRQKxQnxtM6GCTQNdQAkMZF13gvYpu-K82UzkCnL0Jcrr43beie83VNpsw2p_dnsbHL7rNDO8L-2TmueXOEbXVwYn-epk10mRUB3Zbd0",
      "nome": "A Score to Settle"
    },
    {
      "numero": 18,
      "url": "https://www.blogger.com/video.g?token=AD6v5dzPo7nYCumygpYvSjIhsOOULU1DJ2ghJjPzB8PHadBoZaOlhzy4eROiqKpcAyWS0ZctV5M2MZr_DqQ5KersQsTjfyLlNm_N6_H3t2ulVvHE2fmsDbvntBbuvfeba-r1vsZdQcBS",
      "nome": "A Star is Born!"
    },
    {
      "numero": 19,
      "url": "https://www.blogger.com/video.g?token=AD6v5dwjgZZn1K0VrxsMYE66uJbeogULyEXkiCqskKrFcEzaqiWx3Jem2FKn7azK7u9vWLOIr-PmfgU7w5byBjXWUvs4nmnF5_Ah_KYZgooQAT5aPt5POvPysIgH7BvGalidE8tinP0",
      "nome": "Under the Microscope"
    },
    {
      "numero": 20,
      "url": "https://www.blogger.com/video.g?token=AD6v5dzl9WkEW4JjO0qeqOMn4F61mBp1RTK7qJxr0tqfDmNElSBOxgacq7-zWzfvmZBCEgKcmX17NKzX-shZKtWGZN6_m7dPJv8Kw1nFTAkkn6FhfD3ko7lIT3_bEf10QPdhXxwSMMk",
      "nome": "All Relative"
    },
    {
      "numero": 21,
      "url": "https://www.blogger.com/video.g?token=AD6v5dwjn1XrgCxGquJrlCbZQxQY8wRpIW_8l2I3CozAMb1XkQ4PnbUj4xf008lrCMBCIlcaxIp4gviEabhqVBfDBykk61v4ncU0a3TMuof7YeeiZ3qnrTF0h6AVwDtL6UX-mzbM6Qg",
      "nome": "Practice Makes Perfect"
    },
    {
      "numero": 22,
      "url": "https://www.blogger.com/video.g?token=AD6v5dyZHuHiECYyiuKDBZJ8hhsqN_txaoF85Wu6mpO30YEn5D-auLQxmrQfZpIzpmGD6zS9SlB1NYJbkhw4nl2WK1pzw8dXcah1fjTccccR1_Hm8j49prQAlX68R_NlMBu91lcq0j9K",
      "nome": "Blading with the Stars"
    },
    {
      "numero": 23,
      "url": "https://www.blogger.com/video.g?token=AD6v5dyGP4Nphvb8vUnLhu3rtPV4ljzZm_rZMrnsDLyv5rF6fVUJS3wrirLJUNoi9kCTMJzPB42NMo5N6KcmWFPh6MsRZ2nsLmSER7ioOubfOsz6-IgfgHEIv-5eB6mS8WajmLPSZUrq",
      "nome": "Showdown in Vegas"
    },
    {
      "numero": 24,
      "url": "https://www.blogger.com/video.g?token=AD6v5dydeCtES0LTqkeNjus3Tcg0O00kOnsZQRRqTQEm1wguT2IwtGoSOKVBlYQsrgd4wzX6G9N75QjLiWtcr3xRQsezrgO-Vs8R5MkriT7iNq9tjgZjsbph-gSBCMekALcCE6IRobnk",
      "nome": "Viva Las Vegas"
    },
    {
      "numero": 25,
      "url": "https://www.blogger.com/video.g?token=AD6v5dwTPQYOGO2k2yurVO5IiykITWlgFSsDs6ntYj4NVsUESNbthXsEVlKycduho6fup07fIIQaXleKIyvdCRrAO54m4gbhzj34HFjhux8r_Kh8_HHMVXYr4HZYcDYjC-xkaZp_7pnM",
      "nome": "My Way or the Highway"
    },
    {
      "numero": 26,
      "url": "https://www.blogger.com/video.g?token=AD6v5dx7GtAulSlKoPK1al0DTw890pkcN8xSUBxvN_FGiiXrPpok4I29cD2tJ67R37Pk-Fsq5iCjo8vmes4pJpNqvJ2hxdYeNhEycYC9M33Y_aR0lJn3Y0EceQ48gjtV2t8k1535TWE",
      "nome": "Catch a Shooting All-Star"
    },
    {
      "numero": 27,
      "url": "https://www.blogger.com/video.g?token=AD6v5dxczE8eRou3POwy2ZqIMEvH_DJLUxNTxid4FFfIzXQ6qjIU3A68Jg626v8hbwxc2seBF33hDX0IrfgtluSjvjU3wRjyMQ7DxUnbPKVM5xvC6Ev9ztbEXrrqg1kPOoYnX4Ifo3_f",
      "nome": "The Battle of America"
    },
    {
      "numero": 28,
      "url": "https://www.blogger.com/video.g?token=AD6v5dywTkalLI6e266vWCr8ctlCobk9vFMIqOuIejV_dFLsP00wWWUKvTN4ZWNZPQ9VCrT8uHPbU2PsQA_RGCZCxBiibm5JcfE6k0W08fhtcUo8jJ7dfXhMmg3WJxOUTsANxW1IDHk",
      "nome": "Bottom of the Ninth"
    },
    {
      "numero": 29,
      "url": "https://www.blogger.com/video.g?token=AD6v5dwdZ3IUzBRE3lAif-T8kAoLNm6xvs4LT9XuxS3RtuvjmFAp_oaQb8lNl9-zmhEfldWSclNhitBHdIU2FoiyB51H6ykZXm38c_JMW-KfmmXhH3SVqrxnP935j23oTpH14hnhJe8q",
      "nome": "Play it Again, Dizzi!"
    },
    {
      "numero": 30,
      "url": "https://www.blogger.com/video.g?token=AD6v5dz8LhF7bVJEGSgXb6uhWOE8PXZPxDrHfjl8mOCG9PwcmNSb2ed3oIg0umaYw7IyianncA_dfSblNDshIb8G9UFq8TFBxCokXZ-egDwsokRZ3teqs6DgXbNT70oATmxzVpkKOhc",
      "nome": "Cruising For A Bruising"
    },
    {
      "numero": 31,
      "url": "https://www.blogger.com/video.g?token=AD6v5dxk-vgrbr32TtRdKZ_Z9TxwnBkYWw4Ayjs7LdNbnhoraKsA6FcAKpmJyAALxy-QshD6CRgU98lJVnNTWdSPp9XSo7xNYbCdiMz62O64cvR_Txm4ZFrBhlfCH3T3X2bLmKRKxOhS",
      "nome": "London Calling"
    },
    {
      "numero": 32,
      "url": "https://www.blogger.com/video.g?token=AD6v5dy1ZFycMYCdDjyzEnU5RlWcS2iew-znowMztq-20ZuGqTs8-HomhgcclsjO0SAc_-jsUT2EpAbZ6P85OjIk1VEjJKO85B5w_qx0dqeRoMmPQPYD9MbQ2G_vMrqaevGYjFgXgg4",
      "nome": "Darkness at the End of the Tunnel..."
    },
    {
      "numero": 33,
      "url": "https://www.blogger.com/video.g?token=AD6v5dy4r6bROH6c47kGadozSH3JRW9mqpukqt2AJ9Wm25mVZAZBHO8xIA9af0npxVlEAL7LlksQxrm-W8BPrKhNEpXhWsr4Bp1YNi7ZWdNKD0f81yOYY0yop0hcBxzWq2GiYSvs6X0",
      "nome": "Last Tangle in Paris"
    },
    {
      "numero": 34,
      "url": "https://www.blogger.com/video.g?token=AD6v5dwNr0lOxdu45wX8LYmJxq2rYTgpjWHtD7ZdL88UfuL1sx3JyvA5IiYeyhlfB3Bon6QM9g8o9soFi_CyPVSSY6Za8CNj3M-o2M2HXw-JxevIA65fHWJad6l9yBuNQoCDPNDaX7vy",
      "nome": "Art Attack"
    },
    {
      "numero": 35,
      "url": "https://www.blogger.com/video.g?token=AD6v5dwyimR-4HvDqd6X0vU8i_50JNFhrExyOrUGSAyX8mNyEzrdPzs3uZg6E03CJhGcAhmDV_-ModkggG9Dc7Z-ZNbe-4ncFLT_rwRZlj_-4nlvoyUhcAiraqp7EFqDzJO8a4en2b0",
      "nome": "When in Rome... Beyblade!"
    },
    {
      "numero": 36,
      "url": "https://www.blogger.com/video.g?token=AD6v5dzQ4BUNLVxmwE_ePVMBb8SfJ9v8w2VISCL_DeYWYr-WnwrG33gExFSllIlpilzctKSRncCY_znsxsyKZx6NPR2Cxpv9vZg0vn0gJziJJqceHfOWfnfdRMQu7F3Uq81VgcawV-uU",
      "nome": "Déjà vu all Over Again"
    },
    {
      "numero": 37,
      "url": "https://www.blogger.com/video.g?token=AD6v5dyaqXGk_yUN-hj6K3HYilsK1OiY6m4Z03U7JFdx-CS432YLzyD_qPKzWC4OoBpheFSickZFU5QFhvQXo1ejbaRv4XVUTks-SN4hlYxzbdO0X3XM21ObJwqjvxNzvSH1VKpaKMIo",
      "nome": "A Knight to Remember!"
    },
    {
      "numero": 38,
      "url": "https://www.blogger.com/video.g?token=AD6v5dyWJRB4bMr-zu390JoP9O9dPQXTwxiJtgIpTb2AcgcECuNbaUWdzz19gz8lT3dfYceGMAkgQEbLUaHnRAt9YlT8bGM04TvIVu9RQoPVvnOMipTAYSLdJ0Xh1KLbTSkjLBXZNtny",
      "nome": "Olympia Challenge"
    },
    {
      "numero": 39,
      "url": "https://www.blogger.com/video.g?token=AD6v5dwkNa43Xt3q_qyzT6mPWTGLWrVWb8BAxmLq3HoO5Z7My1uM4GG1tuv3fTx9FjLoj91jXi36oGeEcoJ3dJbYMqK2sXXvLr7kSgcRR6KFux6LNv7YnkCZ6f78Y92Juh6vSTzngN54",
      "nome": "A Majestic Battle... a Majestic Victory?"
    },
    {
      "numero": 40,
      "url": "https://www.blogger.com/video.g?token=AD6v5dzVgnGjaqXI22MXBT7FvZRl5lIYenrf_XAsKWN1n74-nUlt2twqkSWCZ5cXzqPybRv6MSCa0CkTgXyxcIkKzebYpScKWa42rv5J3mjpg8QIWmTylb4-f1y92rU7UJlCwKEzUwM",
      "nome": "Hot Battle in a Cold Town"
    },
    {
      "numero": 41,
      "url": "https://www.blogger.com/video.g?token=AD6v5dyMpYQgGy6Hh-q9D3pW0lZhdNHxG6Cm8u0J3Ko3S80R1jtUFX2Bw4VTR1St7RL1o-e-QQZEjKTIrzubgK8dIT4Q92nxrQOkEFqVCX0zyakFdiIEW-vFaaX4vnJekt7pIHlytIw",
      "nome": "Out of the Past"
    },
    {
      "numero": 42,
      "url": "https://www.blogger.com/video.g?token=AD6v5dyR8gI6K789OfsL05Ak2tLN2x-L56w1r2xVUU4-f7JNaxvQ1oYLHRFV_MC9CuxzjaDywSrkApcDc-HL0DaM6Lgp6mm0KPuruXkmy8x9NpOqEpvTOmcqscIqi4Lgc0jawsLDd6k",
      "nome": "Drawn to the Darkness"
    },
    {
      "numero": 43,
      "url": "https://www.blogger.com/video.g?token=AD6v5dxFDkAn0iPAdSdYDCLDRbHCeuvagszqxL5pHZRQ0fENxfPdyHCzop-UEJL_PEg9-KjOAeXrjk_ZtiWx0i-_0w_K3FsjmJIhQtlSl9Z43I1RJlF0sJ6hMl0_PDlTNzjZRC0c7YuM",
      "nome": "Live and Let Kai!"
    },
    {
      "numero": 44,
      "url": "https://www.blogger.com/video.g?token=AD6v5dy3RKl0634sqS1gPlIxtRoSdSA1Gb8YeJbr2LLxDlydDfkKhUT3iV1HbnZ2ZkJf3EJrihEfoDz0I6uxsJ1aRMRVDoIi16S-VQha62C94vYmXe-TkFEhwj3qyFf8ZSEbKbxZAtnB",
      "nome": "Losing Kai"
    },
    {
      "numero": 45,
      "url": "https://www.blogger.com/video.g?token=AD6v5dxupZ84kVw-gf-lu3yGfu6_ezkeq8sMecifHLrFyGDDhk1gjP_hph3HxuE3MCMB14hJg1-PojUq_TeI-1HHJcCOMbFLeAOWURRcPSw_2rQaEt3x5AVvgqGIj3ymCiDNtJWtaoI",
      "nome": "Breaking the Ice"
    },
    {
      "numero": 46,
      "url": "https://www.blogger.com/video.g?token=AD6v5dzJT4ZWZo4kvuRSC5zBEx9RBxyEbPxs9Hu7TegvUrP6Eu-CIvasRQwfouv8RR9_gDJ5TiaMaxq7gqDa1UM105ngdXYPZ_ZNhEp5cY8coyufW3td8WKeDK_6oylA7Itt5abGT60L",
      "nome": "First Strike"
    },
    {
      "numero": 47,
      "url": "https://www.blogger.com/video.g?token=AD6v5dwZEv3evMvshKyZI_ny1pefSWVANE2rdRnIVrVIlxkm7aihBi8gyeN4gydRCbkv45_rvQjpGALDGAnHF_CoEjCOypcTETEDfFlb-Ge4pfTCuq1th75FM-ld90EU2Ve-z98oCcFD",
      "nome": "A Lesson for Tyson"
    },
    {
      "numero": 48,
      "url": "https://www.blogger.com/video.g?token=AD6v5dx3DPLgK1uJ4j8jq1NXrKJvOTme1ccfQQUKBrWbmRwSE-2Fz67HMaeUbQrKbx4f8gkNDKayBcHf-AaYcOhc1IbrYaJ4PBmmqUb5jk_9Ts1U4UgimtpnkZCDsa5XiQPY0SsyWdGV",
      "nome": "Victory in Defeat"
    },
    {
      "numero": 49,
      "url": "https://www.blogger.com/video.g?token=AD6v5dyX3a_sPI5chSNhE_A7VrS5cexoKsJIXv92nwW6dFz42vngOe5bOmOSyAWI7rF43iRL1S5mqoty16vtKug-F1pwxDnFxoUlV-mqZnQHvYHiq3r2GPGlLM3iByLr28MNgC4JLpD9",
      "nome": "A Wicked Wind Blows"
    },
    {
      "numero": 50,
      "url": "https://www.blogger.com/video.g?token=AD6v5dwGvqsOD73aC3-qV2W8tFkKa7qxVmHfDgKvRy8-zaBSKiVe_dLkhViqNh5WL36tYYij0d9mCsGwq3qiuFwPqUDDZWY18M_tsmkYlcH9onzOZ7qcH5BGD-8MH20CzaaeO9tGGWPT",
      "nome": "New and Cyber-Improved..."
    },
    {
      "numero": 51,
      "url": "https://www.blogger.com/video.g?token=AD6v5dwnm9f2yuN21BZS6N98jewu30nWcxeiOf3Qci4C9wyamUoFvT7dcZBNsshJ3FPRuMi40BV4gEhj7Q-vHf4JL6MUTptzFosfCRqIX86FsjimUcoFdKjSIFqN5yRbyTID6Bso4ffs",
      "nome": "Final Showdown"
    }
  ]
}