{
  "id": 34636,
  "title": "Ballroom e Youkoso",
  "title_jp": "ボールルームへようこそ",
  "slug": "ballroom-e-youkoso",
  "type": "legendados",
  "format": "TV",
  "images": {
    "poster": "https://cdn.myanimelist.net/images/anime/5/86739l.webp",
    "banner": "https://cdn.myanimelist.net/images/anime/5/86739.jpg"
  },
  "trailer": "https://www.youtube-nocookie.com/embed/9K3XP1Fcpcg?enablejsapi=1&wmode=opaque&autoplay=1",
  "synopsis": "Tatara Fujita is a shy middle schooler who has no particular plan for the future. He has gotten through life by avoiding any kind of confrontation and blending in with the crowd. But blending in isn't enough to get out of trouble, as some bullies harass him for money. Luckily, he is saved by a man named Kaname Sengoku.\n\nKaname invites Tatara to his dance studio. Although he would normally never set foot in such a place, Tatara is captivated by Sengoku's commanding presence. Granted an opportunity to dance with fellow classmate Shizuku Hanaoka—who often practices at the studio—Tatara realizes there's something about the idea of being put in the limelight and dancing where people will see him that keeps him coming back. With an earnest, passionate drive to improve, Tatara begins his journey into the world of competitive dance.\n\n[Written by MAL Rewrite]",
  "score": 8.17,
  "genres": [
    "Sports"
  ],
  "episodes": [
    {
      "numero": 1,
      "url": "https://www.blogger.com/video.g?token=AD6v5dyt67XMqDpNmscftq9dRYHSAzVHHJH7sX9tZcnzdrFX7LlqSoeADtC45Ng1mUbFCizntKAMI2jUk-IqI2zWkCI3QdUDmjh7qtZQSz5ycmjMIow6lJBr94CaDC6ENr0fvDWOFcCK",
      "nome": "Welcome to Ogasawara Dance Studio"
    },
    {
      "numero": 2,
      "url": "https://www.blogger.com/video.g?token=AD6v5dzBKXLaUkvFId-egxft3_Rw1hg5clE7X_tS-DX1lgMybpdLg_YptqUYwqT3-T0imAzfR2N52XhWaHIlQTd1wslZgwVURYanjvCViEuPhkpf4yx81scGEKor7JnCAehuDVwRTz4",
      "nome": "Kiyoharu Hyodo"
    },
    {
      "numero": 3,
      "url": "https://www.blogger.com/video.g?token=AD6v5dxmMjpoH8mBZu4E_yHbdDUynyj2V-Mf__U1dBN4pHYBvwfBlLZQAiQhesslzfC2BDaRCcLVCDFYoqrjfoCgn4l_8z_R3n_LJmModogQj-OHowIhkqNOZbgA3I9wYdwNSnJc9NeQ",
      "nome": "Dance the Waltz"
    },
    {
      "numero": 4,
      "url": "https://www.blogger.com/video.g?token=AD6v5dyG1Ni4Phj9GkplXPiwriQ2VSFxkjXEviTiw60oTMdgjA3Fz6PksJA-oYwmOPce_HOQK5desZvK5AHB7N-5hdFkqXUAycHVd5MPgYYPhgGAdwwCtGYfq5pxIbBs6CApVXSNl0IA",
      "nome": "Dancer's High"
    },
    {
      "numero": 5,
      "url": "https://www.blogger.com/video.g?token=AD6v5dz9tYkT7ttNAL0xjfQZaDhSiRJIruDvuGDgSJ52x4Xgd1PtAjLTfyk76TaWDpz7cYxKUQRd8c4J7w7H7kqqyQpkCRm_8Vhw0FKHSeAveYKOMXtEcgthlGeFHuK7-YXYH016zxuZ",
      "nome": "Partners"
    },
    {
      "numero": 6,
      "url": "https://www.blogger.com/video.g?token=AD6v5dz-xCfC8hwhysWk0SSdxBJHildQs5UmU5aeQkNJzmGTCa2s2Wi66xqNd1hjVEt9WhhLk5kFf1xYoLAclmckunZI5TkvqMwu_eChvBY2Kl62rLz0zF0z8HS6pcMwnrw7IWbjFCI",
      "nome": "Line of Dance"
    },
    {
      "numero": 7,
      "url": "https://www.blogger.com/video.g?token=AD6v5dy62iKBdCRBcF4Clum_CmjC_wrJ6oDmz36tbUwrNjFA1GVR46NHQLLNY7A4pYEU_FfRX8T2A8pDrCiiXIM-aiToMS2gOV52BOg9XDJIUD54G3FBkaxKplQr6wNiOkYz__6jbBgc",
      "nome": "The Tenpei Cup"
    },
    {
      "numero": 8,
      "url": "https://www.blogger.com/video.g?token=AD6v5dx1wftTzDRLddi_mtFkcyQLT6kgFC6P4o9dpn4B_tsGG98TXW3lhYEbgeTYSA7o75gfsfo_H5FxsrFVTzuWCwSFQLXbnU7a00MyazqFDyg3h6130K1LeDzfQ_riawnEIX9Dnr0",
      "nome": "Reality"
    },
    {
      "numero": 9,
      "url": "https://www.blogger.com/video.g?token=AD6v5dwGPC2Cwzmz8HAZ9rPZuJDUqbhYfPc3TDbkzQ5cSa8j2gOFhfcIuLdUNwFZtN-BUqzsND_IZ0Gdg0K2BnIUGbyFR-x3OfV1-7CY3muhZnJuq2yEM_HCmka47lVE_nkxLYII7E8",
      "nome": "Flower & Frame"
    },
    {
      "numero": 10,
      "url": "https://www.blogger.com/video.g?token=AD6v5dw7pjcaEZVXMRuExkFjbTZXT1GwQmE9M4wdaGA0Ezr5NIfAP6H0099C_4qPXyNMjIM42mRS6Gjizp000gYgU0lEvf0yaTrVKJA2wnGwkxsRCGfgeXmIHADaRqcdIxyKLpTbHx7N",
      "nome": "Voltage"
    },
    {
      "numero": 11,
      "url": "https://www.blogger.com/video.g?token=AD6v5dyK33fy06PhXSx78zIQNvXwQYjlTQoXtmPHNeIw21sX1Duiqx7SLQkQTRS1jJgqOccUnAzKD9hD_XMvyFR4QYiG3mgHE6EPOWhssrFXmBEK_y1kHWE-fLS1pl-JdL91AqXIkig",
      "nome": "Final Evaluation"
    },
    {
      "numero": 12,
      "url": "https://www.blogger.com/video.g?token=AD6v5dyeO8oU6erPnuMTwohyc8OjlqpbpLhhjaMQbVpIWzI7YgoLR2ujwwfIMwfu2BgVXHzw79yNhvjJly6NsopB1HyWrrqG4CW1eTZVkHfHB3V669GfTrLavVTn1wl_B99Pquy5RFVT",
      "nome": "Encounters"
    },
    {
      "numero": 13,
      "url": "https://www.blogger.com/video.g?token=AD6v5dzGZtzx-9RahyI0ULkb4uPiy7ueIH6ZpmJJIBUZdaXhkcHNZIWqChfnQCvuWrm2PDL8oPV4-iSzdg-BNgRYTW1rMZUcZaqcyxejQC6XaVcRxJxOr8wZPAjJ7igpkSuDXN7WLYE",
      "nome": "Matchmaking"
    },
    {
      "numero": 14,
      "url": "https://www.blogger.com/video.g?token=AD6v5dwkYCZjPT6ZGzPbsD7qQFWEFxsCle4Ge7gutT5m4PAH4jsJbsfYr6ueoGuwDER3w5AcCsPBPf_cD-bFZJAUPHQTYpEHrCMa7xhYXynQ6fZs7yR8OyAHhYULjlSp_HSAuR7DzVk",
      "nome": "Formation"
    },
    {
      "numero": 15,
      "url": "https://www.blogger.com/video.g?token=AD6v5dw0oNeudY2R_Gn0faAhzs6ZmQW4ZnfkeyzyMLSHls6O0Pn_YeKo8ej7Pyu5IBX6fDIq9XQY7UxPi6X5PgwI1XAmsMH2fK551MLVmeRmwq9MmDuyw-jj43c6Ik9xWGWXY7XdCXRV",
      "nome": "Taming a Wild Horse"
    },
    {
      "numero": 16,
      "url": "https://www.blogger.com/video.g?token=AD6v5dywmhv3WtdS4Ayluab6FJeoCxWPhptfCP-Rwb_l3IR36f0k0qcDcnPrZtJnkOGi7TwwaadotJNSMR52-EL5r5duUwJxrnqq9H_bycy718mx-V2ITmoGzcJosAENatNTvA503eqN",
      "nome": "Four Legs"
    },
    {
      "numero": 17,
      "url": "https://www.blogger.com/video.g?token=AD6v5dwNteUjHlzQqkpmRJRBHzNzlPrJYp4MgfMcm8Ul__AsbsmZP5P7I4xx2yvtDUd8o5aQjskG3DVVio-y3TZXQnj5YGkUPgl_9w67hWwY5CpUbiAaSURksOTq8fq5Zr_LO0Pq2807",
      "nome": "Performer"
    },
    {
      "numero": 18,
      "url": "https://www.blogger.com/video.g?token=AD6v5dxnHb9pcw12AOC1F2TAC9ciPeJPl2pNNVsKBiaWY79VwMGelRmSmpI5HxXByzYEEqP_drVta5mvJWpepXoFaF45fmnVexGKSx3i4lJZBrwVQ_XtZeMKynykLTmWRwx4LSW40sbz",
      "nome": "Entry #13"
    },
    {
      "numero": 19,
      "url": "https://www.blogger.com/video.g?token=AD6v5dyVU76DwmAEQiHuebhkCKHykUvbLV8htnucqSUCJK4XNxaNBGSc-11PGSbOO19EzLKNl-pg2w7voLmnx2GRf0O-LtG_fnr7fAbAg3eS7R9zKI5v7CKm8V0OJVCjKrqS9E0HihJ8",
      "nome": "Rivals"
    },
    {
      "numero": 20,
      "url": "https://www.blogger.com/video.g?token=AD6v5dzivqF8bt9Cnd0GBoeM7TkovZxAE-imCuWqem5nlYnBloTvgCamIJlvrkcHOYM8WdzJVLXNQpjge5egs0R5Jw0ZllsGw-CAYe-MrKVjN3RAGJx9sIuXOYUqQ7t-pGueCuiOEQ4",
      "nome": "Friends"
    },
    {
      "numero": 21,
      "url": "https://www.blogger.com/video.g?token=AD6v5dzG-KPsKSVB-YsUMxfYMD3E5TImnV4SbMiCJaIfjrBkeNdyb3mSTpZihxnS19Jet7jHmOypJ5ZUnnLt4V1n7pRkbRryTumJqjqFGGfeVShZFgJGbTBehm-hAHGZnl9AiPYWdMOB",
      "nome": "The Door"
    },
    {
      "numero": 22,
      "url": "https://www.blogger.com/video.g?token=AD6v5dys7lCEE1jjQuu6jjJ2w5pgxHa5Q3LXcnwydj_l1TMa5LhA9BoOc-O4MpHBQ9n4qZEUw2luHqUeu8kfhzkH2VT5AEFEhE2uB9zdugm00ou5K4InGslw6f-ZiwKFBh0DWc6K1WEW",
      "nome": "Leader Partner"
    },
    {
      "numero": 23,
      "url": "https://www.blogger.com/video.g?token=AD6v5dzHU10MwCqOPEIgm4m_PlrB9kou1Uecj2B_m5Iv83s6ztAs1zNR1r-kVVGWJhkw0WMgINF8SCsclgu9se0CQIOyLxnY6uXMLhEqICC28ZMwVgOEW_5OJP27Wgio0TPBD10yeUFw",
      "nome": "Tradition and Evolution"
    },
    {
      "numero": 24,
      "url": "https://www.blogger.com/video.g?token=AD6v5dz_o1h0HTn6SylovQ5JOV17Hy40n81QQSVMbyMoAa80U66M7ITfNFYcKogxjC8SgmHiFEteFmTy5vljc-E3VA0q7Cif8C-lBw8x7dv5QuLNxMkKkwbghjXBIedhlcNXdOhw_VM",
      "nome": "Welcome to the Ballroom"
    }
  ]
}