{
  "id": 2986,
  "title": "Bamboo Blade",
  "title_jp": "バンブーブレード",
  "slug": "bamboo-blade",
  "type": "legendados",
  "format": "TV",
  "images": {
    "poster": "https://cdn.myanimelist.net/images/anime/1790/114537l.webp",
    "banner": "https://cdn.myanimelist.net/images/anime/1790/114537.jpg"
  },
  "trailer": null,
  "synopsis": "Kojirou is the kendo instructor for Muroe High School and he's totally broke. But then an unexpected chance is given to him: his team must win against his senpai's team and the prize is: free meals for a whole year! Now, the only problem left... where to find girls skilled enough and willing to join the kendo team?",
  "score": 7.29,
  "genres": [
    "Comedy",
    "Sports"
  ],
  "episodes": [
    {
      "numero": 1,
      "url": "https://lightspeedst.net/s3/mp4/bamboo-blade/sd/1.mp4",
      "nome": "A Bamboo Broom and a Champion of Justice"
    },
    {
      "numero": 2,
      "url": "https://www.blogger.com/video.g?token=AD6v5dzObjqkTfy5CY2aEjCoN3SrtzhbHUv-3qh-28M_86Ydf5TeGW-yOHbPjTNuh6bcy2eHPRssQ3qxtDvyTG0eAx6_qEuf5BX-hooBJoVLV8lzwyS_I81ms14kZvpXbkuMSUSFsUpz",
      "nome": "The Blade Bravers and Boxed Lunch"
    },
    {
      "numero": 3,
      "url": "https://www.blogger.com/video.g?token=AD6v5dxh8up53DKfB4uNwb_2pQ4Uh2Nj99JNIX0GSxrgZs4GiwfWQZKbnp1DdHT3f7gY1ROjjYa_B9P-vKC2cSsnKGJTBuHEPLa9NCsNtugoE2b2ZKqujsQz32EneGB-gDL1nX4KNCQ",
      "nome": "Black and Blue"
    },
    {
      "numero": 4,
      "url": "https://www.blogger.com/video.g?token=AD6v5dzMwbh5VlYdH1bovLh0m2rJUg-QiDBqcA4GDqzxVwp_0sbNrMTy3B4c36MZLLba-NA3E7JYi7F23-2M6EAF0RwoxOQ5l19pbZ7aTRMiG3VD6Te6DZBCSX_QC2-IOIDzE9x02iQ",
      "nome": "Pink and Blue"
    },
    {
      "numero": 5,
      "url": "https://www.blogger.com/video.g?token=AD6v5dyR-7mR9AiYJOO7s_PGfZiiq1OaCZ4ClltYhjJJTRE5XS0E44YpEja_yn44Si6dB0_YbsCrv-e0Lu2mm7IM79-b5K1I50e9rJQlVwMjRuI4O51OWKJSRCU6VxQmIF6-RJFUF4Q",
      "nome": "Muroe High and Machido High"
    },
    {
      "numero": 6,
      "url": "https://www.blogger.com/video.g?token=AD6v5dwGqasarFZmDQtQfims2ZyecMN8vXOM5SFL2DhCS8hRVqMgoL-C3xzvc0XJLHAHVfvdvEPU6lbvTjh86x5c4OCDKFfkMtrh_vXXT8ExK4umoQG6MFBYGWbEskMUKyfupQDg-ekZ",
      "nome": "Tamaki Kawazoe and the Tardy Braver"
    },
    {
      "numero": 7,
      "url": "https://www.blogger.com/video.g?token=AD6v5dzy8XvfP9VVhj0Puvdswg8Ty5gaodaw6XcakszsYM2sz6ESGSw3l-wFFSrXv266Lk8NhQuNGAglUnvco9y87ISRqobLpkF-BcqyBZT76_bRbaSTIxsz1FSiShtmJZ2M5zWkZ5hR",
      "nome": "Sushi and Mince Meat Cutlets"
    },
    {
      "numero": 8,
      "url": "https://www.blogger.com/video.g?token=AD6v5dzQL-kLT7Sy9GKeRyJf1mRfpRkwTgK0n3JL0M7Rdtpp7rFeISe9zsFOmoqF2XAajvxLnJmsNITNpWsyB5gIvMCMF1wYvvLxxBuBNJWgfVWb6IYiJHjkWKiuvdf6B_cvgIpMPD0",
      "nome": "Tama and Part-time Work"
    },
    {
      "numero": 9,
      "url": "https://www.blogger.com/video.g?token=AD6v5dw-xit8VM-ar2PVxuwV3-_6Up8PgBJjlXvxwNhXGz1AO-KfTjlVuvpCqjI6ZNCzwuB8xtOuTFfhhzTH95dtJNHSgpsePGzyB32Yz-fcM4zz07W0JqfNnu29smGLVquExpNOWvc",
      "nome": "Kojiro and the Crossroads of Fate"
    },
    {
      "numero": 10,
      "url": "https://lightspeedst.net/s3/mp4/bamboo-blade/sd/10.mp4",
      "nome": "Miyako Miyazaki's Melancholy and the First Tournament"
    },
    {
      "numero": 11,
      "url": "https://www.blogger.com/video.g?token=AD6v5dxLdL9lU9c3Sun6lH9drdvyX31qyZatRXGljCnfmFjuNulK-u2uFVmuxCf9XRYSECq6T8sykUl2n1Rkqnq_iyqJQmPhejXUJa3PpECS3KoGIiRTmPKwCCodOVRFL33zsPOyOybM",
      "nome": "Animation and Dreams"
    },
    {
      "numero": 12,
      "url": "https://lightspeedst.net/s3/mp4/bamboo-blade/sd/12.mp4",
      "nome": "Azuma's Circumstances and Mei's Circumstances"
    },
    {
      "numero": 13,
      "url": "https://lightspeedst.net/s3/mp4/bamboo-blade/sd/13.mp4",
      "nome": "Teachers and Students"
    },
    {
      "numero": 14,
      "url": "https://www.blogger.com/video.g?token=AD6v5dyCddYZxvZBE5lFUAzzha4rRD8v2MTIlh_IhYo0qkIADSfJ9IFJ0KTXHq7f29wKynIeqaepoGhyhXcCTzxArRpH7PbIutBoiRHtbOZ9lyORKvfvnA2mJWIzqgW8pG8Wvdp9jeI",
      "nome": "Satorin's Resolve and Nomming"
    },
    {
      "numero": 15,
      "url": "https://www.blogger.com/video.g?token=AD6v5dwznO_7Jd91lvNlgS3ceWAFxOAC9ChoZUhEeaM6DpXx-NJjQaDq82Z7kahNEn8FbZF0vFSXIeucP6W0hJOiS8Q8aKvf4NefN9wec6Rsb5Eq0mffNf5sqSdxdndgvePjhblx_m8",
      "nome": "First Training Camp and First Public Bath"
    },
    {
      "numero": 16,
      "url": "https://www.blogger.com/video.g?token=AD6v5dyBtxz5DvvbehkjdUJnU1NgEnCHlG6G6VbZ4ln11SXu9IHBdwJFBVOwBFJGY9S02zUXWX8KSJNWRLlMHi3MdVxcwPnMgN6ejkx5aqSaA-qfi_cupsIkaANnsRjHe2ayUeU4pMoA",
      "nome": "Kirino's Absence and the Preliminary Tournament"
    },
    {
      "numero": 17,
      "url": "https://www.blogger.com/video.g?token=AD6v5dw6w5lIcjXsIipIuD0ki874v00VzdGkAp5vPWCYZQBXTLv89DcGd1W29Bo_KJEOOBPT3_QlZqkbsTJicOLZWY1YG1fH_3sBJMr4xxvMXzLKAsMPnmDz-CrlzexUblyUwQd4ARY",
      "nome": "Light and Shadow"
    },
    {
      "numero": 18,
      "url": "https://www.blogger.com/video.g?token=AD6v5dxCTp63FepUm0B-c21x0Jp5kWuMAixlm8FxcTyA9JiNO37SGd2vnkdCpblQ5mhcU440ZW83S75B57HrERYH-Dwp8TcF2nK9QGijpDQzQCJtSfhKWPjLBNBM-f_61pQvlK-iwfQ",
      "nome": "The Tournament and Muroe High After That"
    },
    {
      "numero": 19,
      "url": "https://www.blogger.com/video.g?token=AD6v5dzqga9JeM5dpWmcAinem7M5IpeuEXao3G_qEqA70t8YGuBtiFlBlurWsvQ68zmwF0Cx1X4m_GbsynlqW6s2LVlWY09z88fCK5qFFPHYeBQ_4wTP_sXpTSQHEqnC7LQ-QqmmMbyZ",
      "nome": "The Armadillo and the Pangolin"
    },
    {
      "numero": 20,
      "url": "https://www.blogger.com/video.g?token=AD6v5dxMpJO6J0e3JOxhKY6JKWiQlfGSo2fFgtbx9Dz89M-Y6I8-DkAqxHfWYsIuYsM-CIULwezOsmt0SvqEg8K7x6r-i9hnk1s-IgK6tYXjRxhp9cffF7VZRNYFqSTbKUWZDcwOcZw",
      "nome": "Braver and Shinaider"
    },
    {
      "numero": 21,
      "url": "https://www.blogger.com/video.g?token=AD6v5dxkClvU8EH8f82HJ2GCUZFgrrB2q4I0dES0CTMUC6nqnsbA4_ubm3zEbaKyZG3JVD15Ymxa1m0PlRYBCptJpZG0NucggpxdmdBgof2R-DS-p1GwDwZLLqUPfd-E-6kcSfksV-XN",
      "nome": "Tamaki Kawazoe and Rin Suzuki"
    },
    {
      "numero": 22,
      "url": "https://www.blogger.com/video.g?token=AD6v5dyc3Xlc45ymLgs90IE8rrD4rYtJJ8vmuHo2GMkEVPB7iTmiMVN1pchgTVXA4MLrSQSOvp5a6YY4Tf2o1L9Ej6mWc98Am0kkI66AQ9q2-VElVKtvmqgu-HCEaNi9PSDaXuB03Cwp",
      "nome": "Winners and Losers"
    },
    {
      "numero": 23,
      "url": "https://www.blogger.com/video.g?token=AD6v5dwI5Hs4DpVwcR8ot6Z7D4G2p22cIP9g1co0noJpFzLD1dVywneb8-0vyaLxDV0h7NjOOPi_WrVtIBLrGeRamMhARk0vhKRXPKqLjAVweA-EwPpUcWq54VweUzjumRluubF3V1E",
      "nome": "Lie and Silence"
    },
    {
      "numero": 24,
      "url": "https://www.blogger.com/video.g?token=AD6v5dwG4xaOnOR1-PDTjh0mTJ6GyvIjQmpS6C9sTrdV7QghI0H_gqdNXJVl4-bcAxJPVespjRcDaU_RM_7SdVjPbS2nWn1p4y62uM9ZJ6FrQXEBIfup8qxlGKocfMjm0s-2aJJXkgo",
      "nome": "The Sword and the Way"
    },
    {
      "numero": 25,
      "url": "https://lightspeedst.net/s3/mp4/bamboo-blade/sd/25.mp4",
      "nome": "Kendo and What it Brings About"
    },
    {
      "numero": 26,
      "url": "https://lightspeedst.net/s3/mp4/bamboo-blade/sd/26.mp4",
      "nome": "\"Since Then\" and \"From Here on Out\""
    }
  ]
}