{
  "id": 32664,
  "title": "Bananya",
  "title_jp": "ばなにゃ",
  "slug": "bananya",
  "type": "legendados",
  "format": "TV",
  "images": {
    "poster": "https://cdn.myanimelist.net/images/anime/11/80200l.webp",
    "banner": "https://cdn.myanimelist.net/images/anime/11/80200.jpg"
  },
  "trailer": "https://www.youtube-nocookie.com/embed/n7iHFBHXUms?enablejsapi=1&wmode=opaque&autoplay=1",
  "synopsis": "Above a nondescript kitchen counter quietly hangs a bunch of ripe, yellow bananas. Suddenly, one of the slender fruits begins to shake, gently at first but slowly increasing in ferocity until it tears itself away from the rest. With a graceful landing, the long and curvy edible gradually rolls back its golden peels, revealing what lies beneath its firm covering to be something unexpected: a cat!\n\nThis mysterious feline-fruit hybrid is named Bananya. Carefree and gentle, the adorable creature dreams of one day becoming a luscious bananya bathed in chocolate. Together with his fellow bananya, this kitten cloaked in yellow passes its days without a care in the world, enjoying a rather calm and peaceful existence as it experiences what the world has to offer.\n\n[Written by MAL Rewrite]",
  "score": 6.75,
  "genres": [
    "Slice of Life"
  ],
  "episodes": [
    {
      "numero": 1,
      "url": "https://www.blogger.com/video.g?token=AD6v5dzd7OMtyjWQ4EuhdRwOf9C0qCKnmclGODBYMcMF8OO3Pp_r3q0XlQb7aJ3g5jNUzcQ90M8dHBbkTS7q5CyYh7xrFdINfRZxbJ34dYkMijy1evrGcnjUfuq0CJ4MMYnSi6ZZK6c",
      "nome": "The Kitty Who Lives in a Banana"
    },
    {
      "numero": 2,
      "url": "https://www.blogger.com/video.g?token=AD6v5dwxr922b155CJSiEJVxP1O8emnwt_1Za39F8aA3yNgG5yCd992j8DHzZMCbjqSjnt248_GR76gbhD1vvM1f0A2XKeDaeNotSXW_1NM-i8t5kRwkn-dwtb4RkCjEC6sS7OX2y7c",
      "nome": "Bananya and Friends, Nya"
    },
    {
      "numero": 3,
      "url": "https://www.blogger.com/video.g?token=AD6v5dxjI8IBaJzkWWUvNGMQ4fEhfDtpdkMND8JHOk4r30VmBtUMp2WAPFCzxq7-ZzubuFtBLuu582x6hfw5xlwZBzRE8TZXCpVK42OFxEuEf41Ske57gjkvEJDtiykOLxndgGFvwuA",
      "nome": "Bananya Watches TV, Nya"
    },
    {
      "numero": 4,
      "url": "https://www.blogger.com/video.g?token=AD6v5dxOYACrob7GpwQZuqbMUiCuPhs5olvDVAPPOiasvf4_XutD90FnEYFVpwVnGHegAbDxHMDv2E4ZwSLrsEuFgubZneVuDD98YbgyvdpuI9jdOaL5xT4DubN7qbdb8sZ82eZAXSw",
      "nome": "Bananya and the Mouse, Nya"
    },
    {
      "numero": 5,
      "url": "https://www.blogger.com/video.g?token=AD6v5dzVYy-W3xciI-WwLa7oNo1p9ZmsSlThvRnn_b-ZPDkroKgOLDEd90w3p6veJvT61bC7yw-0NrJJEHnFQ9QLSNwA3H2O2wYZAS_bbNJq5YsZ2ACjgseinRsnGrXWHAe8elcpC6Y",
      "nome": "Bananya and the Refrigerator, Nya"
    },
    {
      "numero": 6,
      "url": "https://www.blogger.com/video.g?token=AD6v5dzad1ttc62g5-WQrN48OFrTe5fyygFFGukRARaKx88zJm69tWQVTydZKPdqotLRgzUb929-KSTG0AfUuwV-A1WWIc0yh9eJw8CEFeiPFH6kDmwWfiuieZMirHdvz_p4BUkYtgM",
      "nome": "Bananya Goes Out, Nya"
    },
    {
      "numero": 7,
      "url": "https://www.blogger.com/video.g?token=AD6v5dzzjIKsJoADXEPT0S8qjqBbVclD74aIUsGbYmvlEW7RI6wn1FRADW3wNUfYmKKtkmzBYaqqONLKTdtVoW624a7HFc1gHVuIATT4kqZIN5w4RZCbwGWA46ZV_kVeJbwvKyLB3ClY",
      "nome": "Bananya in the Middle of the Night, Nya"
    },
    {
      "numero": 8,
      "url": "https://www.blogger.com/video.g?token=AD6v5dxbjnrZvF0umAbM4FFnMMU-Pv0K7UAm-2gn4bJP8J9WQoG7hIbS2d-keu9Jnt0AWfCy-H0q6G0uAautOYOXebOTAXzIPZgEtv7qIBSrkMgO-fVWLRggJEZsupYhnghJolpF28E",
      "nome": "Bananya and the Stray Cat, Nya"
    },
    {
      "numero": 9,
      "url": "https://www.blogger.com/video.g?token=AD6v5dzr85v0FRwUc_yqt1ALWO-pnYidjG998FAt2RECSMMni6V3ioba9gOvIpexJWriZyPc0hvpbErax5pQybgsV3zE6G4B8dd7iLfkQ4CzzFO4DJKXTez-4hz25T7hcGnfDsh14xpQ",
      "nome": "Bananya in the Bathroom, Nya"
    },
    {
      "numero": 10,
      "url": "https://www.blogger.com/video.g?token=AD6v5dwZ-gPdng6hwZu5qssW5z5hem1SSt0qe8X_sz5Ho9Gcf20hkjexCRt_oeJGW5Gkq4rOndLkplpkJuz8JbKKS57KWDxqAPwc9u2txQiK06DUv8tkfCnX18xYqBizrZG_TZMgu1Qm",
      "nome": "Bananya and the Balloon, Nya"
    },
    {
      "numero": 11,
      "url": "https://www.blogger.com/video.g?token=AD6v5dyvAFT7x_QmKeAVfSglVwHMbEPF7ocUwZZzJrRTQZUrKr3d4MJd7-Muvn3yR8F3oZ-CXs_17iALV8EWmlCp6vK3NHPRQ8uctk0wHSpPHFFJERwHyINrAyRs0d2K_JsBiMT0JFeD",
      "nome": "Bananya Takes a Walk, Nya"
    },
    {
      "numero": 12,
      "url": "https://www.blogger.com/video.g?token=AD6v5dyuFAl-HCMTqgUgRQvyXjQ6TbzEMAJlfd0ljCkVUgB9Yvj7TnK1mCbrufdYlB8OwC6jKxcTJddIgQAns3oB5iBDXzXQjAVWbYA6hFKtJ9Imb426utYk2JQ0Ef7a3YRoIaEiPnZY",
      "nome": "Bananya's Afternoon Nap, Nya"
    },
    {
      "numero": 13,
      "url": "https://www.blogger.com/video.g?token=AD6v5dwC5wiZilBk6C6TLTxm6h3rAQ1F5Vpqp3jeOJRiSmnPI_fB6r8lhU0GIP4iJbbFTZ_CJ7fjV5kcbEd2i_Rygqj3ZipN3Er7Apoc4jeJoBmILCNz3Lpk7qCdKcNRJPHiZdjo3dJX",
      "nome": "Bananya and the Birthday, Nya"
    }
  ]
}