{
  "id": 36649,
  "title": "Banana Fish",
  "title_jp": "BANANA FISH",
  "slug": "banana-fish",
  "type": "legendados",
  "format": "TV",
  "images": {
    "poster": "https://cdn.myanimelist.net/images/anime/1190/93472l.webp",
    "banner": "https://cdn.myanimelist.net/images/anime/1190/93472.jpg"
  },
  "trailer": "https://www.youtube-nocookie.com/embed/YUGS9j6pcV4?enablejsapi=1&wmode=opaque&autoplay=1",
  "synopsis": "Aslan Jade Callenreese, known as Ash Lynx, was a runaway picked off the streets of New York City and raised by the infamous godfather of the mafia, Dino Golzine. Now 17 years old and the boss of his own gang, Ash begins investigating the mysterious \"Banana Fish\"—the same two words his older brother, Griffin, has muttered since his return from the Iraq War. However, his inquiries are hindered when Dino sends his men after Ash at an underground bar he uses as a hideout.\n\nAt the bar, Skip, Ash's friend, introduces him to Shunichi Ibe and his assistant, Eiji Okumura, who are Japanese photographers reporting on American street gangs. However, their conversation is interrupted when Shorter Wong, one of Ash's allies, calls to warn him about Dino. Soon, Dino's men storm the bar, and in the ensuing chaos kidnap Skip and Eiji. Now, Ash must find a way to rescue them and continue his investigation into Banana Fish, but will his history with the mafia prevent him from succeeding?\n\n[Written by MAL Rewrite]",
  "score": 8.45,
  "genres": [
    "Action",
    "Adventure",
    "Drama",
    "Suspense"
  ],
  "episodes": [
    {
      "numero": 1,
      "url": "https://www.blogger.com/video.g?token=AD6v5dw987jheaplWkkyu8biYNWL-8ghhhGFo1w95RxHr6kaJ35xDfEZ8EyQ8WER_Garsj_5jU09hsyxcLwttyIFQrarcfzLHiiy_dJxKxKC0N7btzR1H0GqVz4tlgsdzYxcxk1iLpA1",
      "nome": "A Perfect Day for Bananafish"
    },
    {
      "numero": 2,
      "url": "https://www.blogger.com/video.g?token=AD6v5dwrQEtWB5XnDvg-AY3t4H1vse2OenK-rF0HeCzQ1nDHRl3ieuIYWIzVE5ONni42-GhkZAMnoy5ZPXLxCAGjHj0ZxYxh2q64um5ldDu-_sn5AxH-BpkdwYBGk0wV5EunGP2MeOV4",
      "nome": "In Another Country"
    },
    {
      "numero": 3,
      "url": "https://www.blogger.com/video.g?token=AD6v5dwg_7XIXgBkiCriXy4ol-ZZ_FDPCWStoV0MOFki5Uit39lC-kFFOsKhwlNkg-YwqCoMquMJ_p38MoPbGSxsMNkkTex_Co0ZpWnqOFIY9eIe7EJb9sh5dI3rymc5Ma9M9qi0yBDf",
      "nome": "Across the River and into the Trees"
    },
    {
      "numero": 4,
      "url": "https://www.blogger.com/video.g?token=AD6v5dxbm42XiAN15syQeTnOkvoKwUBQIdNjO5JLuTnRB9DO2-TUgZaEqPicHjD9jWJSwVWdtPHfoxX9d0CAeAIN9fV7G9z7Om4I-aEZRKhFbDQMaKND07aQRHgLXCaFS1jJRm4ugYs",
      "nome": "This Side of Paradise"
    },
    {
      "numero": 5,
      "url": "https://www.blogger.com/video.g?token=AD6v5dx36Yhrxcc7w2PcO_zJijdBXXz3grFOK271wFx02QsNGvCloqQfNGvVeNAlvJuc9P3_d8TjVgMuek1WAH9ADhyivH0_Z47DcdN-xF400nor_x5NSLOT3eViJSZ9oXVGGkYNX8M",
      "nome": "From Death to Morning"
    },
    {
      "numero": 6,
      "url": "https://www.blogger.com/video.g?token=AD6v5dw1fD1OtGxJWLNqtayVbJNqf-m8pDwLnODsQ2ousc_2XQjLYOpiiJ93NFiZgrNDD4vKE5bAmK0LoqOu49UNDR_B_gsGPvnIz56eQcB8RwixKmR6Qaci7ZYrkF7PFCwq-h5DDnE",
      "nome": "My Lost City"
    },
    {
      "numero": 7,
      "url": "https://www.blogger.com/video.g?token=AD6v5dyzqU5V2ZEC114EWk7E7oakAu6NlViUAoKcl6LRvv7eTX7gutGAriXu_SSU0waT8waNEUFSOSU9BnwCNDY9krShM2X5uP_4Hp87Vo6KloH2p11cgF1Fk2fk-je91ikqBKxnM3Q",
      "nome": "The Rich Boy"
    },
    {
      "numero": 8,
      "url": "https://www.blogger.com/video.g?token=AD6v5dwwR-T0F3_PkF2aRcxfOPvITm0vSetQYZsgaCFeJrQcFCcNdVhglZz3EJwzFy2DOJroGYk-ojlAu5ahiTVsvpJDb1iItI4U9CO5VVL_Xlb5VW_Jj6l02rQoDcQZibVYY1kpAQ0",
      "nome": "Banal Story"
    },
    {
      "numero": 9,
      "url": "https://www.blogger.com/video.g?token=AD6v5dxAKlIrHnANahOQ7sNjwxSTADKr_MkwcTBLQI35Tg_-O9Dt-zlU0UMZZ1xOOyeiDhRTMUau3HHG1KAmwH7fx6wowFrjE-__wlmFrJGFDzo-vOns4FAHovxuBKMo1-pcureN200",
      "nome": "Save Me The Waltz"
    },
    {
      "numero": 10,
      "url": "https://www.blogger.com/video.g?token=AD6v5dyQ1S8cCTHgd9Sp6hIF33U_N_mtzPmZ5UU4Ki3e9zWFIwCzbnLp8thE97IPXe0bwISyG7DKoZvw-dzVKj08jaIgJfw5tB32JyQaakLgay5pdHbkQcZIkIGcHGThjZdhteQVGlU",
      "nome": "Babylon Revisited"
    },
    {
      "numero": 11,
      "url": "https://www.blogger.com/video.g?token=AD6v5dxZtPgt44WwfMbQFvoIFgpCsBFRVQAtLhdBpkaK16wRgbUDglbEGPjdbDfwn7N1inWXFmLLTx8yCZr44-7T8PCitX6olBm9rt3Jxs3dB0RZnLu2WSd4Af2yBedTUSNv3idIMw",
      "nome": "The Beautiful and Damned"
    },
    {
      "numero": 12,
      "url": "https://www.blogger.com/video.g?token=AD6v5dz_47zd5EVGtrK9mNvuLJuZgvuRxr1i3eUpBEfEga1WgVHh9NQbDIooJjGbWHhKM7xKlfuN0snYhkmpzFo7yHhYUF1t3fTNMfGBmrH-zFW-IwnCmBKyuwi1P2EGWa2w5W-qng",
      "nome": "To Have and Have Not"
    },
    {
      "numero": 13,
      "url": "https://www.blogger.com/video.g?token=AD6v5dztCZe2pbg_xsvLDPF9xJazwwHK1hNgdYpKbc9TY4A3Aiqv5WBIjjF_NkjiW-1tx-o7sUmZdKvaCz5WLVNpUZGqjTkTYH37mlcfcoBJVQKCeBS9lLGuUBFviGGKE4IEEFs7nNiP",
      "nome": "The Snows of Kilimanjaro"
    },
    {
      "numero": 14,
      "url": "https://www.blogger.com/video.g?token=AD6v5dzNP0-ej7lfv2Fj-ubvncGjXLn2t2j0SQmrPtBlJQ1LoEOFI6Wqb_7tsJuNNwxUyzxDIcctq_QmQ7pbB8IdJvFaRmHFjNVtjz7D27jyvvtB-xyz5N8ox5k0KpWuTWhWJWTQwEo",
      "nome": "Tender is the Night"
    },
    {
      "numero": 15,
      "url": "https://www.blogger.com/video.g?token=AD6v5dzO_HUakvLDaJeyCFKNxy62LOXk7Zx1_tlUDx9_TPQxgNbZcZ-LtjUbNrAXmn8_vJZuSsQyao1OB1ppMWXDVN3eMVUiVjBJPYZwKtsBb6NTA9Gbt8RUy5TDo4cjgcM9hRXXPV4w",
      "nome": "The Garden of Eden"
    },
    {
      "numero": 16,
      "url": "https://www.blogger.com/video.g?token=AD6v5dz9iUKNu1SL3fD_RxurvcJkM0Hh3ZwIOp7g9qxQhv9B92BCL7s29elKiVS-x9ZqeezBt-eONohnKoJxJeUmBvwY4qrZGcwNGFVzf66HQSz41MZzijnypeS4tj028N3l-e6LtP5S",
      "nome": "Lo, the Poor Peacock"
    },
    {
      "numero": 17,
      "url": "https://www.blogger.com/video.g?token=AD6v5dw9grRJwKslf-1-PkppFsu8ffwmEQUQL4MAx43zf9eLf0P1BF3V_rVz-J3pC6fJgHWzW27I0TX1m97hAvqFm2byZwD9es6C0YX4SnGHwOJ1KGK1eIYMFhzPF5OM06_C0bcCxrw",
      "nome": "The Killers"
    },
    {
      "numero": 18,
      "url": "https://www.blogger.com/video.g?token=AD6v5dyPtD5Cv7-S_oQ5F1eek97fe2s-0h9oIqqk5i7FEEXIyc0J5BwFiAjZv99ZqaJKebY8WhCaaBpCmylLDT9gG4BNXJ1IY6yZhsbPxToK0tU1kpBe-IhbF41JvGnzyRjrCRKu2-8",
      "nome": "Islands in the Stream"
    },
    {
      "numero": 19,
      "url": "https://www.blogger.com/video.g?token=AD6v5dyFij2HTwMzqdS5YPpXMjVnshAxhWfmw-5gXTXH3LLBCESWo1ph-02V-PCMg9Fg8XAG4V9HDK6lkK6-1DQsp3uIh0rYTF9JlbuAwKRryZaWdsU3JSby9pxAc73T_rX2dqMxrD8",
      "nome": "Ice Palace"
    },
    {
      "numero": 20,
      "url": "https://www.blogger.com/video.g?token=AD6v5dwTBdPgXVP6K0IsUviO-dfKMMweYoshs3sSeI8EVSndbj4E7DHB3mMqbDc28lDPNrptmIbwH30EL7YQW0R8iiZ5s9sHTvchEyucgBzGTaWKdqrBbOElr54SLA7x42jI4a8SHXmo",
      "nome": "The Unvanquished"
    },
    {
      "numero": 21,
      "url": "https://www.blogger.com/video.g?token=AD6v5dwZMydXfqyb_ng4Mhhry51uPlU2AEqHyj4JjyaXtaG8HLfOBnbeiBTawpzS0Fl5_2ZRK4OmyMn0xEjtAtwkCiLnsHD4DOQ_u8YP8VGa8shD0fQQ2oZgXGEFlAjKbE0woUDleA",
      "nome": "The Undefeated"
    },
    {
      "numero": 22,
      "url": "https://www.blogger.com/video.g?token=AD6v5dyYJhuUiJESpP56wFSY8MXqBge1osa4v06bxqOVqf-yL-M617LYhMbyNDTU39Dcivx7b-NHMQy7hBWIxVek-8Dxomo0UPEPhs3xaibXMWIh9WG-CAnYM8TWt4YzX5T1qCNggxhS",
      "nome": "As I Lay Dying"
    },
    {
      "numero": 23,
      "url": "https://www.blogger.com/video.g?token=AD6v5dy3Q2TfWZsKVDEHKmlaVreveF3MIi8Cgf4Qllk0ePYjVfruZBGGszLBujGkL2DC0Nuv9iirp7v6BLAF6CjXeH39UlfZCeAG0O83aqdR15czB8My3aoxht6eVSCXgt_tK1ppDtM",
      "nome": "For Whom the Bell Tolls"
    },
    {
      "numero": 24,
      "url": "https://www.blogger.com/video.g?token=AD6v5dyz5iQCmPlrH7FjNbM4n2wElCxsNnf1Bv9c5tBfp8Y_GG6D9bl_OyClUWZ8buxJvDqRM8B8FUpIMCEeeijdPYwrP6Eh1TTuJixDqbXPw4lw5LcOkCLSFIyPYW7WGTFjZSV54qo",
      "nome": "The Catcher in the Rye"
    }
  ]
}