{
  "id": 37873,
  "title": "BanG Dream! Garupa☆Pico",
  "title_jp": "BanG Dream! ガルパ☆ピコ",
  "slug": "bang-dream-garupa-pico",
  "type": "legendados",
  "format": "ONA",
  "images": {
    "poster": "https://cdn.myanimelist.net/images/anime/1341/92872l.webp",
    "banner": "https://cdn.myanimelist.net/images/anime/1341/92872.jpg"
  },
  "trailer": "https://www.youtube-nocookie.com/embed/4tkNXd7LcGQ?enablejsapi=1&wmode=opaque&autoplay=1",
  "synopsis": "Mini anime series featuring the girls from Girls Band Party!",
  "score": 7.74,
  "genres": [
    "Comedy"
  ],
  "episodes": [
    {
      "numero": 1,
      "url": "https://www.blogger.com/video.g?token=AD6v5dx0P5sm1w1qreTii6Mv3JmwAV8ZTJPDa3_tx6MRSDmJp13LKttTjPBxfRPt43lJEFxvINf0YPIxwE6wUDM0w-m4TT8_cudFf2jEPf1k-tA5Fu4mxTWEuBFwJl7gVX0sxKIViwA"
    },
    {
      "numero": 2,
      "url": "https://www.blogger.com/video.g?token=AD6v5dwHWXDI22-7G7waPQvXjB4qQWxCpXBFj5WWkoBt0URMl5cFf8pzdDUwk-sFlEiPAYQ1WBdSpwv0zGTsyPCOlJQBfTJXLwUK6mUMehVPVSgl6cq-xZjCxcv0kCnbBJB-BqKHNhta"
    },
    {
      "numero": 3,
      "url": "https://www.blogger.com/video.g?token=AD6v5dyeffRElTonZjaubPeCdEhYjZo1zJAHVurd-X8g_r6tKbau4lehlPsmd7ItrfTrSPmtizZLTHYw7Tudf_UrvvhnApatyWoo-6DflAhgpieCoV6FYqsqIk9aATD4yjva_sAiZP8"
    },
    {
      "numero": 4,
      "url": "https://www.blogger.com/video.g?token=AD6v5dxVn1ikQVYxv56TW4IFufoqSIu0MPCeYAupg2GatzXPzEt2QetUok2uk7N24Y_yh8RSJwARC7YWFe6xb3IQhvcIIxQtqy5qZ1QJqLyrkyT3K0xo9Ly6ue2l2eojI_Q8FqFMF54"
    },
    {
      "numero": 5,
      "url": "https://www.blogger.com/video.g?token=AD6v5dx1k1JeTb8hTHSxKT8PobXu3vxhWgNiEsg54779XwNO2CMo22L2_-jTj8zjQOIprtHrsVlEpqFNHHwGrSzW060cWF9gmX5VstE8hc1UQEauZeCWKWmV2hu_iBi_-hndc2dBMmY"
    },
    {
      "numero": 6,
      "url": "https://www.blogger.com/video.g?token=AD6v5dxjO_i9AD4FXGm7WetoTs00faKxykiFh_yDCpV-eowKqLTuazDzPYlOWHCYu2KUdF9zsu3eyqWu7HFy4HBkVMMYsNJQVmCI3m--_KTgEbVYXSfQvxzk5eWb3nco7TaZmTACXT8"
    },
    {
      "numero": 7,
      "url": "https://www.blogger.com/video.g?token=AD6v5dyAQ6XFzuAPr3tuoTgR_C7qX0F6_pBEtztaw7w1g1-GTyj-CdwMo67Wv_AhcgvMjn1j_XQSpjtvxabGpNRXklzTKpHs9NVIFgFJpNTCiCc-soRAsUF9dEjHES8bpierCzoBFF10"
    },
    {
      "numero": 8,
      "url": "https://www.blogger.com/video.g?token=AD6v5dw0wVFIdAjloT4wRozRA0NDzmxlNXZyG4eAmKv7J-VwHWUs-stqXSvslquuHsSF8S8E049jv-rgKb8lrKqLTqgstOsU-wtPMhBNxej-eJjzsV6jDCmM2xir0a3sqri0f6QEI8g"
    },
    {
      "numero": 9,
      "url": "https://www.blogger.com/video.g?token=AD6v5dyuBQu9IZxHhzGg2jv5v3GpORxO5qwi088ZksW2XX34Yiihb0xQpTHeTljkPF8JGk-dVqz8xUBA8Ml1yqqDHhVcbzpNkd4wy46kFcQQPXDpzLbxUwPMDFmRS6Hgnmo4qGCudbY"
    },
    {
      "numero": 10,
      "url": "https://www.blogger.com/video.g?token=AD6v5dzihz-UasJ9b_rK9B_fH2Oe6NkR2tB-58OS-GszXu3EbH068wRPwR1ztSopjViXS64U69lN9GFYTHLbqrFsdcA6-6sjbWMoM4oVDeFT4nxBD_8I-d3aIXfzEIUTeuqrXK5SdjA"
    },
    {
      "numero": 11,
      "url": "https://www.blogger.com/video.g?token=AD6v5dyZ6wkveE0d0_RBm-Ni8UwGpgs-wzQsabchSVej2IQXPbtNaA0qcKqpZy-g0quoNK91bgwMTur6MNFtM259YhpP9AdGMy2sbhypDrgmrZVNzepcgHITH5T4_NCpbbLniqag6w"
    },
    {
      "numero": 12,
      "url": "https://www.blogger.com/video.g?token=AD6v5dwm2kOao7k_QhVg_Aki-S-cX4bsSgJTo3zYN3nWLRx0YU5zAJjdBjnLJCZ8qfCVUA5MfeHT7FOY95_YWSSpskOuk1uuB1WB7DOmxdXKq4eix6LDhQ2Ty4vlLYuGt00Y4kdtwyA"
    }
  ]
}