{
  "id": 33573,
  "title": "BanG Dream!",
  "title_jp": "BanG Dream!（バンドリ！）",
  "slug": "bang-dream",
  "type": "legendados",
  "format": "TV",
  "images": {
    "poster": "https://cdn.myanimelist.net/images/anime/4/82414l.webp",
    "banner": "https://cdn.myanimelist.net/images/anime/4/82414.jpg"
  },
  "trailer": "https://www.youtube-nocookie.com/embed/yNMj1ZwB9QY?enablejsapi=1&wmode=opaque&autoplay=1",
  "synopsis": "When Kasumi Toyama was out camping as a child, she heard the rhythm of the \"Star Beat\" while admiring the starry night sky. This sparkling, heart-pounding sound left a lasting impression on her, and since then, she has constantly been seeking to rediscover that exciting thrill.\n\nNow, as a newly enrolled student of Hanasakigawa Girls' High School, Kasumi is more determined than ever to find that long-lost sensation again. She attempts a myriad of school club activities, and even considers taking up a part-time job, but none of these feel suitable for her. That is, until she chances upon a star-shaped guitar in the storage room of an old pawn shop. It leads her to a live house, where she is captivated by watching a live performance for the first time. Spurred from the adrenaline, she instantly decides to form a band without even really knowing why. However, such a venture requires her to confront various hurdles with new friends she makes along the way, all in her pursuit to encounter that twinkling, heart-throbbing ardor once more.\n\n[Written by MAL Rewrite]",
  "score": 6.99,
  "genres": [],
  "episodes": [
    {
      "numero": 1,
      "url": "https://www.blogger.com/video.g?token=AD6v5dxiJ0oqkkQBk_N84p8YrJAaDerAAI21E-pMNzExwbwYwA4KQj1Adw9pm0YWh-Rg0iFT9X2vYjRKCpPdepPqPS-sP3xTARwTVtHyf8NnmO9rhOIcikDenU6o78wqSJNzIFUc0yxw",
      "nome": "We Met!"
    },
    {
      "numero": 2,
      "url": "https://www.blogger.com/video.g?token=AD6v5dwDlVtBynZko9H2ngGqgOsvxDnyYU_hnupfX2gVq5npm10H9CdVB3w34pC_jz0fARDsyB47aZ3VajdhDvIeXr5nAIzv3N418HqtQj2FX-qx1mlzbSvJUTAEjAmdUoms2TNGSiRh",
      "nome": "We Did It!"
    },
    {
      "numero": 3,
      "url": "https://www.blogger.com/video.g?token=AD6v5dwDOWT0m5tPVQ_WABdo-Ez5qFTNGkcwAMEdc6iZ966VdmvDQNx0Ixi9IVqzBQZfm4vE8jKKOc_hF-0XYF7UwYA77QBvHO-N7u99Xye96Iwzea4PUq_KZAkUSO92HKzGHz0ObByB",
      "nome": "I Ran Away!"
    },
    {
      "numero": 4,
      "url": "https://www.blogger.com/video.g?token=AD6v5dyAHXkWmrKic90eVahHcZylVfRdyPK-tVOCNtE_5-b9ibcf6Hjiqd5p07ARd3zhVI4pvaJqTB7_37xVKG_jdjdJFoTnZSao7Yrq2Rg9WIJWRClJ1ORzQOIEQWDE72_8A-oa-SQd",
      "nome": "I Got Angry!"
    },
    {
      "numero": 5,
      "url": "https://www.blogger.com/video.g?token=AD6v5dy-rTNH-OIje1HrGcv23VP9gMpLuW9byXQWgvQ1DA2r4IjOwkISINj39yyqemmhTO3uzyXXRgFg_0V9a6d0TSuZEbhCQJ1QX4C1vrHLC7_MGtJJkl72mWoszm5IVn_aJvNlvlo",
      "nome": "My Heart Was Racing!"
    },
    {
      "numero": 6,
      "url": "https://www.blogger.com/video.g?token=AD6v5dzRTcwftas_eD8i-2ZMmgwVWoiFh35dt1NqcZURgi0Ag5ZsmEeZC9wvo0sXvTv7N0mz7UJTwkAdt4CF1_MwkjJGFJMv83-YnxaogVW5OBG3DjyrVUWwBEm-yBuY5fSUkwB83ymf",
      "nome": "I Made It!"
    },
    {
      "numero": 7,
      "url": "https://www.blogger.com/video.g?token=AD6v5dyuCs1Mcvn7s0xm72wNhQMKzcod2-3mkEpg4YPFFcVNwoZbHqH9-mzHytC6avsrtJZZI4A7-tHyBL1FHHtwN0sbcLGerxqM7HGg1nrb_UFxR7Ca3jUhhLNpf1JEXJUkWDb0WsnC",
      "nome": "We Fought!"
    },
    {
      "numero": 8,
      "url": "https://www.blogger.com/video.g?token=AD6v5dwMLxY18mpQWOPNJt9k7HturW7Ath-iwjlOjxQe7FZ9SPN4fQhv2F-vMQIN4TijB_oje-pghjQmIJ4BONyhj4KGgK_NAAib9Bs-vogtO4pXCNlSf5QCQLCZXuyvwCmFWmNDmLU",
      "nome": "I Ran!"
    },
    {
      "numero": 9,
      "url": "https://www.blogger.com/video.g?token=AD6v5dyBgBYxrMO7nFoNZXGwaEZCdRFON0NqAB-6xBOjGmC5yg-hWyP3BhnteQakTjsicO7mvrdtyno_6lNLzWb_T0X_Sx5m6u0wBMarHMVVODzmXFStwvtHFwTyl8ZSpKlMxj-Exf_J",
      "nome": "I Got a Job!"
    },
    {
      "numero": 10,
      "url": "https://www.blogger.com/video.g?token=AD6v5dw7bqi4pxwvYNeCDNMro_-dWSZdLlD8NYfnPNCAuOSucpGCqn7lQ_z3JOTict9NIIiUzfjDQwHwJEGgmjtqxeQMW7qq71SRLn4VeH3nYl_Oq1E0RRiNEO5H1hrjlVKLaD6soA",
      "nome": "I Was Surprised!"
    },
    {
      "numero": 11,
      "url": "https://www.blogger.com/video.g?token=AD6v5dyMkx9IfQj55BEf4HIB9atUyK1FF4xhwx4mA9tF6Za7kmKbeodqeDDCekWWXNH9UsCPEfjw6Lr8R5pyfx48-k2N2hY0-gR5etTjcva_QQLuy_rlPG48AugQXGo5O6__ojWFBsw",
      "nome": "I Couldn't Sing Anymore"
    },
    {
      "numero": 12,
      "url": "https://www.blogger.com/video.g?token=AD6v5dygS4xYH3UX2jtOaa5r81W798Ki_NJYftPfzZRvsg2w0XwRcOyLYneykswgxIC1wpHuevcZU6aOHA-Xx8E7u0k0mETqJ3YDTiL2Ts11FUuHGBRbPSerVVlo26-jgHeG5IedK_vc",
      "nome": "I Sparkled?!"
    },
    {
      "numero": 13,
      "url": "https://www.blogger.com/video.g?token=AD6v5dzRjiym3v36gqQ93NYziBjuLFGbGTcwWDfWc1oeehVCvXSnxuQIWtumyMXq7hu3RAOzrZMhrSTzkYuwzcMKpdYQnMPun6qVWh-Gz5Ixjup6XNLMJTA4-eiHivusuAGFMeKXvLc",
      "nome": "We Sang!"
    }
  ]
}