{
  "id": 51989,
  "title": "BanG Dream! Morfonication",
  "title_jp": "BanG Dream! Morfonication",
  "slug": "bang-dream-morfonication",
  "type": "legendados",
  "format": "Special",
  "images": {
    "poster": "https://cdn.myanimelist.net/images/anime/1411/124237l.webp",
    "banner": "https://cdn.myanimelist.net/images/anime/1411/124237.jpg"
  },
  "trailer": "https://www.youtube-nocookie.com/embed/z_kcvRGOi_k?enablejsapi=1&wmode=opaque&autoplay=1",
  "synopsis": "Two special episodes featuring a violin rock band, Morfonica.",
  "score": 7.56,
  "genres": [],
  "episodes": [
    {
      "numero": 1,
      "url": "https://lightspeedst.net/s4/mp4/bang-dream-morfonication/fhd/1.mp4",
      "nome": "Summer Morfonica Project"
    }
  ]
}