{
  "id": 40854,
  "title": "BanG Dream! Garupa☆Pico: Oomori",
  "title_jp": "BanG Dream! ガルパ☆ピコ ~大盛り~",
  "slug": "bang-dream-garupa-pico-oomori",
  "type": "legendados",
  "format": "ONA",
  "images": {
    "poster": "https://cdn.myanimelist.net/images/anime/1237/111699l.webp",
    "banner": "https://cdn.myanimelist.net/images/anime/1237/111699.jpg"
  },
  "trailer": null,
  "synopsis": "The second season of the mini series starring the girls of BanG Dream!",
  "score": 7.73,
  "genres": [
    "Comedy"
  ],
  "episodes": [
    {
      "numero": 1,
      "url": "https://s1.animefire.net/mp4/bang-dream-garupa-pico-oomori/hd/1.mp4"
    },
    {
      "numero": 2,
      "url": "https://www.blogger.com/video.g?token=AD6v5dy1eje7Sezf5fX0KXqblFK6ngxhGv_-j65k40oX46cc6EVn3iDzB6q-L6OFUfeTodb364uIzGNZNHalbPBjBuLPvIxCrVdaw_tlzobgYR4_fN83eU9KSFirUVLxjnJ8c32AKwr-"
    },
    {
      "numero": 3,
      "url": "https://lightspeedst.net/s3/mp4/bang-dream-garupa-pico-oomori/hd/3.mp4"
    },
    {
      "numero": 4,
      "url": "https://lightspeedst.net/s3/mp4/bang-dream-garupa-pico-oomori/fhd/4.mp4"
    },
    {
      "numero": 5,
      "url": "https://lightspeedst.net/s3/mp4/bang-dream-garupa-pico-oomori/fhd/5.mp4"
    }
  ]
}