{
  "id": 56653,
  "title": "BanG Dream! Ave Mujica",
  "title_jp": "BanG Dream! Ave Mujica",
  "slug": "bang-dream-ave-mujica",
  "type": "legendados",
  "format": "TV",
  "images": {
    "poster": "https://cdn.myanimelist.net/images/anime/1181/148235l.webp",
    "banner": "https://cdn.myanimelist.net/images/anime/1181/148235.jpg"
  },
  "trailer": "https://www.youtube-nocookie.com/embed/Souwq8yepWQ?enablejsapi=1&wmode=opaque&autoplay=1",
  "synopsis": "The day Sakiko Togawa's privileged life crumbled, she painfully broke her vow to CRYCHIC and left the band behind—an act that tore her heart in two. As days fade into nights, she struggles to make ends meet until a certain cherished memory is tainted, pushing her to the edge.\n\nDriven by a fractured sense of purpose and the need to reclaim what she lost, Sakiko forms Ave Mujica, a masked symphonic metal band. Its members are bound not by a shared goal but by the fragile threads of their divergent desires. Together, they weave a haunting masquerade of loss and rebirth, captivating audiences with a gothic musical stage play. But as the girls' ideals collide, the scars of their pasts rear their ugly heads. The brittle facade the girls have built threatens to collapse beneath them, bringing Sakiko to the verge of falling apart.\n\n[Written by MAL Rewrite]",
  "score": 8.06,
  "genres": [
    "Drama"
  ],
  "episodes": [
    {
      "numero": 1,
      "url": "https://lightspeedst.net/s7/mp4_temp/bang-dream-ave-mujica/1/720p.mp4",
      "nome": "Sub Rosa."
    },
    {
      "numero": 2,
      "url": "https://lightspeedst.net/s7/mp4_temp/bang-dream-ave-mujica/2/720p.mp4",
      "nome": "Exitus Acta Probat."
    },
    {
      "numero": 3,
      "url": "https://lightspeedst.net/s5/mp4_temp/bang-dream-ave-mujica/3/720p.mp4",
      "nome": "Quid Faciam?"
    },
    {
      "numero": 4,
      "url": "https://lightspeedst.net/s5/mp4_temp/bang-dream-ave-mujica/4/720p.mp4",
      "nome": "Acta Est Fabula."
    },
    {
      "numero": 5,
      "url": "https://lightspeedst.net/s5/mp4_temp/bang-dream-ave-mujica/5/720p.mp4",
      "nome": "Facta Fugis, Facienda Petis."
    },
    {
      "numero": 6,
      "url": "https://lightspeedst.net/s5/mp4_temp/bang-dream-ave-mujica/6/720p.mp4",
      "nome": "Animum Reges."
    },
    {
      "numero": 7,
      "url": "https://lightspeedst.net/s5/mp4_temp/bang-dream-ave-mujica/7/720p.mp4",
      "nome": "Post Nubila Phoebus."
    },
    {
      "numero": 8,
      "url": "https://lightspeedst.net/s5/mp4_temp/bang-dream-ave-mujica/8/720p.mp4",
      "nome": "Belua Multorum Es Capitums."
    },
    {
      "numero": 9,
      "url": "https://lightspeedst.net/s5/mp4_temp/bang-dream-ave-mujica/9/720p.mp4",
      "nome": "Ne vivam si abis."
    },
    {
      "numero": 10,
      "url": "https://lightspeedst.net/s5/mp4_temp/bang-dream-ave-mujica/10/720p.mp4",
      "nome": "Odi et Amo."
    },
    {
      "numero": 11,
      "url": "https://lightspeedst.net/s5/mp4_temp/bang-dream-ave-mujica/11/720p.mp4",
      "nome": "Te ustus amem."
    },
    {
      "numero": 12,
      "url": "https://lightspeedst.net/s5/mp4_temp/bang-dream-ave-mujica/12/720p.mp4",
      "nome": "Fluctuat nec mergitur."
    },
    {
      "numero": 13,
      "url": "https://lightspeedst.net/s5/mp4_temp/bang-dream-ave-mujica/13/720p.mp4",
      "nome": "Per aspera ad astra."
    }
  ]
}