{
  "id": 37870,
  "title": "BanG Dream! 3rd Season",
  "title_jp": "BanG Dream!（バンドリ！）第3期",
  "slug": "bang-dream-3rd-season",
  "type": "legendados",
  "format": "TV",
  "images": {
    "poster": "https://cdn.myanimelist.net/images/anime/1985/104767l.webp",
    "banner": "https://cdn.myanimelist.net/images/anime/1985/104767.jpg"
  },
  "trailer": "https://www.youtube-nocookie.com/embed/gYU9b0MJDz0?enablejsapi=1&wmode=opaque&autoplay=1",
  "synopsis": "As the all-girl band Poppin’Party continues to rise in fame, they find a poster for an event at the legendary Nippon Budoukan. Now determined to participate in the \"BanG Dream,\" Kasumi Toyama and the other members of Poppin’Party aim to reach new heights and prove their worth by performing on that renowned stage.\n\nMeanwhile, rival band RAISE A SUILEN dreams of changing the world with \"the strongest music,\" but finds itself in dire straits without a guitarist. Though dozens of potential candidates audition for the role, band leader CHU² believes them to be amateurs and unsuitable for the band. However, there may be one guitarist that lives up to CHU²’s high standards.\n\nBanG Dream! 3rd Season features multiple all-girl bands, including Poppin’Party, Afterglow, Pastel*Palettes, Roselia, Hello Happy World!, and now RAISE A SUILEN, as they work to astound fans throughout Japan with their spectacular performances. As the BanG Dream competition draws near, the band members are prepared to captivate audiences with their heartfelt music!\n\n[Written by MAL Rewrite]",
  "score": 7.99,
  "genres": [],
  "episodes": [
    {
      "numero": 1,
      "url": "https://www.blogger.com/video.g?token=AD6v5dyQOgJQs96sBjvtrftZGEUsVer5vWA_IIJGxgyA0CXo7c-ez-iHBNQpsGxHadDpiTG50CJ2d05TpGzRdZ32fr-RCYqrdFeLMDghT5i9vMOx2fSUP8F206kRkyWiQilnzvxaQDU",
      "nome": "It's The Ultimate Dream, Don't You Think!?"
    },
    {
      "numero": 2,
      "url": "https://www.blogger.com/video.g?token=AD6v5dyvKXLnYO-PciBDahj2hkvT388XcU00KBDBGVpPJPc3OOM4zW66DiZjglMhFDNMZzlkKe_Y5c0xZXXT_LOEOHFEqdvZ9d71oAMhQRoy8zBAqSc1tGUbffllKhYXXBmHrmobyGY",
      "nome": "Scared to Death\" Transcription"
    },
    {
      "numero": 3,
      "url": "https://www.blogger.com/video.g?token=AD6v5dzeUlamBhRJr0oqqmIsCuY5gr0XhAZjS1ueFi55hAc9BpOsKvPgqWPHTRM_hhNICTAextKtbP0FEGHCy-mFm3fhxydAWIDVh-5J260l66t13uDBiYeCcSRmaETrzDXLaoEedf5l",
      "nome": "I'm Not Leaving!"
    },
    {
      "numero": 4,
      "url": "https://www.blogger.com/video.g?token=AD6v5dxElGstBpv4JPdCztiNdppfgGWYvsJJeDlt95ZWHzVZG7RwXoDU4oArNsfk4VXsEhCKVjt8mG8FiH-1rglmva9w867RE6XB2W35Nb0ysao_j4T7SZQj0hECbnrKB0TnQ__E7A8",
      "nome": "Them Lil' Octopus Sausages"
    },
    {
      "numero": 5,
      "url": "https://www.blogger.com/video.g?token=AD6v5dxF0wFQlnSp47z3p1ImYhesgrBb_dOhbnZhfsVA2zjeEVyPAMbCwtvfdJiSOuat2NdVsAV4a-M9rkJN_zPRYyH1xqhzAfDcAGY9WVqgUCku_bPtYeYHyei6EcVmLjRQzDyDm1NG",
      "nome": "PoPi-V!"
    },
    {
      "numero": 6,
      "url": "https://www.blogger.com/video.g?token=AD6v5dza6_MFp9Bzz5HUOU-utsOfc_egKLOpIBTrfIG_HEIzxzboLFTWmhtbvU9710jAeZgpc6lCdKttFGpQgHQthXj5288K-vU-rpHYiXcLsmKdXvkCVWKQKJt2JMK_g3By9Td8W_H4",
      "nome": "This is it."
    },
    {
      "numero": 7,
      "url": "https://www.blogger.com/video.g?token=AD6v5dwStIO2NzsFk8COjKZ830KnsViL0GozcRW6cpS3fXM0CPxK7CecnTGfMI7Vrl7XZLrB8CZsCg4ugMviNm7_01YxWP45kXJQbSYDxsbxRqb_sRv31UiD5pSr4VoPXrDtALJSod8",
      "nome": "Save Them In The Music"
    },
    {
      "numero": 8,
      "url": "https://www.blogger.com/video.g?token=AD6v5dxe5NLWzaI1fa_WvG-dHJW9oPDQN_c9jNW4ai2xwNH268xsydqYZi7ZC0WAdjaEXic8PwYGQ7ljya6O6qwuNETRtbRZwlyf-3auRTIGY0MJpgZKWP-3dJL00fQLBEWfwZu8NaY",
      "nome": "Should We Be Lounging Around Right Now?"
    },
    {
      "numero": 9,
      "url": "https://www.blogger.com/video.g?token=AD6v5dxHVmFI1bKCAg7v2eDmoYv1BJxQ9YShL8tjUJFlE-PlB7GAC3og__-PlW4Q-dgVn9UaTEzj7QKY4Czva1a7ai6jcBD1gdTL2yWpnlYPXvFU2AEvUM_qrY_1-9BBHfSg5vd7vOc",
      "nome": "Let's Go, PoPiPa"
    },
    {
      "numero": 10,
      "url": "https://www.blogger.com/video.g?token=AD6v5dzaD0HBtL5d-zE4UekXmwfajsOzVoWMPEbtQBzdre73F4QNBgkW5W28Pg3hrXjXGCJ28HqS5BDBSVE__BpDymNsGR-zCWWvpsXBrl2WQwOma940gTxfNNiPOpQ2z2WSK2A_1JZK",
      "nome": "Vocalists are... Like Stars..."
    },
    {
      "numero": 11,
      "url": "https://www.blogger.com/video.g?token=AD6v5dy9JeIPDntEtz4l4dXSf22BNMZags6kTvciPy_3TCovid19GTE9OM7bhXe-cDdUM9D_jnOji1uwahxqt5EMNeTYKPTjoNc0SZOqtdxL0MCo8qsXVjt8P0sgD6f5Z7Qc7LVUsTE",
      "nome": "Pareo No Longer Exists"
    },
    {
      "numero": 12,
      "url": "https://www.blogger.com/video.g?token=AD6v5dx5Bc2PBVbx8a_nnPOgBpMSiWF2hy6igqgynPhU7JuSXIESXga9qu6GprDp00fMFndoOZZEU9z8l7geA3jXcZOWX_ghebXzSsC2QUttkhF4LOeYxhqWYhg_hEpmP_itxHNE8X0",
      "nome": "A Concert With POPIPA!"
    },
    {
      "numero": 13,
      "url": "https://www.blogger.com/video.g?token=AD6v5dxelwoYBark5d8nMxEGi0J9Ur4UUo3K3zOT6HCAHPliXH9HLAXAsIbqs3KlHBBIybwOxj17fGMsp1W835kWvQb6kkfxAjIdr7s71s1QO11UHf5OtCIRdP-IN6HzXxdWfq_9DhE",
      "nome": "This... This Right Here is the Girl Band Generation!"
    }
  ]
}