{
  "id": 37869,
  "title": "BanG Dream! 2nd Season",
  "title_jp": "BanG Dream!（バンドリ！）第2期",
  "slug": "bang-dream-2nd-season",
  "type": "legendados",
  "format": "TV",
  "images": {
    "poster": "https://cdn.myanimelist.net/images/anime/1967/108632l.webp",
    "banner": "https://cdn.myanimelist.net/images/anime/1967/108632.jpg"
  },
  "trailer": "https://www.youtube-nocookie.com/embed/e1QBHnjxRkg?enablejsapi=1&wmode=opaque&autoplay=1",
  "synopsis": "Kasumi Toyama and the members of Poppin'Party—their high school band—are now second-year students, but with the new school year comes their latest set of challenges: student council duties, cram school, and part-time jobs, among other things. Furthermore, they are now separated into different classes, and as a result, their free time together is shortened. Looking back, their joyful times together seem like nothing more than an unachievable fantasy when their members are too occupied to even gather in Arisa Ichigaya's basement for practice sessions. As the band ponders over the situation, an unfamiliar girl suddenly emerges, unknowingly pulling them into the spotlight once more.\n\nIn this rising era of girl bands, Afterglow, Pastel*Palettes, Roselia, and Hello, Happy World! begin to make their appearance as well. Each band, comprised of musicians with their unique personalities, illuminates the stage with its performances. As Poppin'Party returns to the music scene and encounters new friends, the sparkling, heart-pounding music starts to play once again!\n\n[Written by MAL Rewrite]",
  "score": 7.57,
  "genres": [],
  "episodes": [
    {
      "numero": 1,
      "url": "https://www.blogger.com/video.g?token=AD6v5dyHztYTFDx_MVi_83g2-0cS-NOETjq7s1C8mFzHwLQVMQOJ-qKFXFpMIFuFakTfKB4Oq0Gz2BwospDqVD-2DZaiwVM3svADmFQl4ShnLS-O2VZBPl-Ea7u1lSugKBM_AFnM5uo",
      "nome": "Happy Party!"
    },
    {
      "numero": 2,
      "url": "https://www.blogger.com/video.g?token=AD6v5dx0ttqQ4Ea9usZRZCfr1HXr8c-67Dwof3uSj9mqvcSNVTPMp5CkRaxcnG3vqbzXSDHmKChml6BPx4irmXO_vUTuC8fZgqpTpLfRxMCQq2CUyxY_RX-GkT7JC_vfDQzMDU9frw",
      "nome": "Black Shout"
    },
    {
      "numero": 3,
      "url": "https://www.blogger.com/video.g?token=AD6v5dyc_Cfpzrz_FiJjI2NEGDv_VlhSi0JB43SmSv-cyafHe5w7BG8aSnjI8eL4mvTldoyHlhP7_cgcgR55W5nvSQujI1Hb41EE69s-UtFbz9Tp1VZaJIMXZ_wHrkmrUyanN4MlJ5Hw",
      "nome": "Sing Girls"
    },
    {
      "numero": 4,
      "url": "https://www.blogger.com/video.g?token=AD6v5dzl87g1q_0NeKt55KTvWzspGCqNw5Pz9xxJrZ8XuZtaHqV5Du_7vqfaymuimn72lkiwkWMkanEj_GB5oWn5ZWsg1a6MThe9y0X6mz9bTIlUPPLZ18USVdBCaNJrJ2ZQL1R_CJbf",
      "nome": "Magnificent! Dynamic!! A Carefree World!"
    },
    {
      "numero": 5,
      "url": "https://www.blogger.com/video.g?token=AD6v5dz7OkHLvGhZoChyu-2gaCy6uRK-nN7Imkl3cy6tcYzHL5HzGEsl3kxTdcLuIycLkjUaYBh4CHqFxLsqobMT7099sdUpyfVJNjNz-6JGu3F3_EE-yRyXEQPBd4DTS5N1nkPunS0",
      "nome": "Rainy Ring-Dong-Dance"
    },
    {
      "numero": 6,
      "url": "https://www.blogger.com/video.g?token=AD6v5dyfY2F_vw3sKYH3FoiEu1Kn0cfLMxVMabw-yj54UiDdzhnsu-BnhlUOonuosnDc-lLyhcNgwxNAieLAlhrDBng0jOFfmLRnczyE5rja5AZhVgEORpaYvOwE3-ioLD_ZovVN4nQ",
      "nome": "You Only Live Once"
    },
    {
      "numero": 7,
      "url": "https://www.blogger.com/video.g?token=AD6v5dwWOboIyZgiHgY-MPF6gTTv7b78gjfZAd2exH2F4p_Jx84NtvAX33S3nlkcuk7jWbTlWH8rvCawlfqhewJiJY0CvCQStv6QUjmnjNzDcojgdDJ_A23Pc3rj-oO5deOTRuRtPRKv",
      "nome": "I Won't Cry, I Won't Cry"
    },
    {
      "numero": 8,
      "url": "https://www.blogger.com/video.g?token=AD6v5dzpjObJLW3ASVyhttnckDmjACCxJWguiRkKR7BJ7La1I_ReL9-S1WYcyQ2VSjzOxLicRRGISHhvgPbgkGzw-aH9SDZN-3QSil5FDPKVAaDWlnPYRdmNyrjQs0Oxfk9UgFzXUBuR",
      "nome": "You're Not Alone"
    },
    {
      "numero": 9,
      "url": "https://www.blogger.com/video.g?token=AD6v5dyhSObEHvtnEshQtOhE4fQf7iEKPkpo1Tl15h0Ke9vVBEVhHOKeuz0N0mgPPG7dVY5EdsdTYjpXRs1hgEvT48CZ9Izc3kPf7r1vrHi_fka2D-mKtjKW64TJz2-yrOGT7bUrd_S9",
      "nome": "School Festival Symphony"
    },
    {
      "numero": 10,
      "url": "https://www.blogger.com/video.g?token=AD6v5dw4qT0Wv8Yk2rX2QXcYnIp1M_0OHKnL5Ua_JkQvdOJ1xdp0LhFDOhJcB4s0clzPDkDcijs4mQJRSV6EoVx8Aw_hkgmjzjY3LNtiAkCxfsPazAqO_cHIvMib41HyMtzWCkHFHTKI",
      "nome": "R-I-O-T"
    },
    {
      "numero": 11,
      "url": "https://www.blogger.com/video.g?token=AD6v5dyKhnET3fj2l1FbQOgJA_8Dtt72HRNh6z395--HCqfTxv75FyusvX8NxWUb5SHmV74lhOZJwtpDB6OuVJVXlVPkWVmDNt39geIjENwNlCVfcW7VvWGM7sOrrYW1SfOV7GulFmQ",
      "nome": "Star Tears"
    },
    {
      "numero": 12,
      "url": "https://www.blogger.com/video.g?token=AD6v5dwLelWjyKmj-MFoLuanyYdVrGjQmf2Vq32V1FJ1h11pg3uma1WGRpv_yfI3ONpJHQDBQW48wiW4ge4BqnrhdaNbQJRVsDYMl3SH3_hGa_X_9BNXxEXY7UaaczGGHHdse8E0cbkC",
      "nome": "Returns"
    },
    {
      "numero": 13,
      "url": "https://www.blogger.com/video.g?token=AD6v5dydK7aJ3jWD2Q9HsTuMsAcfEvZHzGSGPPLtqCuzc2E6aXgn_EqBxjmYR6cOEDAqaWdYb2arHwASofbFoYK0MuJFFnWLg7SKqg9TqtWMU_SIkNl1um5bvDoh_sk7MBTMA6A2_Qo",
      "nome": "Kizuna Music"
    }
  ]
}