{
  "id": 373,
  "title": "Bannou Bunka Neko-Musume",
  "title_jp": "万能文化猫娘",
  "slug": "bannou-bunka-neko-musume",
  "type": "legendados",
  "format": "OVA",
  "images": {
    "poster": "https://cdn.myanimelist.net/images/anime/7/10720l.webp",
    "banner": "https://cdn.myanimelist.net/images/anime/7/10720.jpg"
  },
  "trailer": null,
  "synopsis": "Ryuunosuke Natsume is the son of genius inventor Kyusaku Natsume and overbearing Akiko Natsume, CEO of Mishima Heavy Industries. Using funds from his wife's company and the brain from his son's beloved cat, Kyusaku creates a revolutionary android called Atsuko \"Nuku Nuku\" Natsume. To Kyusaku's disgust, Akiko wants to use her husband's technology to create weaponized robots for her company's customers, resulting in Ryuunosuke getting caught within the explosive fights between his parents\n\nThe android Nuku Nuku tries to live as a normal high school student, adopting the role of Ryuunosuke's elder sister, but usually ends up acting as her family's protector. Nuku Nuku will do anything to protect the ones she loves.\n\n[Written by MAL Rewrite]",
  "score": 6.68,
  "genres": [
    "Adventure",
    "Comedy",
    "Sci-Fi"
  ],
  "episodes": [
    {
      "numero": 1,
      "url": "https://lightspeedst.net/s3/mp4/bannou-bunka-neko-musume/sd/1.mp4",
      "nome": "PHASE-0I"
    },
    {
      "numero": 2,
      "url": "https://lightspeedst.net/s3/mp4/bannou-bunka-neko-musume/sd/2.mp4",
      "nome": "PHASE-0II"
    },
    {
      "numero": 3,
      "url": "https://lightspeedst.net/s3/mp4/bannou-bunka-neko-musume/sd/3.mp4",
      "nome": "PHASE-0III"
    },
    {
      "numero": 4,
      "url": "https://lightspeedst.net/s3/mp4/bannou-bunka-neko-musume/sd/4.mp4",
      "nome": "PHASE-0IV"
    },
    {
      "numero": 5,
      "url": "https://lightspeedst.net/s3/mp4/bannou-bunka-neko-musume/sd/5.mp4",
      "nome": "PHASE-0V"
    },
    {
      "numero": 6,
      "url": "https://lightspeedst.net/s3/mp4/bannou-bunka-neko-musume/sd/6.mp4",
      "nome": "PHASE-0VI"
    },
    {
      "numero": 7,
      "url": "https://lightspeedst.net/s3/mp4/bannou-bunka-neko-musume/sd/7.mp4"
    },
    {
      "numero": 8,
      "url": "https://lightspeedst.net/s3/mp4/bannou-bunka-neko-musume/sd/8.mp4"
    },
    {
      "numero": 9,
      "url": "https://lightspeedst.net/s3/mp4/bannou-bunka-neko-musume/sd/9.mp4"
    },
    {
      "numero": 10,
      "url": "https://lightspeedst.net/s3/mp4/bannou-bunka-neko-musume/sd/10.mp4"
    },
    {
      "numero": 11,
      "url": "https://lightspeedst.net/s3/mp4/bannou-bunka-neko-musume/sd/11.mp4"
    },
    {
      "numero": 12,
      "url": "https://lightspeedst.net/s3/mp4/bannou-bunka-neko-musume/sd/12.mp4"
    }
  ]
}