{
  "id": 42892,
  "title": "Baraou no Souretsu",
  "title_jp": "薔薇王の葬列",
  "slug": "baraou-no-souretsu",
  "type": "legendados",
  "format": "TV",
  "images": {
    "poster": "https://cdn.myanimelist.net/images/anime/1046/118527l.webp",
    "banner": "https://cdn.myanimelist.net/images/anime/1046/118527.jpg"
  },
  "trailer": "https://www.youtube-nocookie.com/embed/aM3O4aC4lpQ?enablejsapi=1&wmode=opaque&autoplay=1",
  "synopsis": "Richard Plantagenet has dedicated his whole life to becoming strong enough to fight alongside his father, the Duke of York. Together they have waged war to reclaim the right to the throne of England from King Henry VI and the House of Lancaster. However, the young Richard hides a secret—one that his mother scorns him for, which the cruel voices in his head never fail to remind him of. Even amid his personal turmoil, he is fortunate to find solace in the light of his father's love. But when the War of the Roses takes a turn for the bloodier, the fervent ambitions of Richard grow while his old loyalties splinter, threatening to taint his family's path to glory.\n\n[Written by MAL Rewrite]",
  "score": 6.39,
  "genres": [
    "Action",
    "Drama",
    "Supernatural"
  ],
  "episodes": [
    {
      "numero": 1,
      "url": "https://lightspeedst.net/s1/mp4/baraou-no-souretsu/hd/1.mp4",
      "nome": "Wars of the Roses"
    },
    {
      "numero": 2,
      "url": "https://lightspeedst.net/s1/mp4/baraou-no-souretsu/hd/2.mp4",
      "nome": "Father Is My Light"
    },
    {
      "numero": 3,
      "url": "https://lightspeedst.net/s1/mp4/baraou-no-souretsu/hd/3.mp4",
      "nome": "I Am the Shadow, the Darkness Behind the Light"
    },
    {
      "numero": 4,
      "url": "https://lightspeedst.net/s1/mp4/baraou-no-souretsu/hd/4.mp4",
      "nome": "I'm Afraid I'm Going to Lose the Answers I've Gotten and...Everything Else."
    },
    {
      "numero": 5,
      "url": "https://lightspeedst.net/s1/mp4/baraou-no-souretsu/hd/5.mp4",
      "nome": "If I Don't Grab Your Hand, I Won't Have to Let Go."
    },
    {
      "numero": 6,
      "url": "https://lightspeedst.net/s1/mp4/baraou-no-souretsu/hd/6.mp4",
      "nome": "A Man Who Has No Awareness As King… a Man Who Is Unqualified to Be King… Neither of Them Is Fit for the Throne."
    },
    {
      "numero": 7,
      "url": "https://lightspeedst.net/s1/mp4/baraou-no-souretsu/hd/7.mp4",
      "nome": "Even If I Sin…"
    },
    {
      "numero": 8,
      "url": "https://lightspeedst.net/s1/mp4/baraou-no-souretsu/hd/8.mp4",
      "nome": "Even Alone, It Wasn't Frightening. Rather…the Loneliness Has Been Kind Ever since Losing Father."
    },
    {
      "numero": 9,
      "url": "https://lightspeedst.net/s1/mp4/baraou-no-souretsu/hd/9.mp4",
      "nome": "I Remember When Christmas Was Approaching. The Time When I Lost Father."
    },
    {
      "numero": 10,
      "url": "https://lightspeedst.net/s1/mp4/baraou-no-souretsu/hd/10.mp4",
      "nome": "My Name Is Richard Plantagenet."
    },
    {
      "numero": 11,
      "url": "https://lightspeedst.net/s1/mp4/baraou-no-souretsu/hd/11.mp4",
      "nome": "That Is My...My Punishment."
    },
    {
      "numero": 12,
      "url": "https://lightspeedst.net/s1/mp4/baraou-no-souretsu/sd/12.mp4",
      "nome": "Richard Is Dead, Died Alone in the Woods That Day."
    },
    {
      "numero": 13,
      "url": "https://lightspeedst.net/s1/mp4/baraou-no-souretsu/hd/13.mp4",
      "nome": "After All, This Body Is Just a Prison of the Soul…"
    },
    {
      "numero": 14,
      "url": "https://lightspeedst.net/s1/mp4/baraou-no-souretsu/hd/14.mp4",
      "nome": "Good Night. Brother."
    },
    {
      "numero": 15,
      "url": "https://lightspeedst.net/s1/mp4_temp/baraou-no-souretsu/15/720p.mp4",
      "nome": "If you hide it, you won't feel sadness."
    },
    {
      "numero": 16,
      "url": "https://lightspeedst.net/s1/mp4/baraou-no-souretsu/fhd/16.mp4",
      "nome": "The Devil Has the Devil’s Way"
    },
    {
      "numero": 17,
      "url": "https://lightspeedst.net/s1/mp4/baraou-no-souretsu/fhd/17.mp4",
      "nome": "Because God Has Chosen This Bloody Demon."
    },
    {
      "numero": 18,
      "url": "https://lightspeedst.net/s4/mp4/baraou-no-souretsu/fhd/18.mp4",
      "nome": "Your Name"
    },
    {
      "numero": 19,
      "url": "https://lightspeedst.net/s4/mp4/baraou-no-souretsu/fhd/19.mp4",
      "nome": "I Will Protect Edward. That Child Is My Son."
    },
    {
      "numero": 20,
      "url": "https://lightspeedst.net/s4/mp4/baraou-no-souretsu/fhd/20.mp4",
      "nome": "The Light Is Overhead"
    },
    {
      "numero": 21,
      "url": "https://lightspeedst.net/s4/mp4/baraou-no-souretsu/fhd/21.mp4",
      "nome": "It Should Still Be in Time Now."
    },
    {
      "numero": 22,
      "url": "https://lightspeedst.net/s4/mp4_temp/baraou-no-souretsu/22/720p.mp4",
      "nome": "Use Your Head More, Damn Brat. Don't Die Even If You Are Weak."
    },
    {
      "numero": 23,
      "url": "https://lightspeedst.net/s4/mp4/baraou-no-souretsu/fhd/23.mp4",
      "nome": "Mother...Goodbye"
    },
    {
      "numero": 24,
      "url": "https://lightspeedst.net/s4/mp4/baraou-no-souretsu/fhd/24.mp4",
      "nome": "Requiem of the Rose King"
    }
  ]
}