{
  "id": 22789,
  "title": "Barakamon",
  "title_jp": "ばらかもん",
  "slug": "barakamon",
  "type": "legendados",
  "format": "TV",
  "images": {
    "poster": "https://cdn.myanimelist.net/images/anime/1426/111248l.webp",
    "banner": "https://cdn.myanimelist.net/images/anime/1426/111248.jpg"
  },
  "trailer": "https://www.youtube-nocookie.com/embed/u1pCw1Cr3_U?enablejsapi=1&wmode=opaque&autoplay=1",
  "synopsis": "Seishuu Handa is an up-and-coming calligrapher: young, handsome, talented, and unfortunately, a narcissist to boot. When a veteran labels his award-winning piece as \"unoriginal,\" Seishuu quickly loses his cool with severe repercussions.\n\nAs punishment, and also in order to aid him in self-reflection, Seishuu's father exiles him to the Goto Islands, far from the comfortable Tokyo lifestyle the temperamental artist is used to. Now thrown into a rural setting, Seishuu must attempt to find new inspiration and develop his own unique art style—that is, if boisterous children (headed by the frisky Naru Kotoishi), fujoshi middle schoolers, and energetic old men stop barging into his house! The newest addition to the intimate and quirky Goto community only wants to get some work done, but the islands are far from the peaceful countryside he signed up for. Thanks to his wacky neighbors who are entirely incapable of minding their own business, the arrogant calligrapher learns so much more than he ever hoped to.\n\n[Written by MAL Rewrite]",
  "score": 8.36,
  "genres": [
    "Slice of Life"
  ],
  "episodes": [
    {
      "numero": 1,
      "url": "https://www.blogger.com/video.g?token=AD6v5dxQe5gkvL-61_pfyADNiGUv3N-SLKNUETJ-Q0YYqV71eB2JsBIZAGP3jNyA378p8buwDs_8nXAC-eOj05Ryc9SPd9t4uMYguja9TcCKd44YAfTywFQJ-DrB10NV5OdYiFEpj4s",
      "nome": "Cheerful Kid"
    },
    {
      "numero": 2,
      "url": "https://www.blogger.com/video.g?token=AD6v5dwN_oV5MhVwgPJpIaqfTC3XtaMVFBDOgsYcbGpCpcYWneGe3nOlsRvq58xf9tn1vXSRM5WtGNvRS5L_O8ieeCfS6XNUUdx23K33ZPbSmkLptX95mP0SVnLWEM2VDw55-BZ1ovxc",
      "nome": "Noisy"
    },
    {
      "numero": 3,
      "url": "https://www.blogger.com/video.g?token=AD6v5dzlbmmNke959pcbvG3LFh6BduYMx4F66HudUcv241svmW98b59y7jUsBYVFYQ8DGmfMewEJ-7AJ0oG0ZaslMMQZiuk0vF6xGqZeOWX_SggnhIINAEflHnaBhyK3QA0hAsfPTS83",
      "nome": "Rice Cakes Thrown at Celebrations"
    },
    {
      "numero": 4,
      "url": "https://www.blogger.com/video.g?token=AD6v5dyzY98jEHTJC8m2E5YBW_Y8SH5yME3092H7vrINoL5RiAsJbaBLCW4GMPqUPteZgrXzxXEwSnnGfiw5Pp_8WmcYTXcwGSfZlTO9gw_MYeBu8NYKp_vqrGwlZyGZDmb2nIBTukE",
      "nome": "Men of the Island"
    },
    {
      "numero": 5,
      "url": "https://www.blogger.com/video.g?token=AD6v5dw3E5PzCC5OyrEQESNuzfDQulqHWjyXm7qbWKlf0iAuQbFK9dJ5mhIC_NAtuqaJDf9-kHvStGhHYeNQdCTxP9_EFRbGb_8oUJD8DP3hgUs7lkNr9oo4HfnGMeZuDRBaXhkl_gg8",
      "nome": "Going Swimming at the Beach"
    },
    {
      "numero": 6,
      "url": "https://www.blogger.com/video.g?token=AD6v5dwmnQRkGGWZCONtD2VIER2-ZcA0LQI3gSkO8CwvrhmoqwcSDGDp3j2zsq56kbmxP3GULlg_TEP-BInY_YjxUK6h3Wg9TgkEOtspNJikHxtloXQmNsp-8d11I0c5SQCz2HUESaIR",
      "nome": "The Guys from Tokyo"
    },
    {
      "numero": 7,
      "url": "https://www.blogger.com/video.g?token=AD6v5dxPOyJxC4hI7RrDp9jszQglm5OCxqo_o7W5H4GVZVy4nPnRXfHEwlGl0Pe3_GBBu2iXbO-LUQK_LvukGK-IuU-UCmpF0u6-0oVyqNaMXyaOoY_6ng7ZQ8KcLYdwKafGUiUkvUh8",
      "nome": "An Expensive Fish"
    },
    {
      "numero": 8,
      "url": "https://www.blogger.com/video.g?token=AD6v5dwEd3Vy3NtqcqoBK35ShMmsgksLDKP3mMlt8hc8wPAYNDvcMUj2JzPAPgsuaQtSw8sqCbvzLOtEQGIad0W-DySBYDYr36ARI1lbn3Jm78QH5SJW8SuDg5uAqfa21rBtIOPQX_9a",
      "nome": "Buddhist Chanting and Dancing"
    },
    {
      "numero": 9,
      "url": "https://www.blogger.com/video.g?token=AD6v5dyGoDflIkyiX79IoKVxNVQjuDb_TgOEf1SJGcVrEg-pNelnIMDfezcvLm_WfLgMPvJC50nkR9gBMuTq1Bt1SmmpM5hCndfZ2lo6vONH5I3bfy_pBTghECFPXWrBfcNrsIVqXBh0",
      "nome": "Was Almost Seriously Injured"
    },
    {
      "numero": 10,
      "url": "https://www.blogger.com/video.g?token=AD6v5dyICv60rsCAG01zX_k6ii1cfDAjeGQyAZYgzAlVSpraU6TPg7adZVr-Ya9nCu8S51WgtdG6WvyBx2w0Sc3VqMKLn-yunMsZ7-HMvPj9f4_deJWvITn1teyulJlgGwrnsBLb25A",
      "nome": "Let's Go Together"
    },
    {
      "numero": 11,
      "url": "https://www.blogger.com/video.g?token=AD6v5dw9nq0ltUM54p35vxG3UNGCPgHxmsWXaB5tJwA5biaF912DpMSDv7URZ3jR1DFOQnk2bTUou098M54o6IoGR6rnU2_zq4QPJH2egSDl4ZLBgGcFrvliEm33eDLjqwL9oiS8MHE",
      "nome": "I Am in Tokyo"
    },
    {
      "numero": 12,
      "url": "https://www.blogger.com/video.g?token=AD6v5dxLKa2_mbaEn7-3u06g9di0J-IFDUCQrQbc6uXNwGMwBs42mNLmGK5D7_OuKwR9SYV77cfxhZWotDqJajQRU_PI0Rc3MudM0NPWY_OwtR-VuCOJ9SIgV1O8Z6rsZJQgM7XQ4hQH",
      "nome": "Happy Yer Home"
    }
  ]
}