{
  "id": 1667,
  "title": "Barom One",
  "title_jp": "バロムワン",
  "slug": "barom-one",
  "type": "legendados",
  "format": "TV",
  "images": {
    "poster": "https://cdn.myanimelist.net/images/anime/1090/95417l.webp",
    "banner": "https://cdn.myanimelist.net/images/anime/1090/95417.jpg"
  },
  "trailer": null,
  "synopsis": "Takeshi Kido and Kentaro Shiratori are a pair of friends who have been together for almost their entire life. One night, a strange being comes out from the lake and starts attacking them. When Takeshi and Kentaro are almost eliminated, a strange being named Kopu calls them and tells them that they are the chosen ones to inherit the power to protect the world from an evil being named Goumon. Now, they join their hands to transform into Barom One, a being with superior skills, who will fight to protect the city.\n\n(Source: ANN)",
  "score": 5.07,
  "genres": [
    "Action",
    "Sci-Fi",
    "Supernatural"
  ],
  "episodes": [
    {
      "numero": 1,
      "url": "https://lightspeedst.net/s3/mp4/barom-one/sd/1.mp4"
    },
    {
      "numero": 2,
      "url": "https://lightspeedst.net/s3/mp4/barom-one/sd/2.mp4"
    },
    {
      "numero": 3,
      "url": "https://lightspeedst.net/s3/mp4/barom-one/sd/3.mp4"
    },
    {
      "numero": 4,
      "url": "https://lightspeedst.net/s3/mp4/barom-one/sd/4.mp4"
    },
    {
      "numero": 5,
      "url": "https://lightspeedst.net/s3/mp4/barom-one/sd/5.mp4"
    },
    {
      "numero": 6,
      "url": "https://lightspeedst.net/s3/mp4/barom-one/sd/6.mp4"
    },
    {
      "numero": 7,
      "url": "https://lightspeedst.net/s3/mp4/barom-one/sd/7.mp4"
    },
    {
      "numero": 8,
      "url": "https://lightspeedst.net/s3/mp4/barom-one/sd/8.mp4"
    },
    {
      "numero": 9,
      "url": "https://lightspeedst.net/s3/mp4/barom-one/sd/9.mp4"
    },
    {
      "numero": 10,
      "url": "https://lightspeedst.net/s3/mp4/barom-one/sd/10.mp4"
    },
    {
      "numero": 11,
      "url": "https://lightspeedst.net/s3/mp4/barom-one/sd/11.mp4"
    },
    {
      "numero": 12,
      "url": "https://lightspeedst.net/s3/mp4/barom-one/sd/12.mp4"
    },
    {
      "numero": 13,
      "url": "https://lightspeedst.net/s3/mp4/barom-one/sd/13.mp4"
    }
  ]
}