{
  "id": 53407,
  "title": "Bartender: Kami no Glass",
  "title_jp": "バーテンダー 神のグラス",
  "slug": "bartender-kami-no-glass",
  "type": "legendados",
  "format": "TV",
  "images": {
    "poster": "https://cdn.myanimelist.net/images/anime/1462/142547l.webp",
    "banner": "https://cdn.myanimelist.net/images/anime/1462/142547.jpg"
  },
  "trailer": "https://www.youtube-nocookie.com/embed/JlIqRNxdTIs?enablejsapi=1&wmode=opaque&autoplay=1",
  "synopsis": "Miwa Kurushima and her colleague Yukari Higuchi hunt for a skilled individual to run the counter bar at the famous Hotel Cardinal. The chairman of the hotel demands only one thing of the potential hire: the bartender must be able to craft the ultimate drink known as the \"Glass of God.\" Because Miwa does not fully understand the requirement, her search runs dry after everyone she has scouted cannot get past the chairman's scrutiny.\n\nNestled in a quiet and secluded place among the bustling alleys of Ginza is Eden Hall. This cozy bar is maintained by Ryuu Sasakura, a prodigy mixologist who knows exactly what drink will ease his customers' worries at any given time. Every glass that he serves is garnished with humility, providing much-needed solace to people from all walks of life in their time of need.\n\nIn a chance encounter, the chairman is left speechless by Ryuu's astute bartending skills and is determined to have him join Hotel Cardinal. He becomes one of Ryuu's regulars, attempting daily to convince Ryuu to leave Eden Hall. But even with the assistance of Miwa, it is more difficult than expected to recruit this particular bartender.\n\n[Written by MAL Rewrite]",
  "score": 7.37,
  "genres": [
    "Drama",
    "Gourmet"
  ],
  "episodes": [
    {
      "numero": 1,
      "url": "https://lightspeedst.net/s7/mp4/bartender-kami-no-glass/fhd/1.mp4",
      "nome": "A Gentle Perch"
    },
    {
      "numero": 2,
      "url": "https://lightspeedst.net/s7/mp4/bartender-kami-no-glass/hd/2.mp4",
      "nome": "Old Pal / One for the Road"
    },
    {
      "numero": 3,
      "url": "https://lightspeedst.net/s7/mp4/bartender-kami-no-glass/hd/3.mp4",
      "nome": "The Perfect Taste"
    },
    {
      "numero": 4,
      "url": "https://lightspeedst.net/s7/mp4/bartender-kami-no-glass/hd/4.mp4",
      "nome": "A Bar's Secret Ingredient - The Face of a Martini"
    },
    {
      "numero": 5,
      "url": "https://lightspeedst.net/s7/mp4/bartender-kami-no-glass/hd/5.mp4",
      "nome": "The First Drop"
    },
    {
      "numero": 6,
      "url": "https://lightspeedst.net/s7/mp4/bartender-kami-no-glass/hd/6.mp4",
      "nome": "The True Face"
    },
    {
      "numero": 7,
      "url": "https://lightspeedst.net/s7/mp4/bartender-kami-no-glass/hd/7.mp4",
      "nome": "A Bartender's Resolve"
    },
    {
      "numero": 8,
      "url": "https://lightspeedst.net/s7/mp4/bartender-kami-no-glass/hd/8.mp4",
      "nome": "A Challenge"
    },
    {
      "numero": 9,
      "url": "https://lightspeedst.net/s7/mp4/bartender-kami-no-glass/hd/9.mp4",
      "nome": "North Wind"
    },
    {
      "numero": 10,
      "url": "https://lightspeedst.net/s7/mp4/bartender-kami-no-glass/hd/10.mp4",
      "nome": "A Thorn in the Heart"
    },
    {
      "numero": 11,
      "url": "https://lightspeedst.net/s7/mp4/bartender-kami-no-glass/hd/11.mp4",
      "nome": "Bar Kaze / A Heartfelt Recipe"
    },
    {
      "numero": 12,
      "url": "https://lightspeedst.net/s7/mp4/bartender-kami-no-glass/hd/12.mp4",
      "nome": "An Important Job"
    }
  ]
}