{
  "id": 35964,
  "title": "Basilisk: Ouka Ninpouchou",
  "title_jp": "バジリスク ～桜花忍法帖～",
  "slug": "basilisk-ouka-ninpouchou",
  "type": "legendados",
  "format": "TV",
  "images": {
    "poster": "https://cdn.myanimelist.net/images/anime/2/88384l.webp",
    "banner": "https://cdn.myanimelist.net/images/anime/2/88384.jpg"
  },
  "trailer": "https://www.youtube-nocookie.com/embed/981KbvGGLYw?enablejsapi=1&wmode=opaque&autoplay=1",
  "synopsis": "It has been 10 years since the war between the Iga and Kouga ninja clans came to an end. The two groups have since made peace, supposedly dispelling the animosity that once existed between them. Hachirou Kouga and Hibiki Iga, the successors of their respective bloodlines, seem to have the perfect conditions for their love to bloom, but not everyone is satisfied with the results of the age-old battle.\n\nDifferent tales of the final showdown between Gennosuke Kouga and Oboro Iga have spread, leaving Tadanaga Tokugawa—whom the Kouga represented—dissatisfied. As tension between the two clans rises once again, the brewing political climate threatens to keep the two fated lovers apart, just as it had in the previous generation. \n\n[Written by MAL Rewrite]",
  "score": 5.56,
  "genres": [
    "Action",
    "Drama"
  ],
  "episodes": [
    {
      "numero": 1,
      "url": "https://www.blogger.com/video.g?token=AD6v5dyLeW9rw7JnCZY78EMQBf2J1YeamKOp2u8Ww7fQ8l5PH1vwbDxKXVna0JRz8GrN5y2VYUTTLHstoIVbRdFQ-R-pfLKFZlt63qyy0rW5Fg_KqH1QOqQRO_ONE_qrhA_cfdN6Mdqv",
      "nome": "The Cherry Blossoms Have Fallen"
    },
    {
      "numero": 2,
      "url": "https://www.blogger.com/video.g?token=AD6v5dytmZglgGvD_Yq2Tzoys-RT2Z3OKgXJjpSvRQI7iixGWU4yYohCWwZPSLRfMUgvnI9jp1DTfs1NLpKcedR1jTSw9VMmD-mEiHj-Q5wLd3qSs7zEQM5tXeDOlf7kUDZmQrNwxhQ",
      "nome": "The Five Treasures Have Arrived"
    },
    {
      "numero": 3,
      "url": "https://www.blogger.com/video.g?token=AD6v5dz1RHNy_zn4aQpLXfSqlZu9xqvOkZikJ-K__lPzde-KYL_oyLpdlbK4rs25vKZdJX-YUSDlBGd0kOBEB_64c8rv9WSya_4RpnMjEQQgIB_j_hlGg7TOuj6SKhh817kmOEXcGg5s",
      "nome": "The Kouga Must Die"
    },
    {
      "numero": 4,
      "url": "https://www.blogger.com/video.g?token=AD6v5dzV3kg0tI068iNkIfDHxaiMGX-tauMW8mtKudeHLjp33eWaS-n_xksRY_iGweqoL27EEbRJi2cJlZ_KcuFktTeWnKzkK6LkzCgc0iVKPw2dbGNTgyU_TdfsLnMyCcbqwYnP-PjI",
      "nome": "The Joujinshuu Appear"
    },
    {
      "numero": 5,
      "url": "https://www.blogger.com/video.g?token=AD6v5dxo2v_HeEFXVR2SzBMcCi1Hj-5mDYwppw57X-o6pvJPGoZtZFzV-SBqUYdZ21YwJqlF4BFcyK2LSTgsj5iWVVQtV5PEGLJ4Jj72yRq6hmL0IvHzJqhlwF9Rng-ljd0JRmTi50Dw",
      "nome": "The Cherry Blossoms Run Mad"
    },
    {
      "numero": 6,
      "url": "https://www.blogger.com/video.g?token=AD6v5dyP49fw-rYpCKq08xFfwmn-tQ3VZV9nA29jabYHMJ8mJ0-g4Vl_6Xwsb3gjioyP8Swk3tsIvg9KS8vMZ18Kkrg1uzl6d7iWNJ3TwHKFcGtYUY8gPAu0m9L8zaWJcgieshSgUowF",
      "nome": "Evil Clouds Begin to Stir"
    },
    {
      "numero": 7,
      "url": "https://www.blogger.com/video.g?token=AD6v5dxq3PR1FwLMWDXSRb__hNGUuDWwzALdzkVknN5yIrM99zLjYS6zhsHSZuhN-JutOIHrXqPCkHea4mUsGR_VFXbDkN_oC3m73Yha1TffWaveDU9WSoIvCcaHewYnFjrdi0jIjvlV",
      "nome": "Tadanaga's Change of Heart"
    },
    {
      "numero": 8,
      "url": "https://www.blogger.com/video.g?token=AD6v5dxrNd8wPHzx3MqRm0EqKIRTMlJsjRCqe9PhqjdpBeLwKQ1ftx4WVqeRVMLO3rEkKslqG-5gaW9I_yzfwrSDYXa8YY4PdQ9tEX5PXNbzmJ-m7xery1-Yk0XlCpYvFDbodNN3fmky",
      "nome": "Advent of Joujin"
    },
    {
      "numero": 9,
      "url": "https://www.blogger.com/video.g?token=AD6v5dzKjXJPuN0RK_6tHRDu37jxCG7mQHCnHv9hx-cls8jGy4mopM_M1y7o7IhjXBgwmF09bAByMc0Drr6xK4u-L-Z-oaCNK1_MFO905L0s-HMbOxmOgovuMOWX-a2IMNWMsRfiKfpx",
      "nome": "The Butterfly Dances"
    },
    {
      "numero": 10,
      "url": "https://www.blogger.com/video.g?token=AD6v5dw1sFHyrkHlZuFERZ670EcKXBctDAgV3bor9YUE72G9-KJBESzMSXI5cANETHzIXWxXy-y9pAJbIDhEOHMfmj5AtbWFz_2TdrP-ror9KNeLjwM4_7N3xeFuC7KDa7h1Kiv_ZRBv",
      "nome": "The Heavenly Robe Sees Carnage"
    },
    {
      "numero": 11,
      "url": "https://www.blogger.com/video.g?token=AD6v5dzRmnDlvAxHf3Rzj0HBi8f_USdNB1Z73stQIv8tQncL2BbX5N7dyfrDITzDQAwojr3nQR-bTHP49zVqqcbsIn7KyEWwMt7MwmRoyBXYG6AwiGELezTsOiJPPYGGcPx5_qfGOJJP",
      "nome": "Like a Rhinoceros"
    },
    {
      "numero": 12,
      "url": "https://www.blogger.com/video.g?token=AD6v5dxWeflocA6J89rWqTnReAhuHc1REhCeMeYoBP67jSGiEBmYqpjseCjsxKAEdRrD3Mty9puRJ2OhME9y7gRD5l6L0IXnffd5hdwwDPODWTIx_EB1XlJ7vnqO5zgQf7xSBqw0u7U",
      "nome": "The Wind Blows Through the Pines"
    },
    {
      "numero": 13,
      "url": "https://www.blogger.com/video.g?token=AD6v5dzJ570P3hZvfKb78hjcqC0CAbcRL4614ZPxooBetaMQiltX6xnU9lx7lnBnFXwhluML1vXAFir2LtUN3ff72m06z4tjsVI3EzFGe_ic55IKLJVp33Z0XQi3hRy9gS4uUcx7lJo",
      "nome": "Utsutsu Dreams of Hell"
    },
    {
      "numero": 14,
      "url": "https://www.blogger.com/video.g?token=AD6v5dw2xsDAUH5t0It7EJQnv_eZLChqyrIdrUchFfHOQV2VqFgYUP3KlktuCkTLASUE_nAhAmCrHMSpIoB2jvQMTrTUlLo_mBUh1YNsHoOkot_pIScyrhxQxkilwFYJvYwckG2JcTc",
      "nome": "Murakumo Must Be Destroyed"
    },
    {
      "numero": 15,
      "url": "https://www.blogger.com/video.g?token=AD6v5dz0A6pJIFWOM3nC0xne8npr5bW-6lhD-kjnUIleJpYciRfWCGqiqIqCORb_rx-X1IR9VwJGUUc6FvK3_R6RXlNVsIteHRVs06pLNpF6ZLXEZneu2h8EsKN2zyrzDwmK_PuwJuY",
      "nome": "The Shielding Eye Is Deceived"
    },
    {
      "numero": 16,
      "url": "https://www.blogger.com/video.g?token=AD6v5dxJf63ISuKUdae4sHVtT5G0mxBONtaKYWt2QGQwWcKnRyqSeo8YgMQpRwr_IIyosas-9a08dEHf2V18GPB9ZVAlBsFT5ZMnyrm840fSFIUR8vMO6xSP1i3xw96_RYmWyVSB181a",
      "nome": "The Massive Castle Rumbles"
    },
    {
      "numero": 17,
      "url": "https://www.blogger.com/video.g?token=AD6v5dypxmFdJJLDU7m_SZcmu60wq3uTQYiosCTyyab7ofNGlx6Qn00_tq_65nUoVXqlU4A6qkl-fDczYBJA64LGUsVK8lUgVXnS_KU-xN5uxuOKD2m0_U2e4f_1CgQLblkXpAhd9SE",
      "nome": "Everyone Gathers at the Battlefield"
    },
    {
      "numero": 18,
      "url": "https://www.blogger.com/video.g?token=AD6v5dyXamuR9Ut_1572HUAHXd_FOlROqIOtIzgw3MR1PzGudjkeNUzFTEHGjhaJYiRwn_JoKvNH7G2rg6ggBxTRSm_yKXFQJm8MElfgcb2erdpugnpX8-spKTI8WisQFhiJNZpROdI",
      "nome": "The Cherry Blossoms Must Fall"
    },
    {
      "numero": 19,
      "url": "https://www.blogger.com/video.g?token=AD6v5dwi6XgTeLORfK_fuhlHlWd_i0e7Yy9tR5WlLSNMaT44YfmLUqOHoEatNvXg6nWYUpHKGXMa5ncfO8wHpUOzIynR9gqvHz9DQ39LPDyn7w039Za4U1qfm3jOq7HwnUSBYdJwON0",
      "nome": "100 Eyes See Their Destiny"
    },
    {
      "numero": 20,
      "url": "https://www.blogger.com/video.g?token=AD6v5dybK4lZlv5Hw7sgV2xJfJQ5F6-Hw6HVkEiZhjnviIkKYji-Sco8B-rwupJ2qb_3odh7JiaKgtKhuqKeGjZFyMfrqIzQ0DU2LSlSd6DUxfoiGYBNU5izBSt1ni1-Bz2p_sg3JNo",
      "nome": "We Must See the Lotus Flowers Together"
    },
    {
      "numero": 21,
      "url": "https://www.blogger.com/video.g?token=AD6v5dzupI_iQbz2bLSEloBYD3m0ydervhW8FaPWbib8cf4oPJIVwUmZ5JXeX6l5vvHimTFTJmzfhELfHH4kguT7tS6y1TpE0wIgql_P9yEVUEscYVITLETsC4BZaoaDNuccKTC3qfI",
      "nome": "Remembrance Must Fade"
    },
    {
      "numero": 22,
      "url": "https://www.blogger.com/video.g?token=AD6v5dzs_M0IKeFPp2DrPcS33YiUVrORwaMUYc3LuiF9jUAnka__BetI8lLukurTgJlK6naRUiNzyzhTFr5DPEk4dx9dF2Z5JNpgr_-N1DVOIluup3vX_IziMK9enPtaF4pqb7yyRac",
      "nome": "The Demon Revives"
    },
    {
      "numero": 23,
      "url": "https://www.blogger.com/video.g?token=AD6v5dyYAEsbhstlXrl2CedeZvWP3s9TroME85cQ6A8zquzycORFvNK3shqTPQxfUW7JJ2f71KHc8vXdAZhRXYcr_RGazSNxH2A1wHNn9XiIpRrV8QYJT4bClyxTVMVTCGmIlLbVyLc",
      "nome": "The Cherry Blossoms Scatter"
    },
    {
      "numero": 24,
      "url": "https://www.blogger.com/video.g?token=AD6v5dzs3_bwA-WRWvS8J9xS6SF2J3qjyRSM1L2uW4_OtKm6KpS3rIrkEm0Yj_98Hum2tynKMemOuCGHgFSBO4_uUFr1TA-lBc9ab62bNmJbMXuRWpUPcaUbOVek8Wz6zycXatV1PT_J",
      "nome": "The Cherry Blossoms Bloom"
    }
  ]
}