{
  "id": 67,
  "title": "Basilisk: Kouga Ninpou Chou",
  "title_jp": "バジリスク 甲賀忍法帖",
  "slug": "basilisk-kouga-ninpou-chou",
  "type": "legendados",
  "format": "TV",
  "images": {
    "poster": "https://cdn.myanimelist.net/images/anime/1103/133549l.webp",
    "banner": "https://cdn.myanimelist.net/images/anime/1103/133549.jpg"
  },
  "trailer": "https://www.youtube-nocookie.com/embed/GcxYkQ7OOrM?enablejsapi=1&wmode=opaque&autoplay=1",
  "synopsis": "For centuries, the Iga and Kouga ninja clans have engaged in a bitter war. But when a ceasefire is ordered by the powerful warlord Ieyasu Tokugawa, the two clans are forced to put down their arms.\n\nYears later, Gennosuke Kouga, heir of the Kouga clan, and Oboro Iga, heir of the Iga clan, have fallen in love. Through marriage, both heirs aim to bring peace to the clans. But their hopes are dashed when flames of rivalry between their clans are reignited, and they are dragged into another war.\n\nIeyasu's two grandsons have both claimed to be the next heir to the shogunate. To resolve this dispute, both the Kouga and Iga are ordered to send their 10 best warriors to fight in a bloody battle royale, with each clan representing one of the potential shogunate heirs. Two scrolls with the names of the fighters are given and are to be marked in blood upon the given fighter's death. The prize for winning is the favor of the Tokugawa shogunate for a thousand years. Torn between their love for each other and duty to their clans, Gennosuke and Oboro must ultimately decide the fate of their clans.\n\n[Written by MAL Rewrite]",
  "score": 7.53,
  "genres": [
    "Action",
    "Drama",
    "Romance"
  ],
  "episodes": [
    {
      "numero": 1,
      "url": "https://www.blogger.com/video.g?token=AD6v5dyw7fE9RZJCd2FJ9i0_b4ssUgrtg2ty_sbu_l7d5wqB6YAm11fOP9AR1E3MBSckAKNfRaJ1k3HmLFQFDI_vss8kqgY9fjz-3PgBv5PI-78J2OCuW2NwBQ9IAm4fSnfFKEhnN6k",
      "nome": "Destiny"
    },
    {
      "numero": 2,
      "url": "https://www.blogger.com/video.g?token=AD6v5dwrwtRU7rVEhFGVIfL-292vTPFWPatEPcIo8wnphgmGiPuU8OhEOfHyuHqaCBwSpU6-7taSSMxNYtpJlHulpxsCkOMQgrGTGBu8dylsAkXnE-GSmZ2v1_ZcTlhGQNUI79y-bjg",
      "nome": "Last Rendezvous"
    },
    {
      "numero": 3,
      "url": "https://www.blogger.com/video.g?token=AD6v5dzoufELaCMoJZWEsiQjYnUheYp2r0T7BdJiTvxXEPXNKmrDzOdCV-OBMqP5KE_C8GFcSOceVR3cgteSTd3phlUNfAYiLsaBvuE9OF1Vq316fsg1TT54woLBHDbEg0XYDY-AZJ3R",
      "nome": "The Onslaught of War"
    },
    {
      "numero": 4,
      "url": "https://www.blogger.com/video.g?token=AD6v5dxp8D7U5BXoewc_lTzQi7DZa1irZZEHhx4uOLcjCRu_xHPT3SLO3L3ijutlp3yA4FyeJ6j6KKq6wilnTkYqaJbj38YF70LuvwmfRvW3VdwcrQeRfYOaD5o2Qi_F-JGKLQpAjeE",
      "nome": "The Horned Owl"
    },
    {
      "numero": 5,
      "url": "https://www.blogger.com/video.g?token=AD6v5dyWeL2Nfld3aD8zsIj65jFmW_beoNV1xStq8DVrY3RdlzKQCOp-1yUuJovbZN3nH7j3wJYKJiTzzYzcTXw2DCi93VnTTVk8P6cETvqdLt_38hjW5VhPWmo4aWWfs4oN1aM3-GmC",
      "nome": "The Surprise Attack"
    },
    {
      "numero": 6,
      "url": "https://www.blogger.com/video.g?token=AD6v5dyVzZPOzKZRyVkEm-MIDZlOgIWi9vUzMIym0InwBnYsrCR29ET5eX6lwYNsvvSV33u7fWKPN1XQ-va6Wh5N3etKp_nowo4pXKF09-wIPxlyEuG38MGTSw305chOiBN6a64awkc",
      "nome": "Longing in the Rain"
    },
    {
      "numero": 7,
      "url": "https://www.blogger.com/video.g?token=AD6v5dy_yulhcVpEmxDanlvt7HbOxdxQ3o4vc0GkthFs8yfosteZVTjOVjNALSTBaw_KXp0TyTY7ya8PsgiEvtT_KHgi8SvFhgsVHqzSWct-CzovZ0LGjUAZcmX4yuVgtZmxI0joeM10",
      "nome": "Blood-Sucking Seductress"
    },
    {
      "numero": 8,
      "url": "https://www.blogger.com/video.g?token=AD6v5dxy1PW03pXWN2AE5Z7t95kcpd62HpvFWcs0-UpNFHqw7Ptfj-dhqznPEegoDol8RDZEEsqZWXh3WXtWoCOG-fL_qQoadw0jb6zDTK2VQMnDIYLoQg0s28r8bpbfJrt2bQWXTpHS",
      "nome": "Cage of Blood"
    },
    {
      "numero": 9,
      "url": "https://www.blogger.com/video.g?token=AD6v5dzkNtK4dO3qjN8dlL9cF-yjc9jKqvOcXE4uXAVzY8v0eYrQk-DrTiLrKSLuL9f0kfsl7R7uJpy8SidIAJBt87U8iS2JZMmVSHQlW2jAW1uDhGA6d00eebFcbSJ8lt6hJ1GGG28d",
      "nome": "Farewell"
    },
    {
      "numero": 10,
      "url": "https://www.blogger.com/video.g?token=AD6v5dy0lYzrUyFGTGAzDwU22W59U3MZgOMpLERIoCF7UIKcPkKlKC8tf-XS0dSXo8d153ondOoAEK6tRaRg0q4pjQTJ6VGOwPxU9kUAZQfoMhcEdM534CO21bVM52JlTOwrSmhRfpjn",
      "nome": "Divine Mandate"
    },
    {
      "numero": 11,
      "url": "https://www.blogger.com/video.g?token=AD6v5dynMGjnaLr9c5_EqOKW61dvzMcDUNU_gL-2MFNNb1omDQCTT31ojtSrClfas2ohqDT5uq-MBxeWg4zeRppMDloXiFe4YCr10yGAVoCcYCzPGkplCFJI1CYgXiVjp7Fo-C6XkUQF",
      "nome": "On Their Own"
    },
    {
      "numero": 12,
      "url": "https://www.blogger.com/video.g?token=AD6v5dy6g1gS091wEhu_Y7kdelngCSt1o78CEB9EHUNbVBZxX0lFBDUuZwAY2d07NbgDndqxzvyfy9kOymV9s5EKq5k6cLtmMIxRBdiq98M3mwiD-doxNop91SJiuc_qAyyDKJf5OA",
      "nome": "Remembrance"
    },
    {
      "numero": 13,
      "url": "https://www.blogger.com/video.g?token=AD6v5dwApjXOnrs79bNCm5KvWorV7vE1F0keY_eA7kV6yF-jw84ZGFcqBRwQQEG37r88pLta2eaQRyuklsH9lHdE49g4husjnGHDplEvkTBmFAptkdiKi7JQQUPmHTqc4uRZsP0eY4A",
      "nome": "A Swarm of Butterflies"
    },
    {
      "numero": 14,
      "url": "https://www.blogger.com/video.g?token=AD6v5dx5yBnFX6HiXwkFcMAJlOOViFxYWCMCf6Zz_KMiP-6z2kFHU6mVkUpAjMSiqiE3BVF-dCZGEOWaAcyBiIWkJAfQhCVJ7V78zvSaeiy-5pZP5pQ8KR2w89wHjfDOppSylYsAXpc",
      "nome": "Fallen Flower"
    },
    {
      "numero": 15,
      "url": "https://www.blogger.com/video.g?token=AD6v5dzs6N7TUmz4J78o1wnQ8PBLUBtiSh8FIltGUBqUE2nUYtlZyXKm9hrhDkDG7Fr81tFt8D3yGEfy7F5FGJf8Qd7gCCDPYs3p1CvIks4vV-2iLnBsqQrkfT046p7d9Er9em7pqvFo",
      "nome": "Reckoning"
    },
    {
      "numero": 16,
      "url": "https://www.blogger.com/video.g?token=AD6v5dyAHguTDENeVAnL1w3Ju09n2OX-sW-BK46YaHeIeh2iX-F3Cul2D446dcGn6iY_L_NyNbJb4uQ49njJL-uLufneAN81HU6P7x3xz8yL6Lr3-zPYmrMBZZdjMpvbPH3IGAnoqbIJ",
      "nome": "First Impressions"
    },
    {
      "numero": 17,
      "url": "https://www.blogger.com/video.g?token=AD6v5dxD8qpB8_rHaHlcWm6Knom224tY-nygSFWikYG_AJzmfB4xFqCr2kNdrBpNuWZKpxm6cAAUe3vpd4oM2a-jGaAZaaAQ2Tg0p0C_jKqmGOh73m7wZvwvVisgs_f3eBa1jOA6f2tF",
      "nome": "Wandering Hearts"
    },
    {
      "numero": 18,
      "url": "https://www.blogger.com/video.g?token=AD6v5dxQlt9qVTaqGxqkKbDVz4qJXFLuQk6iJfE-O4eVBzGBfltv8u_FkSWILnNXWwALWAdAKwfmZ8hXLxdVTb6htmj2Ft18CpvHHTlH5S8ZGLaueSRDmPPYkZCu56G51O_KWERUHK0",
      "nome": "A Dawn Without Light"
    },
    {
      "numero": 19,
      "url": "https://www.blogger.com/video.g?token=AD6v5dxfKN4RNtMIME9uc8G-N7LvxIClvAyxG2XTExkKqkb011Myq1DUrC8jqjytvLCHNlX8z8GHHoJbBWR1P8ozl4BJZhVLB96ulPsUR0ovlq6pxPgIwzcNZo_dknXuTvYOg-pbYaMI",
      "nome": "Conspiracy"
    },
    {
      "numero": 20,
      "url": "https://www.blogger.com/video.g?token=AD6v5dxz8BcORFIbHIM74wB5CDD78r6CLIHunAxpLU7ZNULPNs3jZ2O6M1_CHXM5dvT5KiY6hSeUWXSGFDvWWRgkgSc7tQy3ONu5CdOudVUPDeWsbZ-6MNA_xwY2ZEV5aqquLuXBv7Bc",
      "nome": "River of Mercy"
    },
    {
      "numero": 21,
      "url": "https://www.blogger.com/video.g?token=AD6v5dwO0ZtnqTmBNIaIpkaVB4ILOq2s2iFtWuXmJlJIBgpJnOrFghE40rScNYci1wVnb-asoBX0bJ1t5pHd3sHzlWtwM6hgydXy-uv0wGGnTr3H1bXqcks3p53c4WbMl05iuBZe_NLC",
      "nome": "With All Her Heart"
    },
    {
      "numero": 22,
      "url": "https://www.blogger.com/video.g?token=AD6v5dw2OF3g4qll5eOA4VM4Fuir6Jt-HYV-x6TS6AXSd7trN5LggVuiNwz5ptCRo1pLV3Rcjn4W3GtNjVHeenh7kjM19MJcCGzSJU5hr_1MB1hYEG0OhWc93uLwjc7zFQ-4zyRY3mpM",
      "nome": "The Haunted"
    },
    {
      "numero": 23,
      "url": "https://www.blogger.com/video.g?token=AD6v5dygDOzGC_uMwMZzeW-kUKbrh_aQjg7Q_HEtho-P8tBiTJrsKwAtKGMyXJ88AM_s1lBgxC_drn52W4jzWdqUfM544iZQX3YORjA2YvfwgYMmyX81D0mEmkDYhFo0O8H5jTt2Jp4",
      "nome": "Emancipation"
    },
    {
      "numero": 24,
      "url": "https://www.blogger.com/video.g?token=AD6v5dxKHo-af3KFirzqEDAVQqNE4jJuqVLZQ67BH0By8U8rKx9EQTet27amxjzZOX8TabVPVxID4nDnsVsxBC6SpZDuDInJdttbvM2VD6FB5ImeFHdG52JC5YBECrkybPDFNiL3Re0",
      "nome": "Requiem"
    }
  ]
}