{
  "id": 5675,
  "title": "Basquash!",
  "title_jp": "バスカッシュ！",
  "slug": "basquash",
  "type": "legendados",
  "format": "TV",
  "images": {
    "poster": "https://cdn.myanimelist.net/images/anime/9/13680l.webp",
    "banner": "https://cdn.myanimelist.net/images/anime/9/13680.jpg"
  },
  "trailer": "https://www.youtube-nocookie.com/embed/yTFr_iofMNw?enablejsapi=1&wmode=opaque&autoplay=1",
  "synopsis": "On the planet Earthdash, its inhabitants gaze on its moon and the technologically advanced lunar city of Mooneyes with awe. Dan JD, a boy living in Rollingtown on Earthdash's surface, gets caught up in Bigfoot Basketball—a fast-paced sport played with giant Bigfoot robots.\n\n(Source: AniDB)",
  "score": 7.18,
  "genres": [
    "Sci-Fi",
    "Sports"
  ],
  "episodes": [
    {
      "numero": 1,
      "url": "https://www.blogger.com/video.g?token=AD6v5dzM2CUY9V_B-FSQyRBzNQ73Ma5d-isE7R9xx7T_dvTml5KvirDXiNo4XS4s0ajrd8V-G8R06I8-zl5eOuHx68pUE-grLrf2tbL3ij4jQMw1cxM77n559WnuTRltaeyBfDTfi7Z5",
      "nome": "I am Legend"
    },
    {
      "numero": 2,
      "url": "https://www.blogger.com/video.g?token=AD6v5dyelTE1FMxnAb8I7ixq1NNylPJAwJUbzwZISNId0m-2TQtJngL6bFghJZQz2W2Q0tMytTEMFtHFMcQdoRx7AzNZ-uTStMPRkejiGthUMg-N5XmWE4bOqzPUoUoiXpla_98qoPk",
      "nome": "Legend is Dead"
    },
    {
      "numero": 3,
      "url": "https://www.blogger.com/video.g?token=AD6v5dyJQKjZwm6TyPB12QHZOGGplYxVkkLiZTgEMDHWoiim9axIFcGpRKdR7zm7ak6jec6wcDCm3IJrkd0SoxMl8iIvwJxw4nthAsAGV7pT7bvba8yj6y5e0jiLstEfrdZ_iIKnFcQ",
      "nome": "Destroy Destroy"
    },
    {
      "numero": 4,
      "url": "https://www.blogger.com/video.g?token=AD6v5dx-NOpHNelffKIx7-WgRdusYiZyqQ2xDgjYTNMVm-on-AcImfRd-SMENwqnRg6PfzN-8yt6xXfod2HfueZXmtfcYpPfErM_6tIZEkiRwrmJXMRBd_-CJhgQpkAvhzSNID79e-Q",
      "nome": "Threeway Free-Fight"
    },
    {
      "numero": 5,
      "url": "https://www.blogger.com/video.g?token=AD6v5dwsNbPj2b4RCS1kSqSO6VY37TkO9sQc0YxuF6z2awCm_b6Forf4C8NgQ5bmw5tVrM5A07lrCxYPwhpXGJN2UsoIh_h43lMi5LqiZjFHN9CqNnY9IeN5_nOwkja1Sr7PZ2zVg0wH",
      "nome": "Basquash!"
    },
    {
      "numero": 6,
      "url": "https://www.blogger.com/video.g?token=AD6v5dx1F5uATLnmKby8qaowgvDH8GMcTYhkrzcVoT66jTRfXhA2sTrXA7aB6agZKFcj_bxt69WhJphT1u3LlDegp1hQAkkgOr59-VXDvz83ehVGJGQkvpa9-hGbqzJHYkMtS6XieYJe",
      "nome": "Saint has Come"
    },
    {
      "numero": 7,
      "url": "https://www.blogger.com/video.g?token=AD6v5dyJlG5H4BnmRNTl7SBA4MB5SPk4GPKIUAKD-SjU7Ay4ayR4duRra18RUqhj6Fjw3aE9EypaMnmEADkEA-fJrABnh9cgQj1kLdrW8vlQ86_VG7xaF1TP3Ib_diLGKal0GoQyTnk",
      "nome": "Within Out-Of"
    },
    {
      "numero": 8,
      "url": "https://www.blogger.com/video.g?token=AD6v5dyextxmf9cRZsBd50vh48PT9V4_PM_7MzVL-diMgEDbFfq0lgVQXjZnb-3UuiXokaEk4NQQr-Qa4lFsXncaoVhcIKRARbva82K0kpsPRkeIirYhlXoWeTWa4myrQUsgNvAYgbru",
      "nome": "Pass of Truth"
    },
    {
      "numero": 9,
      "url": "https://www.blogger.com/video.g?token=AD6v5dxNFVP2K1GkCYiirFEGPLbEyRgd_zb2QveIgYxtP-KfKjvCyEw9xE9TkdGm00up5Bms3_byafWsJaJFdWIDk6-QyS1IECaSWeERuHtqBeKls_h-x-5FA39_cW642cCTGxFHS5E",
      "nome": "Idol Attack!"
    },
    {
      "numero": 10,
      "url": "https://www.blogger.com/video.g?token=AD6v5dxqdA4pRO7xUvS7vKtzJcrVKZt4szqIq7ZLWmICfMQ1CN44regPVBf5OdoD7-ml5Dw15KoE7pyRAcCvrNMl_51U-o4sDxrh7pRXII2y6ic9Z-oPRuTGmQx6jVwWt5xmcWz8Ru3i",
      "nome": "Non-stop Jump-stop"
    },
    {
      "numero": 11,
      "url": "https://www.blogger.com/video.g?token=AD6v5dyXix-bhhYmRjyU94uo9rGdx1xEj7se0pGP_9bfKIboSV5xy-ehgQeQ9ThUbrazycEVzYQJ5N1DlCfR_kgQq_KWU-iyADkYHPjuxQ1fKcZXMLuo5f0Ddglx0pOGxQ-ChuOMAvA",
      "nome": "In the Night Before"
    },
    {
      "numero": 12,
      "url": "https://www.blogger.com/video.g?token=AD6v5dw_d4ZNgkU43Lh2R5wJwLg0HU2aGZ6uPbpE7JH_HFgrGDZvuR9tgcjCV-BkGujHmYJqBkRdQLT_DMnUXgOYDg1yWXhtMUpNUjMgxwH2yHG9WRhjjDuUdwZsefrprhN1ze3EkbA",
      "nome": "League League League! / Secondary Break"
    },
    {
      "numero": 13,
      "url": "https://www.blogger.com/video.g?token=AD6v5dyNvAMyA4Tjfpizxy1jTrZ900Y9kGBuC-djXxkYuSnwoBLhhR8eK8p1HvDtQMyqTrxjEetAILzFuIi9PngVmAeGpEu5wZAifmV7NwYwOSUxt6x3suQDOh5_rudsBfhC4qJ4P_hT",
      "nome": "See You on the Moon"
    },
    {
      "numero": 14,
      "url": "https://www.blogger.com/video.g?token=AD6v5dxQC6-3hLVOXFKUEUI0MeOI-mEXYAIeA3SsDGNCZ_RvsljxlR5uMcHFVlUZ9Pt8eCcLIuJJNo5l2RU2ZwmG3hJkbHFL_EBg-HvjkdpcMHm61DGLStUNmbfNmt6lI7luK4p6jm-o",
      "nome": "Splash Dash Crash!"
    },
    {
      "numero": 15,
      "url": "https://www.blogger.com/video.g?token=AD6v5dw3uGExCn4wpbYmxeqUNWnUUnHk_uo1mg0RoyzGmCTjGcn-apUM_gdqrb3mWAU2j__4uUgdBALDiHdanY_yLlBjwdwazXDbzsSMfVrWG682CZCZ8lMWZ5n2KRQyDluH9r_WIcQ",
      "nome": "Run and Cannon"
    },
    {
      "numero": 16,
      "url": "https://www.blogger.com/video.g?token=AD6v5dxiySTdoMe2rvhqNh-vCzr1PYa4krRTU0ktX6g-D2xQwLOGHenQJ7ZO392ToU-FVVUfBsDwuaCrs_5UmBOztwhvwJJbQmgo1HnfSsyG4SApGAGWcQtjt2FG3pylqW6DqbU0",
      "nome": "Underground"
    },
    {
      "numero": 17,
      "url": "https://www.blogger.com/video.g?token=AD6v5dy04IjfAAuVUAbQdwWmRmSI162rH-bawbrgiLM75C7OTFpVIEyTJUaqyqsFImhriTXWI1KCtfZUrfQcY2siavD1dd32v-9ev2VlR5V-JO79z-w_3FKMVJpNMCgQ1wUL-m8HHOg",
      "nome": "Giant Step"
    },
    {
      "numero": 18,
      "url": "https://www.blogger.com/video.g?token=AD6v5dx4aBrwb1Hs6dj45KJPjM4hIs6G5wTuDqvSyej36xpLhlwVYnqB77EejxOMimb5HPUTtAmoDFF-XWmFrh2HUHCUFC9NcpNCp1-RGqrVpXpwa2czlPKj5C66naB-SHOAt_k-Bw",
      "nome": "Memory of You"
    },
    {
      "numero": 19,
      "url": "https://www.blogger.com/video.g?token=AD6v5dyaAGR0rRC5JGuztGDMsnBlvQqcIsQ9smoBNxM8h0xswHvsZv_VmjHz8Ws6mQCFStHdxWvYFHWXReT8ic-_1tOEHLv01Zf2bs3XYEd8zZ7GW3rR9n6gimWLDfCUUsJVHf0vcRw",
      "nome": "Turn Over / Coco's Report"
    },
    {
      "numero": 20,
      "url": "https://www.blogger.com/video.g?token=AD6v5dwANk6ArThUIaVfik7x83UK3J-KPofA6ZM8sdC0q-YvFxdXGdI835l9ZBA5frlip9OzxL3Zd14iDZM7JG21wHPn6Xv-XiLUZcfKDwjb3pGZa7FRJxEWUuFi979mkyf42kiy-uJQ",
      "nome": "Fit-in Break"
    },
    {
      "numero": 21,
      "url": "https://www.blogger.com/video.g?token=AD6v5dxkfecYzWjWNis8XEKK7rIAgtQ__ZnNLeT83fJ0f-WuEhIjabKW96rkHn_VGdVEX7i6WAz8g9HrGx6xYmaJemMnOou5Vp1icp-CryQ7TalCjfm-lIrM89q0odsTeeMmGM_uQg-Q",
      "nome": "Total Eclipse"
    },
    {
      "numero": 22,
      "url": "https://www.blogger.com/video.g?token=AD6v5dzqCJL9mivWu89NNGOWkBrsMkTcgM7sjW3t5Wb6o3W2Eia34KiPOTHvehMfBYbpnm6mS642LxY6VDaeSCjIco3gMsyFnnUCXeS1asM7SAFtRvzkHXMmOoeRR4MwoLoFCm72QoE",
      "nome": "Clutch Shot"
    },
    {
      "numero": 23,
      "url": "https://www.blogger.com/video.g?token=AD6v5dyiQvDOkW0lp933s22AwGdFTsXHqBJ7qiuU60KubWAjt4pgT5ttBQPgTQXdB0J-NIm2gYtOuPJ7FbH6Evas-_Oodr_foV0ioic8jnrN_xPEwi20twdudbw353D7gjt2DZHGbJIz",
      "nome": "'Cause Slash Said So"
    },
    {
      "numero": 24,
      "url": "https://www.blogger.com/video.g?token=AD6v5dxzPqIqz7C8QQI9ymtyhJ3UG5D7Gk9R6JInXr5a3Dq8vmCh-IzLTDB_sMz4y7CTSSEtP-mT0kgFKfAHzElkvZVaKQuVcXmQpyA6EM-bQ3bYAMF7rpUtJLkuc6EvTH2V9XlGy2bl",
      "nome": "Who are You?"
    },
    {
      "numero": 25,
      "url": "https://www.blogger.com/video.g?token=AD6v5dyigXxEk0BRI-McIDbE9uSAwTFcvMoPlt-rFSZNA8K4-WEePCUJeTO9rwIsrnmxI8BOxAcHUCU7FdO0RArqgjVLf7KQsbvaOFZ5WL-WDkiMnZBzKgtv_W_1B3Ps5B-7XDdtyZ6K",
      "nome": "Above the Rim"
    },
    {
      "numero": 26,
      "url": "https://www.blogger.com/video.g?token=AD6v5dz6SYuj6qjG32m1tqXPI9dgxdKyGxjmHOllEWApLrc9yeWLYWyIPNrRo2xoHkulT3HOJ94T89Bor7IgbsNZYAPasmsBG3TIInBCB8XyAIDlEiOpQQ6NFLGrbx9aE7wtAN4cBHt4",
      "nome": "Free"
    }
  ]
}