{
  "id": 50953,
  "title": "Bastard!! Ankoku no Hakaishin (ONA) (Dublado)",
  "title_jp": "BASTARD!! -暗黒の破壊神-",
  "slug": "bastard-ankoku-no-hakaishin-ona-dublado",
  "type": "dublados",
  "format": "ONA",
  "images": {
    "poster": "https://cdn.myanimelist.net/images/anime/1599/124228l.webp",
    "banner": "https://cdn.myanimelist.net/images/anime/1599/124228.jpg"
  },
  "trailer": "https://www.youtube-nocookie.com/embed/38pao1xksG0?enablejsapi=1&wmode=opaque&autoplay=1",
  "synopsis": "Fifteen years ago, Dark Schneider, a ruthless magician of immeasurable power, sought to conquer the world with an army led by his generals, the Four Divine Kings. However, he was defeated and sealed in the body of a newborn boy.\n\nIn the present day, the disbanded party of Dark Schneider has reformed with a macabre goal: to resurrect Anthrasax—the god of destruction that nearly annihilated the world four centuries ago—and establish a war-free society. To do so, the Four Divine Kings must break four seals located in four different kingdoms.\n\nTargeted for its seal, the kingdom of Metallicana struggles to repel the army commanded by the Four Divine Kings. With hope dwindling, all eyes turn to the daughter of Metallicana's Grand Priest, Yoko Tia Noto. Not only is she aware that her adopted younger brother, Lucien Renlen, is Dark Schneider's prison of flesh, but she also knows the ritual to break the seal. Left with no other choice, Yoko successfully releases Dark Schneider, whose twisted personality has not changed over the years. As the fate of the world depends on where his allegiance lies, Yoko seems to be the only person who has some control over the powerful magician. But convincing Dark Schneider to turn against his old allies and protect those Yoko holds dear may prove to be an impossible feat.\n\n[Written by MAL Rewrite]",
  "score": 6.59,
  "genres": [
    "Action",
    "Adventure",
    "Fantasy",
    "Ecchi"
  ],
  "episodes": [
    {
      "numero": 1,
      "url": "https://lightspeedst.net/s4/mp4/bastard-ankoku-no-hakaishin-ona-dublado/fhd/1.mp4",
      "nome": "The Arrival"
    },
    {
      "numero": 2,
      "url": "https://lightspeedst.net/s4/mp4/bastard-ankoku-no-hakaishin-ona-dublado/hd/2.mp4",
      "nome": "Rampage"
    },
    {
      "numero": 3,
      "url": "https://lightspeedst.net/s4/mp4/bastard-ankoku-no-hakaishin-ona-dublado/hd/3.mp4",
      "nome": "Abduction"
    },
    {
      "numero": 4,
      "url": "https://lightspeedst.net/s4/mp4/bastard-ankoku-no-hakaishin-ona-dublado/fhd/4.mp4",
      "nome": "Invasion"
    },
    {
      "numero": 5,
      "url": "https://lightspeedst.net/s4/mp4/bastard-ankoku-no-hakaishin-ona-dublado/fhd/5.mp4",
      "nome": "Showdown"
    },
    {
      "numero": 6,
      "url": "https://lightspeedst.net/s4/mp4/bastard-ankoku-no-hakaishin-ona-dublado/fhd/6.mp4",
      "nome": "Destiny"
    },
    {
      "numero": 7,
      "url": "https://lightspeedst.net/s4/mp4/bastard-ankoku-no-hakaishin-ona-dublado/sd/7.mp4",
      "nome": "The Demon Beast"
    },
    {
      "numero": 8,
      "url": "https://lightspeedst.net/s4/mp4/bastard-ankoku-no-hakaishin-ona-dublado/fhd/8.mp4",
      "nome": "The Progenitor"
    },
    {
      "numero": 9,
      "url": "https://lightspeedst.net/s4/mp4/bastard-ankoku-no-hakaishin-ona-dublado/fhd/9.mp4",
      "nome": "Blue Nail"
    },
    {
      "numero": 10,
      "url": "https://lightspeedst.net/s4/mp4/bastard-ankoku-no-hakaishin-ona-dublado/fhd/10.mp4",
      "nome": "The Goddess of Thunder"
    },
    {
      "numero": 11,
      "url": "https://lightspeedst.net/s4/mp4/bastard-ankoku-no-hakaishin-ona-dublado/fhd/11.mp4",
      "nome": "Prophecy"
    },
    {
      "numero": 12,
      "url": "https://lightspeedst.net/s4/mp4/bastard-ankoku-no-hakaishin-ona-dublado/hd/12.mp4",
      "nome": "Life or Death"
    },
    {
      "numero": 13,
      "url": "https://lightspeedst.net/s4/mp4/bastard-ankoku-no-hakaishin-ona-dublado/sd/13.mp4",
      "nome": "Wavering"
    }
  ]
}