{
  "id": 51366,
  "title": "Bastard!! Ankoku no Hakaishin Season 2 (ONA) (Dublado)",
  "title_jp": "BASTARD!! -暗黒の破壊神-",
  "slug": "bastard-ankoku-no-hakaishin-season-2-ona-dublado",
  "type": "dublados",
  "format": "ONA",
  "images": {
    "poster": "https://cdn.myanimelist.net/images/anime/1661/121731l.webp",
    "banner": "https://cdn.myanimelist.net/images/anime/1661/121731.jpg"
  },
  "trailer": "https://www.youtube-nocookie.com/embed/Xy8HtIueLss?enablejsapi=1&wmode=opaque&autoplay=1",
  "synopsis": "Despite being betrayed by two members of the Four Divine Kings, the army of Kall-Su and Abigail continues its advance against the Metallicana Kingdom with the intent to unleash the god of destruction, Anthrasax. As Gara and Nei Arshes lead a brave counter-offensive against Abigail's innumerable army of undead soldiers, they appear powerless against army commander Lynch, who wields one of the Three Demonic Treasures, Demon-Mail. Meanwhile, Yoko Tia Noto tries to revive the savior of Metallicana, Dark Schneider, in hopes that he will be able to thwart Kall-Su and Abigail's grim plans.\n\n[Written by MAL Rewrite]",
  "score": 6.75,
  "genres": [
    "Action",
    "Adventure",
    "Fantasy",
    "Ecchi"
  ],
  "episodes": [
    {
      "numero": 1,
      "url": "https://lightspeedst.net/s6/mp4/bastard-ankoku-no-hakaishin-season-2-ona-dublado/fhd/1.mp4"
    },
    {
      "numero": 2,
      "url": "https://lightspeedst.net/s6/mp4/bastard-ankoku-no-hakaishin-season-2-ona-dublado/hd/2.mp4"
    },
    {
      "numero": 3,
      "url": "https://lightspeedst.net/s6/mp4/bastard-ankoku-no-hakaishin-season-2-ona-dublado/fhd/3.mp4"
    },
    {
      "numero": 4,
      "url": "https://lightspeedst.net/s6/mp4/bastard-ankoku-no-hakaishin-season-2-ona-dublado/fhd/4.mp4"
    },
    {
      "numero": 5,
      "url": "https://lightspeedst.net/s6/mp4/bastard-ankoku-no-hakaishin-season-2-ona-dublado/fhd/5.mp4"
    },
    {
      "numero": 6,
      "url": "https://lightspeedst.net/s6/mp4/bastard-ankoku-no-hakaishin-season-2-ona-dublado/hd/6.mp4"
    },
    {
      "numero": 7,
      "url": "https://lightspeedst.net/s6/mp4/bastard-ankoku-no-hakaishin-season-2-ona-dublado/fhd/7.mp4"
    },
    {
      "numero": 8,
      "url": "https://lightspeedst.net/s6/mp4/bastard-ankoku-no-hakaishin-season-2-ona-dublado/fhd/8.mp4"
    },
    {
      "numero": 9,
      "url": "https://lightspeedst.net/s6/mp4/bastard-ankoku-no-hakaishin-season-2-ona-dublado/fhd/9.mp4"
    },
    {
      "numero": 10,
      "url": "https://lightspeedst.net/s6/mp4/bastard-ankoku-no-hakaishin-season-2-ona-dublado/hd/10.mp4"
    },
    {
      "numero": 11,
      "url": "https://lightspeedst.net/s6/mp4/bastard-ankoku-no-hakaishin-season-2-ona-dublado/fhd/11.mp4"
    },
    {
      "numero": 12,
      "url": "https://lightspeedst.net/s6/mp4/bastard-ankoku-no-hakaishin-season-2-ona-dublado/fhd/12.mp4"
    },
    {
      "numero": 13,
      "url": "https://lightspeedst.net/s6/mp4/bastard-ankoku-no-hakaishin-season-2-ona-dublado/fhd/13.mp4"
    },
    {
      "numero": 14,
      "url": "https://lightspeedst.net/s6/mp4/bastard-ankoku-no-hakaishin-season-2-ona-dublado/fhd/14.mp4"
    },
    {
      "numero": 15,
      "url": "https://lightspeedst.net/s6/mp4/bastard-ankoku-no-hakaishin-season-2-ona-dublado/hd/15.mp4"
    }
  ]
}