{
  "id": 404,
  "title": "Bastard!!: Ankoku no Hakaishin",
  "title_jp": "バスタード!! 暗黒の破壊神",
  "slug": "bastard-ankoku-no-hakaishin",
  "type": "legendados",
  "format": "OVA",
  "images": {
    "poster": "https://cdn.myanimelist.net/images/anime/1419/99205l.webp",
    "banner": "https://cdn.myanimelist.net/images/anime/1419/99205.jpg"
  },
  "trailer": null,
  "synopsis": "The kingdom of Metallicana is under attack from the Four Lords of Havoc. This party of villains—ninja master Gara, deadly thunder empress Nei Arshes, cold and calculating Kall-Su, and enigmatic dark priest Abigail—will stop at nothing to get what they want, even if it leaves utter destruction in their wake.\n\nHigh Priest Geo is desperate to help save the kingdom and its people. He unleashes the mighty wizard Dark Schneider, a man who used to be an ally of the villains. Unfortunately, Dark Schneider has his own plans in mind. Will he stop the Four Lords of Havoc or join them in their conquest of the world?\n\n[Written by MAL Rewrite]",
  "score": 6.68,
  "genres": [
    "Action",
    "Adventure",
    "Fantasy",
    "Ecchi"
  ],
  "episodes": [
    {
      "numero": 1,
      "url": "https://www.blogger.com/video.g?token=AD6v5dwhkN9wxPcLZat14OTl-Q4mKazfCBZ65ZggkH6Wz8NpHgEh3RAKIlJcGyynFcmobf5mjWDsIEeMKg4dp69Iggvbes9nzDa2X0wIgbxABHi-zxA4r_wPeCVkJjXamc6-A7NN2nQ",
      "nome": "The Exploder Wizard"
    },
    {
      "numero": 2,
      "url": "https://www.blogger.com/video.g?token=AD6v5dz6dHwnuZ2Wc8bBT5Xx5lOyKRLjutdoYCmY3JkEnwJRgsqBpOwVi-Rq9BqB9XLCuIEa3PcjyliAilXUMhD1Ft0PZPNvmnIopvJmY6upa_EMQlwbeUoaRJpWw2Xdjchp-iU_fmw",
      "nome": "Fire Elemental Efreet"
    },
    {
      "numero": 3,
      "url": "https://www.blogger.com/video.g?token=AD6v5dyidB1vevAIqwbXLbmZJts9Mt5rn9UkcbgpZ96-15LFqhlFeJ5RW8fU60Qp-Cyn4Akfkv3pC6ouF80fwjHkw9ORdY4IFh0TtWM1TU4HIn0zL4mSJX1TVKleygBQQcY3egYs-gV9",
      "nome": "Ninja Master Gara"
    },
    {
      "numero": 4,
      "url": "https://www.blogger.com/video.g?token=AD6v5dyz3GRjY8TwAu_SCHVRVMwcRaNaTwMenW_e-l5QG2mbPftznNUgpa3hmVDjW1sah3TtEmVHNasgH0BjmxidcRTrgynAuR5txgUpzpeJozaebccDYlp_SXpr3kMgpH7ATn6sTrM",
      "nome": "The Immortal King Di-Amon"
    },
    {
      "numero": 5,
      "url": "https://www.blogger.com/video.g?token=AD6v5dxDk0lCos6huHOdmXZ5yMd0J7gtfzkgifdngLucJ__hngNHzNTVas_di_c7LWgNim1QxomglEZWAgqAIb_JWTuc5hAeNIByt-cIAf0tFyFmEEJDlhaZd6NAeopSzKwGm2V-ejU",
      "nome": "Thunder Empress Arshes Nei"
    },
    {
      "numero": 6,
      "url": "https://www.blogger.com/video.g?token=AD6v5dwWX_A3GVm0bKRhtMqMUJSMdlaLwEDpd2qPb-aRDTRvMv5PbTWnXz3BuZB7YC757MDtAMWgnkgSRCsM0XIzWfw-yG-2W0fu3YsZJkU5P4iwJWjkc7O1FMnLglrfQxNrS8BvGxsI",
      "nome": "The Revival of Dark Schneider"
    }
  ]
}