{
  "id": 33184,
  "title": "Battle Girl High School",
  "title_jp": "バトルガール ハイスクール",
  "slug": "battle-girl-high-school",
  "type": "legendados",
  "format": "TV",
  "images": {
    "poster": "https://cdn.myanimelist.net/images/anime/9/87837l.webp",
    "banner": "https://cdn.myanimelist.net/images/anime/9/87837.jpg"
  },
  "trailer": "https://www.youtube-nocookie.com/embed/DFP_qQGGMTU?enablejsapi=1&wmode=opaque&autoplay=1",
  "synopsis": "Based on COLOPL's school action role-playing game. Set in the year 2045. The world has been contaminated by Irousu (mysterious invaders who suddenly appeared), and humans find themselves restricted and contained. Standing boldly against these invaders are ordinary girls everywhere, without a powerful army or even weapons.\n\nThe Shinjugamine Girls Academy is a school for these \"Hoshimori\" (Star Guardians) destined to fight the Irousu. The player is assigned to this academy to train the girls and take back the contaminated Earth. And so, once again, the chimes echo through the sun-strewn schoolyard to mark the beginning of classes today...\n\n(Source: ANN, edited)",
  "score": 5.84,
  "genres": [
    "Action",
    "Sci-Fi"
  ],
  "episodes": [
    {
      "numero": 1,
      "url": "https://www.blogger.com/video.g?token=AD6v5dzX-9z5T4CCJUwWCN9z0HIVQYSNi0ox0xeFyRrRPR1Y9qrqn1mIBzEPdUWDljVn0WiPoKmtJYOJDzKH1Y593qrLIRMku6EEUy8mKeumvFttzBTcNmKNqEhUG5bnlBQtLc9LUeA",
      "nome": "We Can Do It!"
    },
    {
      "numero": 2,
      "url": "https://www.blogger.com/video.g?token=AD6v5dwmDAWuHnVuvEpeUHtsTzQcl9KGJSyBOiUt1zJjmX0PgAnk-9stim8prmS1YejtLmuqJpg1DB-bSk50r8tAKfvbsgcBKv2nkswS71socNyPXDetgeDjeCveu41eyjGO4Lu_trs",
      "nome": "Is That What Gets You?"
    },
    {
      "numero": 3,
      "url": "https://www.blogger.com/video.g?token=AD6v5dzqpVyedO3o9K_Ryj9gREJOcBVHE1MxyUDPKvphEeBI9VgR0hiMr3D_WkAFKQMBG3tRFC9A_npeCkNcYeC4AIHSwxTvsIGtHK33PT1nKScuDyWfo2w6MpnMMqrKBZtHxS8hjLU",
      "nome": "Resort! Retreat! Escape?"
    },
    {
      "numero": 4,
      "url": "https://www.blogger.com/video.g?token=AD6v5dyKfoe7xCnmVsX--cDKQgvtaTNIQN8lALi75sLT6HfEUCT_KZ3PBDmELVcdaYdvm3C8mZCV6_JzO73voqJnyD8jwXSPxjIktRsD3tZ9_1C12vbU8oGj9ctVwH8Vpzor7vRemMo",
      "nome": "Songs with Emotion"
    },
    {
      "numero": 5,
      "url": "https://www.blogger.com/video.g?token=AD6v5dyg8PITAG8FSMbbTCmh4I_Enjr_MabhOYeDfL2SG36-A6tG_yyuNklJEWZ9bqZ8GF7KxAT_JoBSNbAwzb6753SjXtQIWAel7QlGfcKFDtJv30R0R6P6_jrZmKt7ZkdBuSpKxzM",
      "nome": "The Meaning of the Iris"
    },
    {
      "numero": 6,
      "url": "https://www.blogger.com/video.g?token=AD6v5dw8HkqxZuw51t3eE7XfwG_mUDX22l7LFSjscKREqc93tOz5ftKn2qsCwe5sj-msiqaIeAi9Fj15suCdXYL_juOu_NIaGSUdftNw-7qNj1hkFJfZlt3QLopAU-rT9xryhimK_zIf",
      "nome": "Renge is Kurumi and Kurumi is Renge"
    },
    {
      "numero": 7,
      "url": "https://www.blogger.com/video.g?token=AD6v5dxqv5l3zdmqHAgMWnOoioH0LKm_lYPkcggg9rrE0B7VPJ6T_kPh0VlN0dFOgI-O9spEy2Wea0h-FNfVRz7MfneF7LjKMJMDwU0JuLx4H_2tm0PjrF9uxYpJoCH6elVIHxeIuY8",
      "nome": "Protective Power"
    },
    {
      "numero": 8,
      "url": "https://www.blogger.com/video.g?token=AD6v5dx2dXpijEvAt_R8kOa46Wy_mvh_fgVdlt15kQs-fNx5XM9_Dvy5Y4FtimmvPBOY11N_H9RYgEVZSkxyW9NRhCvgVcTBAu90FLgKuBRidg-OctRt5F_QBu3FVgckzzQHO2qy6J3u",
      "nome": "Hoshimori Downtime"
    },
    {
      "numero": 9,
      "url": "https://www.blogger.com/video.g?token=AD6v5dz7RHCE-6ZcUox8xlkrh1t5HLkjERbSiNdgQLmKlLdoIvZhmQGhQf8ym-iJkhA7dE1LYsO9ubFJv1Bq2iqlBTbeAMoNO2im7IMPFZuSzK_c5VJx20NhRwWQIdq2cIrdqUG6AD4",
      "nome": "Holy Tree Festival"
    },
    {
      "numero": 10,
      "url": "https://www.blogger.com/video.g?token=AD6v5dzakmFVxsbw5ylJKW7T77pSwEw8r25bi12sDvkD54jBsv9Py_YsA5XfqFK7NNfEHIBLiM7nNOWviFRDz_DyYRnwxShItlof_TC6H09hrLTuvZphlpotsyGfQ0ED00bcxgq0Wb8",
      "nome": "Family"
    },
    {
      "numero": 11,
      "url": "https://www.blogger.com/video.g?token=AD6v5dxF-w6Y4hPMZxhSXKCyMZ4Eg_LRqt3kTLcUeRonexGdfWZSPS_1GSkBSniJ2UJWt7IhQ5RBn6GbE_XG78upLEnku6kUCXzesJHGRYJLS8PQUmB-t-lUaWuCBkikAIDbuECh4uA",
      "nome": "Truth"
    },
    {
      "numero": 12,
      "url": "https://www.blogger.com/video.g?token=AD6v5dzaDKAADfDMgoha1zjjtAMl0-bN4RpiZj7QiUobY1AlyFf1WqTL6oWgoANXCoPB5LnVyaQRFyxubXLmY2eKrF5BKKXkCUDbtbXO0rIksqXUAW6TIuxsAnYi59XxVwWjVdVTWs59",
      "nome": "Bonds"
    }
  ]
}