{
  "id": 32947,
  "title": "Battery",
  "title_jp": "バッテリー",
  "slug": "battery",
  "type": "legendados",
  "format": "TV",
  "images": {
    "poster": "https://cdn.myanimelist.net/images/anime/6/79158l.webp",
    "banner": "https://cdn.myanimelist.net/images/anime/6/79158.jpg"
  },
  "trailer": "https://www.youtube-nocookie.com/embed/NtIJdxefkNw?enablejsapi=1&wmode=opaque&autoplay=1",
  "synopsis": "At only 12 years old, Takumi Harada is already hailed as a prodigious baseball pitcher. But when his family moves to the backwater town of Nitta, Takumi has no choice but to join his new school's unskilled baseball team. This development has little effect on the boy, as he believes it is more interesting if this no-name club becomes a powerhouse due to his presence. However, due to his overwhelming talent, Takumi is in need of a catcher able to keep up with his pitches.\n\nHis worries are soon put to rest after meeting Gou Nagakura. As his fan and fellow student, Gou is eager to prove that he is not a simple braggart, but rather a player skillful enough to catch Takumi's pitches. Amid struggling to form a battery with Gou, Takumi comes into conflict with his new teammates due to his irreverent personality but grapples to find the true joy of the sport under his grandfather's guidance.\n\n[Written by MAL Rewrite]",
  "score": 5.72,
  "genres": [
    "Drama",
    "Sports"
  ],
  "episodes": [
    {
      "numero": 1,
      "url": "https://www.blogger.com/video.g?token=AD6v5dxsM_QQ76ZNXjA25UUClGPFEnhJjpyLhB4-ogIJ-ERiKoKBEkrI4fSGN_tSElIC0ZzV1kha7L9aRD_6LLDGdFg26vTimi7mFVw1072SAlOdeniuCDLKy8l12UfSYsoGl_lOLSk",
      "nome": "The Day They Met"
    },
    {
      "numero": 2,
      "url": "https://www.blogger.com/video.g?token=AD6v5dyIImlQIJ2Ag-zF6Oj6fxHQrbc1lF6KWVIGg6EdNYu3u8AYaCnodmEMQ1z24LWExdbCqKAVyNxnecgDZNF5DPgkbSisnTIpWk8g6q2RNSmNbrCzkWN6BW3BBe9QSVTRktaM-2U",
      "nome": "The Bank of a Pond"
    },
    {
      "numero": 3,
      "url": "https://www.blogger.com/video.g?token=AD6v5dwmMxRzABYshVa8qZeCLwUDYH_bKXhUFJmLhVMnPvEk7QP05hOIOCgXs_DKqeX5dFCJ1-F_3bedffBGws-GvyIlMPbIrVnlSmivJ1npiJRj5ZnTnU_f_gHczYHJKw5avMxTWA",
      "nome": "Dispute"
    },
    {
      "numero": 4,
      "url": "https://www.blogger.com/video.g?token=AD6v5dxSPsyKYRJy8i-UmUSvK5MLu0NX0zSqNGKPGhTXFtyVFjF3dTDSof6pJFog-_yu0QLxKYhtDB2fe93smG9Mm1oQDvoPLfcWkMCSXsOPGWlYWvYq1lTZerlr48gNILxeA79-Dnk",
      "nome": "Standing on the Ground"
    },
    {
      "numero": 5,
      "url": "https://www.blogger.com/video.g?token=AD6v5dxV55SrEAHQD64G-oBxCGE1S4UsrlJTY9Y1OcWQinUh4X91sqYIz_2J4D-bmOSaFkBJ4r3Wt_bXMJAJt-M3GEdJ79gEj90IQfsx3d-3KGx-eY1zVQenkeHKxm86C4P96GXFxVU",
      "nome": "Incident in the Locked Room"
    },
    {
      "numero": 6,
      "url": "https://www.blogger.com/video.g?token=AD6v5dx-gKR6xek35AABZBPRp4h1frF39z80C9bKax-vWisx9mTJD6TyMxHVroqtyJUKV1jjIQKHYyhX2kznO5lMzl9on7Z91XdyQMHH-i5j7ligYqgtoFB7zz1Q1UPzGb9QZ5QH9nk",
      "nome": "Challenging a Strong Team"
    },
    {
      "numero": 7,
      "url": "https://www.blogger.com/video.g?token=AD6v5dzVES6ua6wKtm28-3fVRIqZWl8BKQf6d7kCcCdM6Djl-oHpJBMw95zgonpIzR26rXG_r9dzx_T4fXH4DvmhOzGbhV499KuDjGV2pVGOEX3dXN3nhhO1_IDCSpHrxGStgzREW7o",
      "nome": "Time for a Showdown"
    },
    {
      "numero": 8,
      "url": "https://www.blogger.com/video.g?token=AD6v5dwMCxSYVdo-xhkK0K8IDHXTsSqN9miP6gkSZM4LQO1fcu5qgpTeUxubZqJAg9DIURHFMVxbXM-q_Qrz9hZ4CXEr76LI9O5266jP_TdGQAXn_svb0xl4zo1cThFgldqyHGghe8VY",
      "nome": "The Autumn of Endings"
    },
    {
      "numero": 9,
      "url": "https://www.blogger.com/video.g?token=AD6v5dxIs8fKCDIcbc8CqVzTgJ_K7Dx20h4iSvMmjaMZ7w8ah7jTTCavtJocK2joxHX1I6gv8iPKSmFp5jCtK_GO1jxTmGJN8THwhJKy2OwUgf-GYv-8zNH5-J0y8HVLXnoXycFM5AI",
      "nome": "Throwing Home"
    },
    {
      "numero": 10,
      "url": "https://www.blogger.com/video.g?token=AD6v5dyI1sp3gP5XFWUHeLShIeo9uViLG-DqISP3TuzVbrRM0rhQVnrO6aiUTsq-Ab8B-SyHjMzI2eVJ1CUpZqoCp7w4aY3-VDX_MECG9A7BTuWKqiQT45UGkBvgvaIYoNmKIncb3U4",
      "nome": "That Day Again"
    },
    {
      "numero": 11,
      "url": "https://www.blogger.com/video.g?token=AD6v5dx_nT8W8RoiDAeJHgajNZOtK77diSGz9ajQ6nQX3epTjnpjcZhtQU4VJZie3fek2P45mqUc0O1icHYt2V6jywvu1fD9vY0xZWiZatkVuN-Jo9zvbxLmjl2X8Z9Z4DzEDnQcsH0",
      "nome": "Their Spring"
    }
  ]
}