{
  "id": 1009,
  "title": "Battle Spirits: Ryuuko no Ken (Dublado)",
  "title_jp": "バトルスピリッツ　龍虎の拳",
  "slug": "battle-spirits-ryuuko-no-ken-dublado",
  "type": "dublados",
  "format": "TV Special",
  "images": {
    "poster": "https://cdn.myanimelist.net/images/anime/4/64045l.webp",
    "banner": "https://cdn.myanimelist.net/images/anime/4/64045.jpg"
  },
  "trailer": "https://www.youtube-nocookie.com/embed/ETJnoobG4ZA?enablejsapi=1&wmode=opaque&autoplay=1",
  "synopsis": "While trying to rescue a cat, martial artist Ryo Sakazaki and his playboy best friend Robert Garcia unwittingly break into a jewel thief's apartment. Moments after entering, they witness the thief being murdered by a group of thugs. Despite fighting their way out and escaping, things go from bad to worse when Ryo and Robert learn that the thugs were working for Mr. Big, the biggest crime boss in South Town.\n\nNot only does Mr. Big believe that the two have stolen the \"Eye of Sirius,\" a priceless diamond, but he has also kidnapped Ryo's younger sister Yuri, and is holding her hostage. Without the diamond and out of options, Ryo and Robert must fight their way past Mr. Big's men and save Yuri before it's too late.\n\n[Written by MAL Rewrite]",
  "score": 4.84,
  "genres": [
    "Action",
    "Comedy"
  ],
  "episodes": [
    {
      "numero": 1,
      "url": "https://lightspeedst.net/s3/mp4/battle-spirits-ryuuko-no-ken-dublado/sd/1.mp4"
    }
  ]
}