{
  "id": 3625,
  "title": "Battle Royal High School",
  "title_jp": "真魔神伝　バトルロイヤルハイスクール",
  "slug": "battle-royal-high-school",
  "type": "legendados",
  "format": "OVA",
  "images": {
    "poster": "https://cdn.myanimelist.net/images/anime/1174/116428l.webp",
    "banner": "https://cdn.myanimelist.net/images/anime/1174/116428.jpg"
  },
  "trailer": null,
  "synopsis": "Riki Hyoudo dreams of becoming the strongest fighter in the world—and the first step in his journey is to take on the entirety of his high school's karate team. Donning his signature leopard mask, Riki defeats the members one by one before finishing off the imposing team captain, Baba. As he celebrates his victory, he is met with an unpleasant surprise: his fighting skill has caught the attention of Byoudo, Master of the Dark Realm.\n\nNow, Riki faces a slew of opponents from both Earth and the Dark Realm, throwing his life into chaos. With his life on the line, Riki is forced to turn to new-found powers that put his humanity in jeopardy.\n\n[Written by MAL Rewrite]",
  "score": 5.58,
  "genres": [
    "Action",
    "Horror",
    "Supernatural"
  ],
  "episodes": [
    {
      "numero": 1,
      "url": "https://lightspeedst.net/s3/mp4/battle-royal-high-school/sd/1.mp4"
    }
  ]
}