{
  "id": 42321,
  "title": "Battle Athletess Daiundoukai ReSTART!",
  "title_jp": "バトルアスリーテス 大運動会ReSTART!",
  "slug": "battle-athletess-daiundoukai-restart",
  "type": "legendados",
  "format": "TV",
  "images": {
    "poster": "https://cdn.myanimelist.net/images/anime/1752/113795l.webp",
    "banner": "https://cdn.myanimelist.net/images/anime/1752/113795.jpg"
  },
  "trailer": "https://www.youtube-nocookie.com/embed/MnE1iFaTOwA?enablejsapi=1&wmode=opaque&autoplay=1",
  "synopsis": "As technology advanced, humanity gradually colonized the entire solar system, occupying planetary facilities from Mercury to Pluto. This results in a large-scale athletic tournament, the \"Daiundoukai,\" where several aspiring female athletes from all around the solar system compete. The winner of the tournament is crowned the \"Cosmo Beauty,\" obtaining a queenlike status.\n\nWhen outgoing potato farmer Kanata Akehoshi was a child, she witnessed a meteor-like object falling from the sky, crashing in a nearby forest. When she came to investigate the wreckage, she saw a damaged spaceship and a girl who seemed to have been in it weakened by the impact. The girl gave Kanata two wristbands, alongside a request that Kanata join the Daiundoukai and become the Cosmo Beauty. Kanata obliged, but before she could ask for the girl's name, she mysteriously disappeared—leaving nothing,not even the crater caused by the crash. Since then, Kanata has devoted herself to training, aiming to fulfill her promise.\n\nAfter winning the qualifying round to represent the planet Earth, Kanata goes to the University Satellite—an institution where she and other candidates study to prepare themselves for the upcoming competition. There, she meets and befriends her fellow competitors, helping them get along with each other to perform better in the games. As Kanata grows closer to the coveted title, so do her chances of meeting the girl who changed her fate—and she discovers an underlying mystery behind the Daiundoukai along the way.\n\n[Written by MAL Rewrite]",
  "score": 5.11,
  "genres": [
    "Adventure",
    "Comedy",
    "Sci-Fi",
    "Sports"
  ],
  "episodes": [
    {
      "numero": 1,
      "url": "https://lightspeedst.net/s2/mp4/battle-athletess-daiundoukai-restart/hd/1.mp4",
      "nome": "On Your Marks!"
    },
    {
      "numero": 2,
      "url": "https://lightspeedst.net/s2/mp4/battle-athletess-daiundoukai-restart/hd/2.mp4",
      "nome": "Dreams Begin to Run"
    },
    {
      "numero": 3,
      "url": "https://lightspeedst.net/s4/mp4/battle-athletess-daiundoukai-restart/hd/3.mp4",
      "nome": "Individual Feelings"
    },
    {
      "numero": 4,
      "url": "https://lightspeedst.net/s4/mp4/battle-athletess-daiundoukai-restart/hd/4.mp4",
      "nome": "Crumbling Fair Play"
    },
    {
      "numero": 5,
      "url": "https://lightspeedst.net/s4/mp4/battle-athletess-daiundoukai-restart/hd/5.mp4",
      "nome": "Because There's Light"
    },
    {
      "numero": 6,
      "url": "https://lightspeedst.net/s4/mp4/battle-athletess-daiundoukai-restart/hd/6.mp4",
      "nome": "The Night Before the Decisive Match"
    },
    {
      "numero": 7,
      "url": "https://lightspeedst.net/s4/mp4/battle-athletess-daiundoukai-restart/fhd/7.mp4",
      "nome": "The Rain That Falls on Destiny"
    },
    {
      "numero": 8,
      "url": "https://lightspeedst.net/s4/mp4/battle-athletess-daiundoukai-restart/hd/8.mp4",
      "nome": "Memories"
    },
    {
      "numero": 9,
      "url": "https://lightspeedst.net/s4/mp4/battle-athletess-daiundoukai-restart/hd/9.mp4",
      "nome": "The Power to Accomplish"
    },
    {
      "numero": 10,
      "url": "https://lightspeedst.net/s4/mp4/battle-athletess-daiundoukai-restart/fhd/10.mp4",
      "nome": "A World Out of Reach"
    },
    {
      "numero": 11,
      "url": "https://lightspeedst.net/s2/mp4_temp/battle-athletess-daiundoukai-restart/11/720p.mp4",
      "nome": "Requests"
    },
    {
      "numero": 12,
      "url": "https://lightspeedst.net/s2/mp4/battle-athletess-daiundoukai-restart/hd/12.mp4",
      "nome": "Over the Rainbow"
    }
  ]
}