{
  "id": 27737,
  "title": "Battle Spirits: Burning Soul",
  "title_jp": "バトルスピリッツ烈火魂〈バーニングソウル〉",
  "slug": "battle-spirits-burning-soul",
  "type": "legendados",
  "format": "TV",
  "images": {
    "poster": "https://cdn.myanimelist.net/images/anime/1114/131733l.webp",
    "banner": "https://cdn.myanimelist.net/images/anime/1114/131733.jpg"
  },
  "trailer": "https://www.youtube-nocookie.com/embed/OgJ6MslEiuU?enablejsapi=1&wmode=opaque&autoplay=1",
  "synopsis": "In the near future, a battle card game called \"Battle Spirits\" has gained enormous popularity. Players of the game—known as \"Battlers\"—start duelings everywhere using their color-coded cards with different attributes, creating a \"Sengoku (Warring States) period\" for the game.\n\n(Source: ANN)",
  "score": 6.69,
  "genres": [],
  "episodes": [
    {
      "numero": 1,
      "url": "https://www.blogger.com/video.g?token=AD6v5dwT2pENJjRD4AE4_vi_1_VUIaGUH4SFLjCFdD_yJxME5BlwA6bGJtkICC7EVdooH_vi-SSq9VLHm3nzOht9ikw_SMPFXyanU3TR8MAXxTfrDl4tbo6NZN2qUoB4AXO-dgebOCg",
      "nome": "Yukimura Arrives!"
    },
    {
      "numero": 2,
      "url": "https://www.blogger.com/video.g?token=AD6v5dyKbEtVpPylVOcy3d_qxrgFG2obzvENPZRV3t9W_5M0C6106oSsg4KA21yekEqosea8nvIcXqXdw8lGkrgyOrYGudliNPKUElE0YTCqO2dksgUzdUx7EWHOuV1P2-IpvoP8e4E",
      "nome": "Arch-Enemy of Flame, Toshiie!"
    },
    {
      "numero": 3,
      "url": "https://www.blogger.com/video.g?token=AD6v5dx0bvY5pKNVi8Gx66sJbaSp-TIcSHZeMBUU0Z5KysAeC1uD_fAiSWCgX6diXwkS0-qmY85zk2aRGNHmzyqy1-ZDw6gO3_ndoX-Vo4sY0WSFhG1yj1Vypysz3x3rE5D_afRD12EE"
    },
    {
      "numero": 4,
      "url": "https://www.blogger.com/video.g?token=AD6v5dyqfl25kBdyQ33hC2S8uxPlVA9K0De08JWBPAW7BJbUtzatsHvHIBFnAd__Ey3UdXSfM3o8gex9vloWFMHLhwE4YNeSEdB9_rORiNTBZ95f265CNI4DavI5-M9XFO-z6zyOpRwo"
    },
    {
      "numero": 5,
      "url": "https://www.blogger.com/video.g?token=AD6v5dxHSD8JE9LNgFwx7omF3yQaGuwpis3FJbBi81dUVRsMn3UWDtDEOaC8oz2Op6oUizM8EAR_Rew_ztg-Q_r08E9YNsSAlJ9JGo9fQCIvpZ1KS7-07rfq3ylkCfOypc3Dac85ZcJB"
    },
    {
      "numero": 6,
      "url": "https://www.blogger.com/video.g?token=AD6v5dxLK48CkK_eOfRu8BDtTBSTEC4MaPB8VLPNG_tdaOFiHdrTiEMXqFdDmx_j6e7iRHUOS6AcbIQKwUK-kLqKmfp1yWEwYNkul-GvD3H_pr6CxNgK4Qy4nu0QLpA9AAkcyauXgZPs"
    },
    {
      "numero": 7,
      "url": "https://www.blogger.com/video.g?token=AD6v5dyV4K39J4VLf8xT80KPoZ29C_M0cnaFHvDVWVI82cXOCx9ThnaW4svXl5fXjFyJF7KFQkp33pBdUpTBw5kF4sPSs2w3wkg0Jg46AMvozaOeblNCnbk89BjNN7PZY7V0GAc3TFgO"
    },
    {
      "numero": 8,
      "url": "https://www.blogger.com/video.g?token=AD6v5dyRYjRnV2FyTvd-KTRwBzFJRKQCXMNYrGmBTaYok6IGLOeA7bdYLpyHHNpz_f1peqcTKS9ho548jtYqTN1Bv37vXU_ryuPLJbZeuh4VzVmHlH64jdhi8wzBftySKGZAvnIsOKMc"
    },
    {
      "numero": 9,
      "url": "https://www.blogger.com/video.g?token=AD6v5dx7pquQuQqAVEjzmuKqEact22sRPDsecJS_qFew45hJXBHHInSpfgmcJ-t3axrqB4X5f-3E_a8-ghjASSrFUpUXXOK4Lj7eOD4cWOfVETuNmWCNCYI3vkodLYR3TNjAZfs2qzk"
    },
    {
      "numero": 10,
      "url": "https://www.blogger.com/video.g?token=AD6v5dzjM6JPGlNFPZ9y_E2B5BKCb2LMjBF6co1DlvTrFOVhFqINx8Y93-c6S4C3QEdq3EwiwOmlpF61FIwlD97mbDNMflsXd4ekbT2915rW7VcgcTC-T-eRrzldSnQKoL-SKhiadlM"
    },
    {
      "numero": 11,
      "url": "https://www.blogger.com/video.g?token=AD6v5dy5O0Q0S2CxHEy1OKzVuXqE3kdTe0ZM2X1OG2IlsVvhgYzelSfVutwd-Kiu2Jry7c9e6fw2GpsMiULTWKQESaYffzhv1fbDN2RDw_ex0VzsQJrAz3ryyAGpHc5I3I4HQrdzX8-w"
    },
    {
      "numero": 12,
      "url": "https://www.blogger.com/video.g?token=AD6v5dyXwNXafDg0o9Y2AsZXwickpEkHjufWVb0ir32LGAqntsoBY8ywNVcOPo6xNEVbMRyn4f238qE3CEqBsGACPXVS9qDz1HbkAWj26FJxg0s2XYegi5jZAdWjFYby2ozEOFN4hQFJ"
    },
    {
      "numero": 13,
      "url": "https://www.blogger.com/video.g?token=AD6v5dwLpn0OIJ2hfNQjT2L8tz9OS4qcGqfx2ppS9wSr3nS1ipHQsliTni2qtRcddZNYGjbN1GL5Q3ApM4aQJNFzAABwrvvscjjZaa7TX0u_zsrMJOymwvoDlSV8mhjmy9uTrCVDpXjO"
    },
    {
      "numero": 14,
      "url": "https://www.blogger.com/video.g?token=AD6v5dzPkTYm4UfGOqW6ESDXUfEjJZ-LdPkR3QMlpu7I-1a1yZyBGzy41S6Ww71CaKGxF_W2uHIPPt8Z6mf8sawh_Xz_8Sp8mYLAzhLYGU10mrefqX_t_Ghn6w3-vxjgKPH0f_tWxQ"
    },
    {
      "numero": 15,
      "url": "https://www.blogger.com/video.g?token=AD6v5dyHi5d4iqBrc1CMFO0qmc47o-5XyIkDOVIYfLTWdNQs3Ub0bdMm5IqnvPKD3EQmTUjEXyoJZkteItpyHw_4rNlJvY6AyC1mZlicnr0bcpG01jfW9DZj8St3FYI98H0qn9SHOJ09"
    },
    {
      "numero": 16,
      "url": "https://www.blogger.com/video.g?token=AD6v5dxhjYdZp0g6HwoLIG8hRy4VWLSUcvSQn6g7DBAKt_WKYpt3UEQNPtczi3BIL0LlkfdpI1lbRUqbs87o3Jj2214B5HN3fdOQzRCk4e7FRVGAdflgalNbkH7AyDRlKpWIWWL2mQnr"
    },
    {
      "numero": 17,
      "url": "https://www.blogger.com/video.g?token=AD6v5dz7FZdaqK-xbcIjB2I6p_KSdSqtojh1WDLRGoGwjWeXi2XtBDnKv7RKrzpAB25sq12bl07pi0Xmsk45gIXHIkjwWKfArm9zHSubu8zxJ8xdBblj_-i5mqKdZlWhaZbrnU_OHP4"
    },
    {
      "numero": 18,
      "url": "https://www.blogger.com/video.g?token=AD6v5dyadd-OC6J7Uf6ocIVvJsb-2pRIV_Je5sMaO-uzQ7QNezDWroutRaBljy88Lgt32QNFXS0hdW0eLXM94I0Gi09rV2rctA1nHbaoEdqytcq_UumXsBQTCFbfRxc6nswvDlRadD0"
    },
    {
      "numero": 19,
      "url": "https://www.blogger.com/video.g?token=AD6v5dxMiKysE1Ers9qtb6kieQHmHCFBT1itPt1Oqez4PFVGHoYbkidVm-87JvOHHeM6zAwGcF9pwcE6boidkyLyjSFF83WwZ85spnbrL0pl6emijmgfjzORnx-m-A85RmresATtswi6"
    },
    {
      "numero": 20,
      "url": "https://www.blogger.com/video.g?token=AD6v5dyDoEjjCkqwW00-nemYN-dngiuQteMzBOwh0uI3g11IwDR1_dSz3jJ27OPBSL2vNlKaVX8QRj7J3n6QrklObb0g8hxojq1xuDJpYThUCfnhTlaYJZTXB64snaOsvrq2RyyeeBzO"
    },
    {
      "numero": 21,
      "url": "https://www.blogger.com/video.g?token=AD6v5dzV3acoFPxeEysAlQROv5phmaVot1xobfTrxgXFiNrAPqTpOvp41ZYALQtjJMS7GT5xw_JA7D335Dehzv0CMtdB7-wAAgf6f_FDDX6TUl0gkFTmVAmagkqBBKJ9WR6uUVh6J_aF"
    },
    {
      "numero": 22,
      "url": "https://www.blogger.com/video.g?token=AD6v5dw-59mJR5Gmzsim5V37j-vWfjE-GmV1oHMqmjC24ZfT1b1taJnls4CQPNQU2o_ZDUxD93vhBGJNMINKqeoO-7ReRQmFNcy22fiUJ_CLLzwAp0modbjxSQZ0MnyCWjxWo9hBWYQ"
    },
    {
      "numero": 23,
      "url": "https://www.blogger.com/video.g?token=AD6v5dxjtw80H5dyJ4k_YK99MpemWFqRdss0dj5cndQLLc09b8gPJ3bZ7bA39nTHwLmxl7D9A8g1gg0T-2MtHo4FmD6vHt3DgYy5IPntiq_fVAbAFggJwac2VEDw-buGZbrmNgPNUSE"
    },
    {
      "numero": 24,
      "url": "https://www.blogger.com/video.g?token=AD6v5dwscldeGHWkc7cJLfqsoqLm0utjbV72eYV-oZ-ooDpvbBWb1KvZMlXDkwTzKs2IYbnFHBT5-b8oNFySnxPY0LrTAyVwsM07mkQ9Z0IZ5lYYkaOkyYfqA33jC_ufY4rMbLbTrYE"
    },
    {
      "numero": 25,
      "url": "https://www.blogger.com/video.g?token=AD6v5dwxfD1Bed_BvSsI2EdRteWpZP7P6gYHQ7MbUQc0Yb41p_0hPW-Bqi09LlN9DzO84YlkZdPjwIg7OjQ4PCvUDAtz-alnBbGjAbN_YUWWqKroEo1I-fRIK9AT9uGRhmmr-6GPhdc"
    },
    {
      "numero": 26,
      "url": "https://www.blogger.com/video.g?token=AD6v5dzh-oZ7M-C-X8URvshDSdfUJKKhO2I_Uedd7TyBzSEsmbMsCtJQItA7VGfpD34VZNc6bEEl-t1crYNbbmEblzXcpE9Njs11wx1HhdZguwdSvgDe5BNIvVxCIj21z278o7kq28A"
    },
    {
      "numero": 27,
      "url": "https://www.blogger.com/video.g?token=AD6v5dw0a2Debn63Ya7HYyKgo12pkzU1k74v45AAiW9ioQh43hk_43wV1Sve7ADsSnLOaIDe9iCiqMisoptCW00L8o_PUZDl05wBST1OPwIj3le3d2UTBUJ0EjYJSfj-m32Px0mjLUE"
    },
    {
      "numero": 28,
      "url": "https://www.blogger.com/video.g?token=AD6v5dzns7hg4efoneX43-P_PCgkPq1GjLSh9hqLfE10Bd4EfeTlCgWxUXY-RxpOunYAXrs6GIg4FYuhTXV-L3FNY7qsOz_lhcmLmoCMTkHF1AmCxYqlElnFEPb6fT7x2duwMCpsOs4"
    },
    {
      "numero": 29,
      "url": "https://www.blogger.com/video.g?token=AD6v5dw5Hl0nCvnMVAnZaM04nQvA5cwdHdgsHTOwDWlqHnHziqAAigsi-3-Lc2MsFuy-rdCIk198mmVtucdNH4nkr6-hFZbbtZLBFeovyxCZyKCAE80WPBN4PMnONJDsAWmOFQbkfoc"
    },
    {
      "numero": 30,
      "url": "https://www.blogger.com/video.g?token=AD6v5dw2kkfm8oxavUWSsJircyuFFk22qh24yHF2DHihkfomv7eaPuh_Su0gSz1fUbywrK1Wj8XNnMVgIefc4wIY9w3esEu_j8tGb_QS_g_66tKmbO-YAHqaVLsQRun2yxB9W28uHw"
    },
    {
      "numero": 31,
      "url": "https://www.blogger.com/video.g?token=AD6v5dxp_sMMAtE8b9S_wwnR2HRnA0JCdC769AJLaZfFhj2sJM6PosiHS7DlDtQEo7G3SqiN_ULoVr-GnHWaRBPNMuteWKN1No_ubz_8lFob39IDpw6JClW7bXqToEZa-R6-XkW_P0mI"
    },
    {
      "numero": 32,
      "url": "https://www.blogger.com/video.g?token=AD6v5dxnhGNn1j8UUgTG7cH9PU23jVAULyVQvLFZ6KqvGT2xzl6WXM68fHgvAWhSVAaHy7pvz8LpJ1nMenqAlr-N-B8SmBO0W9yEn8SbRpQ5xttCdVFj_7hCDK2FJIR7Zj-Fl_eRNcn5"
    },
    {
      "numero": 33,
      "url": "https://www.blogger.com/video.g?token=AD6v5dxwDdWXQgH2ae6mFzrQmdDeVLIS2nKGQYAbHR72_k5_K-DpjX1-gLWnnUxqEUVSj3XhUqSf0vTHLg3q5mWL6rklstzQpQ20JEMKiZ1fdiEufKpi5TiBqPITpen4m5_ufM2ypk8"
    },
    {
      "numero": 34,
      "url": "https://www.blogger.com/video.g?token=AD6v5dyDGthEVSfIezmwLBJ4NPhohFwmizhNW3qXF1P4eR3H6q5FrwS1cj9xJ5hpXi4X7qTTIfbdFQss5NU0GVcmNHK41LME4Ab2QXFVtyTm9rsQG4FfNSMWAxAvGXofkfBruVCsVLQ"
    },
    {
      "numero": 35,
      "url": "https://www.blogger.com/video.g?token=AD6v5dxv6eHYZQsDX6JWcVuS0KXH_VDkfrH6RdiKa9_jCbhOV6ympbMnXTMdV9Wo7Sq8iCgxGqvMFxiI7_ggu_yQtu7LL8g4znrI5VNW8fb7TwDVUeuqJqNh_HyIoGjvr1LGyqONzAM"
    },
    {
      "numero": 36,
      "url": "https://www.blogger.com/video.g?token=AD6v5dz2TvlS4Gd4Uq2kYt4q3fGX56LqxdhlARaA_odzZEmEi3Colthu1X_hAUcLDhXnlyUzGSlN3KvKyHc2F4fUNbxkrVXJlyQTRB1vDQHjYcv-qUVRM38wLhfQ_gGrlo01_aXiwFc"
    },
    {
      "numero": 37,
      "url": "https://www.blogger.com/video.g?token=AD6v5dw2VfYbTWm972jp9HEvtDmvPoanvcG9A1KG1ykKLhIDzO4XLUPQae57eHxQn-qqt0X3_eRiK99sCwsnSwlskbAKHchhYD0Hu79aCZUw_NJkq6cJCi3I29IQcKjsHhM49IxL3ANZ"
    },
    {
      "numero": 38,
      "url": "https://www.blogger.com/video.g?token=AD6v5dwrT3_jojn-qg0bVsxG6HDlyz0Y1kkIpKy8xslFZamLLRxe___pJl6_AV7XsBnSkRlA85r2RymFcNEsVUixtWs4SHvspz7BPAiks6Rm75mvhZJB_GbN8wjne75AAHnHGqjbs_yD"
    },
    {
      "numero": 39,
      "url": "https://www.blogger.com/video.g?token=AD6v5dwKcAbP_YCrnScB5ulYYDY5w1MghlKBvzNxInlr30epKxRLfkruvH5eE6j_BhqRl7jXcgFLvlPl3QuI6qxAHzTp5uCOg4XhAtJ2-yE5VF4ZvAdhgmf2tGnp5qK3m_czt7oZbZA"
    },
    {
      "numero": 40,
      "url": "https://www.blogger.com/video.g?token=AD6v5dxHU7n0VZaPLVPXOXyTFLNt2WAGuHr2svf8ywt_ClYm35rkUdcuMtQrF5K4oTlcY1lk82H6366FZgSfNL_tS8gqBVW1jQA2j5QEqbdDh10L_oPWMv1ipxBP0JVFxE-G9W-54BU"
    },
    {
      "numero": 41,
      "url": "https://www.blogger.com/video.g?token=AD6v5dzGXscztipcV4p77xHvyoC1xbW1_Ky_BgHfe4GVrQM42wF2iRzfER4xTQFh77rO4w633r0xBNSoGwZF3CR0WjB6hdaCkE4YPmh17fguMA1s-iCXlWvDmo1k4vFJusD8yWAJ8-vK"
    },
    {
      "numero": 42,
      "url": "https://www.blogger.com/video.g?token=AD6v5dxZvFWF7nqJ5aW6bUbb0Y01Xn-PkPynds0g7SuHxKA0h2rT1zq-14LcOKLmuDszrHkUDSpG4OjEkr92LuciQvwLpaVIJdk9s0Kqmtv9dzDPxOHrBygNtYb4LUIc4s4gds80RiE"
    },
    {
      "numero": 43,
      "url": "https://www.blogger.com/video.g?token=AD6v5dxHlCUToNPf7LkwbOdNh4Ggmin67g7LKn0X6i2wr9awm2WW2PBIhbe_N3u8AH79g9jk0uknWy3P8--MLclUkVZ_m76_1m5ZvHwQHoJ4NELJifizQgSNwdu-3JuBWs3HPruGl0E"
    },
    {
      "numero": 44,
      "url": "https://www.blogger.com/video.g?token=AD6v5dwYb4oXr5oSd7Cl_J1-jQYpMdQaKm3l0KQUwEky0-kPHcCl5hrFTdag4-XwRtK0anbRSdKH1KKqZ7xa5PhOIkBVkvsveo7XbBssM6Rfz3zMtVnhAAUNVd069r3u-ZHNBcb5zzR1"
    },
    {
      "numero": 45,
      "url": "https://www.blogger.com/video.g?token=AD6v5dx_ZmaVtOJjb-BVE8lRh4pegXA2d6YLKf_7xhWU_cJmGtJ4JFt-0P0jVgprLH1cuJ1mav4IcEUiGjvNP7x3jqi3Xv6Wir10lg3hvuuD8BUbKLiV5Nq-VJFU29ifZWi8mfRbEXE"
    },
    {
      "numero": 46,
      "url": "https://www.blogger.com/video.g?token=AD6v5dzNmKxgtvwmPhNUVT1HnLFzfW_1HHAp3w5lU870kUZVXc100UJdQQD-7o9ysEETgmg-qzLA5Pder4tHlFCgbe6mB__8hptfrN5kA0vxossx4RKhK3plr6R0_7VlhDtTZAzL2w"
    },
    {
      "numero": 47,
      "url": "https://www.blogger.com/video.g?token=AD6v5dwcXR2Z1gE222goAjLuPUgbDV8osBVYhjAQHMNza5wBYwaOws5F0RlpjwRhlxjQkMLa6EUMivWU5QfyWNYkmD5E6krT50g7R5800KV05UQTR_86VTSscIMZWgjdmaWFQMkXMVhC"
    },
    {
      "numero": 48,
      "url": "https://www.blogger.com/video.g?token=AD6v5dxvAOIes6_3ITdd7lPHoHVV37VV6Au9Ar9CiH17yT6Iefwul_Ohl2xrZiFnCk4NMqGFrhFfiLSdYYuV5SoSZ7U5U1ZhgljAXJF2DlReXpqgXfPQy_6Q0YyxDXs3w87Py15PKIk"
    },
    {
      "numero": 49,
      "url": "https://www.blogger.com/video.g?token=AD6v5dzOkhbNhHD44dCizlTt13PoygRm6lCNjDoVIS-hNHrggkNUbRfdRmKAX6h_hegvG8BfSHyw5XGLZ8ruEpwYtBySk4XYk_s_Wdr_Id5u-Cro64xIjC2EeLEe_8kVbsgfBP72RHI"
    },
    {
      "numero": 50,
      "url": "https://www.blogger.com/video.g?token=AD6v5dw-rVBdPz2nyOC00dMXor7KxviXhgenM_7coa8PnkscgOlg34nR-RjWUC2JthQAeQOiHm2kvV-OalagTXlN9MBbTDBS1xi654zcWEleMj_JXh2kWD_-Xfqdggi9pUez0ajP3uPs"
    },
    {
      "numero": 51,
      "url": "https://www.blogger.com/video.g?token=AD6v5dxVnXcfeOLbnDngQxlfoLRPWfwarfA2ZUIr9n09MzKa1Q1Xp8eTA8hlDfwVVZN1796mq6B2wmseU6rI-R-XSDzPCI8Sm5oTzlWssaeDK-la4ILT3Mb51suYITOkwE0tUdy7pQ"
    }
  ]
}