{
  "id": 37483,
  "title": "Bean Bandit",
  "title_jp": "BEAN BANDIT",
  "slug": "bean-bandit",
  "type": "legendados",
  "format": "OVA",
  "images": {
    "poster": "https://cdn.myanimelist.net/images/anime/1651/93298l.webp",
    "banner": "https://cdn.myanimelist.net/images/anime/1651/93298.jpg"
  },
  "trailer": null,
  "synopsis": "A legendary courier-for-hire also known as \"Roadbuster,\" Bean Bandit can deliver anything and everything anywhere, but only at a high price. He won't tolerate anyone standing in his way or betraying him, and when faced with such a challenge he removes them with his strength and muscles.",
  "score": 5.02,
  "genres": [
    "Action",
    "Comedy"
  ],
  "episodes": [
    {
      "numero": 1,
      "url": "https://lightspeedst.net/s4/mp4/bean-bandit/fhd/1.mp4"
    }
  ]
}