{
  "id": 40935,
  "title": "Beastars 2nd Season",
  "title_jp": "BEASTARS 2期",
  "slug": "beastars-2nd-season",
  "type": "legendados",
  "format": "TV",
  "images": {
    "poster": "https://cdn.myanimelist.net/images/anime/1097/109646l.webp",
    "banner": "https://cdn.myanimelist.net/images/anime/1097/109646.jpg"
  },
  "trailer": "https://www.youtube-nocookie.com/embed/8t0ctEki7Dg?enablejsapi=1&wmode=opaque&autoplay=1",
  "synopsis": "\"Beastar\"—a title awarded to beasts who prove their excellence through fighting inequality to unite carnivores and herbivores in an anthropomorphic animal society. Cherryton Academy has gone five years without one such leader. However, following the murder of an alpaca within the school boundaries, the growing tension between the different species poses a greater need for a Beastar to ensure peace and harmony. \n\nWhen Louis, the prime candidate for this prestigious role, rejects the offer and leaves the academy, the student council declares to honor any student who captures the culprit of the aforementioned murder as Beastar. Meanwhile, Legoshi's sense of duty as a strong wolf who must protect the weak pushes him to investigate the incident. To further complicate his life, he struggles to manage his complex feelings for the white rabbit, Haru.\n\n[Written by MAL Rewrite]",
  "score": 7.76,
  "genres": [
    "Drama",
    "Suspense"
  ],
  "episodes": [
    {
      "numero": 1,
      "url": "https://www.blogger.com/video.g?token=AD6v5dwq5phdSPw3TKCsafeR7pYRW4dCG_GlBFsNGHssNyojkibTLueU8n7m10305x77BdsZyMF-TuJiob4Se3aeoCpOdDxX_EsOtXVlaM6Q50yHkM_NqrsGh243sntT1bicUYaB19U",
      "nome": "A Teen's Never-Ending Alarm"
    },
    {
      "numero": 2,
      "url": "https://www.blogger.com/video.g?token=AD6v5dwhlpZuHy7xdVrOdnnC6hp5NHLZk3w88T5h38c9S2ytq3afK3ooINLatpefM7gPiJ67EG8z8LVZYI9YJayHHGYU38glCSr4D1OEh3ly71IDb0pabF19YZl_iv8sJHTiz4lVYAMa",
      "nome": "The Grey Police Hound Runs"
    },
    {
      "numero": 3,
      "url": "https://www.blogger.com/video.g?token=AD6v5dy3lOq3qoW8M6syZp1D5MzmRDX-gxFlY9hgTCuDCmUf0mipcBkSxybO4XRIJa9moe7MTvQ4SaxrGycqNBzzp-FNFgiELYT0iWe3PItD2BLzuVoTxx2wx1oqF-KoezsllMUB8kx_",
      "nome": "Changes"
    },
    {
      "numero": 4,
      "url": "https://www.blogger.com/video.g?token=AD6v5dwkftzTzP5QNNVVUicUxdxFTPeVYPobBi1BbilQjwo4A6T38SPBmMXlZl3QGj_NJ98kC7te8phvu8QqpHd5_RAG4ffWG-japIz-UAyqrNFlGtPvz3uugTnyvfT2sgdT0_dfG58",
      "nome": "Entangled"
    },
    {
      "numero": 5,
      "url": "https://www.blogger.com/video.g?token=AD6v5dxV4W5QrnolT9nfmaQCU2NPTFJNT6VtRRr1T9Bd_eSBHxlpgIAAi55Y0mEAbOX21H2KNa0JdPte1YeqOXGvMeYwfAKIrSsdXyPWYSQLm4slxWHjVkBPGmbuRhsTOXJTj6pP4Q",
      "nome": "Call it Like it is"
    },
    {
      "numero": 6,
      "url": "https://www.blogger.com/video.g?token=AD6v5dw1QA0QeLTMaeF_Gb4_U2WqvcvbJHVJGftDgzG8WMwOWxvNHGSny5INwWLLYNEWl4P4ek4DfXX8IAvcSk_KMLG1hnrc5uX9WW__LRJkOItynj_GCPoe5ohP0TvVUR4JV5O0jAmk",
      "nome": "Fly, O Corrupt One"
    },
    {
      "numero": 7,
      "url": "https://www.blogger.com/video.g?token=AD6v5dxol7r8nVb-vVeATs1YMFrrpaksrVNYr5SEJsGeco8LZVoe7dFov2PLYE_i7Nk4kDa9V0h6OIHFoJYBA8n51urcx6_gfttqRpUQWzym5tLbHhVM71Ny-neopOzEK2dMu3w4S7Sd",
      "nome": "Unforgettable Sweetness"
    },
    {
      "numero": 8,
      "url": "https://lightspeedst.net/s2/mp4/beastars-2nd-season/hd/8.mp4",
      "nome": "Laughing at the Shadows We Cast"
    },
    {
      "numero": 9,
      "url": "https://lightspeedst.net/s2/mp4/beastars-2nd-season/hd/9.mp4",
      "nome": "A Busted Electric Fan"
    },
    {
      "numero": 10,
      "url": "https://lightspeedst.net/s2/mp4/beastars-2nd-season/hd/10.mp4",
      "nome": "The Chef's Suspense"
    },
    {
      "numero": 11,
      "url": "https://www.blogger.com/video.g?token=AD6v5dyWfNk3mZL9gAH4gF7NPUEEfNXVighX1mINJawiQjO15QzIsmuq-eF0zhYJRdUSGCeMNiB33-FJHIzPcBOKIgH2XWw73MsAV0TcUjD47Kg0tUkEWMKNj157CRC-Z2atN6iOp57_",
      "nome": "Scatter Your Scales"
    },
    {
      "numero": 12,
      "url": "https://lightspeedst.net/s2/mp4/beastars-2nd-season/hd/12.mp4",
      "nome": "The Taste of Rebellion"
    }
  ]
}