{
  "id": 39195,
  "title": "Beastars",
  "title_jp": "BEASTARS",
  "slug": "beastars",
  "type": "legendados",
  "format": "TV",
  "images": {
    "poster": "https://cdn.myanimelist.net/images/anime/1713/145599l.webp",
    "banner": "https://cdn.myanimelist.net/images/anime/1713/145599.jpg"
  },
  "trailer": "https://www.youtube-nocookie.com/embed/bDudMKQBgWc?enablejsapi=1&wmode=opaque&autoplay=1",
  "synopsis": "In a civilized society of anthropomorphic animals, an uneasy tension exists between carnivores and herbivores. At Cherryton Academy, this mutual distrust peaks after a predation incident results in the death of Tem, an alpaca in the school's drama club. Tem's friend Legoshi, a grey wolf in the stage crew, has been an object of fear and suspicion for his whole life. In the immediate aftermath of the tragedy, he continues to lay low and hide his menacing traits, much to the disapproval of Louis, a red deer and the domineering star actor of the drama club.\n\nWhen Louis sneaks into the auditorium to train Tem's replacement for an upcoming play, he assigns Legoshi to lookout duty. That very night, Legoshi has a fateful encounter with Haru, a white dwarf rabbit scorned by her peers. His growing feelings for Haru, complicated by his predatory instincts, force him to confront his own true nature, the circumstances surrounding the death of his friend, and the undercurrent of violence plaguing the world around him.\n\n[Written by MAL Rewrite]",
  "score": 7.79,
  "genres": [
    "Drama",
    "Suspense"
  ],
  "episodes": [
    {
      "numero": 1,
      "url": "https://www.blogger.com/video.g?token=AD6v5dwLi3S4yS43eGuM3SQC4_epLon-rDJ0_P0g2ZLIbf53hJsHmIF4ZlA0C6A1IT-a3MXzgR0BV0tKXUVtgp79lo-IoFUbQvI4Y620-qs7sBuF8Ka6-uWrvAjHY8fRXBh6Mn11mdg",
      "nome": "The Moon and the Beast"
    },
    {
      "numero": 2,
      "url": "https://www.blogger.com/video.g?token=AD6v5dxT4kGXiEzgMmaMz2hyDFlVMdXuhRFA_U7wazr2wprxroe2-GKKZnSB64qroJ6BOrGgltggfu26sbONh5QW3TXp8INPDhSX-0KA9KNnW7LzZyEWK9Ml3Y0PZByoc4YNcfqJQwE",
      "nome": "The Academy's Top Dogs"
    },
    {
      "numero": 3,
      "url": "https://www.blogger.com/video.g?token=AD6v5dwAJZa-HonFDbov3_P8Eyw4cDTbafFDwuTTaSxhYxPPTDLNB3PduwW4Jy5PI161k73N2IUoSdmQX6YgTha_Z-cLWGccsRxdovHYHABY6CKvKJeTXKBVib_vMSOV24vMyGN0rrU",
      "nome": "A Wolf is Born"
    },
    {
      "numero": 4,
      "url": "https://www.blogger.com/video.g?token=AD6v5dzid5RslEblluYjPM6ZJPIz1tUbbzCyAabT28XKUhQjLkUSorJhbPLXw_gXfRkdEv_xbHMM2BQdSQoHK_sX16a3dGCoJc_HgLsALGdL2YRuKdBjbjsHMc9mOPu4-UsOpwSXDcuH",
      "nome": "Give It Your All"
    },
    {
      "numero": 5,
      "url": "https://www.blogger.com/video.g?token=AD6v5dxk26-bSrayP6bPfhyAyObGTSKZflYO6-3L87EYR4xkssqYRDjbQRm6h3Kj1IO6Cl15US1oZ_oH6KSxPeQh9k_jmohmmPu8Wtx_7JxuiNFRL5gL3RMs3OC-aicXCO8SGzTKiqg",
      "nome": "Two Sides to the Story"
    },
    {
      "numero": 6,
      "url": "https://www.blogger.com/video.g?token=AD6v5dxA_qs0-jWNNAVTE4Ky2yPOisu-qDZOFF11RQ11IloGM1p_4QXKf0q_qw_58TdxrEHJU5_DTxD6lm3BI-nYqXtGrAvOkfDQG7Zlr93hHdiechaZNTkGPGLestJNCwwpQyywiQ",
      "nome": "Blurred Vision: Dream or Reality?"
    },
    {
      "numero": 7,
      "url": "https://www.blogger.com/video.g?token=AD6v5dxY8idypaojVcatLAnz8QO4lqF3EDK1yX0bqgFG3ZDAaWVD2QFl-jvIm9lVdV2q3l6jHNCUwh7Fv1D1Gtp0XkOrICNLAe2ig3QklG3Eg1UjePrwpctwFNAqvBO0sQptjt05hhOP",
      "nome": "Below the Fur Coat"
    },
    {
      "numero": 8,
      "url": "https://www.blogger.com/video.g?token=AD6v5dz_tpHGznRufrOR8q3wqh562WpItuog7nyh5QDgzZhsUrISCcwLUVULR4-L_QoVTke9qjLCOVVnlRuwspYoJVBERHp3pXH_HjDwNBqY7-5_Srl055qqJtPiMx76BfRs8C0K163I",
      "nome": "Caught like Floss in a Canine's Tooth"
    },
    {
      "numero": 9,
      "url": "https://www.blogger.com/video.g?token=AD6v5dwJTDXvOtyDA9SOlN9l8QPz4FE4IYRVaexRu2u7lx8VodSOmYxOTRFYWYEGIjpHhe7ATB2qLu4TSOb-3RZtpzN5b5a6dWYeVGlO2lNXscxgBSybM9qWVwjiK2uClGEqoLcJYOGm",
      "nome": "Into the Lion's Den"
    },
    {
      "numero": 10,
      "url": "https://www.blogger.com/video.g?token=AD6v5dxNVBYurDy3nwam6FeiNTWMp8i0xlOr21mJg4ldGLeQXMOjIF30IFeRjHql87chjY15fHpBJO3b_0loH7Q_QVKCUYnplMULHlsRYgSj5sfvXg0bLtXN8Ght4dQ-XUiU8NXDzf8",
      "nome": "A Wolf in Sheep's Clothing"
    },
    {
      "numero": 11,
      "url": "https://www.blogger.com/video.g?token=AD6v5dwTJzAxLu7tPqo8ol65xSJOio52CvXMGb7YGQOtziQgeTOpMVhrMDdjyRaI7lyVyrBXqPkoyV9cldikAWWKXpxWxNYUg8RumIP971vtkY47D8idmbdQgnWz5n1IWFi5_5aXXt0",
      "nome": "To the Neon District"
    },
    {
      "numero": 12,
      "url": "https://www.blogger.com/video.g?token=AD6v5dwBWVwOPv3EIn6pcdOINBg-HgeYVAvW_3am4_7YwQJuirZvlvpgghL1Q_jfey1nqVxnx13lhmK-LM3yc79NzqqwxTA3SkEAPc0IMYAZJAiV4ucREghHp3SXTHdtfssx6VRlGfI",
      "nome": "In the Storm's Wake"
    }
  ]
}