{
  "id": 38020,
  "title": "Beatless Final Stage",
  "title_jp": "BEATLESS Final Stage",
  "slug": "beatless-final-stage",
  "type": "legendados",
  "format": "TV",
  "images": {
    "poster": "https://cdn.myanimelist.net/images/anime/1745/93307l.webp",
    "banner": "https://cdn.myanimelist.net/images/anime/1745/93307.jpg"
  },
  "trailer": null,
  "synopsis": "Arato Endou and his faithful hIE, Lacia, have come together once again to show the world that artificial intelligence, no matter how brilliant, can be shut down safely.\n\nAs they descend into the holding facility to confront Higgins, Lacia's AI creator, the pair must fend off enemies from all fronts. Among them are Snowdrop, a rampant hIE hellbent on devouring Higgins, and Methode, a hIE who seeks vengeance against Lacia. The world's super-intelligent AIs unanimously decide to terminate Lacia, whom they deem a threat to humanity.\n\nWith limited time and the odds stacked against them, will Arato and Lacia be able to truly join together in a society where humans and hIEs can coexist peacefully?\n\n[Written by MAL Rewrite]",
  "score": 6.79,
  "genres": [
    "Action",
    "Drama",
    "Romance",
    "Sci-Fi"
  ],
  "episodes": [
    {
      "numero": 1,
      "url": "https://www.blogger.com/video.g?token=AD6v5dwAxaRFvZuyR-zJnD4gvWKqNNvpLhTzEmlnuHWNPNiGsFe9OjK6xV2Phe_jwv703Y_yq9E8F1_btcWCzfw9clPOWzB6wm6QkNknIAes_Gia_jju-UUsAMYCNgv7gh5tBHKOcHA",
      "nome": "Higgins' Silo"
    },
    {
      "numero": 2,
      "url": "https://www.blogger.com/video.g?token=AD6v5dwp5mwVyklXaUUTr8xBuMijBr6nzyzW3wzhlw7V6pcMZwp8KtpDyFfvPiiCanqL-Rnq4Tdxgv_yxmruWkNTemkCzYGZvoh0mupXgwBeROMSFjxEg_kFkeOP0cRDVVrbDepqq4k",
      "nome": "Pygmalion"
    },
    {
      "numero": 3,
      "url": "https://www.blogger.com/video.g?token=AD6v5dy-0lutul3r8MSgU_NUp44NfY05qweqWmig6cTGsG5Dt3Je4aPxbPlvy2adA2oLyugK50ug2ELy4K-vKzI25nQGlVv9MjpFkyh-y5S3PrmmaosXFU01bKJwpLct1rv1k7n08aFT",
      "nome": "Beatless"
    },
    {
      "numero": 4,
      "url": "https://www.blogger.com/video.g?token=AD6v5dxHYwiWv8K3rwSNyK0bRVG1tmZ9SHFUR6F7PNXTDwFv3KJi5CXKQ1zv_4Z8uHwpQi8OuyIVXGOh8A4qKRwbq04DhM4WO7l80amEwRHyYCXA43BIMbzucLHIMvpIZB_kKwCxGzA",
      "nome": "Boy Meets Girl"
    }
  ]
}