{
  "id": 36516,
  "title": "Beatless",
  "title_jp": "BEATLESS",
  "slug": "beatless",
  "type": "legendados",
  "format": "TV",
  "images": {
    "poster": "https://cdn.myanimelist.net/images/anime/1986/90184l.webp",
    "banner": "https://cdn.myanimelist.net/images/anime/1986/90184.jpg"
  },
  "trailer": "https://www.youtube-nocookie.com/embed/ZKVpM8esO6Q?enablejsapi=1&wmode=opaque&autoplay=1",
  "synopsis": "With great advancements in technology, mankind has created hIEs, human-like robots that act as public and personal servants for society. Unlike many others, the kind-hearted high school student Arato Endou treats hIEs as equals, but his financial situation keeps him from ever owning one.\n\nHowever, his normal life is shattered when an ordinary run to the local grocery store goes horribly awry. Viciously assaulted by a hacked hIE, Arato is on the verge of death; but luckily, he is saved by an abnormal hIE carrying a weaponized coffin. Her name is Lacia, one of five highly advanced hIEs that recently escaped the clutches of the mysterious MemeFrame Corporation.\n\nFaced with a hacked car threatening to run them over, Lacia offers Arato a deal: in exchange for saving his life, he must register as her new owner, thus taking full responsibility for her actions. With little choice, he decides to trust this artificial girl and allows her to live in his home. Though Lacia begins to adapt to her new, peaceful lifestyle, she warns the entranced Arato of one thing—she does not have a soul.\n\n[Written by MAL Rewrite]",
  "score": 6.22,
  "genres": [
    "Action",
    "Drama",
    "Romance",
    "Sci-Fi"
  ],
  "episodes": [
    {
      "numero": 1,
      "url": "https://www.blogger.com/video.g?token=AD6v5dwTSdwgTQBBeGJDlZ7j_GmCNK41tLE0fxUWLFhIpQi7vmcfDGaYv9WBSY8flK2aSGZP3lqRXeXZdCQBjeGxwQCY9fsdPsfBPdkthisC5RuAw5pnL3AcoovsbLf7sypQ6FrIrWk",
      "nome": "Contract"
    },
    {
      "numero": 2,
      "url": "https://www.blogger.com/video.g?token=AD6v5dx-dXx_daaX4Qm_JwmwLbz2KIjco-XsoNKldvMiK29b-KwsmmeNTTmwbBcH0oDa8N0VNhNYPonDaQ6bwRYe9NrcRvx0RieffpLXjsiE2ceSEVHfiF78eW1Nl-KdKa80WVNcxGAb",
      "nome": "Analog Hacking"
    },
    {
      "numero": 3,
      "url": "https://www.blogger.com/video.g?token=AD6v5dzLIwen0_4GjeUDdtMTw3u9V9RTNhOrpnRfawIRP5f7xyLEA6GiIqh5jxonVxLAyyzvsZa7noJ2vNq0ixlKiE8hKurhcE05s8plBXhPbnA9xVDlgd0FQZzdMeBE6gcl2C-k0eQa",
      "nome": "You'll Be Mine"
    },
    {
      "numero": 4,
      "url": "https://www.blogger.com/video.g?token=AD6v5dyYByegUyW9R1q8QwbK5co9LZVD_-ATjIkQaC-1FNLR4Gm2iF6SDvR-_dmyKpO7mhHfSzdF0IvfC5r3hpRbQ80W_UF4jlbJTIXXPOqDPVPwAGOdoDSc8gj_gkUYfR2uggHWznFe",
      "nome": "Automatic World"
    },
    {
      "numero": 5,
      "url": "https://www.blogger.com/video.g?token=AD6v5dza0G5ETfL2xrRWHIef2v_jtxvEpA3E263FM0sPtFLzEB1kotPtbH_kH5Bzg7GTJF_NvHJ-tZPxYXpYqqm8WdubmrKNL4LubojUBcGHkRlUHkgtCiyJ9iAWHKKHzC1S2Agx5yo",
      "nome": "Tools for Outsourcers"
    },
    {
      "numero": 6,
      "url": "https://www.blogger.com/video.g?token=AD6v5dxJAsruYi92lAYu7AQxqmi27DsnhxVF86_Nit1ZZhmZ3c5HnlMLjSQ3EwRYf4iBBngNM8hIibAEFu2cUS_1SjxXu8m4f9CCk8QisSm96ZHZXENIglvbIoucj96l-Pvm5qSmEFcP",
      "nome": "Higgins Village"
    },
    {
      "numero": 7,
      "url": "https://www.blogger.com/video.g?token=AD6v5dxp6EoW1vYpgwrmc0kFGGCJpe1tLjCRqBaetb07hsy0NxsQGGr86C0qz-C63bpjffudBMkZUAB9MKcuvFffzqYulkhbAFEBg9OutupaIVNqsEPo_SClzG1nj4-2uUHTgTnH4ftk",
      "nome": "Boy Meets Pornography"
    },
    {
      "numero": 8,
      "url": "https://www.blogger.com/video.g?token=AD6v5dzT80LGvb9qbT2UseVwiNK2uyLtSt5P-_TfLpjWtkIBJCSaEECOvSqeu6V9UWNzmQsYNN2NKGEavwCBW3n3v-cRrnCJlPOS05r0HiySCALnwacrmPMvM_Ihy2xIwl5OvHE0wVTh",
      "nome": "Awakening of Sleeping Beauty"
    },
    {
      "numero": 9,
      "url": "https://www.blogger.com/video.g?token=AD6v5dwgpF3Poagv9Hv3S_uKv1PZxByBWef8XNfaBwMwfqRt-Oh6Oj9ZHQ589yLJZ-yq1_15ITIfPPRlvK_mgpl6OwUhuvhWJmf5V-AkSzp04kbrTqLGQiZT8vAIyj4em6uciwG5fXM",
      "nome": "My Whereabouts"
    },
    {
      "numero": 10,
      "url": "https://www.blogger.com/video.g?token=AD6v5dwCLBMG1_FlsB9MK7P15ud_UpeD5h-mGhpYr-yHdISTPB0nOvB5Kxqqz7Fk3BRgJAz0ePmuDHDEVljkU1uRS5jZAbIThpjeCbXAht6JEYBz8eT6aayZuF9hHZH3_0fAy52I700g",
      "nome": "Dwellings and Surroundings"
    },
    {
      "numero": 11,
      "url": "https://www.blogger.com/video.g?token=AD6v5dynDIx8c5AZXUs227F6V31pAr33ZXxXsrcQDsycffPKERQctqi0Vk9RDU5xc2iEMx42bABP2iU_9Ar2YcIRA1-XK4ZYlSGJbB34x2T9wCEVyXoXlVGjFCq13MFjxQZq2sXOuMA",
      "nome": "Dystopia Game"
    },
    {
      "numero": 12,
      "url": "https://www.blogger.com/video.g?token=AD6v5dxHclw6BQ1Og1QUpcdGsRy0gFWgzgSU76P6FeMNTzzgr6psESbC4iqPT8IutSwGawt45f1KuA_0YqqE6hfzgFia0zkPOIBTHlNEwp533GGpSzG1_waVWkPUHtpYLQqEMX3AIqM",
      "nome": "Slumber of Human"
    },
    {
      "numero": 13,
      "url": "https://www.blogger.com/video.g?token=AD6v5dxg5aON5GpjvSwBMk9yoNoqc5_0N1vuC3UFICP_RNW52W_afXRkmCO1QOJOdTK3jIQwHdQjJgKkyS7KTdT6x92rCZp3eyZE7UdvmpPQdvvAc8mT2CySZGJY4UVligct-XepXZs",
      "nome": "The Prayer Within"
    },
    {
      "numero": 14,
      "url": "https://www.blogger.com/video.g?token=AD6v5dy_TPb8QMPA5OKLydRM71vUN8pIgjVEsCJGniO1j3nwaHiD1CPCppPMUWy8d71AnquCrsJbLIs0aJU4GUXLYHUYdOr6pFoF1plKxCiq3yooqUx5Xs1EDOPB-bMcGe96UMJVpQ",
      "nome": "An Answer to Survive"
    },
    {
      "numero": 15,
      "url": "https://www.blogger.com/video.g?token=AD6v5dyXmTVmlRPHIQwefM-ouSIoutZOiSjg7DicMEucxJCFKHZqkETaCC7kpcAxRjFUMajFW1ijMTzuHgQWcDZeHQGoNxBkkHmUVTNXQgGJ4YzPHR-Zqkiy2KJFOJTpQQJM6fxvQRs",
      "nome": "Edge Line"
    },
    {
      "numero": 16,
      "url": "https://www.blogger.com/video.g?token=AD6v5dx-Il6T4FERURu2Zbo1Q-i6TrOmWmrdKsChCO_LB8SqBmR4l_k4TIlBLFOliq-0S2d5SxysUrxcdzDjdHuXBNk4aiEhXLUk_Z1l0HJppG3P6CWmfP1BfVbdevmW55FEcdz-XsWI",
      "nome": "Plus One"
    },
    {
      "numero": 17,
      "url": "https://www.blogger.com/video.g?token=AD6v5dwM3ruuCH8eZ8fVSNj4YcNfGbe9G4rSIb9HSzNeRisFAMKADn7_UB7L484KHBieqKFWx9xZSXSrWDCMDxq7m44G0-7rXU4h93Core9SzD0btmDOb9TJ5xLB9_RkyVMxhqvFdmQ",
      "nome": "A Reason of Our Own"
    },
    {
      "numero": 18,
      "url": "https://www.blogger.com/video.g?token=AD6v5dz3DdiznsFFAXGhyyXoD13u3MKDko6E4VMnByhPVpZ2WlXWsVqBWpRvPoyPyeeGl_bkFV-1wBeGx9utsRyPkub5q5uTzr91EaKBCq_GS9cnF12PsBOa0LAWr-UJVBLwU5YH2to",
      "nome": "Protocol Love"
    }
  ]
}