{
  "id": 37277,
  "title": "Beatless Intermission",
  "title_jp": "BEATLESS Intermission",
  "slug": "beatless-intermission",
  "type": "legendados",
  "format": "TV Special",
  "images": {
    "poster": "https://cdn.myanimelist.net/images/anime/1709/90468l.webp",
    "banner": "https://cdn.myanimelist.net/images/anime/1709/90468.jpg"
  },
  "trailer": null,
  "synopsis": "Recap episodes of Beatless.",
  "score": 5.67,
  "genres": [
    "Action",
    "Drama",
    "Romance",
    "Sci-Fi"
  ],
  "episodes": [
    {
      "numero": 1,
      "url": "https://www.blogger.com/video.g?token=AD6v5dxYqiFI1_EhfzMIV8W_G0uLf1vjJfzlq_CcO-RJEYZoc9Bgg5dd_Bb7zdVqtf_Q_Co3rKu45h4ImgsM5or7BGy2eJVHy_R3eDFyqB7zcmQq0y8htBhAII-Ws8IcGKROLurTexI",
      "nome": "Intermission 01"
    },
    {
      "numero": 2,
      "url": "https://www.blogger.com/video.g?token=AD6v5dz8-yo4BTNFHafsTDoln1TVGAHhOD_8VHXUbKk8PSri0WaSOvJU-FN8Q8EO8YcSu-Ue-MihYYaz_J65N_zIPbvXqMb4d_0GyFn5To6BcW07y3z6ytAeYs3TYgthpaEjPevWbQg",
      "nome": "Intermission 02"
    },
    {
      "numero": 3,
      "url": "https://www.blogger.com/video.g?token=AD6v5dzhETVsO9jcpVrCwzsS1vtsgtonX57LszOUncRIAs_wCmxl1MX_0pTsS1MJCbO2bPw-N4WGUtn7RWAZqJ4HfJSCTFmQDkxLRwBleM8awq_EIajq8GDNd7T1m11p7Wd0XfnO3pys",
      "nome": "Intermission 03"
    },
    {
      "numero": 4,
      "url": "https://www.blogger.com/video.g?token=AD6v5dz4PDHqzWJEhfX41yLHuzBDs7mO3u2s8lib5gyu_CDT3FlsRpl47EXio3_j5GXrTel3MD80g8i4lmph6qhm2JgdzXtvN0CFDQ19uYEQ2MxGLORmgOboB9RKdoVdEZv3iFfO9u4",
      "nome": "Intermission 04"
    }
  ]
}