{
  "id": 57,
  "title": "Beck",
  "title_jp": "ベック",
  "slug": "beck",
  "type": "legendados",
  "format": "TV",
  "images": {
    "poster": "https://cdn.myanimelist.net/images/anime/11/11636l.webp",
    "banner": "https://cdn.myanimelist.net/images/anime/11/11636.jpg"
  },
  "trailer": "https://www.youtube-nocookie.com/embed/GNgReTHy1EA?enablejsapi=1&wmode=opaque&autoplay=1",
  "synopsis": "Fourteen-year-old Yukio \"Koyuki\" Tanaka is a dispirited young boy with no goals in life. However, this all changes when Koyuki saves a strange-looking dog named Beck from being harassed by a group of local kids. The dog's owner, 16-year-old Ryuusuke \"Ray\" Minami, is an emerging guitarist and the former member of a popular rock band. \n\nAfter Koyuki meets Ray again in a diner, the older boy leads him to his former band's meeting place and dazzles Koyuki with his amazing guitar skills. Slowly becoming interested in the glamour of western rock culture, Koyuki decides to start playing the guitar while helping Ray achieve his dream of leading the ultimate rock band. Together with Ray's younger sister Maho and a few other members, the two boys launch their career into the world of rock by forming a band called BECK. Beck follows the group's struggles and successes as they spread their fame across Japan.\n\n[Written by MAL Rewrite]",
  "score": 8.29,
  "genres": [
    "Drama"
  ],
  "episodes": [
    {
      "numero": 1,
      "url": "https://lightspeedst.net/s3/mp4/beck/sd/1.mp4",
      "nome": "The View at Fourteen"
    },
    {
      "numero": 2,
      "url": "https://lightspeedst.net/s3/mp4/beck/sd/2.mp4",
      "nome": "Live House"
    },
    {
      "numero": 3,
      "url": "https://lightspeedst.net/s3/mp4/beck/sd/3.mp4",
      "nome": "Moon on the Water"
    },
    {
      "numero": 4,
      "url": "https://lightspeedst.net/s3/mp4/beck/sd/4.mp4",
      "nome": "Strum the Guitar"
    },
    {
      "numero": 5,
      "url": "https://lightspeedst.net/s3/mp4/beck/sd/5.mp4",
      "nome": "Beck"
    },
    {
      "numero": 6,
      "url": "https://lightspeedst.net/s3/mp4/beck/sd/6.mp4",
      "nome": "Hyodo and the Jaguar"
    },
    {
      "numero": 7,
      "url": "https://lightspeedst.net/s3/mp4/beck/sd/7.mp4",
      "nome": "Lucille"
    },
    {
      "numero": 8,
      "url": "https://lightspeedst.net/s3/mp4/beck/sd/8.mp4",
      "nome": "Broadcast in the School"
    },
    {
      "numero": 9,
      "url": "https://lightspeedst.net/s3/mp4/beck/sd/9.mp4",
      "nome": "The Night Before LIVE"
    },
    {
      "numero": 10,
      "url": "https://lightspeedst.net/s3/mp4/beck/sd/10.mp4",
      "nome": "FACE"
    },
    {
      "numero": 11,
      "url": "https://lightspeedst.net/s3/mp4/beck/sd/11.mp4",
      "nome": "Summer Holidays"
    },
    {
      "numero": 12,
      "url": "https://lightspeedst.net/s3/mp4/beck/sd/12.mp4",
      "nome": "Secret Live"
    },
    {
      "numero": 13,
      "url": "https://lightspeedst.net/s3/mp4/beck/sd/13.mp4",
      "nome": "Ciel Bleu"
    },
    {
      "numero": 14,
      "url": "https://lightspeedst.net/s3/mp4/beck/sd/14.mp4",
      "nome": "Dream"
    },
    {
      "numero": 15,
      "url": "https://lightspeedst.net/s3/mp4/beck/sd/15.mp4",
      "nome": "Back to School"
    },
    {
      "numero": 16,
      "url": "https://lightspeedst.net/s3/mp4/beck/sd/16.mp4",
      "nome": "Indies"
    },
    {
      "numero": 17,
      "url": "https://lightspeedst.net/s3/mp4/beck/sd/17.mp4",
      "nome": "Three Days"
    },
    {
      "numero": 18,
      "url": "https://lightspeedst.net/s3/mp4/beck/sd/18.mp4",
      "nome": "Leon Sykes"
    },
    {
      "numero": 19,
      "url": "https://lightspeedst.net/s3/mp4/beck/sd/19.mp4",
      "nome": "Blues"
    },
    {
      "numero": 20,
      "url": "https://lightspeedst.net/s3/mp4/beck/sd/20.mp4",
      "nome": "Greatful Sound"
    },
    {
      "numero": 21,
      "url": "https://lightspeedst.net/s3/mp4/beck/sd/21.mp4",
      "nome": "Write Music"
    },
    {
      "numero": 22,
      "url": "https://lightspeedst.net/s3/mp4/beck/sd/22.mp4",
      "nome": "Performance Eve Festival"
    },
    {
      "numero": 23,
      "url": "https://lightspeedst.net/s3/mp4/beck/sd/23.mp4",
      "nome": "Festival"
    },
    {
      "numero": 24,
      "url": "https://lightspeedst.net/s3/mp4/beck/sd/24.mp4",
      "nome": "Third Stage"
    },
    {
      "numero": 25,
      "url": "https://lightspeedst.net/s3/mp4/beck/sd/25.mp4",
      "nome": "Slip Out"
    },
    {
      "numero": 26,
      "url": "https://lightspeedst.net/s3/mp4/beck/sd/26.mp4",
      "nome": "America"
    }
  ]
}