{
  "id": 9513,
  "title": "Beelzebub",
  "title_jp": "べるぜバブ",
  "slug": "beelzebub",
  "type": "legendados",
  "format": "TV",
  "images": {
    "poster": "https://cdn.myanimelist.net/images/anime/3/28013l.webp",
    "banner": "https://cdn.myanimelist.net/images/anime/3/28013.jpg"
  },
  "trailer": null,
  "synopsis": "Ishiyama High is a school populated entirely by delinquents, where nonstop violence and lawlessness are the norm. However, there is one universally acknowledged rule—don't cross first year student Tatsumi Oga, Ishiyama's most vicious fighter.\n\nOne day, Oga is by a riverbed when he encounters a man floating down the river. After being retrieved by Oga, the man splits down the middle to reveal a baby, which crawls onto Oga's back and immediately forms an attachment to him. Though he doesn't know it yet, this baby is named Kaiser de Emperana Beelzebub IV, or \"Baby Beel\" for short—the son of the Demon Lord!\n\nAs if finding the future Lord of the Underworld isn't enough, Oga is also confronted by Hildegard, Beel's demon maid. Together they attempt to raise Baby Beel—although surrounded by juvenile delinquents and demonic powers, the two of them may be in for more of a challenge than they can imagine.\n\n[Written by MAL Rewrite]",
  "score": 7.84,
  "genres": [
    "Action",
    "Comedy",
    "Supernatural"
  ],
  "episodes": [
    {
      "numero": 1,
      "url": "https://www.blogger.com/video.g?token=AD6v5dwdvwYJwcs0hTKkH591r2i_TqJxGcXFJeBRv2xbWspEZL4eN5ua7aJZUN-4QNwNW5xsvCRlhWwC3zDg4N5AuKbzR0F6a7tiXCXsmaTNy_tEF8RUo44Z_rlJBsdVkfJMEBSci-E",
      "nome": "I Picked up the Demon"
    },
    {
      "numero": 2,
      "url": "https://www.blogger.com/video.g?token=AD6v5dxhxVhjhAk2nR07hYN-Nh00nODJWm8olCG8z1a7cC5T_OBSE6TaBWYJBK8OCdFat1NZziF5AXi5ShWZFi3U5meerqYsWOUCJtqE3C5SOdLj9um8CoVrWSsdwXJl-9gQCQdcagpP",
      "nome": "Say Hi to the BoB Brawler"
    },
    {
      "numero": 3,
      "url": "https://www.blogger.com/video.g?token=AD6v5dzc1lpm0jcuNuNsauDG24AyD7rRu8Yy1TF3IB4mu4dh-bLcy7_HfFYqJUp-eIx77D6PJwb7iQgpvFKveEgshJEClEADCQ-tSAKmvlBF8xJNwyMQFepZyKJE0AAEWqdj1nyaN5w",
      "nome": "Are There Any Strong, Ruthless Bastards Around Here?"
    },
    {
      "numero": 4,
      "url": "https://www.blogger.com/video.g?token=AD6v5dwTvYvS6qVz-dAaUUOhnRCOF0_g97tNhvSYZWpY9T1xJnLhGtDS1R7cnNNgKBGuNjhNHrz33lTt0HOKv7WZ1bXRV6LH8SQ9xtUZJhhpRnoJqnq0t6w2n4mh_fedibQMkCiEKvhj",
      "nome": "There is 1 Second Before the Demon Lord's Floods Burst Forth"
    },
    {
      "numero": 5,
      "url": "https://www.blogger.com/video.g?token=AD6v5dyjWEQscRiCTEOqAGqZcXpK-zH7YKQgXDh9Npbu0uJQt9Mk2QJwfWygqSL9-r_-hKWFHCzhNxMZ1ZUe7pooz9B9Pffap7hbl5XQhXhQANJPchYk2go-rR7abndbK-GfoljoKXo",
      "nome": "There is Nothing that Money Can't Buy"
    },
    {
      "numero": 6,
      "url": "https://www.blogger.com/video.g?token=AD6v5dzd2cUsQu-8PaAyrKR4RpVHDBzSbr-6YBJ-JvqYRD1wn3wKhT8SOF7s8r4URZuzZAvDQFOXfDEeWSceRvztYr7YtHUdrlsTrtAVfSs3pMko9RhpVyAtfdkP9L-Thp1pHwGisJE",
      "nome": "Toys Have Arrived from the Demon World/We Played Doctor"
    },
    {
      "numero": 7,
      "url": "https://www.blogger.com/video.g?token=AD6v5dyfXsA9yK386GAgxzHUHm6OR1lCKPHxI_3SB-4zlT_F6HsSEPNmm88gu8zhNoOU1wMiPS6BP3v_sGdOrnRDdHBR96coNfR4OpMEjUVT-h3OtL2jtPB4-reEuHIdVPvCve8MWQ",
      "nome": "Even the Demon Lord Makes his Park Debut"
    },
    {
      "numero": 8,
      "url": "https://www.blogger.com/video.g?token=AD6v5dyLR5Xn2RAvW6GEO7RvTOERI66Yl9ZVCRc6uFoMO3qS3Adz1-mdzckcOghCDidqKJ1m9SlOHDuCuV-16D2i13KuGUi5J0OjDlD5o70CVR5RquWoEGV7GJEj1ajnURR3_hTXKfjT",
      "nome": "We Met Again"
    },
    {
      "numero": 9,
      "url": "https://www.blogger.com/video.g?token=AD6v5dxc9Hyj2HocyGS8U2i6W6Ljg_dRaPxl__G5T-sRYsYJuakIwK9d4lV1szX6rzie6AeJ1wO_JJwhCHpHUVoeMJHE-qy_YvmS5rxRQSQit3Y46u_wvBShumIBM4Q9Y1r16-0XiNiR",
      "nome": "Love is a Hurricane"
    },
    {
      "numero": 10,
      "url": "https://www.blogger.com/video.g?token=AD6v5dyGnrayjT4jD1tx-k36cj6B05cQ0LXuZHXWxM4ZNN788T9VZsdyH3-YPopl-ERiZuPHBQ2ZmAUNL2bsbu_DUbxSXNFNy-Uh3RpEWWn7WfjkX1wQv5fCcG5OnPPOKzKebiMMP4XX",
      "nome": "A Disciple is Gained"
    },
    {
      "numero": 11,
      "url": "https://www.blogger.com/video.g?token=AD6v5dw-5IDEPNsnivTVTr1m_YulfeI43SEjJuCK3HxNL-GYPhY_lJZl1U5NXszWSijDiVkn8hdjtQPpm4gXmaX6gCCYIFgBYGB_f8aoQbXUzPXYdW-QPUlDR00eSISlODPknIE3Ff0",
      "nome": "There was something money couldn't buy"
    },
    {
      "numero": 12,
      "url": "https://www.blogger.com/video.g?token=AD6v5dya_Fqa9LepL6lX0VOOAspV0N-nqW3mZUqI4KpMhB9kwbobIVUcRtYhB3rjOQi5RfGWEkuwIWiEqlIhtcxpnrlohQQm3EpfrsPLlH9jOKSSN4Aur_S6zWjv1UV0dz3w4Wzu-vDP",
      "nome": "You won't get to sleep tonight"
    },
    {
      "numero": 13,
      "url": "https://www.blogger.com/video.g?token=AD6v5dx2x4yBhLCc_vil812X1o5h-GsV1VZlZK-FiQoakMbXUKC47o7mIRaMLyagqRg4LSfoHKvcms30HU7mvbKagqw5aCfftpMnFHMVwqYwoPTiPw0fNhHV68pAOKxibzcNhEFoLZLP",
      "nome": "Baby Beel's Assessment Test/Dear Great Demon Lord"
    },
    {
      "numero": 14,
      "url": "https://www.blogger.com/video.g?token=AD6v5dwHFXxm-yHx-HrFzcQSnKOBbZQlpiXheQax4onWwSMTrwdPurw7kXfxS_lrciS1ipV4Sugzn8w27lZlDDq0rHUwgrs6u1vrJoSEWkwfsHHRRxKasql7_lafflGtP6Ex_kr3dBp_",
      "nome": "Is there a Special Move?"
    },
    {
      "numero": 15,
      "url": "https://www.blogger.com/video.g?token=AD6v5dy8mZ-D6RXQVy67RiNr1zBgf8VhTMl2kqb-JzwhtAM-M_x5lXq39xDaMU-4y-O5aH96vWx1VV_EbUrIY5-9jPBnc4KElNykkxL_sFQOBTS5tRBx5zBDwzqnT7JViYF-piqKJlpv",
      "nome": "The Delinquents have Changed into Swimsuits"
    },
    {
      "numero": 16,
      "url": "https://www.blogger.com/video.g?token=AD6v5dwgnhl1m4394tK-_UsWEP6NzBO3WGCYFmc652rSF5CuMHBl8DQG2hoyHfXaIHwsD_PotSDCZmwrKy_NuOsqJuDfD09yAA5DS-nFlpDeWdWQ_1v6II4VrkltbgMoGek93SZlZzw",
      "nome": "You're Not a Bad Specimen of a Man"
    },
    {
      "numero": 17,
      "url": "https://www.blogger.com/video.g?token=AD6v5dyAixYd6H77u8pBTid9uYk9Pin7PRhkX6jxx-Dr3zDvFAFEfijE4Ha_tAgiUnH2Vef0PUqv0NA3oRMRqfqmMroFgaEEiT1_zVvg7DG02TrUmYjCUTKwg41BoC_P9P5M3jtez88",
      "nome": "How About Some Demon World Homework?"
    },
    {
      "numero": 18,
      "url": "https://www.blogger.com/video.g?token=AD6v5dxGaXPvGM9Vq2AHSDhmIa8xrWZTsV1mIB_9JTzouPuu7xoyQksCbx_hyrt7NDKNltm7GbsJX4UWkkUezbdqaYSQu7ys4-SRjb_va8ZG-87Sjc1aALICoJ668KhpXB8HtWx-38gQ",
      "nome": "I've Quit Being the BoB Brawler"
    },
    {
      "numero": 19,
      "url": "https://www.blogger.com/video.g?token=AD6v5dwum_2x90FYgdHB9zh6XHYjSSGjUBlQgvnMMS16FsL4cxYEX-MvV7h74KED7_ZBZKKTL83jrzVF2xp8aXGAcF4VPAMvpRuBFfyJ8Cgub3rTvb5T9ZzUyOSlfcg-bleybvcl2Fc",
      "nome": "The Doctor has Arrived"
    },
    {
      "numero": 20,
      "url": "https://www.blogger.com/video.g?token=AD6v5dxKoW-UUu0gX2yONU2ah7UnN0Qdvnia7XWw1S2OWKcPOTaUvGUNZiyW1OhVEdKlKOq_jV05ELJScOp4wJFHOszV67CPkYPhzgY1bqUS_q2pijxLRkAI5X6ngSfD3gEJ1KJH-NU",
      "nome": "Everyone Assemble"
    },
    {
      "numero": 21,
      "url": "https://www.blogger.com/video.g?token=AD6v5dzKnZSZe267j61KaDeGrtUh0lT7BgfLd7evord1xRMpgnCIFvGzgNBUiiU3ncZzkPIP5s6aixj2Xw7nNYqJP-Ma081qUuqrPtpt5tD2Iyv48DGTxhRN9ijO-M8acVlIKHPM_1_c",
      "nome": "Who Do You Think Is Ishiyama's Strongest?"
    },
    {
      "numero": 22,
      "url": "https://www.blogger.com/video.g?token=AD6v5dzgyhIjB6jjSyvhDC8FD2QreQNpTSjcAE4_lROgbFjDtIEigPjPmMHh6AoARaO2A1jvyQ7Dy4PHGw2V3ZDGGj7YnIT-dP8pcu4m1-nNajjBXb6BcHRikRZYP4m6LG28pP65ZSs",
      "nome": "Secluded Mountain Training"
    },
    {
      "numero": 23,
      "url": "https://www.blogger.com/video.g?token=AD6v5dwMjs23bgMtWbul2GnhCoEO2vSW1Oiwjo-369iN6r0Po6DMeiD7nefLjogYxPMmOs05i_4wcwTY_ULxTiYRE2w3W8bSy8KONNHtuaVmV6ojn7Xs1S2ucA8EboVPkov72WrQq0lu",
      "nome": "Are you Kidding Me? The Demon World"
    },
    {
      "numero": 24,
      "url": "https://www.blogger.com/video.g?token=AD6v5dwedOiBQtz3f8MfIxEcXbSD0V5dXPHIyn0B2kiSvk7Con9bzY09IkOCQQS7ne8OqQrpGAfwJqDfruScOMx9mkxZGk0bwx3hsxCfMhZbK8YVZcodrHyEDk6vohVX8HbUHjViqkE",
      "nome": "We're back, Demon World!"
    },
    {
      "numero": 25,
      "url": "https://www.blogger.com/video.g?token=AD6v5dziRIjr3AnOVzP_wJt-Z-s8EIzXzP041o1IRi4Cibu3ldpuB4Ic5bSojmzEPHh9oPr1XRSKdQFMiA7Ir7eFG9jOwV18k0429ohS_2bVbJr0_uVKtf4-w4pCw1-sv-opghdC4eGJ",
      "nome": "The New Term Has Started"
    },
    {
      "numero": 26,
      "url": "https://www.blogger.com/video.g?token=AD6v5dwAyRfG1lga66R5MqwALRHfHxv4aNMEBn_p8WxE5mo3T4XGBoMfbUnav_uDvW39x3XJUgBDouURL7jzkUzYxj_TdjJ-vusJOTMycmnevWzUOtvssaEZtN2fzU-DIexZDa-mo-g",
      "nome": "May I Call You Brother?"
    },
    {
      "numero": 27,
      "url": "https://www.blogger.com/video.g?token=AD6v5dwYQEk9Bo5witDzyCbh_Tdbp90yXxHfgiN3sOKWc8bMPbsDnuCqYEvRQKz1ERkf103XVma3e2vLQA9pNoDFN79s0dpFD3B57fWN3GjpmQM8bplggwRWuP7t2quTQJBWDdcjtPOU",
      "nome": "Called a Magical Girl"
    },
    {
      "numero": 28,
      "url": "https://www.blogger.com/video.g?token=AD6v5dz11MRCvYN6YT9Lo6SocROCHVcYTZwv_KJ39MNDg-gg5zkekwbX4v6CRRMBeL2SYZwhDVrTgR04nn2qy8CJ05xHMwIexebPXkBcDArIcge0zXdRFvuD6rzy7qcg8ndrc4AVJ8M",
      "nome": "Let's all get physicals"
    },
    {
      "numero": 29,
      "url": "https://www.blogger.com/video.g?token=AD6v5dx7sdvR9dR6Kx8f5J_pSWc3vtPGh792hcPtOWh7pO2qsH30sNKjV8HBanf2SvbDFblkz5e5n-bqnu_kWw3G9v1U7q5Wiu2MGEgJpn0prgB8D_1635xFG97xK66KwpjsaM1sHJ0",
      "nome": "What Are the 6 Holy Knights?"
    },
    {
      "numero": 30,
      "url": "https://www.blogger.com/video.g?token=AD6v5dyRJd-2ZvTExUedFJXiAKugFzBAeIn3I-97o1Ng38O_BeUvWu_ooYHeDCrKUVIzXHxTMt0UR3izllxDCQCVgxJQiyysTwwyEOKguJoQXAosr6YV34Rc1RhYiIaeOnksZKqgQpU",
      "nome": "Who Are the 6 Holy Knights?"
    },
    {
      "numero": 31,
      "url": "https://www.blogger.com/video.g?token=AD6v5dxHKtBRLE3IT8p95vPST4Qc8NRDqw1_A3JO_vWNESzT_TKZNrpgSEcEKIxrnV8mhtZLtLEE6bCG1G0uaa-g5Ojt3oODAhBDirTiOdlnBnpJttKQwNt-fbDevr4ot7KHW-vQ7nrZ",
      "nome": "No Conclusion Was Reached"
    },
    {
      "numero": 32,
      "url": "https://www.blogger.com/video.g?token=AD6v5dwH5Vjh0VhSeRvcrw5dtksC4B5pAywSDzkFtrsoyy53835BxDqtK_ldq9jmuN_jXHiCD9lsQE8FOqFWPFjMJctgTEheFsQRnrnJ5Th6C5Ky_S3HrNjsh_DWXKFP2SDRS7VTkQA",
      "nome": "What did the transfer student do?"
    },
    {
      "numero": 33,
      "url": "https://www.blogger.com/video.g?token=AD6v5dyYtFWEAdNbmpktR3_S2avmxgY3GxEdcqB2UQjRnGjZ18lTkffKiDTBJBsVTUZVWoVBD6gvx7yAWFSFctbNKyESZz-kHmnMNCOKye7qyFX4OSgFXKHTk5HjHiUDH_gE_Prks1N-",
      "nome": "There are Wounds in the Past"
    },
    {
      "numero": 34,
      "url": "https://www.blogger.com/video.g?token=AD6v5dzZ_5i4GY3uEM7RnrDUSLKWlDDuQFdb5Wh-1tFyxQqtA_SpgpSUpCnQt6v2VJ8k7AOS7qiM9vS-V1naZy4OhnilTsQ5tFC4PiVIIyyb1CVpTfw0Gmtxu7rPr3SRZRWQVsY_qIc",
      "nome": "Maids Run Amok"
    },
    {
      "numero": 35,
      "url": "https://www.blogger.com/video.g?token=AD6v5dxndIObkcYIN6CeZ3oIs2uYQT5raB6vYRN2fxepW8kXrBNywltuKT0tWt0-LVFC-B99svIRcedqe9SK-bGyEs5RHsCSl9oa8eHuBb0hMvdh_ImzrSQK1toDsa11hL3P_TgkIzgZ",
      "nome": "Time for the Game to Begin"
    },
    {
      "numero": 36,
      "url": "https://www.blogger.com/video.g?token=AD6v5dz6uo7f--jRbONmMh59NwEdISqMw5suPFnmmimeisRyqjowzEFDiN_eANeVbJR49lTnZEeZblOsPmuGhvoSD_IiQ3sPbNswOQwsL8vY8OBcgAvOYLoNaHQ0XFfLuNeDROdF50pz",
      "nome": "Finally, the Deciding Battle!"
    },
    {
      "numero": 37,
      "url": "https://www.blogger.com/video.g?token=AD6v5dz1HyZkMk1H8DLaix2YX7qN5nQCZKU9t7_i66kHol_rYd5RnGuuiiYR4uhXXwZ6Th-fZeMJ_o6RRtTzxSFBmlmDdXQUUpAd4KeJZBl7vdWl05xioaEKCEgt8CudOni6fYPm01I",
      "nome": "That Man was a Teacher"
    },
    {
      "numero": 38,
      "url": "https://www.blogger.com/video.g?token=AD6v5dzLqFdqpLdVgBurHz4oZ0ro0sw_dSr1-i-agx3QiNJ9tUtVgNcyV_SC3Q-3vXCjGVDXxaSbM3uNKpanij-z_ezekzwBvoj602kqX5UrmcqKtuOKHj9XH_WwH98zJ7RLsukbLAo",
      "nome": "The Sibling Rivalry Has Begun"
    },
    {
      "numero": 39,
      "url": "https://www.blogger.com/video.g?token=AD6v5dxoiGVRJ1ABHqnfbL8lG6P2BlWHR9ewY-JLTvvhJ_fOf7GCNXefRKHVXuogf-iq4qLtZYmxBYvujVltMmSknv3YdosaVO9m4e-uAsuEt8TIpEIQyBQU_2qaDAEOMmElJFnthT8",
      "nome": "His Brother Was a Crybaby"
    },
    {
      "numero": 40,
      "url": "https://www.blogger.com/video.g?token=AD6v5dwpeDnoyuwnX_smhPtGqyHp9kUoRr_BIJ-jgaq3P0lbeaVazbHlEj-JBT8muNhNAgF8PC5CE0LAoIPgrQDLuQEzNt61hYUy8skt1abSVamSko5remPyiS3n0RUR0kDGza0Duqw",
      "nome": "No Shoes, No Shirt, No Assassins"
    },
    {
      "numero": 41,
      "url": "https://www.blogger.com/video.g?token=AD6v5dw8pl8UTVM_4aS_l4p5QCGg3x7TN7RKzAm7_a4qcH-veMFj_OU4Tm7pqqFHNnpwdAtLdGuy7lPYshM-JqS_WEtfRsm8pDkvZbXlqNyxS4_xBQyJQ2v6pUgqNpzvcPasBit9k10",
      "nome": "On the Brink! What'll We Do?!"
    },
    {
      "numero": 42,
      "url": "https://www.blogger.com/video.g?token=AD6v5dyM416LQObP0pIqzdvQ4C_eqBey1QLeNY0ZvnJCoxrIwHwO9h2S1bm7W4D0AsVjNMhdw5BtSs8qmDQ7RvhgAbOmIj4drdu2g2zNyav5ApzRa8CdrmksX1x9T3WYIeG2Q9FCnmR1",
      "nome": "It's Time for Training"
    },
    {
      "numero": 43,
      "url": "https://www.blogger.com/video.g?token=AD6v5dziu8SXHXTEbzlmBkaMrxqi7Q--BxngLHvLt1daindus7JDdvjxO8l6WDkSvauIfsws_w-CTcd82_aPKI8JJXwrXLltuj9VeOa9rBKDSjun60G2Tgl38gbAXZm0LdObCjSkXyms",
      "nome": "Where Did Brother Disappear to?"
    },
    {
      "numero": 44,
      "url": "https://www.blogger.com/video.g?token=AD6v5dz8ugk0dCtvU6rAYGV806GbS7djgTnFMQ-Thaem2JgzMIgl8nvRgv4S_XSBVeLx8MNPPWJopGny-pQV6_NIvzoyoPooKYBU_Eqnt23mCAAN-sxbInkgWe1ugNv0tVWpvYMh7nlU",
      "nome": "I Must Become Stronger"
    },
    {
      "numero": 45,
      "url": "https://www.blogger.com/video.g?token=AD6v5dwaLjR7PkzvCxrSS-oYY3S9Svqk-51xcelvcYv4kf1ZcmdxkVFWKGwOetdOKHcxuTM6N_RjH1MNwmTMWwuA0fC_yyhG7A21xASgXzaZSfYuSIoHhw7LhH7a82AWLHTSljBEr-r7",
      "nome": "Play Games at Most One Hour a Day"
    },
    {
      "numero": 46,
      "url": "https://www.blogger.com/video.g?token=AD6v5dwGR4CmBAkyLUur1G_7TmSRSe8znKl3KidXOPuvrdGWoRZjzMsHQneH0cYES8TRcQTIkaR-fE66lVbOdGjwziZ6J_SXPjilt6Irq_VbHt-1gyEdDU-UdwlzKHX4vcrXJvbH8eWh",
      "nome": "Super Burning Combination"
    },
    {
      "numero": 47,
      "url": "https://www.blogger.com/video.g?token=AD6v5dwLCtTL_HWTEehXa7OUTxJr1zPorRIOfsn39n6bH-_rbEOgcv9qumNOWDIggIbQ0QAzANvTXb8xpCjLzachfIoTW6IyItTcwb_2c0f-5rhzhhiA1yC9Ft1BOUOfE8E6iZhOerrK",
      "nome": "Sorry to Keep You Waiting"
    },
    {
      "numero": 48,
      "url": "https://www.blogger.com/video.g?token=AD6v5dzzUl9dxU7n0IGg06I2zeZBq372qBwAE1oxdm9KroAsAKaU6m303Usqh5Q4b14z7e12VkeuXHHWDZLxZPAZ2YWYJWxue0CZs7F0P0XJtVMAC81xJ464eduHCwURgTfEKHdcoiE",
      "nome": "I Am The Parent!"
    },
    {
      "numero": 49,
      "url": "https://www.blogger.com/video.g?token=AD6v5dwbvwWwyJvGVzNvIcnFra6PaX2MUHze2pqeIj4sD0BhSdwvlhDfXvx7W5BTm-fmeMOvdVoYSRIVRP-4LqM28rj-1v2XJ9IKnx73Vd3CZfQ3ru1DECfeSYebkJvTmcHfQC2giEJH",
      "nome": "Beelzebub's New Year's Special! Beelbeel Journey to the West!"
    },
    {
      "numero": 50,
      "url": "https://www.blogger.com/video.g?token=AD6v5dxInOxpqLQnbRw6V5ClkgICdCRx1vzcPxc_o-7_Rtn3G1mAu3UKGrHTHlKCVEAoFpwm6jXtHY4rnLoVhYLwL-_EU--ryINUMrhW48bDipfYsPAbH-Egl8meAUCK419ZmBokKFJa",
      "nome": "Today I'm Different on the Inside"
    },
    {
      "numero": 51,
      "url": "https://www.blogger.com/video.g?token=AD6v5dzJ1_itgLbj26qJbbvuGjk_N-OApW_OjnAUGBsQaI010_3WAcdBXlHUeVhi33MJT1CgVI-0cZpzVggwmOQmiELgUbbS8ecr5LWn_UkCnn_GGpee4B3T6JuFoRIrJ4DBEyZbz2A",
      "nome": "Komainu-sama is Watching You"
    },
    {
      "numero": 52,
      "url": "https://www.blogger.com/video.g?token=AD6v5dw11RGNAInoAsBbC4rTr7eMZHwQTdZEYwo4ObhwFez2MFyQ6_Qc9cpFtKBqgYXq9fXKz9elAvCcCEuTomHfAzAFB6qHxaKK_8r7LvopqOwCIcrwtk-9oX_jnQ8PyJEPErPrTx0",
      "nome": "And Then There Were No Delinquents"
    },
    {
      "numero": 53,
      "url": "https://www.blogger.com/video.g?token=AD6v5dxr8hh69_gyG9a_JIaz2ylb3LLMG84E1bO62tZVdhn3WFQ-TDiBXqvmPmXibhioZYdzAydkhGXUJtKpTpFn13OdGw3HaW5t9NWtnxdkpQpDvkI0WwoHUojmpGfcPbfmG0oLe0Y",
      "nome": "Baby Beel's First Conquest\\Furuichi Falls in Love"
    },
    {
      "numero": 54,
      "url": "https://www.blogger.com/video.g?token=AD6v5dzXRYie1yFUr1Vb3bCB-gz7eYiRiCFALqJ5WoSkXKF7KBsTdjz2v15CyG7gvApjC7Qpzvk_3ASbOgJFQfj_Dbv0p_16KH6ypUTZT4XfIYSrN42dMIYrna-PFWlVo_OZqpLsLuU",
      "nome": "Black Baby Beel Grows Up"
    },
    {
      "numero": 55,
      "url": "https://www.blogger.com/video.g?token=AD6v5dzkqmqAhhyiGQwOyJJCELcy_ugVbZFxH-P84XkvBZKBaP79JoD0KxJOTkGyXr2a-nRc5JAJhqljsqgkoUcryny5-0TszNKDe7VN-H2yGYlLLuToMZURvNgYGpESr9j53PMXnaef",
      "nome": "I Have Lost My Pompadour. The Great Demon Lord Has Come."
    },
    {
      "numero": 56,
      "url": "https://www.blogger.com/video.g?token=AD6v5dwhFKePSzC136FRLWyFULAqJpjXbFPz8EZJBD8sliKtXbBWe-XgTMOBPVM0JVw4vR34bw2ffe5ULA82G2zIInO2FOrrUZr97XfTiQDnDC0NRhiYKYjdVEy6Ms7hjXLbrF8jBQs3",
      "nome": "Are You a Traitor? Is It A Time For Men?"
    },
    {
      "numero": 57,
      "url": "https://www.blogger.com/video.g?token=AD6v5dyuAXNSqCDqs7TSkuOItWm-d-96Vb4KDtxKTsKRBiThDsRjK5q5jtWnwFNTHK16L3NQws8CX7SMcloPM-JW71zOTV39mzYnZU0Kfx4fFCvljiZLCg8dUr5t8MBV7lBW9_YG2ok",
      "nome": "Won't you Eat a Manju? Won't you Get in a Mixed Bath?"
    },
    {
      "numero": 58,
      "url": "https://www.blogger.com/video.g?token=AD6v5dwRPoF4Mue6ke1nQSoaew436ATAE0U4v8CF9XFgZOpAjzwUekY-mexg3e1l8NN7UpSQkddkKT4AUurOtDsVgp6H-eAyGLYrgoMQ9dVebzSx-KpS0qLXLCJR2nDYx3Ouxmms2LoM",
      "nome": "Akumano Academy is Open"
    },
    {
      "numero": 59,
      "url": "https://www.blogger.com/video.g?token=AD6v5dxbW1b8LBaldfFmFOIsyIKMB13jLu-NRWMbf3dMOzThH7yxxwG6Lv4n3ddaurxKlqEzdmJ2ruPDS1vMfwm88l91dsVP0oIZNq4ypSC_gHKROX-xzkzBZv6kRNgANXfL9ZZPESJV",
      "nome": "We're the Strongest!"
    },
    {
      "numero": 60,
      "url": "https://www.blogger.com/video.g?token=AD6v5dzPcOxouItQSroha_EBc8aLFFT3CsRIw5YDIkPoakGTYIQKSATPJpcbgx9FiZucVUqSDL0lMG2xwmrqh1M6RzSeQS-vhaeArs6hnzhqhPqcTQnCeg4yoEDkpGlm7Da6X4S2j4Rr",
      "nome": "I Won't Say Goodbye"
    }
  ]
}