{
  "id": 37716,
  "title": "Beelzebub-jou no Okinimesu mama.",
  "title_jp": "ベルゼブブ嬢のお気に召すまま。",
  "slug": "beelzebub-jou-no-okinimesu-mama",
  "type": "legendados",
  "format": "TV",
  "images": {
    "poster": "https://cdn.myanimelist.net/images/anime/1827/95738l.webp",
    "banner": "https://cdn.myanimelist.net/images/anime/1827/95738.jpg"
  },
  "trailer": "https://www.youtube-nocookie.com/embed/txdgfgErcgw?enablejsapi=1&wmode=opaque&autoplay=1",
  "synopsis": "According to legend, Beelzebub, one of the seven princes of Hell, betrayed God and was banished from Heaven for eternity. Beelzebub now leads the kingdom of Pandemonium, where all former angels roam and work every single day of their immortal lives. A devil like him would give people chills at the mere mention of his name.\n\nBut what if Beelzebub is not as evil as initially thought? What if he was obsessed with fluffy things? And what if Beelzebub is actually a woman? \n\nThat is what new assistant Myurin discovers when he is hired to serve Her Majesty Beelzebub. She may know exactly what to do to keep Pandemonium running like clockwork, but whenever she leaves the professionalism of the office, the girl needs some assistance in order to function like a normal... devil. As much as Myurin can't stand being unprofessional, he is secretly obsessed with her adorable antics, and his new job teaches him that everything is not exactly what it seems, especially with the other head devils of Pandemonium.\n\n[Written by MAL Rewrite]",
  "score": 7.22,
  "genres": [
    "Comedy",
    "Fantasy",
    "Romance"
  ],
  "episodes": [
    {
      "numero": 1,
      "url": "https://www.blogger.com/video.g?token=AD6v5dw5dC4t6C-WyoH6Z3k0glHW3jKUSTHsBOrU-H2ocu9YQtkcQNW9bzH4WQ2EfrUD-qffd_1BRJADO_QuFH-Dq1GerMDQYp7hO0uMjDd1Chxe0nFeqISfdPZMpl1LyloP9AEp3kBw",
      "nome": "Boy Meets Fluffy Girl. / Her Highness Knows Not Her Assistant's Heart."
    },
    {
      "numero": 2,
      "url": "https://www.blogger.com/video.g?token=AD6v5dyMpc4e8Zd64jqchNXx4-agoD-Nip-y8fYlzorzhI7Tm0s6s2D_LnwRYHeMRPF4TN6qfou7t31VEnaJyce2-d-oFAK2ESRbTu5YEmknX74R2WtzUHAto0g925ok_1ZiYVDSMgl0",
      "nome": "Brother Tastes Like a Fairy Tale. / She's Here, Vibration Girl."
    },
    {
      "numero": 3,
      "url": "https://www.blogger.com/video.g?token=AD6v5dx8rNHFonDOMj97sahWxDRqVQ-CbTiWeU-uiEHUhaiL5HwZmqHF3nd2uehWOjs8X86SrvFvHz99DY_GLp5iVESXq_8M_xe3lkRfebzltD1K9HdhMyukEnPKRd5rfFU6dveV1ybL",
      "nome": "Former Angel with Wings. / The Assistant, a Complete Sadist"
    },
    {
      "numero": 4,
      "url": "https://www.blogger.com/video.g?token=AD6v5dwbQvxjY7f6rfLL1bsqnlO7lcDeDVT13r0HeEbNkDKo-_CSN2dUpQMzr47dHXRUfP_EejvYT_ABoicJj02Hb1CxhyVY_hZa6QCVFnfqaj-Rb-PnSLh9nBWcy8o-RxmfwYhsUCg",
      "nome": "Fly! Imaginary Wings. / Her Highness Checking in on Someone Sick for the First Time."
    },
    {
      "numero": 5,
      "url": "https://www.blogger.com/video.g?token=AD6v5dxa3zuqcaeCCRIHriUlDnsbnVZOL_dNUTb0NDQFaMe5zDShyKEbQXhDmIf4SzE_vp9_QebD3kvo0WpjkUtPxn0t3FQaEN09icGg-_4AV0wQjSIeulIRaJ6IKKPmVd5oPFe0Tbhp",
      "nome": "A Bit Bitter, Bibliomania. / Go Forth, with Brownies."
    },
    {
      "numero": 6,
      "url": "https://www.blogger.com/video.g?token=AD6v5dw3vJWF8PjwORExkZiLIii_66_0yfefP1oYf5066kxMUaWwGfZguvRS7YQ8xxcx_ks1jfFRG3WDr44ky4nl2FEfz0xqSbAgbyGJQCQKdAn4X0GgDqZEhraYSWO5WCQr_drh07k",
      "nome": "9 Centimeters. / Her Highness's Secret."
    },
    {
      "numero": 7,
      "url": "https://www.blogger.com/video.g?token=AD6v5dyEuL2CYw4TC7Oq83ZXb03uAvj-VlLwPuDDRZfJBF4uShAJqMfXc6N3pgf1jxdl31r5ZhPGVR7gNaGSJaKG2XE7iWW1aRjcDA2voyCWNu5lQPB_cjO38PYdetgVPAkwDoPwQ70",
      "nome": "The Pandemonium Baths Are Great. You Should Visit. / I Want to Learn More..."
    },
    {
      "numero": 8,
      "url": "https://www.blogger.com/video.g?token=AD6v5dyGXrG_XoT7_nlPUroaWEYGL6DWPwrjwa63YkuFYN2c0VmObU17gxp39JahdUFVW-jym_y4KYR1dLiMmYktvpAWJqHbrtAtfhU95hVFDcq0shsBeNxlH8_lvtc63NyapHYI40U",
      "nome": "I Want to Say \"Cute.\" / Let's Go to the Beach."
    },
    {
      "numero": 9,
      "url": "https://www.blogger.com/video.g?token=AD6v5dz_DPtQT_O1PdpwhfgOc37PeOEkjzQK1Z63pj6R86Zs_FEpr8hNMTh7Oqcm4H__VTKgE1IIEwlqmj5mlW6yJ7177iHVLNsm1_KditdriDAoAfIJ7Qa4JKts41PO2e3Ykn1Wg10",
      "nome": "They Pass Each Other by Sometimes. / I had a Dream."
    },
    {
      "numero": 10,
      "url": "https://www.blogger.com/video.g?token=AD6v5dxNR4uskZGqXPf5Detb2JdighpQyFoRWbU9rCFTOKSIfvfzk2m3rDOz7-3oJfYdQFVwyLCR3Zlr2RrcuhIj_02f5leV_X0NUZBB3vMVYxjLbqym3IbSsdRk-hkNBzRj0zESJwi5",
      "nome": "Separated by One Can of Coffee. / Your Scent on a Cold Day."
    },
    {
      "numero": 11,
      "url": "https://www.blogger.com/video.g?token=AD6v5dxhiKMhoygEu5HwEovdCKqAdeb6Qt75ULjYsgaDk-DhO_kXe-J4rl1TEkcCflsJttkI_bJg9FeqmEP1n9bhnaxraC0OwuBkgYnephyAG2Kj8jPNiAwKw1JV2DzKEcAmPrB8ZvFz",
      "nome": "Gocchin in Merryland."
    },
    {
      "numero": 12,
      "url": "https://www.blogger.com/video.g?token=AD6v5dyU9rISYzDx2QjNVGSWl_Ry2ER-RfCN0h_YftQQI_ylHtg-q0RcsGxu4zNo0SwbIOP70OFwKSGF3mD8_HX4lfwfcGPY9Zf0rSh1DuhJABsgSWVtAavg1N2WSM1NlZRoPpOkMPg",
      "nome": "Her Assistant Knows Not Her Highness's Heart. / The Name of That Feeling Is..."
    }
  ]
}