{
  "id": 39221,
  "title": "Bem",
  "title_jp": "BEM",
  "slug": "bem",
  "type": "legendados",
  "format": "TV",
  "images": {
    "poster": "https://cdn.myanimelist.net/images/anime/1127/99941l.webp",
    "banner": "https://cdn.myanimelist.net/images/anime/1127/99941.jpg"
  },
  "trailer": "https://www.youtube-nocookie.com/embed/5pTZNygIoT8?enablejsapi=1&wmode=opaque&autoplay=1",
  "synopsis": "Young detective Sonia Summers has been transferred to the outskirts of the port city Libra after stirring up trouble with her superiors. Libra is separated into two sectors—\"the Upper,\" the center of wealth and politics, and \"the Outside.\" The Outside is home to crime, corruption, and curious incidents involving monstrosities or youkai. Each case that Sonia works on seems to implicate the involvement of these mysterious creatures.\n\nSonia crosses paths with three peculiar humanoid youkai—Bem, Bela and Belo—who seek to protect humans and fight against the evil youkai that terrorize them. Living as \"Youkai-Ningen,\" they are excluded by other youkai for their human-like lifestyles, and rejected and hurt by humans when they reveal their true forms.\n\nDespite the hardships they face, these three Youkai-Ningen secretly live among humans, continuing to pursue their dreams of one day becoming human as well.\n\n[Written by MAL Rewrite]",
  "score": 6.08,
  "genres": [
    "Action",
    "Supernatural"
  ],
  "episodes": [
    {
      "numero": 1,
      "url": "https://www.blogger.com/video.g?token=AD6v5dyKDCFckSD6SW0eMlTrWgoWuzlKmlSW0qpmXUf8NEbHOuXgZc01HDeS4oXvRUFnNdyEcUXfVAVGWHxFq_WNwJ_rs6riWVBq7yulPYNmZvG9sJQoYivHOhYtxr2HTMpxnHU7GQ",
      "nome": "Water"
    },
    {
      "numero": 2,
      "url": "https://www.blogger.com/video.g?token=AD6v5dwkjbgTITDuSHIVWItagKfPjEIQRe1PqIWupPKvFPfF3PmVCdQr-4Q00xvO9rihyNsXViPgGbPciTre8Yw5eW6rwKUX2uZXp-vOT8xGTvjx02QyfrxUdJclQkWfGaLtC-KMZrc",
      "nome": "Liar"
    },
    {
      "numero": 3,
      "url": "https://www.blogger.com/video.g?token=AD6v5dzeAaSTJqmbg-hG4mlFWadwA61PTcYlxM51ezAzEV2z92rpVbQl2QjaFzHCyWKdRsXaY-8tiaUTfLXJQ0zKpUdOrJRy8_j8xLp9gZHZWqCUFW-TLldp4UKBBacz_OBaEcXRm2lk",
      "nome": "Shadow"
    },
    {
      "numero": 4,
      "url": "https://www.blogger.com/video.g?token=AD6v5dyjjddOA7qn2g2m3QV81QL9_Dz4bGu-6nObgiifXulrIUwuHkS_IWNBNq6wC41e8FwuMBF3WVhUytoIVbpNiL4DcD3A9GE2N7Byq0sCZt08SJgp-8qjepXxc5rgeaGlhPBrVx0",
      "nome": "Lightning"
    },
    {
      "numero": 5,
      "url": "https://www.blogger.com/video.g?token=AD6v5dx7ShL41pNc3h244mwVMOH-0p7ILl87A1WNWE_ebiQlRW1jH9S2KRHiksNZysrOpETUpreJE67fecDAAt_7O4rJJOKksscUQUsTxltygtZFOxW0GOodpj-G5nlHkcmfk_S7AoE",
      "nome": "Sweeper"
    },
    {
      "numero": 6,
      "url": "https://www.blogger.com/video.g?token=AD6v5dy1YUIUay8IB4b6YKY6_WXpVy7UtCy6OPu6fIAhRcfRjWoIwoNWFN3xJ6PFgqwf7US9DM4EMGbF5mX1RLz4aDI5eVxeA6eAVgsNiiyVukcaEbjW3Q8YJfGEVhu27AuiqqhMnmjS",
      "nome": "Gravity"
    },
    {
      "numero": 7,
      "url": "https://www.blogger.com/video.g?token=AD6v5dw5PgimfgJE8KX1XELiBRtaHvoVF9L13arKgGpALiDKacouBr4TayUJph8Prg7DKdIcCDNOqB0xZfvuoLvgrsEdz1S8dcItj8x1RErgvX8_k9e0cvNyaMz-VRRJh4senfy4YGQ",
      "nome": "Chimera"
    },
    {
      "numero": 8,
      "url": "https://www.blogger.com/video.g?token=AD6v5dxIC7eZxdQtkYju9hN4rkSTnVTRJpq5VSV5rcSSXftC3rj9U1hoaHJh-Ly8d_3hCy2AJSjJKn0ClkNRaxYepGTUMW-VXE4FtRh-1UFYvBnPqOoTCLYvYfzVuwSSH_SWPGt55b4J",
      "nome": "Noise"
    },
    {
      "numero": 9,
      "url": "https://www.blogger.com/video.g?token=AD6v5dysC2Iv52O3wIky9571zYWIakU5CqV89UGlXz-5YPtjvY-SqRZfyXJe9zmnUPe30pqHfgMOHPd9htYKCT_uwC0IdEdvrjNC7Lprf3NFpEwQSwAQ0OmMfZsplkcSVgSnjJcK4pU",
      "nome": "Falling"
    },
    {
      "numero": 10,
      "url": "https://www.blogger.com/video.g?token=AD6v5dzPd5En2V-QhMZW4GjCofgADRcYCAZaDSKVvTXOGOfgIAwcPYXMyOa_aLLCUfXY314HS7kGdJ_qyHOR5VJZU5Fz1FhwJVsMSOTDoRH-8VgiUF2AjcyTgSDh7ZcMmLnOeJss8bEY",
      "nome": "Betrayal"
    },
    {
      "numero": 11,
      "url": "https://www.blogger.com/video.g?token=AD6v5dx1P51lrRG8c5YOfyNzzKvhFsWdETUaB85_TYwdJVGOvXsFZHjwEHCcmXcO9VbaUegLu_H8Dn1L6IaKdqUP7ZgOADDMLVuBsrZL_69duP78CYOZsg1UcFNeVeUe3bM9eJlzA_8g",
      "nome": "Judgement"
    },
    {
      "numero": 12,
      "url": "https://www.blogger.com/video.g?token=AD6v5dyewba_-TFQ_129-83fe7CY3-8d-t7UpIjXOegE9ItPHzF8OGmxC497rv-9CBuhd5epcAlj5JsOqGxtvVA-4UZpZ5-nWhiHQ0fuqeAGdV1--do3JRnq0Dg1Eq5ZRYk86RoIdM8",
      "nome": "Wishing to Become Human Someday"
    }
  ]
}