{
  "id": 10396,
  "title": "Ben-To",
  "title_jp": "ベン・トー",
  "slug": "ben-to",
  "type": "legendados",
  "format": "TV",
  "images": {
    "poster": "https://cdn.myanimelist.net/images/anime/12/73984l.webp",
    "banner": "https://cdn.myanimelist.net/images/anime/12/73984.jpg"
  },
  "trailer": "https://www.youtube-nocookie.com/embed/mGeb_nyoMQ4?enablejsapi=1&wmode=opaque&autoplay=1",
  "synopsis": "The supermarket is an important building in any city, for they provide a convenient way to purchase a variety of food in a family-friendly, safe environment. However, these stores changes in the blink of an eye once the unsold bento boxes go on their nightly half-off sales! War breaks out and friends become foes as each person fights for honor, pride, and dinner. There are no longer any people in these supermarkets, only Wolves and Dogs⁠—winners and losers.\n\nHigh schooler You Satou is painfully introduced to these battles after unknowingly stumbling into the war zone, but instead of choosing to avoid these nightly fights, he wants to join in. After seeing Satou's lack of fighting skills, upperclassman and Wolf Sen Yarizui invites him and Hana Oshiroi, a girl who enjoys spectating the brawls, to join her Half-Priced Food Lovers Club to show them the distinction between the Dogs and the Wolves. Together, they learn what it truly means to fight for your food.\n\n[Written by MAL Rewrite]",
  "score": 7.18,
  "genres": [
    "Action",
    "Comedy",
    "Gourmet"
  ],
  "episodes": [
    {
      "numero": 1,
      "url": "https://www.blogger.com/video.g?token=AD6v5dwtHwng0edeg8E6-yZ2Gl77oemveqYFYBBH_BJSbXJ0pXTF-OypaufCtRwrvr8NgDLn-A74vfKIVII0lc3FIheRCf6QcH6iDOChbJaQNhiGEt1iKP5ClGtPMblEllKycBM6-b2n",
      "nome": "Be Sticky, Natto Okra Rice Bowl Dish with Cheese Topping Bento 440kcal"
    },
    {
      "numero": 2,
      "url": "https://www.blogger.com/video.g?token=AD6v5dzp0tn7tD3wYzHelUnRI8V9M0HOXvRGiytjvyo0OLji5sw_kAtXnEDzVEebBP0KN5xla90XOkt_G4zVBoxRNPi4MAv7EjzMSx9S-TBFKeYGnKzZedJgZCmsSSnE6MK1Zcu5WGh5",
      "nome": "Mackerel Boiled in Miso Bento 674kcal"
    },
    {
      "numero": 3,
      "url": "https://www.blogger.com/video.g?token=AD6v5dzBDnbB-8CFIQRDHweItZauVeyL0LtqsDgk-R0oWoxJrw1Sn-pbsf_DjwZCG_RcWIz6DYeN77XhHKvPNLLDye1Wt237qrm9F7o2Zh31h1WskVXu9GiqpVn0H4g06uOwfI-uhKbq",
      "nome": "Large Serving of Cheese-Filled Cutlet Curry 1080kcal"
    },
    {
      "numero": 4,
      "url": "https://www.blogger.com/video.g?token=AD6v5dzPJdCuxFqnS26Tmg8Wdw89GMSnSlRCwLkYcudGtFodBDUWjHNYSIobDm3Ddhj4mnRu4DKkVuse-cux3IwBZcxcMot_Xiq4WHVG4pbS1uTiK-4wQgnGXKBXQ3cxe9iksKy-jdu-",
      "nome": "Ginger Fried Pork Bento 852kcal"
    },
    {
      "numero": 5,
      "url": "https://www.blogger.com/video.g?token=AD6v5dzHuovhBdJvbPJP04dlJc1os9UxwdvIbZuet9y4nI19YbmKg-QdwzjS9fiDHI5LV-PyyRlQtu3FAfvUjQFYA1ivpdpxHKTIzGy1qHhSxNt_DKqoKKordbMdsYtKAkCh4eD-BWhH",
      "nome": "Fish Soup with Hokkaido Salmon 326kcal"
    },
    {
      "numero": 6,
      "url": "https://www.blogger.com/video.g?token=AD6v5dyJrS77Inpe1REOn9pS8T_fbnLR582nuHlBozg-GimjhQjHFQV42cfrEPq_vMs1UXOsnfMpOki31avxmzd46n9-jaLzYSEJ3oZzsHBYLNKr5tLyfkbYuElVj-5Uusa26ulNTzQw",
      "nome": "Special Japanese Fried Chicken Bento 795kcal"
    },
    {
      "numero": 7,
      "url": "https://www.blogger.com/video.g?token=AD6v5dzsHJPKqOZJKo2OriIFsHPrTuktU-6_op41Q3JVk7suMkTwCDlDqb7z3FAEwyOgUSRCK_MnEq1thPf7-LLwmSroiPje8XSy6vLS_aeysVbddX8TqYtAV4DXDTYqkb8j7tMdTzU",
      "nome": "Omelettits Bento 752kcal and Tent of Loco Moco Bento 1100kcal"
    },
    {
      "numero": 8,
      "url": "https://www.blogger.com/video.g?token=AD6v5dxvH6S-8uhcU1Dp8Rv7f53m7TxkMyzMHl_y9WFm5wmj3vFECqMm0qkgkr64Zmo7G3-CWawHzU7ZZJSUE6ZMR8LMRnb_7y_Nd0UptdTc8KDa7JPzy8vsMuRq_lobrkvOhrwQUfM",
      "nome": "Hamburg Steak Loaded with Garlic Chives Bento 765kcal"
    },
    {
      "numero": 9,
      "url": "https://www.blogger.com/video.g?token=AD6v5dzRlmybX5UqSzWmgP8ZEX6QCvPREG1t7iRu8VqgfkgnS1yDLTNl1tlxCbpxmadbx259ZQbIoB27dDBiwFmfch9FN7rVxNo4bfRInUIl_Bo98BjVZzxV4tv-MDVwNlWW4Z-cx-4",
      "nome": "Deluxe Western and Japanese Food Assortment 2910kcal and Piping Hot Porridge Bento 340kcal"
    },
    {
      "numero": 10,
      "url": "https://www.blogger.com/video.g?token=AD6v5dzFP_d_bWkNZ26X5pbCXPBnznmgAaxLQuDhFuUxpSiuHA_RjPrk53F9bw3kXUBFHl-vJVWI2SBfC5OintcQuKZRlMgv7g-Cd8FM-HX_JmWfxh9aOwWpTXPq1dFI_GYWG0OKEC0",
      "nome": "A Warm, Gentle Flavor I Remember from Long Ago at My Grandmother's House. A Japanese Dish Easy on Both Mind and Body. Plum and Dried Sardines over Rice with Plenty of Stewed Seasonal Vegetables Bento 480kcal"
    },
    {
      "numero": 11,
      "url": "https://www.blogger.com/video.g?token=AD6v5dywdOhH8DRhpmSKCpfKbaajhPDZsHCxpthMk9q_vIU3Hs2NdZX_Q4Wjz2Zbq6nMlh-Muj2ER-rFxSYWovAj9n6UwZR-mZAnOrAZmvDIf5PfrGWZUsX_jG7wHdmv2FCUJumiuNK-",
      "nome": "Pocari Sweat 125kcal"
    },
    {
      "numero": 12,
      "url": "https://www.blogger.com/video.g?token=AD6v5dw-e1caupkt9Do4PrZpjRfxisoxwxVVpqX8C9x09N7n5kKzXx7pdQfcXQOXrpkrlubxXADdEBh20Ma5uUuUU8KcKLcwQgi0bPDq8nArTME1rEjMF-FnxQ8JGlhE3_jITrrB",
      "nome": "Domestic Eel Bento 790kcal"
    }
  ]
}