{
  "id": 38199,
  "title": "Bermuda Triangle: Colorful Pastrale",
  "title_jp": "バミューダトライアングル ～カラフル・パストラーレ～",
  "slug": "bermuda-triangle-colorful-pastrale",
  "type": "legendados",
  "format": "TV",
  "images": {
    "poster": "https://cdn.myanimelist.net/images/anime/1449/93947l.webp",
    "banner": "https://cdn.myanimelist.net/images/anime/1449/93947.jpg"
  },
  "trailer": "https://www.youtube-nocookie.com/embed/CSrlEJ3VqI8?enablejsapi=1&wmode=opaque&autoplay=1",
  "synopsis": "The glittering spotlights. The sparkling, fluffy, cute outfits. The charming voices while dancing with bright smiles. Under the dazzling lights on the big city stage, these would be the mermaid idols who swim and dance freely underwater.\n\nBut far from this big city, the girls once lived in the peaceful village of Parrel. These girls, who would not even imagine such a glittering future for themselves, are instead just raising a fuss over the snack cakes they are eating. This is the story of the cheerful daily life of mermaids who strive their hardest everyday.\n\n(Source: Official website)",
  "score": 5.52,
  "genres": [
    "Fantasy"
  ],
  "episodes": [
    {
      "numero": 1,
      "url": "https://www.blogger.com/video.g?token=AD6v5dwdEQOsZcUCgt7QTGoQvTN_8Cf4aps566PYFoZXT3YByCXthKo-8UfkBa_6HbUm41Eg19G5FM9T6ZqPzMvafuQb5z37fvenNDZpplAhlxcaW5_w20acYFhy9mcHi4RDbffYUg",
      "nome": "Welcome to Parrel"
    },
    {
      "numero": 2,
      "url": "https://www.blogger.com/video.g?token=AD6v5dyEDlmWBMdl-g_VjMfqvhCuycZkS9kDv2JNfmtM_St7mMHOTkmeB6XS-FTthBEgqpQYwb1KZqULtu-PK3u40KbMMUbidiHJnmlU8j_Ns4ZyGEVvgoyUPO8A4pdRbb4yAsAj6_DB",
      "nome": "So Many Cineorbs"
    },
    {
      "numero": 3,
      "url": "https://www.blogger.com/video.g?token=AD6v5dzvOKMVh1COjb2Hl2qddg_OqDnnnKaW17jglTtbr7f8Uzn1AG_hmEp11S0esDcDNKcIj-klN8p3IYUSpMe4847KnabAX7egAI8HO7eWjV_vvVB9AxxLbNuZLwXYklh_7_OF0w",
      "nome": "Five of Us, Together"
    },
    {
      "numero": 4,
      "url": "https://www.blogger.com/video.g?token=AD6v5dzeoM2wh9PY06qfVroAs-YAiPOT8lm6waqUCF-xEVefj7cKaN-HPGVsM5VzhYuspftr9rNM8e8T8lvOztyCCNP4rcqpIK0CYuM4BstqPyTZL8u6AiMMUvrrF-WMBRpMn1EdIYmR",
      "nome": "Boldly, with Everything You've Got"
    },
    {
      "numero": 5,
      "url": "https://www.blogger.com/video.g?token=AD6v5dx3rWbfdvW5cTusexMXifhDe7WqvDkMLJcJomURdoh8yY7zfgCr-o7OIptF2FWWwUVEEOtduID8m9N-Wf_t2M3-3O5lwbH_P2j1ExpNHW9tPXUpGp_y2683UHXh7BXEh4IgUzo",
      "nome": "Surprise and Excitement"
    },
    {
      "numero": 6,
      "url": "https://www.blogger.com/video.g?token=AD6v5dxvEAJE0QMwXiBPpiexByEkT1D4GQBdGsYxE4QC4nFlXkGouQE4CmIVRiuR8dBDYNjq73mH9KZMnVH7cuN4UGRF84PH9I3MfGkW697exiyrCQ1Yfmjvpr2oY30XPRtqL4sHignQ",
      "nome": "Tell Me Your Name"
    },
    {
      "numero": 7,
      "url": "https://www.blogger.com/video.g?token=AD6v5dwmnaPjTadUYQyfm8_yRRGzN9gCliIBLdTf7p6LtwPxX28Nfa3TMHCvYW0TYrMLB4xftRG8XvYweWPgj_h4p1tuGK-z7OozFh0i2GBjowz7LoQP2ORWjatNjPbbC1zlJBk3wQ_7",
      "nome": "So, I'll Just Have it All"
    },
    {
      "numero": 8,
      "url": "https://www.blogger.com/video.g?token=AD6v5dxf6qfIroIJIpoQNxRjGo0PzM-5u-uGozhLaYO_idwqo4yzjeHCdPgMeTsMLAIDhUZwN8Up46SEwzmGFigp64K6A0y36B5kURPIUYb2uxXw1DcyxrEmepp9m-d_0CSpbJju31I",
      "nome": "Well, Those are Called Shoes"
    },
    {
      "numero": 9,
      "url": "https://www.blogger.com/video.g?token=AD6v5dxkd5Lo20wUx8tpBJNSoSesOPus2X41ks8qmmoLXtGjoPTrb3vlA13-Z5UoRKIfXdMEV3XBxTIgwhynAAMPkBOAPZMKD4GgrejGBlo3suMb-b__Jg29I4u6pREq-VZubEYC5QO8",
      "nome": "Hey, Do You Want Some, Too?"
    },
    {
      "numero": 10,
      "url": "https://www.blogger.com/video.g?token=AD6v5dyV6Yc3hB91GxUDNopZG2tAUegy5VuxMQjWVuKHz-SVrRqWtC_viRv09tBzrriMYgBMPmJU6TWP7bcXCdk3pBYC0xEnQoxVB-kI4pYaahYrkeBf_mCegNAog2LjjnubramRBuh2",
      "nome": "How Do You Take This, Anyway?"
    },
    {
      "numero": 11,
      "url": "https://www.blogger.com/video.g?token=AD6v5dzzfWj0lSNsS3_5Tuh8Rbh8YBiLLtYnSdWFIYUATtpNJrIHhld-8Q0YNhR3Jr3DYFYx8FdwjAvplPfZQPAzN5ZCPWm5JahA5RWxoiOBgBe4CBsM-ZbgQpoUixbOCsjDzZ2l4m8",
      "nome": "This Song's..."
    },
    {
      "numero": 12,
      "url": "https://www.blogger.com/video.g?token=AD6v5dyXvACY1zZOZ-604RnHcIXx0yBBjTQYd96ur9LJm61MdVFd_PiMvHmDe4CHdcvevAfxpMNvcNIYjUfs7l7I4gVN4DZBiHXVyFOqS_BubQ5c8vRq9vdHW1gatTfS7bhhUbOWgLU",
      "nome": "Become a Small Light, and Shine"
    }
  ]
}