{
  "id": 33462,
  "title": "Bernard-jou Iwaku.",
  "title_jp": "バーナード嬢曰く。",
  "slug": "bernard-jou-iwaku",
  "type": "legendados",
  "format": "TV",
  "images": {
    "poster": "https://cdn.myanimelist.net/images/anime/11/81589l.webp",
    "banner": "https://cdn.myanimelist.net/images/anime/11/81589.jpg"
  },
  "trailer": "https://www.youtube-nocookie.com/embed/fEPv6cRP44M?enablejsapi=1&wmode=opaque&autoplay=1",
  "synopsis": "​Sawako Machida—or \"Miss Bernard,\" as she prefers to be called—can frequently be found in the school library with a book in hand. Whether or not she has read it, however, is another matter entirely. In her own words, Sawako finds it too much work to actually read, and would rather just make others believe she spends a lot of time reading. But in the same library where she constantly hangs out, there are other students who love books and are quite upset with her disdainful approach to reading their favorite titles.\n\nAs she pretends to read and discuss great literary works amid eccentric book lovers, Sawako finds herself learning something after all, as well as making new friends along the way.\n\n[Written by MAL Rewrite]",
  "score": 5.96,
  "genres": [
    "Comedy"
  ],
  "episodes": [
    {
      "numero": 1,
      "url": "https://www.blogger.com/video.g?token=AD6v5dx-kPS-zJYmldREmKlEhbG6gobYWPdueQGZAhW-GPAzal5fErTg2iBg-PqqGefR-EkwYqfm_OA4ZPGZxOQTPLBU9PnsiSqn_7k7pheG5D_hldoQBpMB5s4YTChf3-xAU747wTqT",
      "nome": "Miss Bernard Said"
    },
    {
      "numero": 2,
      "url": "https://lightspeedst.net/s3/mp4/bernard-jou-iwaku/sd/2.mp4",
      "nome": "The Library"
    },
    {
      "numero": 3,
      "url": "https://www.blogger.com/video.g?token=AD6v5dypy_d59AaEb0mGu10oy8acVwIZnKMxZXWfa1gAHIgmyuOo6vq6DfuW9tp_M4oXMFC7tPpgyTTx3OwqF8NuaNKToSMnLnSldD2vZreZnhvz2TMM0-rRjhxDU1llXsmwlvF8xqk",
      "nome": "Murakami Haruki and SF and Stuff"
    },
    {
      "numero": 4,
      "url": "https://www.blogger.com/video.g?token=AD6v5dyG0PdzLrtC7dPa-5Tcm5F6vly3IUJXxc2M2f-VctjcXjmNkpIp7Y_L_8I0LzLsVvq_pDmc1C6K0LUxEAvCrvn3fXfWngScsyp8kumROEi2_OzVGH-BuxLQePpUMyKx0M2zq9KH",
      "nome": "POP"
    },
    {
      "numero": 5,
      "url": "https://www.blogger.com/video.g?token=AD6v5dyZa6qV2VIhe9N9RlxS9e_h27vGKy-qkuGYJ96GN-zVREmOqLSo6stLNn-QBl0n5g29wuzZ5Y9-aXkDlIMCQMGK4xArp-lemWSHeLbAoMQDViTEROH_jBixwIFhCEraJVbJ_Xg",
      "nome": "Japan's Three Greatest Mystery Novels"
    },
    {
      "numero": 6,
      "url": "https://www.blogger.com/video.g?token=AD6v5dyA-7pOdqKRiGP8oThUbaT7NZriwqtw2c7HXpR9E6HZVYCycyNjiuNxcuteasV55PyrgoN3RSJxSys8tQle0hj6-u-zzxWv3-gqzrth43ellL2clNREtZ9MxzJi8BxKzwjKOvam",
      "nome": "Shelter from the Rain"
    },
    {
      "numero": 7,
      "url": "https://www.blogger.com/video.g?token=AD6v5dy5VpxZRhR_ms87b4xEYBlv8VnXjeTYlNHEWQThtmOSWoYkgdfQR7ON7DYHd_fmHR8tXQgSd_Rr4unVvmA6F2SdXKI2PAE0toUdAtfXaS0QYlYEIJWHYTSqg7nYQpIN-hbfMXQ",
      "nome": "Used Bookstores"
    },
    {
      "numero": 8,
      "url": "https://www.blogger.com/video.g?token=AD6v5dzSkGufpMUNjaf_nXS3-BeJ0oWnJL2TvGHJsJ3Yr7ehr77ql15E8Hhlg-1AiRb9UO-LXNCpQqJpuqquTieLOHW3WFOJTmriNH-0DOBi_8HyFLWhiMh5IsEaL6sW7NmNV1GOZxQ",
      "nome": "Fermat's Last Theorem"
    },
    {
      "numero": 9,
      "url": "https://www.blogger.com/video.g?token=AD6v5dyhkAdKGuBLVSzxv81e2QvKfuE-REVCBcmbzU1JrkAwddSiDHuRmc6xy5O8I3s3pXkoDlS_spIaxFTH73qgSUKhvWYA_uYQW_bodDJKTZA-Ruk6YO7PiTIBGBBTAgnp0NTJx7wH",
      "nome": "Bus Stop"
    },
    {
      "numero": 10,
      "url": "https://www.blogger.com/video.g?token=AD6v5dyvwn4VpbrxpBara7O9A7Qbk6shvisgYYLCrn6i8DRgWt3c_R5l3nvpGrTjnPOYdhrWE1TbJoRPKHJydvt3oQndo7wUfXvbMDW5o6mkdeT8n6c8Z-4Nah0QqYE175APlIqMjJd1",
      "nome": "A Day Without Machida Sawako"
    }
  ]
}