{
  "id": 34055,
  "title": "Berserk 2nd Season",
  "title_jp": "ベルセルク",
  "slug": "berserk-2nd-season",
  "type": "legendados",
  "format": "TV",
  "images": {
    "poster": "https://cdn.myanimelist.net/images/anime/12/85296l.webp",
    "banner": "https://cdn.myanimelist.net/images/anime/12/85296.jpg"
  },
  "trailer": "https://www.youtube-nocookie.com/embed/tbx0PAsWiKw?enablejsapi=1&wmode=opaque&autoplay=1",
  "synopsis": "Demons have now become commonplace around the kingdom of Midland, which has fallen into chaos. The swordsman Guts still cannot stay in one place for long due to his demonic brand. He could always manage to protect himself when he was alone, but now he has the added challenge of protecting former Commander Casca, a shell of her former self who neither remembers nor trusts him. They never have a moment's rest with the constant threat of demons, and they need a place where Casca will be safe till they find a way to heal her. Their elf ally, Puck, tells of the mystical land of Elfhelm, which is supposed to be a safe haven from the demons that ravage the lands. Tired and with only a vague hope, they struggle on to find a place to live—and they still need to find those responsible for the madness they are forced to endure. \n\n[Written by MAL Rewrite]",
  "score": 6.57,
  "genres": [
    "Action",
    "Adventure",
    "Drama",
    "Fantasy",
    "Horror"
  ],
  "episodes": [
    {
      "numero": 1,
      "url": "https://www.blogger.com/video.g?token=AD6v5dyG4gWBjIOx2LYRvKMvXdYYi3MSCYIiaUB1gDHYIwl94biX_kz60wLQ6xhq_aP4_dwKFDfJ5OF3PJaz1Sp6kHAkivlV4jCJJ3esPPgLSy__fv__Qw3wLeksUwbWUbgo-koCOSiJ",
      "nome": "The Rent World"
    },
    {
      "numero": 2,
      "url": "https://www.blogger.com/video.g?token=AD6v5dyz7BZ9Cftp1CahltTpyJS9tj6D1NR0nqOIvh5Po2t5uCPLm5VZvUcng7CO2ZJwC6GQwmSbBCwMSCQIW-Ct-zH4cp_mJGNWKjdn6BtSUONM5LPriJEcLGhm5Yp1ENPwD2bTaBk",
      "nome": "Winter Journey"
    },
    {
      "numero": 3,
      "url": "https://www.blogger.com/video.g?token=AD6v5dwB9gap_RzysGvA1RfmuB7tUmsjKaJ-fFNDjbx9sHnqRby7AU2cI2cEjhd8hvfF7GDGxeSG1w13cVgOUKKWh1v7xKgVoOahmIoeMG3mktGBS4TscKkNTKYGRA8MuZfn7SwTYBw",
      "nome": "Banner of the Flying Sword"
    },
    {
      "numero": 4,
      "url": "https://www.blogger.com/video.g?token=AD6v5dxXMcSoi6LlDf9Qers_wZd1dKn9vOOuZdcFX_NEHO8X1q8yDHGNtIuFX-goO9tWeORYW9Sbwsis87mvYb1-EYeolYICxR-HrtMQkg_zKbElE-Hh3D-uzQZjxHY4woRyXdss43M",
      "nome": "Forest of Demonic Beasts"
    },
    {
      "numero": 5,
      "url": "https://www.blogger.com/video.g?token=AD6v5dx_wAa4XK4lPvMvFh2uSFxWwETlVfIl0LZBXw80Rdks7OLr2M-SP8FIz2C9R2NKtkzlx-eUJX9YR8iP00v1Z78XKLWVu2nn8HGXWjLkVnD8VuYGSxCBzYPv2MxkHuQNWE2s2t0",
      "nome": "Spirit Realm"
    },
    {
      "numero": 6,
      "url": "https://www.blogger.com/video.g?token=AD6v5dybFWZp5zBitvnIDLf4wMXOQQ4BF-75diR4mVcs0pFv2cba5-T3E5ckIBI7yIenCTTSwVp-No0MMRar8JBe2VUftmIFL4JaCm6AXqKE8P7U720BJg4eslK32EG5ycgXUKC2bCU",
      "nome": "Fight for Survival Against the Demonic Legion"
    },
    {
      "numero": 7,
      "url": "https://www.blogger.com/video.g?token=AD6v5dzqWRQlUOkA9yXjIvMEZR-Pk_-jCmlusMjzQCeeFkoetopjYNT-L-K0EvrkZLNiZJ388IQdaznX_betLxZehtcMtIE2DDvTNXNr14G1i4qa-nX20p2imsMziGTL91Vxq5wpvJRQ",
      "nome": "The Arcana of Invocation"
    },
    {
      "numero": 8,
      "url": "https://www.blogger.com/video.g?token=AD6v5dxGwsok2Sn-QtBs2p9qDPciuDZZ50ucSv8-SmhytG0U2QW_fhtNBnIF60NEBtVsrozQ6HN4R6GUPvsqcCHqzfn1tvnAkGH92HKfTSweBE-DpP8wGmEMrWDPmGXF0hBI8JbAb_MJ",
      "nome": "The Corruption of Qliphoth"
    },
    {
      "numero": 9,
      "url": "https://www.blogger.com/video.g?token=AD6v5dwyUoYlah2o6Lj8dcn1VcyjsBk3omGUQaY72PzC4XEhlKgflODuIgXIIOyvkC2AA2wWdzHdsZfF0da5CEXQJl0Mojhgkq0zyppRHd67amCSIwjc932GrZjvta1zhhDJwfDVNNNF",
      "nome": "The Berserker Armor"
    },
    {
      "numero": 10,
      "url": "https://www.blogger.com/video.g?token=AD6v5dxWCKhy8VDN8Wr21GO1uWsao4XCq4_OLwFuIlSW1xlTxWDgig7bLRIErBAQCLr3xB-CCPmzUqCkRGLG0uHUerJRA0ywJlo4u0gNG5O2UjJiJZNY1zgmwadn3pOKTK_NoxsZBSI",
      "nome": "A Journey Begins in Flames"
    },
    {
      "numero": 11,
      "url": "https://www.blogger.com/video.g?token=AD6v5dx3aO9AhoVGyIDxcoHDvB8s-b7WjN3ZRKiS4aQqci8TqpdFugB2fmArQf8b1lxEo4sLgDw-B7n6sjByFUrh5z-Xe6AD1aBuedebu0hhXhUygwDpQvNeERnKPTRwX3OrBHluQQTH",
      "nome": "Proclaimed Omens"
    },
    {
      "numero": 12,
      "url": "https://www.blogger.com/video.g?token=AD6v5dwxEeaYKJvbKA2b1Uw7UMq_CuilneYgNlBTIxGJ6KMq4pgrQXcSNwyG8TQcR2v6GUjT8CQzjxarKKpwXLyZMAdvnzlw2RJ1ZK-3v008T1_vV3Cz8WgErD_MllFC-gubRal5SKw",
      "nome": "City of Humans"
    },
    {
      "numero": 13,
      "url": "https://www.blogger.com/video.g?token=AD6v5dwqxwl_qBVeaFflAQyUPm917Mx3GijCXKzTSDNCmMi9nUATAajf6bVdkfefswZxFHXlhFxQmi08DDplLoNxUQbILlD1cJE8tIqE2MlY6wiBE2oeUcOkwstV7VDo6uKbR--hBJMt"
    }
  ]
}