{
  "id": 32379,
  "title": "Berserk",
  "title_jp": "ベルセルク",
  "slug": "berserk",
  "type": "legendados",
  "format": "TV",
  "images": {
    "poster": "https://cdn.myanimelist.net/images/anime/10/79352l.webp",
    "banner": "https://cdn.myanimelist.net/images/anime/10/79352.jpg"
  },
  "trailer": "https://www.youtube-nocookie.com/embed/XQr7LvFZrlE?enablejsapi=1&wmode=opaque&autoplay=1",
  "synopsis": "Now branded for death and destined to be hunted by demons until the day he dies, Guts embarks on a journey to defy such a gruesome fate, as waves of beasts relentlessly pursue him. Steeling his resolve, he takes up the monstrous blade Dragonslayer and vows to exact vengeance on the one responsible, hunting down the very man he once looked up to and considered a friend.\n\nAlong the way, he encounters some unlikely allies, such as a small elf named Puck, and Isidro, a young thief looking to learn swordsmanship from the former mercenary. As the ragtag group slowly comes together after having decided to join Guts in his quest, they will face incredible danger unlike anything they have ever experienced before.\n\n[Written by MAL Rewrite]",
  "score": 6.34,
  "genres": [
    "Action",
    "Adventure",
    "Drama",
    "Fantasy",
    "Horror"
  ],
  "episodes": [
    {
      "numero": 1,
      "url": "https://www.blogger.com/video.g?token=AD6v5dxhnbgBwvamrGHb6Y4MlpIvPFy-laEFcY_72jT3Rz2EreXFDkeK3ZL1XDSVfIn9OhdYwbrKfk__zOy4-r-Zo50I_sTTWOEHeahaMhuryycFx44ILaDY5fpYrE5h6GeFK7eTfbVT",
      "nome": "The Branded Swordsman"
    },
    {
      "numero": 2,
      "url": "https://www.blogger.com/video.g?token=AD6v5dxZ6ix-F-V0UuZ5G4z3Wa88CLx-8SjKIxKJPyO-qfAbbZmUDaRTsYIdBqyb0XMqikf7vj2SqEF9wggibUQd4cGqvxLw7mOct8B06VHU-SIXIaLUt-4XtczOU6Q1pd4a5rqVuyxv",
      "nome": "The Holy Iron Chain Knights"
    },
    {
      "numero": 3,
      "url": "https://www.blogger.com/video.g?token=AD6v5dyhP-Hy1lEEBBDLxnprSXLBf9Yl3ImqGXNttHvMZmvZ4o6Zkk-bE0qiV1bdqQkxLpAlhbe8ogE77ZI_lrNiWp8z9cDHYGLxsmlQo2flkfwbxdEK5vVZXVQp-tzbpCb-ZQo9VUU",
      "nome": "Night of Miracles"
    },
    {
      "numero": 4,
      "url": "https://www.blogger.com/video.g?token=AD6v5dwIB4AH8-hgSzXyJDIeFVhvNAr0JtI_8GtQnEu2Xz8GUH0FqfAsbuanfmpaeUjUZTKuwrhx0YeVKlvv8-IxpJT92kyCjTtgcu_axTcPsF8EDN6QYkRJTTdfMakIfvWU6eolPAA",
      "nome": "Epiphany"
    },
    {
      "numero": 5,
      "url": "https://www.blogger.com/video.g?token=AD6v5dxRhInQyJIdSg-l5I9ceIVvxR84QM6yXII8xXWN9aZ67UmICcbspAdWAXh-FfJ-CwBcJHhJzOEKom68wuuNFZOIiT1RAGRVsjN386TRxhLiRoUbTFd1agDdN9tJiwsxpcUX5Q",
      "nome": "Tower of Conviction"
    },
    {
      "numero": 6,
      "url": "https://www.blogger.com/video.g?token=AD6v5dzP5tndXFPxz7ifLOEkdLnnyrmkSPrbvf9VxTmH0NmV1wriLaBwz93Q8YrpJs1xBU4--TEEVRP5Y6MKiNx70i3o64u8g8Ua2NoSL3efdSg_jRbzuHNVZv3nm7QLRUAq-90-xAY",
      "nome": "A Nighttime Feast: Burning at the Stake"
    },
    {
      "numero": 7,
      "url": "https://www.blogger.com/video.g?token=AD6v5dw9pf5oQvdE2ZilBQQeV4mnXgU_NUawuy17acYQJGC7h9QqD4cSKwh7xHimlLU4riul5JmdH_nXFlEw_UoWqFbg7g9IiLA-uVTI9Nz0FB8qoImlNcNzpl68Xw45GliJdaPjUojd",
      "nome": "The Black Witch"
    },
    {
      "numero": 8,
      "url": "https://www.blogger.com/video.g?token=AD6v5dzYjggs3drGAoXGjw2OH0BEaL1qLs80dKlubgURC7qVvrCGw4LkqKhfXSrys0PiMsaelqSFPQQXrkx11xY0MD-0dK4GOHvNoR80zM-krLke-8eDwcVXxI7uqQnjSL5efo5yJm4",
      "nome": "Reunion in the Den of Evil"
    },
    {
      "numero": 9,
      "url": "https://www.blogger.com/video.g?token=AD6v5dxEAgj7iutOZ3cgbMmE6kwnGcppcUiq-ajcrFKLkb9Zfo5f1pR_wzJ6_2EfzY3ZhG9wM6PXVODMu-1CwKYtEPHRz56EY9_aInGdXWLY89Jrmy2fDlUgxrVaGLhYyHxjJKyy3A",
      "nome": "Blood Flow of the Dead"
    },
    {
      "numero": 10,
      "url": "https://www.blogger.com/video.g?token=AD6v5dw0SHWSTZH4pnxy9v44oONUmspIJO_cVThm3xbcgwyelgrW4N5jhURBo0SfZs4R7HXjGlSa6iyYAmiKtBCIv61ttzUBSAEXCQEhQCxkXnJXB-PFHOLNpk6r3gVcZokpCajeOMM",
      "nome": "Hell's Angels"
    },
    {
      "numero": 11,
      "url": "https://www.blogger.com/video.g?token=AD6v5dxmaajRbaYKgEP9629mTqSC9KmWeeE_DR28T3gYK1jSMsGAjaY0GqxuIH4qUfUNhZMROsgGkSOp6s-py9ganE1-_EMb4plus1ukQ__37dKsz_3fvn8Hu2nOKTVFjfxKFO5LECz4",
      "nome": "Shadows of Ideas"
    },
    {
      "numero": 12,
      "url": "https://www.blogger.com/video.g?token=AD6v5dzOQm6gkA_GuG2UC0QF_dRp5NWb5d4_D1cDpjhPX_h3JYdjX-RqCQ2jJxH_voUFjZeWvXY-t07Al1u0pFRt1vUVkAaL6IscUgyf74CfKdlKqj8_c3nlO_uxp1KD8ph39pwazkg",
      "nome": "Those Who Cling, Those Who Struggle"
    }
  ]
}