{
  "id": 41439,
  "title": "Beyblade Burst Sparking",
  "title_jp": "ベイブレードバースト スパーキング",
  "slug": "beyblade-burst-sparking",
  "type": "legendados",
  "format": "ONA",
  "images": {
    "poster": "https://cdn.myanimelist.net/images/anime/1332/106530l.webp",
    "banner": "https://cdn.myanimelist.net/images/anime/1332/106530.jpg"
  },
  "trailer": null,
  "synopsis": "One year after the events of Beyblade Burst GT, brothers Hikaru, and Hyuga witness the power of Superking/Sparking evolutions of Valkyrie, Ragnaruk, and Satan. The three beys radiate a power that was not even dreamable, due to their bladers pulling off a sparking launch. Hyuga and Hikaru get inspired to make their own sparking beys, Hyperion and Helios, and compete with the legendary bladers, training to best the top ranked bladers to ever touch the stadium.\n\nPrepared to do whatever it takes to become the best, they head across the globe to challenge the best to ever let it rip, in an effort to become stronger, and battle all of the top bladers that were able to make their mark in the stadium.\n\n(Source: Wikipedia)",
  "score": 6.64,
  "genres": [
    "Action",
    "Adventure",
    "Sci-Fi"
  ],
  "episodes": [
    {
      "numero": 1,
      "url": "https://lightspeedst.net/s3/mp4/beyblade-burst-sparking/hd/1.mp4",
      "nome": "Beyblade Revolution!"
    }
  ]
}