{
  "id": 48455,
  "title": "Beyblade Burst Dynamite Battle",
  "title_jp": "ベイブレードバーストダイナマイトバトル",
  "slug": "beyblade-burst-dynamite-battle",
  "type": "legendados",
  "format": "ONA",
  "images": {
    "poster": "https://cdn.myanimelist.net/images/anime/1156/113543l.webp",
    "banner": "https://cdn.myanimelist.net/images/anime/1156/113543.jpg"
  },
  "trailer": null,
  "synopsis": "\"There is a strong guy, come and challenge Daikokuten Bell!\"\n\nRumors were widespread in the world about the Bey Cemetery, \"The Gate of Makai.\" And the owner is Daikokuten Bell. He is the true \"Demon King\" who is proud of being undefeated at The Gate of Makai. \n\nBell jacks the broadcasts around the world and declares war on all Bladers! The Devil's Bay in his hand,\nDynamite Belial! In front of the unknown Beyblade, legends such as Valt Aoi also stand up to face him!\n\nNow, the legend of Demon King Bell, who has turned the whole world into an enemy, is about to begin!\n\n(Source: Official Site)",
  "score": 6.2,
  "genres": [
    "Action",
    "Adventure",
    "Comedy",
    "Mystery"
  ],
  "episodes": [
    {
      "numero": 1,
      "url": "https://lightspeedst.net/s2/mp4/beyblade-burst-dynamite-battle/hd/1.mp4",
      "nome": "Demon King! Dynamite Belial!!"
    }
  ]
}