{
  "id": 31049,
  "title": "Beyblade Burst",
  "title_jp": "ベイブレードバースト",
  "slug": "beyblade-burst",
  "type": "legendados",
  "format": "TV",
  "images": {
    "poster": "https://cdn.myanimelist.net/images/anime/13/78786l.webp",
    "banner": "https://cdn.myanimelist.net/images/anime/13/78786.jpg"
  },
  "trailer": "https://www.youtube-nocookie.com/embed/VipMWO76P40?enablejsapi=1&wmode=opaque&autoplay=1",
  "synopsis": "The story revolves around Valt Aoi and Shu Kurenai as well as their teammates, Rantaro Kiyama, Daina Kurogami and Wakiya Komurasaki at the Beigoma Academy school in Japan. When not studying, the close friends are obsessed with their Beyblade, creating a school bey club later in the season and challenging each other to battles at their Bey Stadium. The friends eventually become friendly rivals as they compete against each other in a competition to claim the title of Japan’s top Blader.\n\n(Source: Beyblade Wiki)",
  "score": 6.68,
  "genres": [
    "Adventure",
    "Sci-Fi",
    "Sports"
  ],
  "episodes": [
    {
      "numero": 1,
      "url": "https://www.blogger.com/video.g?token=AD6v5dzRa78YRUfJ_QaOyx-JAbcafUEOsBoAAVOsLlOpUp1dYY-1KpeRlH0DSIIG0TNm8AjWBBJwdPEUPLb8tNArWQu8SSXRjF21thrXoNW7EcaYj2q5D4iuYhfE7dWawoKvZjEPCbQ",
      "nome": "Let's Do This! My Partner, Valkyrie!!"
    },
    {
      "numero": 2,
      "url": "https://www.blogger.com/video.g?token=AD6v5dy74vCZ_dODBeDkNXbv5Fjboy4iZU2ROXJRIqN4oSF2wJPY3d_-1RD2LMsbOou2Pk57wvfW2UeTPjFVdz01jLu6rH-ImFCz54GPgfzKRVKSd170pjOumc-Qh5CJpMRa9RChZPdu",
      "nome": "Guard Dog of the Underworld! Kerbeus!!"
    },
    {
      "numero": 3,
      "url": "https://www.blogger.com/video.g?token=AD6v5dwJlsWURa-q0ZtOpYN9uJzBkjSgK-FWlJHPPYIBJIjTzJ93J1yezBprk1FE1U0aXXFLfVTfqlsFOpRziOZishzsDjMwZ7rzdKx7CNxBoGTJdbfDK9q3DJottdENjAIFF308s04",
      "nome": "Explosive! Rush Shoot!!"
    },
    {
      "numero": 4,
      "url": "https://www.blogger.com/video.g?token=AD6v5dx3KUqdGMlWPoopbRCg6l8f35jil2_rApSNfHmFmDhWpsP2aeW1HYupKNDl2XXPOocxNFnpTvBOzBT700An_CuABVIIvdcZU4QUSc9zjrqUxE-ScIy2ZyatGyeZNuN3lUrSdJg",
      "nome": "Let's Create a Beyblade Club!"
    },
    {
      "numero": 5,
      "url": "https://www.blogger.com/video.g?token=AD6v5dzn5Ujml2pXKFKBX1ZdtPfz43OM1TfjsZ0jSCl0RqTCLuzOms8kA2pACzhnHPvwuLguBA4fZZxQ42CNbNyGft0Jvpqj8kAaY_B9cm2KiIO3cxcWJRxR64GU9132HANA9mKBTeI",
      "nome": "The Grim Reaper Descends! The Jet-Black Deathscyther!!"
    },
    {
      "numero": 6,
      "url": "https://www.blogger.com/video.g?token=AD6v5dw_HbZRXjgUnjXTLuQrV95c7ViCBCs7EvUEMHdORO5VZgXM7QiicJpNDc6cIBVey1NVpQmcuTLBafz9jJG1WwPun0OlgE8DzBOgoUEEoAQV2nBcyFhBGung4u4XLlddyEUZPkk",
      "nome": "Keep Going! This is Special Training!!"
    },
    {
      "numero": 7,
      "url": "https://www.blogger.com/video.g?token=AD6v5dxNEjvns3o5DoOYnPUhsyB4Fo89CFveSf3mIljriroZM6sVkY7JIqBbW-4hczZ4Y1WvgnCzwp_34fkzgDxPCxy8RWvEylKgzixOo7v8wRqspoWiwYTQ6NIRErGePPdIrpi_hD8",
      "nome": "Ultra Fast! Flash Shoot!!"
    },
    {
      "numero": 8,
      "url": "https://www.blogger.com/video.g?token=AD6v5dxlWoYpah92V7a9tUMJKlXlpGxj_kVBZncIb4X3r3mlfL2z_eQzVQiCtWILJmqmZL4psu_enzjkFgfxfRWl9n2LgBWK204E2737EJRnCKBpT0OH7rbiUbSBKuV6tjl8hvPjLrk",
      "nome": "He's Strong! The Heavenly Horusood!!"
    },
    {
      "numero": 9,
      "url": "https://www.blogger.com/video.g?token=AD6v5dzltYWexfoHeXBoAQpxHQeeJe0H7M0niasJ5cmKuTRj6wbtpkrr6PTvtgjPtYCXVBH_rXAr8XrZlHvATZL6Pu4WxdGvl74C_B4HU_64Ie8jZ3vD4raZ4wtIsjFwDc1EXPaWenUA",
      "nome": "Confronting the Flying Dragon, Wyvern!!"
    },
    {
      "numero": 10,
      "url": "https://www.blogger.com/video.g?token=AD6v5dzATOqEBbmpwAbOQo7V89cSrAQtgrwEbuoe1u2Vd5BpgTtHOvFGQGvMtZErCjoPdTMPoDbZ-ATfPFMoBP1xOzcqrYTUTpt195AbI9Ire8G1eGpyHp3V1GHydJHjyeWGL9X5EnQF",
      "nome": "Get Over It! Believe in Your Buddy, Valkyrie!!"
    },
    {
      "numero": 11,
      "url": "https://www.blogger.com/video.g?token=AD6v5dxH6q7cSmhOYfICjyNeAYyetXPjqn8lvHEDaDBf3bBXlCWyB0bd5-QNs7cGoQDuU33yQ2hhPb0G25_iBs-o5QjeYPI2wQxipybkEX-Tx118LXfxLSbAhxiAIT3RLUVL-W9tqek",
      "nome": "Hopeless Spriggan"
    },
    {
      "numero": 12,
      "url": "https://www.blogger.com/video.g?token=AD6v5dz2Wp1DT7sdhztBfge8z-vITooQ4qElKHl_G3rpWXIRVaxnJ2Hqfsh-EMfkNy8GDZ1SfNSlVXtXen5RZOVbjSuGyfxj60DnpXwdUJxkVZa8K67DMdyQJUFuA3RdzlzoNSkKcw",
      "nome": "The Miraculous Shield Crush!"
    },
    {
      "numero": 13,
      "url": "https://www.blogger.com/video.g?token=AD6v5dyqQh5v7A0PDAVNmiW4gKh7_4MHbVZL0a9Dui2AdB9cNhpu-zLSKpFphW3hMJRaXCzzOiRhFaLf7_IvjmjyRCPJNcRxTIp2ZiZRCLk-yrPz57MATXOBNbr5AQ0_J6Azzmn0a-ZB",
      "nome": "Shuu's Test!"
    },
    {
      "numero": 14,
      "url": "https://www.blogger.com/video.g?token=AD6v5dyBr7IUwzxslccoX-8zCoEXXUFAXNO36WjNgqP-RPv1Ecdk-wS34cnkxusCYL9KRWYsexyqrrDHS_yFxx5NXHPwOGdQ_YVjHxjuJPmqLAsDAIgqOg11Rjn-ye59jHRV6l2H",
      "nome": "The Promised Battle!"
    },
    {
      "numero": 15,
      "url": "https://www.blogger.com/video.g?token=AD6v5dzJZ6YZXnrMUhjxKS1e3UgQg-VSdBfccykOYuVKkZhSTEwiAELsEw_iVKf5tkBZV1-UN-hbE_yDN8mKDQzi3K4NyyymNcjfm89tfSRsytCCDKL53lhl3oA4w66sm4Kz0doQrw0",
      "nome": "Fierce Fight! Valkyrie vs Spriggan!!"
    },
    {
      "numero": 16,
      "url": "https://www.blogger.com/video.g?token=AD6v5dwwMcq6D3CZPEZYfo2IUFEM137z_KLNsZ-fao-ZKjW_u7Z5SvEJzneNpRfFzgTLb0M6n6vsxT_LKYYTxpPZbEsxgE4KyK3rWjtvXZYyT7DK52aDbWT_PB0ImpGh7yVEqlsoQ4o",
      "nome": "Surprise! Xhakuenji Special!"
    },
    {
      "numero": 17,
      "url": "https://www.blogger.com/video.g?token=AD6v5dy5Pp2CYVs11DQ5NG-2-8HHLfILnnXR2semG-zJrPL2-uqObyxlt-2OiFGsWjlbA7JDSOfASzbLJSgduVjmnKwoWuSChc7QyZqAfzrnvHltKXBPfTVVyRieVl_IB2i4M93aA8st",
      "nome": "Xtreme Xcalibur!"
    },
    {
      "numero": 18,
      "url": "https://www.blogger.com/video.g?token=AD6v5dzKrstfVzlcSOrkjyvXZLo2NbEZPSw7cGmxQeIOZJNchaT1A-t3cwuUyPphuKnN1xVCSIwJlCoyJyae78TgdExuKtnfJ6pJOWxrMiby_eft5ln1gOfRXiqy35pgHA-Dlx0enmsp",
      "nome": "Fired Up! Team Battle!!"
    },
    {
      "numero": 19,
      "url": "https://www.blogger.com/video.g?token=AD6v5dzMrIRFprXpZyr9tlWZNwEdGPdMB2_1nlhUg4kkWtrRLH0QxTq2VpieB6MSC0wYQUF3E8Gj0udx7MIeasy8chuJltHHoZBm8cRsqGv2U5pIAoQq0NCJ5jDNHUBp8_vHuO-PdgA",
      "nome": "Ragnaruk VS Unicorn!"
    },
    {
      "numero": 20,
      "url": "https://www.blogger.com/video.g?token=AD6v5dz8vHcrOrNb3ZBvp6OTDSrB6berjWuc9qggMiYdlrDoutsZTcgQEWifs_aCapbALuMH4qnhw_DOSNEBaG_8AKgNSYAL8fS4_Sr2eLoPLn21yWLxdyZqjXnflrxiV98WZ-4WQfM",
      "nome": "Connect! Chain Shoot!!!"
    },
    {
      "numero": 21,
      "url": "https://www.blogger.com/video.g?token=AD6v5dyrFojvtynQNlgEL2Jl7TOBLHNkOGbeErnb3vN95UfhcXhSt3W3zxE7GK6Bh51w4RzN9_JAhY9yzDtauFxcnQkffqWtgN9StTXSE-HDaGgNdVKgRIWUem2TrA4kw2WW8JcRVS_B",
      "nome": "A Battle of Friendship!"
    },
    {
      "numero": 22,
      "url": "https://lightspeedst.net/s3/mp4/beyblade-burst/sd/22.mp4",
      "nome": "Valkyrie Awakening!!"
    },
    {
      "numero": 23,
      "url": "https://lightspeedst.net/s3/mp4/beyblade-burst/sd/23.mp4",
      "nome": "Lonely Deathscyther"
    },
    {
      "numero": 24,
      "url": "https://www.blogger.com/video.g?token=AD6v5dzscybW2uJY86oWf710kBTlKy1djydFOCZzLmxqEvIXDE6noVHZmj-Le7Ty-XLbozMXJ6cCjgxzBKvMWLD5o90TDwGlW2qTKhjpuddjxwb2pn9_34sejxY33zeBOay-dav5xyXG",
      "nome": "Seriously the Best!!"
    },
    {
      "numero": 25,
      "url": "https://www.blogger.com/video.g?token=AD6v5dyNtjFSbh63_eQTss5PAmBjb4CcdzmwHcJgYihRJw02nejv53NEf9BUdswVUvTZjTKpskI_iGmhSRI4-SiwxuCO_xxTMcejN-RfpD2lUKmPfNCE9E4NuVpjxHVLr7nd5CNdo-xB",
      "nome": "The Mysterious Beyblade Mask!"
    },
    {
      "numero": 26,
      "url": "https://lightspeedst.net/s2/mp4/beyblade-burst/sd/26.mp4",
      "nome": "It's Decided! We're Participating in Nationals!!"
    },
    {
      "numero": 27,
      "url": "https://lightspeedst.net/s2/mp4/beyblade-burst/sd/27.mp4",
      "nome": "It's Training Camp! The Viking Stadium!!"
    },
    {
      "numero": 28,
      "url": "https://lightspeedst.net/s2/mp4/beyblade-burst/sd/28.mp4",
      "nome": "The Mountains! The Rivers! A Turbulent Adventure!!"
    },
    {
      "numero": 29,
      "url": "https://lightspeedst.net/s2/mp4/beyblade-burst/sd/29.mp4",
      "nome": "Aim to Be Number 1!"
    },
    {
      "numero": 30,
      "url": "https://lightspeedst.net/s2/mp4/beyblade-burst/sd/30.mp4",
      "nome": "The Winged Serpent! Quetzalcoatl!!"
    },
    {
      "numero": 31,
      "url": "https://lightspeedst.net/s2/mp4/beyblade-burst/sd/31.mp4",
      "nome": "Amaterios' Guidance"
    },
    {
      "numero": 32,
      "url": "https://lightspeedst.net/s2/mp4/beyblade-burst/sd/32.mp4",
      "nome": "The Shocking Cyclone!"
    },
    {
      "numero": 33,
      "url": "https://lightspeedst.net/s2/mp4/beyblade-burst/sd/33.mp4",
      "nome": "Explosive! Double Impact!!"
    },
    {
      "numero": 34,
      "url": "https://lightspeedst.net/s2/mp4/beyblade-burst/sd/34.mp4",
      "nome": "Beasts' Fangs!"
    },
    {
      "numero": 35,
      "url": "https://lightspeedst.net/s2/mp4/beyblade-burst/sd/35.mp4",
      "nome": "Wild Beast! Beast Behemoth!!"
    },
    {
      "numero": 36,
      "url": "https://lightspeedst.net/s2/mp4/beyblade-burst/sd/36.mp4",
      "nome": "The Threatening Ride-Out!"
    },
    {
      "numero": 37,
      "url": "https://lightspeedst.net/s2/mp4/beyblade-burst/sd/37.mp4",
      "nome": "Our Final Battle!"
    },
    {
      "numero": 38,
      "url": "https://lightspeedst.net/s2/mp4/beyblade-burst/sd/38.mp4",
      "nome": "A Deadly Struggle! The Battle with Longinus!!"
    },
    {
      "numero": 39,
      "url": "https://lightspeedst.net/s2/mp4/beyblade-burst/sd/39.mp4",
      "nome": "The Explosive Death Spiral!!"
    },
    {
      "numero": 40,
      "url": "https://lightspeedst.net/s2/mp4/beyblade-burst/sd/40.mp4",
      "nome": "Let's Take the Nationals!!"
    },
    {
      "numero": 41,
      "url": "https://lightspeedst.net/s2/mp4/beyblade-burst/sd/41.mp4",
      "nome": "Neptune's Trap"
    },
    {
      "numero": 42,
      "url": "https://lightspeedst.net/s2/mp4/beyblade-burst/sd/42.mp4",
      "nome": "The Venomous Serpent! Jormungand!!"
    },
    {
      "numero": 43,
      "url": "https://lightspeedst.net/s2/mp4/beyblade-burst/sd/43.mp4",
      "nome": "The Hurricane Jet Shoot!"
    },
    {
      "numero": 44,
      "url": "https://lightspeedst.net/s2/mp4/beyblade-burst/sd/44.mp4",
      "nome": "Howl! Beast Battle!!"
    },
    {
      "numero": 45,
      "url": "https://lightspeedst.net/s2/mp4/beyblade-burst/sd/45.mp4",
      "nome": "Spriggan VS Wyvern!"
    },
    {
      "numero": 46,
      "url": "https://lightspeedst.net/s2/mp4/beyblade-burst/sd/46.mp4",
      "nome": "Fierce Combat! Valt VS Xhaka!!"
    },
    {
      "numero": 47,
      "url": "https://lightspeedst.net/s2/mp4/beyblade-burst/sd/47.mp4",
      "nome": "Star Battle!!"
    },
    {
      "numero": 48,
      "url": "https://lightspeedst.net/s2/mp4/beyblade-burst/sd/48.mp4",
      "nome": "Explosive Spin VS Runaway Dash!!"
    },
    {
      "numero": 49,
      "url": "https://lightspeedst.net/s2/mp4/beyblade-burst/sd/49.mp4",
      "nome": "Spin Emperors! Lui VS Shu!!"
    },
    {
      "numero": 50,
      "url": "https://lightspeedst.net/s2/mp4/beyblade-burst/sd/50.mp4",
      "nome": "Defeat Him! The Absolute Champion!!"
    },
    {
      "numero": 51,
      "url": "https://lightspeedst.net/s2/mp4/beyblade-burst/sd/51.mp4",
      "nome": "Let's Finish It! Valkyrie!!"
    }
  ]
}