{
  "id": 44388,
  "title": "Biao Ren: Blades of the Guardians",
  "title_jp": "鏢人",
  "slug": "biao-ren-blades-of-the-guardians",
  "type": "legendados",
  "format": "ONA",
  "images": {
    "poster": "https://cdn.myanimelist.net/images/anime/1968/110585l.webp",
    "banner": "https://cdn.myanimelist.net/images/anime/1968/110585.jpg"
  },
  "trailer": "https://www.youtube-nocookie.com/embed/dNwN1MxMosM?enablejsapi=1&wmode=opaque&autoplay=1",
  "synopsis": "A extraordinary guard walks in the desert of the Western regions. On the way escaping the killing by the government, he took a guarding task with destination to the capital Chang 'an. The task was thought as just a simple one, but actually it is a road full of crisis and danger. A journey affecting the fate of the world begins......\n\n(Source: WeTV)",
  "score": 7.56,
  "genres": [
    "Action"
  ],
  "episodes": [
    {
      "numero": 1,
      "url": "https://lightspeedst.net/s6/mp4/biao-ren-blades-of-the-guardians/sd/1.mp4",
      "nome": "Escorts Outside the Great Wall"
    },
    {
      "numero": 2,
      "url": "https://lightspeedst.net/s6/mp4/biao-ren-blades-of-the-guardians/sd/2.mp4",
      "nome": "The Two-Headed Snake"
    },
    {
      "numero": 3,
      "url": "https://lightspeedst.net/s6/mp4/biao-ren-blades-of-the-guardians/sd/3.mp4",
      "nome": "Turbulent"
    },
    {
      "numero": 4,
      "url": "https://lightspeedst.net/s6/mp4/biao-ren-blades-of-the-guardians/sd/4.mp4",
      "nome": "Jade Face and Beauty"
    },
    {
      "numero": 5,
      "url": "https://lightspeedst.net/s6/mp4/biao-ren-blades-of-the-guardians/sd/5.mp4",
      "nome": "Trade"
    },
    {
      "numero": 6,
      "url": "https://lightspeedst.net/s6/mp4/biao-ren-blades-of-the-guardians/sd/6.mp4",
      "nome": "Chess and Game"
    },
    {
      "numero": 7,
      "url": "https://lightspeedst.net/s6/mp4/biao-ren-blades-of-the-guardians/sd/7.mp4",
      "nome": "Wolf Children"
    },
    {
      "numero": 8,
      "url": "https://lightspeedst.net/s6/mp4/biao-ren-blades-of-the-guardians/sd/8.mp4",
      "nome": "Sandstorm is Coming"
    },
    {
      "numero": 9,
      "url": "https://lightspeedst.net/s6/mp4/biao-ren-blades-of-the-guardians/sd/9.mp4",
      "nome": "People of the Desert"
    },
    {
      "numero": 10,
      "url": "https://lightspeedst.net/s6/mp4/biao-ren-blades-of-the-guardians/sd/10.mp4",
      "nome": "The Great Sandstorm"
    },
    {
      "numero": 11,
      "url": "https://lightspeedst.net/s6/mp4/biao-ren-blades-of-the-guardians/sd/11.mp4",
      "nome": "Hua Yan"
    },
    {
      "numero": 12,
      "url": "https://lightspeedst.net/s6/mp4/biao-ren-blades-of-the-guardians/sd/12.mp4",
      "nome": "The Khan and the General"
    },
    {
      "numero": 13,
      "url": "https://lightspeedst.net/s6/mp4/biao-ren-blades-of-the-guardians/sd/13.mp4",
      "nome": "The Truth"
    },
    {
      "numero": 14,
      "url": "https://lightspeedst.net/s6/mp4/biao-ren-blades-of-the-guardians/sd/14.mp4",
      "nome": "The Winner and the Crown"
    },
    {
      "numero": 15,
      "url": "https://lightspeedst.net/s6/mp4/biao-ren-blades-of-the-guardians/sd/15.mp4",
      "nome": "Daughter of the Desert"
    }
  ]
}