{
  "id": 30137,
  "title": "Big Order",
  "title_jp": "ビッグオーダー",
  "slug": "big-order",
  "type": "legendados",
  "format": "OVA",
  "images": {
    "poster": "https://cdn.myanimelist.net/images/anime/12/78945l.webp",
    "banner": "https://cdn.myanimelist.net/images/anime/12/78945.jpg"
  },
  "trailer": "https://www.youtube-nocookie.com/embed/dpqjU1H-vA4?enablejsapi=1&wmode=opaque&autoplay=1",
  "synopsis": "The story centers on an introverted high school student named Eiji Hoshimiya with a huge secret—he wished for the destruction of the world when he was younger. Fairies give certain people special powers called Orders, and what Order Users can do with their power depends on their wishes. Ten years after the Great Destruction, Eiji struggles to come to terms with his immense power.\n\n(Source: ANN)",
  "score": 5.71,
  "genres": [
    "Action"
  ],
  "episodes": [
    {
      "numero": 1,
      "url": "https://www.blogger.com/video.g?token=AD6v5dwFEOqY3hVv9KEL0TWiVRhb9CNTfXqF2CUubNawkZKOQGCSwTuL6HVGIJlWnt4GNIKCJW5kIC7_g_z0-1uYoaQKEiBF-Xz7Zx3tE-fnDdf8bF80KoM5XDqrMr23Kawvl5_p5c8y"
    },
    {
      "numero": 2,
      "url": "https://www.blogger.com/video.g?token=AD6v5dxTox5ES5t2zCTxKuWuITVEYs2IaI9vi7VhBHPjIrqdXcdPhbq7arOaIFKhYax41qcNBoaHvb_kidxhGiQCSwcNASEQaUrt4EMnIIimpgFFomvZNrxU1_UrIZpqkvGhXWcoqHZY"
    },
    {
      "numero": 3,
      "url": "https://www.blogger.com/video.g?token=AD6v5dw33tUtzwdfX9dwx1_CU1JGKsBOAkOwkgoPGasF0TKQII-FgIUsJNwelGwm2i2mLmTHpGhHdmJNvqIAolbAmY06KwaVIrWTeUXgsgPadMsL5Bh195yBIDvOqmtr_3Y7GtTdKD4"
    },
    {
      "numero": 4,
      "url": "https://www.blogger.com/video.g?token=AD6v5dwkG4Kq3cyG3i7bYDh55CcT1NtOT6s0-3GDgkclgbvgQar9oYqbgDek1QCy8XIiEX92F5q3xAFzRLJBrTX0DVIuyGrB0N0Gn4bzAavRoZx1iq4YFeKWipPpLMoepV5xH9hfdqQ"
    },
    {
      "numero": 5,
      "url": "https://www.blogger.com/video.g?token=AD6v5dzGoafTajKMQRlIF46hbyxFGrXg4r6hSvwo0s0CUXLTdPhVnuKXtIxc6SQ4qdQ3eVw_XgYMXDT3wRV8S4NiNUOjkWUMOGQdTcOHqCNh5Goa1HC1WJDWJSNm39SpUMRIkTcSPFwY"
    },
    {
      "numero": 6,
      "url": "https://www.blogger.com/video.g?token=AD6v5dyxKI3g5hr4h_tsi_-i2-GY61ugCVs9aS0V-ESimXsEzTnG6S_qcnYUACDnXTeWy79tHiEd6VvRVY4ANvcmiIOM44KcwlMJca22uHvv6sbaG-qpDnUkHE4UI0qx78tWwQOEMpcl"
    },
    {
      "numero": 7,
      "url": "https://www.blogger.com/video.g?token=AD6v5dwWdokZlIUEF8Oq3jhsZ_VQbAUvHkQrFEz98Xb7cte9MNr87Iq7yrhUlpE_s7rO09Gb1AOfzJtzPNnBxbCa6TNk0wXMxJ6uciCEJdh0OsDn2jKFqjMTVOep5baC0xoNn30Yw4Qv"
    },
    {
      "numero": 8,
      "url": "https://www.blogger.com/video.g?token=AD6v5dzUAGHCzbta43XS30ZgKj30t-EV6Cl-M7Ka-5tNuFuROw_sZBI_S5dYK8h58YYIxZxM5BiHOZLsZz5-lWOgq38EigoSKCcOr9NnihhB4eKC0y1q2Ud_NcI79fxIAJX_AQFxoqkd"
    },
    {
      "numero": 9,
      "url": "https://www.blogger.com/video.g?token=AD6v5dzlgBIJSLHKDgZzD1i_Vz-I-gsveG5DuAhRnqgACQk-Ebx1JQFzYMO3lReZBJpKbgrXuRP5yJaQ7eSLiFCMQVhq_4DaSfHrQ5P7XNwScMowVAzzXtP0yUM4ofTR3b2pEeoH5tk"
    },
    {
      "numero": 10,
      "url": "https://www.blogger.com/video.g?token=AD6v5dyAp1LSoNsxxcn_5_N_KFkGXuAHLM31ws3w3OdBkEN5vbqpXze-ba6gus-UbVTKnGuIcA1wF_Ntd6DPsBRU4cndT47-WUSyHsigCAotEYZlpgtZwQkC9KujWxaV6TvzX_SABzFk"
    }
  ]
}