{
  "id": 4908,
  "title": "Bihada Ichizoku",
  "title_jp": "美肌一族",
  "slug": "bihada-ichizoku",
  "type": "legendados",
  "format": "TV",
  "images": {
    "poster": "https://cdn.myanimelist.net/images/anime/3/19268l.webp",
    "banner": "https://cdn.myanimelist.net/images/anime/3/19268.jpg"
  },
  "trailer": null,
  "synopsis": "There is a World Beautiful-Skin Competition (WBC) to which the 3 billion women of the world aspire. Carrying on the 300-year legacy of the competition are the twin Bihada sisters, Sara and Saki.",
  "score": 5.73,
  "genres": [
    "Comedy",
    "Drama"
  ],
  "episodes": [
    {
      "numero": 1,
      "url": "https://lightspeedst.net/s3/mp4/bihada-ichizoku/sd/1.mp4"
    },
    {
      "numero": 2,
      "url": "https://lightspeedst.net/s3/mp4/bihada-ichizoku/sd/2.mp4"
    },
    {
      "numero": 3,
      "url": "https://www.blogger.com/video.g?token=AD6v5dzMbLXF9cMRoHQzEkh9I2mGuqn1tKOsWBmiZYVc0SYu80OFej5H_cNJpKBU0JByARtdgj9nw_alO22RaYqjViijNzEe4iAs6R_axjvSIh-Db9p2GKxYg5O6YdXhlCzKnvhPAmth"
    },
    {
      "numero": 4,
      "url": "https://lightspeedst.net/s3/mp4/bihada-ichizoku/sd/4.mp4"
    },
    {
      "numero": 5,
      "url": "https://lightspeedst.net/s3/mp4/bihada-ichizoku/sd/5.mp4"
    },
    {
      "numero": 6,
      "url": "https://lightspeedst.net/s3/mp4/bihada-ichizoku/sd/6.mp4"
    },
    {
      "numero": 7,
      "url": "https://lightspeedst.net/s3/mp4/bihada-ichizoku/sd/7.mp4"
    },
    {
      "numero": 8,
      "url": "https://lightspeedst.net/s3/mp4/bihada-ichizoku/sd/8.mp4"
    },
    {
      "numero": 9,
      "url": "https://lightspeedst.net/s3/mp4/bihada-ichizoku/sd/9.mp4"
    },
    {
      "numero": 10,
      "url": "https://lightspeedst.net/s3/mp4/bihada-ichizoku/sd/10.mp4"
    },
    {
      "numero": 11,
      "url": "https://lightspeedst.net/s3/mp4/bihada-ichizoku/sd/11.mp4"
    },
    {
      "numero": 12,
      "url": "https://lightspeedst.net/s3/mp4/bihada-ichizoku/sd/12.mp4"
    }
  ]
}