{
  "id": 30782,
  "title": "Bikini Warriors",
  "title_jp": "ビキニ・ウォリアーズ",
  "slug": "bikini-warriors",
  "type": "legendados",
  "format": "TV",
  "images": {
    "poster": "https://cdn.myanimelist.net/images/anime/1670/112160l.webp",
    "banner": "https://cdn.myanimelist.net/images/anime/1670/112160.jpg"
  },
  "trailer": "https://www.youtube-nocookie.com/embed/QGer2FxObbk?enablejsapi=1&wmode=opaque&autoplay=1",
  "synopsis": "When darkness threatens the world, four heroines hold the only hope for salvation—if they can even manage to get out of the first town, that is. Bikini Warriors follows a party of beautiful adventurers in revealing armor: courageous Fighter, airheaded Paladin, timid Mage, and alluring Darkelf. But can you really be an adventurer if you don't get going on an adventure?\n\nOur heroines are eternally broke, insufferably vain, and frequently outmatched by the dangers of their world. Between fleeing dungeons and robbing peasants, the unlikely heroes will have to learn to live with each other before they can survive a battle with ultimate evil!",
  "score": 5.13,
  "genres": [
    "Comedy",
    "Fantasy",
    "Ecchi"
  ],
  "episodes": [
    {
      "numero": 1,
      "url": "https://www.blogger.com/video.g?token=AD6v5dyr2zp3EGbPCd0J3VH8DAhGGbxbjA1rQltGjClS08a1gYanxoKtvX8QNAMaeU2ajkXSEIFrYwdyeWdVIhTbDhZKhwGUWG9qYYbUa7cT0Q_-YeMab4hLr8KwVXQBmJ2Fo-vpSk8",
      "nome": "It's Not a Bikini If It's Armor."
    },
    {
      "numero": 2,
      "url": "https://www.blogger.com/video.g?token=AD6v5dw69dVxj6pPxKKqUKlg5nsM90wbgEnCtIB5tQPehYVh-Fs_sY4kjvZv_5EPRrtrXfSRfndalidCHirXkbJqE1hn4c_83j06JM6hJfIHs3kUP_Cjfl39t8Y3JzEGQlYpYNTldZYW",
      "nome": "A Quest Needs Money to Rest"
    },
    {
      "numero": 3,
      "url": "https://www.blogger.com/video.g?token=AD6v5dy5BZMm_UoLtn2cTqY2PRyG9NEa7aPYkk6Q39wSnVKVKzoRT8AyuY6nn_JQ8uAysyikxTvGeTFNMXEQS-UduDihdWrfplL3TohPoml3fJkjtxM6-HhpeRnOawFLEoiI1SqvfKg",
      "nome": "Even Heroes Have Needs"
    },
    {
      "numero": 4,
      "url": "https://www.blogger.com/video.g?token=AD6v5dyYsL6Q3FIe5PylBHJ5E7yGNUPe499walttuQde6c4GjGMmPffK8l0YybBX4uAYFT23jsEs3iH1RidfSuPBcc7L_Ta168_WdswpdlK4UR2K_8CB9e0r4V61V2vsntxjW6iQs08",
      "nome": "A Hero Needs No Reward"
    },
    {
      "numero": 5,
      "url": "https://www.blogger.com/video.g?token=AD6v5dy9AsUwIGq6n10TYmRnd9J3By4lU8lE-n9x290VrDqyJ69WeR4OvO1nulWGpV6AgsHo9gvUQJl4Vp962DWT93DzHOpdRaGwpcIW_spNr7KmpR4Gg8TVIrD25rHIbmBmsof1-kk",
      "nome": "Saving Things That Go Unused"
    },
    {
      "numero": 6,
      "url": "https://www.blogger.com/video.g?token=AD6v5dyPeVAr4phBlx0giHc7HA3BZjVK7bvQOkLPjagxdA3LzDyYcYV5poieJu7BHxQuK8q8C3TefiDQM2p-4aEY1V2cxzobktZyGWGEg5-eEKBTEsSH1PbVnLk8-m0tg07vB36IW1Sa",
      "nome": "Heroes Overcome the Impossible"
    },
    {
      "numero": 7,
      "url": "https://www.blogger.com/video.g?token=AD6v5dzTkxsPb2EvJcgRrn00tujsbUyNXv12AivJaR8ooZCCwvhtXlSKlmKEDDEvX954waJLGJe_I_c7dWoaf0Z4rE_KIUlxKnD54nmGYjlO-JoiKmN4gzmm4ZF-qBqiP1F0qnQilOa0",
      "nome": "Allies From Taverns May Disappoint"
    },
    {
      "numero": 8,
      "url": "https://www.blogger.com/video.g?token=AD6v5dxsab54po3Ip3sy92XivnBRHoTr0lgDicBW9sPKbBG4AEmAgd9jB2fLf3eccbUlotgLm-JyZYXOgD5T-j9VkxMDEHkF6R9BBj2IRy0Rch2HVHys7CCrWW6r9RHXnWr3_DBmCRs",
      "nome": "Every Journey Finds New Friends"
    },
    {
      "numero": 9,
      "url": "https://www.blogger.com/video.g?token=AD6v5dzKlLDX5NWm0YCwIuF1o20a3aHEEUkkseAkhcFBwFs5a5m4gTU2Uku_P1OOddoMpUkARlj_Xqm5KM1xv-RMd5f5r6Z2alu0jWwtF0oWUeuymqGg-CGuKKt2BYxCczSaZpdX4-I",
      "nome": "A Hero Betrayed Has But One Choice"
    },
    {
      "numero": 10,
      "url": "https://www.blogger.com/video.g?token=AD6v5dwqV14GpC_Sb3Qc6MbXVF9CdLiJJbZZK69N_sxYMY2zaGzApZDPSk8lHw4IpuTBIr4bneJ7HmNgIQkBDe9oJfnnHIwsbTkPA7Q5GI0qJJu4Nfe4xFmcamGyDZNJ5zLt0t9poPcF",
      "nome": "You Don't Always Get What You Want Or Need"
    },
    {
      "numero": 11,
      "url": "https://www.blogger.com/video.g?token=AD6v5dwLkATlaZty8i6YpuQFfm2W_In6C3P5sMqKOumGj4obbxFGvF2ZSnMML5EyBGJeR8RGXirWz5xIBrqUthPwl8J2hpvhs_FguhPr1HR3r8zucIxDkMYKDVV1XM_WnmE4TTn3B7hw",
      "nome": "A Snare To Trap A Pure Maiden"
    },
    {
      "numero": 12,
      "url": "https://www.blogger.com/video.g?token=AD6v5dwXF_8zqg_mEC2zGTHSn-SIQ7jzm12uLxI6hUnMbzQ5vF4mKEejAVTCtkU5eKIP2yw1fpwLNDlgmSPQ6Gol_WQ_jaWExs3JXxdlv4rBHUJ954qEjQtVf50SgeCwYIPDR1foT89F",
      "nome": "No One Knows The End"
    }
  ]
}