{
  "id": 61239,
  "title": "Binan Koukou Chikyuu Bouei-bu Haikara!",
  "title_jp": "美男高校地球防衛部ハイカラ！",
  "slug": "binan-koukou-chikyuu-bouei-bu-haikara",
  "type": "legendados",
  "format": "TV",
  "images": {
    "poster": "https://cdn.myanimelist.net/images/anime/1083/150814l.webp",
    "banner": "https://cdn.myanimelist.net/images/anime/1083/150814.jpg"
  },
  "trailer": "https://www.youtube-nocookie.com/embed/L5AiuCQE-BY?enablejsapi=1&wmode=opaque&autoplay=1",
  "synopsis": "It's the Taisho era—a time filled with the scent of romance, and people's hearts are still filled with compassion.\n\nUnzen, Sukayu, Unohana, Oshamanbe, and Aso are all ordinary (?) male students at Binan High School, who spend their days lazing around in the clubroom of the \"do-nothing club\" Earth Defense Club, and live together in the Kurotama dormitory.\n\nOne day, while the five are taking a morning bath at the Kurotama dormitory, they notice something slimy moving in the bathtub. When they finally manage to catch it, it turns out to be a talking Pallas's cat named Nuru!\n\nNuru has come from the distant future with a serious mission to inform them that the Earth is facing an impending threat of destruction. While he says he wants to protect the Earth, he says he's only come to warn them of the crisis, and that it's up to the five of them to decide whether or not they want to fight for the Earth...\n\nIsn't this just an attempt to dodge responsibility? The Defense Club members are suspicious. \"If either is fine with you, I'll do it! That's more fashionable!\" Unzen enthusiastically says. The five decide to fight with free will, and Nuru transforms them into the Haikara Romantic Troupe using feline science.\n\nMeanwhile, a mysterious trio called the Bankara New Elite Squad are scheming in the shadows. They are plotting to take over the Earth.\n\n(Source: Official site, translated and edited)",
  "score": 6.32,
  "genres": [
    "Comedy",
    "Fantasy"
  ],
  "episodes": []
}