{
  "id": 27727,
  "title": "Binan Koukou Chikyuu Boueibu LOVE!",
  "title_jp": "美男高校地球防衛部LOVE!",
  "slug": "binan-koukou-chikyuu-boueibu-love",
  "type": "legendados",
  "format": "TV",
  "images": {
    "poster": "https://cdn.myanimelist.net/images/anime/10/68451l.webp",
    "banner": "https://cdn.myanimelist.net/images/anime/10/68451.jpg"
  },
  "trailer": "https://www.youtube-nocookie.com/embed/mZ7FLenzWsQ?enablejsapi=1&wmode=opaque&autoplay=1",
  "synopsis": "Why should girls get to have all the fun? These magical boys are here to save the world from the loveless... at least that's what the pink wombat who gives them their magical powers wants them to do.\n\nIn Binan Koukou Chikyuu Bouei-bu Love!, the main characters are the members of the \"Earth Defense Club\" at the Binan High School, though all they really want to do is hang out, goof off, and relax at the nearby Kurotama Bath. One fateful day, though, a pink wombat appears out of nowhere and forces these five high school students to become \"Battle Lovers\" and protect Earth from a trio of villains who are taking orders from a green hedgehog. Over the course of the series, the Battle Lovers will take on a variety of fiends, including the chikuwabu monster, a chopstick phantom, a monster remote control, and plenty more strange enemies!\n\nWill the heirs to the throne of love be able to protect Earth from those who want to destroy love? Or will the Earth Conquest Club fill the world with hate?",
  "score": 6.82,
  "genres": [
    "Comedy",
    "Fantasy"
  ],
  "episodes": [
    {
      "numero": 1,
      "url": "https://www.blogger.com/video.g?token=AD6v5dwMXg-YvfljL_t0BREfz_5hF2rrGESFkeMDB0CHVqSLZ9JOVgbdstL1wL1xpuBX0yfE46jUIyPl75GMWMu__2KcLJasukA-is7lY-ZcTOt29KoQex4HV695o6_FlPdw4kN_H2zZ",
      "nome": "In the Name of Love"
    },
    {
      "numero": 2,
      "url": "https://www.blogger.com/video.g?token=AD6v5dxeaRO1EOgu1Z1wkQr-8ZtnqyOKkxkaXvLkzbMcSUQa6HniYitOzr0II4mS7dRE_yNJ3ihUr0jgnc7l4HvE8ONBvoTfHujL-fKJdaFV57HOeOF-f4g0OC88KqfmRRvrbgBO4NI",
      "nome": "Love Means Never Feeling Regret"
    },
    {
      "numero": 3,
      "url": "https://www.blogger.com/video.g?token=AD6v5dxH_-1ayfK25-FGKemcWfuMxxvI4ejWjDjfH6PRm24FH9lD3YPD8L7LTNrobGPxTS2FQCOVhcXCuwxukNpmLNMO_COgQ5sMbqE5ns3TrSP7jvTdeI4lR9ksCx3CXWt4LLlvYHM",
      "nome": "Feel the Love, Narcissus!"
    },
    {
      "numero": 4,
      "url": "https://www.blogger.com/video.g?token=AD6v5dzX-lMmG-Z_Qx9LvGGPWVeT_KgGrSS2EUZlKyXSailCP7ddNiLMkUyv_AFzcKvAO5ea4VUJ76lWcFs5ZELsZwIRMPWbAAVpqhm0qcqiMDPVJn7BoCeumjgzPxYzaRA3QIOF1Oc",
      "nome": "Cute Little Boys of Love and Youth"
    },
    {
      "numero": 5,
      "url": "https://www.blogger.com/video.g?token=AD6v5dyvV_7QGW5QXA6AcHPZck61V61X0W08CkkmQ8XDD-7MM6izNedzPc8hRmh0Hz-W-Dk-UTGEN29iyTmqPwHWxi_FYN3sgtpgVcD5RkjtHgKZYqxmki3AYEt_g1tOd8_HSWDKTRc",
      "nome": "To Steal Love Without Regret"
    },
    {
      "numero": 6,
      "url": "https://www.blogger.com/video.g?token=AD6v5dw9uk6nhuPCJwz3WJDMKL-3VZHm6brfzMtYG2FHozGt45QvCs8KLWXsf8szsX8hhqsyUoKSiXrNsTBZ7tI4jj1z1GWfkWCMYxggaytCL78uRqZIwo2DIu4JnCCVwqIXMXtACCM",
      "nome": "Love is Something You Wear on Your Back"
    },
    {
      "numero": 7,
      "url": "https://www.blogger.com/video.g?token=AD6v5dyiuqOaow8QLHBGHzQkAG7vOl6B6qXvEzKbhFaUISV59YYmpCT8zh4j6WA_UdRjAkcnZd4eQSvSo02a667rUAKUlegYrOrMacZtdk47POLa8fslDxWZ1igoyE9MK2Dti8r2t8lr",
      "nome": "Love, Training Camp and Toothbrushes"
    },
    {
      "numero": 8,
      "url": "https://www.blogger.com/video.g?token=AD6v5dw9u3VYHWxkdJ7J4CFb2DZw5HijgWX1z1yP0I7xRujbmq3ElH_v3LSPMNr9Om4pehgqzgzwhn_-yN_kv4Qz0bftf5lnNzGpDLp6HKyqYOqYjQSTtX4rsr6dUxugYTNCLrR6GzQ5",
      "nome": "Love Wanders!"
    },
    {
      "numero": 9,
      "url": "https://www.blogger.com/video.g?token=AD6v5dz6n7ApjjVQFDyFEwr5j9iGKxKmAWQf7ETPoxKn7r0GTkw3UKqs9P0nreBTSLDTG7MQocV8kNncJh5XLgb5_qezH1c254WRsDgutmQVI6h_NDD_h7C0Fj2bgP80NUMXrBRg1dE0",
      "nome": "Love is Stronger than Pride"
    },
    {
      "numero": 10,
      "url": "https://www.blogger.com/video.g?token=AD6v5dzSIOedpWFzCH_nAO3USZ32KjgvX9EaiGmWupEy5DU5SNOnGXBr_cmHKWXvrLaX3Hc7RZs6su-09UfY-I003ze6AurAPACsZZIWyNroMdhMt-Jbb4zkQuaXEwodlQoM7THQGJ8",
      "nome": "Love is Glasses"
    },
    {
      "numero": 11,
      "url": "https://www.blogger.com/video.g?token=AD6v5dzA_e9WiiWSKCwI5pMG8mIoMdIF2Wmb7Zihozn75EvBqxSrgYoikvXMN0VqNjiHnTUraRpX3J_9PAMAGYEhUR0WGpggBb2hXyiU0N5aE4sY66mmXgIpk9B5S7hJ_RMLd-criAB1",
      "nome": "The Trial Called Love"
    },
    {
      "numero": 12,
      "url": "https://www.blogger.com/video.g?token=AD6v5dw3KpJhcTT-x4ua-9S9mPd146mWBHJ-L9gSGkcIE3m965pyR97jvaPExPSbpJxpYG3KEveC3PO7JqpqLN8MflQgQ17arAIAk6BFgEDaXGXUKRm9PLcYI53p7p_mnDEOLjNaVpRi",
      "nome": "Love Forever"
    }
  ]
}