{
  "id": 37036,
  "title": "Binan Koukou Chikyuu Boueibu Happy Kiss!",
  "title_jp": "美男高校地球防衛部HAPPY KISS!",
  "slug": "binan-koukou-chikyuu-boueibu-happy-kiss",
  "type": "legendados",
  "format": "TV",
  "images": {
    "poster": "https://cdn.myanimelist.net/images/anime/1259/91819l.webp",
    "banner": "https://cdn.myanimelist.net/images/anime/1259/91819.jpg"
  },
  "trailer": "https://www.youtube-nocookie.com/embed/VjTYgEthXYo?enablejsapi=1&wmode=opaque&autoplay=1",
  "synopsis": "In the northern Kanto area in Japan, there is Binan City…\n\nAt Binan High School, as per usual, the “Earth Defense Club (lol)” was a club that did nothing. The club members Kyoutarou Shuzenji, Ryouma Kirishima, Nanao Wakura, Taishi Manza, and Ichiro Dogou nonchalantly enjoyed tea while having pointless conversations that amount to nothing.\n\nAll of them have now gathered at Kurotama Bath after school. When Ryouma pulls Kyoutarou Shuzenji by his arm out of water that he claims feels too good, together with his towel comes a pretty boy in strange clothing.\n\nThese five boys are then dragged into a battle for the heir of the magical kingdom, Honila Land...\n\n(Source: KA)",
  "score": 6.47,
  "genres": [
    "Comedy",
    "Fantasy"
  ],
  "episodes": [
    {
      "numero": 1,
      "url": "https://www.blogger.com/video.g?token=AD6v5dyJIEqYo3ZVVdz9q4ZOAqHCd0lvk_hHUf4rV6gL_8qCKRxkU5KEm8pn1mm4TQj9ZcJob1RkdZCKs9uLb-6kzMtBTs5paR34r-vLOaPPu0aop0A_MIXJZi9jnsrHAlOuL3ZXgA32",
      "nome": "The Suddenness of HAPPY! KISS"
    },
    {
      "numero": 2,
      "url": "https://www.blogger.com/video.g?token=AD6v5dxcQZqDs8QYRnZsMxGXLPPmZ4dW0LhlOJQ0wRpws0UoDkgXJ4_ob2ETKfBhKz9hijNYV2HGvJaOa3S2qWFUbFQgx4lW3HW2yTr2vSSe868YJULbmy_PWtZPTfJCiOfITps9Ht8",
      "nome": "HAPPY Recipe"
    },
    {
      "numero": 3,
      "url": "https://www.blogger.com/video.g?token=AD6v5dwi8kTv5dMkZz8Q4E3As09Uf8lVcyYVtwVLQsuHxeibJ7A08QkV4HhA0OKbdvS99t_d_PVblRMKUaQyMPiKx-ckdJkZpLmURkF33mGb3Ue927dAMnpR0jXkkWBqNQYM6qLKjgAg",
      "nome": "HAPPY Ice Cream"
    },
    {
      "numero": 4,
      "url": "https://www.blogger.com/video.g?token=AD6v5dyFfWFo4ypM0WADwDJaHohlRnZuS-Sz0a96eMZBWMZ32FShM7VqlEbjy1wdHSjxP-FcNeRZFdk4oSxFMLLyGe6M5KpniqFbqHtBYI1tsmMQPEhdGOLtCXGrOsFeavfE2aOnIMe8",
      "nome": "It's A Wonderful HAPPY"
    },
    {
      "numero": 5,
      "url": "https://www.blogger.com/video.g?token=AD6v5dx-vmOJqxvD_Et2osrCf4rutIKXuFpjMcU9AaR_sEuwwJtmtWpyxuxJcSFkX35UQknX3fBlt5dVNGEVu7OI5UEB54g9RxSiGAhV-9xFsEyoUNY_DHKkKDU0zCNQDBPxgJYVfAM",
      "nome": "HAPPY and Beautiful"
    },
    {
      "numero": 6,
      "url": "https://www.blogger.com/video.g?token=AD6v5dy5ntfOdTh4Najx71CRha9spjTeBpyzjqyT8PlnpVhlQxtZU781Dz4nXXOdGxLmbUSgzO3oS9C3BmK0PQuqmLvAubFeTO5J2rfx0QqlTe7lUEvWjhzkS0lBXKbTyE5Tmlk5qebW",
      "nome": "HAPPY Identity"
    },
    {
      "numero": 7,
      "url": "https://www.blogger.com/video.g?token=AD6v5dwiOy_murCMo3Xb9fIlAEIqk30xNWlDuYgBrUW_FJ-xswNx1kkcqYjLZws9_HRI6AMhxxlWjs9UWLU4JA1MKoTxmZYH9lcoEI6yN4n8EzySzXwjL7wVgEnjVSsAuQJJGoGqV98",
      "nome": "Let's happy kiss our way to HAPPY Flutter Kicks"
    },
    {
      "numero": 8,
      "url": "https://www.blogger.com/video.g?token=AD6v5dzToiopUtRSK3BmqV7Sx4NhszXqxfXDHhyMQ1RXAhQY1PsA5POOiulxZSQX6zYtehTdKH7Wwb3Mt9afPfgUFi4zwySsUPQtKyfijxxV6L56HLXYu-ciB9c5ULNZKVdFrFvM3gVu",
      "nome": "HAPPY Endless Summer"
    },
    {
      "numero": 9,
      "url": "https://www.blogger.com/video.g?token=AD6v5dz3gt0TuPGGDTKCqLZfsy8_bhV5SP5iktE8rVTZ5rbIVIuGVJWz7TOkakNj0MpPvs5nQkgiUHLSCS9x6kP9rM_FRfSmYOLH7p9FwuocE8PS2OyWfBj-o_xnVkKjPpDXXP7YDn1v",
      "nome": "HAPPY Dice"
    },
    {
      "numero": 10,
      "url": "https://www.blogger.com/video.g?token=AD6v5dzB82oTJInFqcPBEArCXn3nPxfAeqnomNodnaWKBRHiofJ-S06ZzGNwP__vcg8oErdHDULySz0yrBiqEWIwe5kSWQ7L4gXoGnWhT7ZGon2OQK9Zfp-iclG-9fha3p-uLwF7AQpp",
      "nome": "HAPPY Old Men"
    },
    {
      "numero": 11,
      "url": "https://www.blogger.com/video.g?token=AD6v5dwyVzB9E7Y9wqQ4JIH6GGYjnZW7XMMyQmZUbFinp8f3BoEqabGqMz6xzF7e_obYrCf4x9udXz_8Vs3SvrH0STNAgpBx7rAWZDHPbEbVWyLdca6LOa42RwIUDgyMkYnkNZtG0qYk",
      "nome": "One Centimeter to HAPPY"
    }
  ]
}