{
  "id": 13535,
  "title": "Binbougami ga!",
  "title_jp": "貧乏神が!",
  "slug": "binbougami-ga",
  "type": "legendados",
  "format": "TV",
  "images": {
    "poster": "https://cdn.myanimelist.net/images/anime/8/39333l.webp",
    "banner": "https://cdn.myanimelist.net/images/anime/8/39333.jpg"
  },
  "trailer": "https://www.youtube-nocookie.com/embed/EOt9jP3NwAs?enablejsapi=1&wmode=opaque&autoplay=1",
  "synopsis": "Ichiko Sakura lives life on easy mode. Blessed with good fortune, she has everything she has ever wanted, including beauty, intelligence, and wealth. Momiji Binboda is a goddess of poverty. In stark contrast to Ichiko, she is cursed with misfortune, such as a perpetual cast on her arm, a flat chest, and a box under a bridge for a home.\n\nTheir lives collide when Momiji lives up to her title and delivers some unfortunate news to Ichiko: her large amount of luck is due to her subconsciously draining the luck from those around her! Momiji has been tasked with stealing back Ichiko's fortune before she leaves everyone without enough luck to even survive. But Ichiko, with the help of the wandering monk Bobby Statice, manages to fight off the poverty goddess. This defeat forces the goddess to enlist reinforcements in the form of Kumagai, her teddy bear familiar, and the masochistic dog god, Momoo Inugami.\n\nInsanity ensues as Ichiko's quiet life is replaced with daily battles for her fortune. To survive the chaos, Ichiko will need all the luck she can get in Binbougami ga!!\n\n[Written by MAL Rewrite]",
  "score": 7.66,
  "genres": [
    "Comedy",
    "Supernatural"
  ],
  "episodes": [
    {
      "numero": 1,
      "url": "https://www.blogger.com/video.g?token=AD6v5dzz-Ozd1av_p6K0YbkUi0QIVfs0GHFELP75nEAs35i9-5NbKcJZ9srbuIWeVpxkPFKHYX6KkE5IdZxnHFF24uykDHFJerBfNnBIWeFQgESxnhi1PDoqz1eE6pGgxST8lfTyKxQ",
      "nome": "Are You Sure You Haven't Confused Being a God of Flat-Brokeness with Being a God of Flat-Chestedness?"
    },
    {
      "numero": 2,
      "url": "https://www.blogger.com/video.g?token=AD6v5dzf-4as8DyGmAuT8_pAa1yVtSl39BhcXEMSYGXZkh1YzcKoxgzeVyG59vAXMgKEUFrehP3Hh7zUreIx7_JrCuVHSKf0Tco92DLBDsTIfrKEFjKSnYQD3c-L0AgG62EoTg356BHJ",
      "nome": "This, Indeed, Has the \"The Battle Between God and Girl Now Begins\" Feel To It"
    },
    {
      "numero": 3,
      "url": "https://www.blogger.com/video.g?token=AD6v5dyPD2Uzu1csBx_0JHEU17LjfmSPiYKrKy4R7cgjs0WbDIQaGh4jd-wfgM_7MvZd9ATLZoz1HRRvVtcqL8ztTYOrQkvUKyeckrVCPrPe6TQoaWWqDhC07Z9E1fuH9mDLSQMD7nL9",
      "nome": "\"Taking Orders from You Kinda Ticks Me Off!!! What Do You Mean, Kinda?!!\""
    },
    {
      "numero": 4,
      "url": "https://www.blogger.com/video.g?token=AD6v5dw_Qjm-LI6MgFmlOEiUaJR6erClEuZGmgt0CuSMEH3to2Q2TwALXT0eh_8rhpAjyRIQgwv6om8DccTplaiEkTMVwic5ktSaym8ctsUMSdJBwR8UUSzb02WeucI_C_YHaqcl7D_2",
      "nome": "He Shrank, Didn't He?!"
    },
    {
      "numero": 5,
      "url": "https://www.blogger.com/video.g?token=AD6v5dzp91fYPbvJeGOUlYV-T-vcZ9Alnq7wO0srZRY4mEf4NUKaOPHAKRXxxBs6D45NzFUP1UtQBYKQu9ElkWo5_cGYFI11tzf0VVJbTl8sWvWMGZVGHiNhyuowy4b459fQ1BkF7t4",
      "nome": "Which One of Us Is Flat-Chested, Again? Hm? Hm?! Hm!!?"
    },
    {
      "numero": 6,
      "url": "https://www.blogger.com/video.g?token=AD6v5dyItqkad2_UkVXGKlPVsQrvhTkbK1ZofMGtQecbdUSgGoqejwXT0Cekpls0SdW9W2n9npV0gWkzQfgxLlJawMwchPUUeVQZiEt3Tfh0HLwnos33W_MzjFqw8TUsa4RwIHIc3FE",
      "nome": "Open Your Eye-es!!!!"
    },
    {
      "numero": 7,
      "url": "https://www.blogger.com/video.g?token=AD6v5dwU8sY4BK9Fil2NYCmyIPT1xSqqOy2C0DyqZ0LZkgthcD0b7vCTwmFSgW74L0zGj-VVTo4XhBxwNvMGkc4zlry4xjHJc1IXRypUTbD6OmI_-n5Rr4-9DzSEl4YNL9yelRLQnN8",
      "nome": "Is This That So-Called Boy-Raised-As-a-Girl Pattern?"
    },
    {
      "numero": 8,
      "url": "https://www.blogger.com/video.g?token=AD6v5dzW1QQyU8T3Qr-rUG06HEENCLH7A_yyeUPEZxYw3UyR1_ilHUdd4_2qJL3t5-DYJ_x8utkif2tg8gdhPom3ATEFCr5N1s9ySspCgkAnzXUwaOIn2HIqMr9geXp47t7MUxDX5ZE",
      "nome": "Call Me By My Name"
    },
    {
      "numero": 9,
      "url": "https://www.blogger.com/video.g?token=AD6v5dyoq-8BP89fo9pAaccYzNjNx9Du7vtHAGLONoV65GBmncsIDUU0xMvC-CTvUqAJoVL0yozxM3LRkyuedZMmESD-oVEw1oFLKor1Oc-e-3x06yuMrUp-KkeUR46foCVNCqZgtlw",
      "nome": "Eh?! You Said, 'After All This'?!\" & \"There's No Way That Happens After Just Two Minutes!!!!"
    },
    {
      "numero": 10,
      "url": "https://www.blogger.com/video.g?token=AD6v5dwQAeS6TCoixMduaaqr1ij4fpZRnmWmg3dZAmrMtt6_eeqB2rhVOdWh5ea4E23V_tGSKI4jwRwcizFlCG5JBBCUCKKYk9mcULRKy8AasW2uUAZYe_32Pt6A8jZBzQkWQfmGN_RP",
      "nome": "It's Like Secretly Mixing Pumpkin into a Stew in Order to Feed It to a Child Who Hates Pumpkin"
    },
    {
      "numero": 11,
      "url": "https://www.blogger.com/video.g?token=AD6v5dzG44-kBhYMSQd0FBoBzpDYX88jOf5BCRCTR6629uHGBUQ5IOwsPup1z5coenCSV67WnGfIhFh1yXxM5E3fT4SxgccLYiLW_ZI0BaPKj7nEQaBd80hsbBt5FnRtn3i006TDPiU",
      "nome": "...Who Are You?!"
    },
    {
      "numero": 12,
      "url": "https://www.blogger.com/video.g?token=AD6v5dxI9c8vY5Yjrm4Rq-9VkQvGX2WFSsX91WV7oHO3Mx3lkg0zpFGieohk9WUEG9RYlDm_HgAs8BER1cksl-MZ8rEOgSkUNPBWQqFqSMHAYsG1aop7clapxAZ-GIbD4wjiL3oaLe8",
      "nome": "Sometime, Call Me By My Name"
    },
    {
      "numero": 13,
      "url": "https://www.blogger.com/video.g?token=AD6v5dzek0a-tTrwp95nmCDLwK7f9zdxw5pTzQXPEq3cwAR0wyeu5CLhUOlRHN2AEI6Q79L7aHXpdckKispYTT3SE8OcNXdRVeYBYdRTMghNWky5Q-bpNfxy-J8vbZ9A_kro1P20",
      "nome": "You Already Have the Answer to That"
    }
  ]
}