{
  "id": 1214,
  "title": "Binbou Shimai Monogatari",
  "title_jp": "貧乏姉妹物語",
  "slug": "binbou-shimai-monogatari",
  "type": "legendados",
  "format": "TV",
  "images": {
    "poster": "https://cdn.myanimelist.net/images/anime/1959/108682l.webp",
    "banner": "https://cdn.myanimelist.net/images/anime/1959/108682.jpg"
  },
  "trailer": null,
  "synopsis": "Without the presence of both their deceased mother and their debt-ridden father, sisters Kyou and Asu Yamada are forced to fend for themselves. Thankfully, they at least have a roof over their heads: a small room in an old apartment spacious enough to fit both of them. However, to make ends meet, the older sister Kyou strives to juggle various part-time jobs—all while making sure that she and her younger sister can continue studying.\n\nDespite these hardships, they are not alone. Seemingly blessed with good and kind people around them, Kyou and Asu's lives are far from miserable. Above all else, the two sisters share a precious bond that, no matter what pain, trials, or quarrels may come their way, will always remain unbreakable.\n\n[Written by MAL Rewrite]",
  "score": 6.84,
  "genres": [
    "Slice of Life"
  ],
  "episodes": [
    {
      "numero": 1,
      "url": "https://www.blogger.com/video.g?token=AD6v5dw529fIfKxDqa9NU-K3hFVgY-US2rEnVKyKzVCHw53iMmhUynAAyJp0vr3oGJs6OGyI3b72PQTMokPwDuLTa114UzeyTIlVoYQyVdkX0Hf_99ME3N2S0MkWz5lBFp3v7TJpv5g",
      "nome": "A Day of Yukatas, Fireworks, and Candy Apples"
    },
    {
      "numero": 2,
      "url": "https://www.blogger.com/video.g?token=AD6v5dzynClClqG0_8-QmBUXpMQh4_YNRmLFA0pTqWx_eln120RgQBfQbWBeiwx63E2NdqW_GgdqH_xMylx9wxbIFCyUh21wJ1VSnAQPg6qTOO_u90cm3SJQnDwanVt2KgikD2ES21mR",
      "nome": "A Day of the Landlord, a Watermelon, and a Hospital Visit"
    },
    {
      "numero": 3,
      "url": "https://www.blogger.com/video.g?token=AD6v5dzRimbwJASv0l1EbYEgZrnB1QjC1BjkiH0iB4ESyfiUc6WyVubHLAg32pXBTh69O49TcgYO-2rjcy2CQlwai3XAZEbVumWdmVDT0JyJQjx867p7pw7kdHocLTSdVuIcGf6jwfnO",
      "nome": "A Day of Carrots, Lies, and the Echigoya Sisters"
    },
    {
      "numero": 4,
      "url": "https://www.blogger.com/video.g?token=AD6v5dzhsC8Wrr-RjwME5M7NghL1IfvF7esKHehxMrudhIlvB_pSpVPMkumKYKAZwIlvoj7304ITB4qaDA48_O2ababq4TU28MaGiCaZoTJH_4GIT_BtaGH_ZGJnpcGfaqPpnL2Fgn_w",
      "nome": "A Day of Perfume, Asu, and a Class Visit"
    },
    {
      "numero": 5,
      "url": "https://www.blogger.com/video.g?token=AD6v5dw6rMtxRUE9tZZ4Vvoo0HlMg9F9cCYEEQ1913noZzS_WpwzUyvbRzMh2SzY7vkJ0JWuK19r39LrS711MnpLBlVxPQZ3jk77MdyWS7sIVuOmwwQ2qfCHOBLUO0cqbu9ol0rVk4U1",
      "nome": "A Day of the Apartment, Cherry Blossoms, and Moving"
    },
    {
      "numero": 6,
      "url": "https://www.blogger.com/video.g?token=AD6v5dzZfx4qFSLTRLr0FsH2Elu4Q28D9TBNS3MzxLoV02oJ7xa-meHGg5qi1lP5nuLlnW51oh1airxTd3D4o383NJrDqiFgx-ePRLsk3QAXYUPZPbbAGmma6XaqfsaYrE0UQ9b2a_U",
      "nome": "A Day of Loneliness, Ginko, and Onee-sama"
    },
    {
      "numero": 7,
      "url": "https://www.blogger.com/video.g?token=AD6v5dz_zZjFJs0Lxnzh5VG5RDZDlzxwcaAD79aQNeYovuCXK3RvlRkU_5dAmVsR3Z8QJN_F3nWXAdBFvpXkUmtpIhVJsB14kPfRkLcsmEiRRXUlycJjyAKl2-9vot45JtBQJWWMSq58",
      "nome": "A Day of Jealousy, Chocolates, and Valentines"
    },
    {
      "numero": 8,
      "url": "https://www.blogger.com/video.g?token=AD6v5dwobBB2saSyvfLzSjo32Tcg1BlBOuys4eK1fMcoYRHbfA7cdHKMTh3wC3Y5aLHG46DVuMkT3VSyF71aWkYBEmvc510dE7gPMml7t4L4DRPDOJND4mGcysyBxRfLYLLcb24t8K2V",
      "nome": "A Day of Guitars, Dreams, and a Music Teacher"
    },
    {
      "numero": 9,
      "url": "https://www.blogger.com/video.g?token=AD6v5dw4o7mBDA3e735uYFDPQeoqS7Ts1tfl8CSFRGzuoLRpHYJrOOM76E2t4FZPrpLtmeZRWhU0GGUsvWZ9H9wVIVXHHppYH9YTNmwachTyjxjrrUEiApVzlJIsAZs9QrBQWX6IthvP",
      "nome": "A Day of Emotions, Uneasiness, and Cell Phones"
    },
    {
      "numero": 10,
      "url": "https://www.blogger.com/video.g?token=AD6v5dz3pDHSh5MS-mda02hcw05S7nEb68vTR743aQ7p9rRmdy7n6H05wFnw8D4CCqWELFRRgZYRwPxcGDTI1liGkL3q2ATEA908l_6TULiLUkeRFshnjUdCMLhHlAarxMoKoqPXAok",
      "nome": "A Day of Colds, Promises, and Mother"
    }
  ]
}