{
  "id": 750,
  "title": "Binchou-tan",
  "title_jp": "びんちょうタン",
  "slug": "binchou-tan",
  "type": "legendados",
  "format": "TV",
  "images": {
    "poster": "https://cdn.myanimelist.net/images/anime/10/61143l.webp",
    "banner": "https://cdn.myanimelist.net/images/anime/10/61143.jpg"
  },
  "trailer": null,
  "synopsis": "This is a story about a little girl who lives in an old house in the mountains. Her name is Bincho-tan. Each episode depicts a day in the life of Bincho-tan as she prepares her breakfast in the morning, goes to the forest to gather vegetables, does her household chores and rests at night after a day's work. She is surrounded by a group of close friends who add color to her ordinary yet simple life.",
  "score": 7.13,
  "genres": [
    "Slice of Life"
  ],
  "episodes": [
    {
      "numero": 1,
      "url": "https://lightspeedst.net/s3/mp4/binchou-tan/sd/1.mp4",
      "nome": "Spring Awakening"
    },
    {
      "numero": 2,
      "url": "https://lightspeedst.net/s3/mp4/binchou-tan/sd/2.mp4",
      "nome": "Gets a Job"
    },
    {
      "numero": 3,
      "url": "https://lightspeedst.net/s3/mp4/binchou-tan/sd/3.mp4",
      "nome": "Bin's Birthday"
    },
    {
      "numero": 4,
      "url": "https://lightspeedst.net/s3/mp4/binchou-tan/sd/4.mp4",
      "nome": "Rainy Sunday"
    },
    {
      "numero": 5,
      "url": "https://lightspeedst.net/s3/mp4/binchou-tan/sd/5.mp4",
      "nome": "Memories of Kimono"
    },
    {
      "numero": 6,
      "url": "https://lightspeedst.net/s3/mp4/binchou-tan/sd/6.mp4",
      "nome": "Work in the Night"
    }
  ]
}