{
  "id": 348,
  "title": "Binzume Yousei",
  "title_jp": "瓶詰妖精",
  "slug": "binzume-yousei",
  "type": "legendados",
  "format": "TV",
  "images": {
    "poster": "https://cdn.myanimelist.net/images/anime/3/16917l.webp",
    "banner": "https://cdn.myanimelist.net/images/anime/3/16917.jpg"
  },
  "trailer": null,
  "synopsis": "Set in the year 2004, Binzume Yousei is a slice-of-life fairy tale that revolves around four fairies, each represented by four unique colors as seen with their magical bottle jars. These fairies are the extremely peppy Kururu, the reserved and feminine Chiriri, the samurai-loving tomboy Sarara, and the quiet yet quirky Hororo.\n\nFascinated by the human world, these fairies arrived from the fairy world in hopes of participating in the annual traditions and overall way of human life. However, they have a very limited understanding of the human world. Luckily, they are befriended and guided by two humans—\"Sensei-san,\" a university student who they live with, and a first-grade girl they call \"Tama-chan,\" who is sometimes as naive as the fairies themselves.\n\nThough these bottle fairies have strange ideas and sometimes have difficulty understanding this new world, they try to make the most of the human experience in their own cute little ways.\n\n[Written by MAL Rewrite]",
  "score": 6.44,
  "genres": [
    "Comedy",
    "Fantasy"
  ],
  "episodes": [
    {
      "numero": 1,
      "url": "https://lightspeedst.net/s3/mp4/binzume-yousei/sd/1.mp4",
      "nome": "April"
    },
    {
      "numero": 2,
      "url": "https://lightspeedst.net/s3/mp4/binzume-yousei/sd/2.mp4",
      "nome": "May"
    },
    {
      "numero": 3,
      "url": "https://lightspeedst.net/s3/mp4/binzume-yousei/sd/3.mp4",
      "nome": "June"
    },
    {
      "numero": 4,
      "url": "https://lightspeedst.net/s3/mp4/binzume-yousei/sd/4.mp4",
      "nome": "July"
    },
    {
      "numero": 5,
      "url": "https://lightspeedst.net/s3/mp4/binzume-yousei/sd/5.mp4",
      "nome": "August"
    },
    {
      "numero": 6,
      "url": "https://lightspeedst.net/s3/mp4/binzume-yousei/sd/6.mp4",
      "nome": "September"
    },
    {
      "numero": 7,
      "url": "https://lightspeedst.net/s3/mp4/binzume-yousei/sd/7.mp4",
      "nome": "October"
    },
    {
      "numero": 8,
      "url": "https://lightspeedst.net/s3/mp4/binzume-yousei/sd/8.mp4",
      "nome": "November"
    },
    {
      "numero": 9,
      "url": "https://lightspeedst.net/s3/mp4/binzume-yousei/sd/9.mp4",
      "nome": "December"
    },
    {
      "numero": 10,
      "url": "https://lightspeedst.net/s3/mp4/binzume-yousei/sd/10.mp4",
      "nome": "January"
    },
    {
      "numero": 11,
      "url": "https://lightspeedst.net/s3/mp4/binzume-yousei/sd/11.mp4",
      "nome": "February"
    },
    {
      "numero": 12,
      "url": "https://lightspeedst.net/s3/mp4/binzume-yousei/sd/12.mp4",
      "nome": "March"
    },
    {
      "numero": 13,
      "url": "https://lightspeedst.net/s3/mp4/binzume-yousei/sd/13.mp4",
      "nome": "And Then"
    }
  ]
}