{
  "id": 14751,
  "title": "Bishoujo Senshi Sailor Moon Crystal",
  "title_jp": "美少女戦士セーラームーン Crystal",
  "slug": "bishoujo-senshi-sailor-moon-crystal",
  "type": "legendados",
  "format": "ONA",
  "images": {
    "poster": "https://cdn.myanimelist.net/images/anime/1209/133699l.webp",
    "banner": "https://cdn.myanimelist.net/images/anime/1209/133699.jpg"
  },
  "trailer": "https://www.youtube-nocookie.com/embed/7q-rU8s9HCY?enablejsapi=1&wmode=opaque&autoplay=1",
  "synopsis": "Though a little clumsy and easily brought to tears, Usagi Tsukino is a typical 14-year-old girl in her second year of junior high. However, all of that changes when an encounter with Luna, a mysterious talking black cat, whose head bears the mark of a crescent moon, results in the animal bestowing a magical brooch upon her. Now Usagi can transform into Sailor Moon, a magical girl in a sailor uniform who protects love and peace!\n\nUsagi is appointed as a guardian of justice and is tasked with the search for the legendary Silver Crystal, a magical artifact that holds immense power, as well as finding the other Sailor Guardians and the lost princess of Luna's home, the Moon Kingdom. Her mission isn't without opposition, however; Queen Beryl, ruler of the Dark Kingdom, wants to claim the Silver Crystal and take its power for her own.\n\nThough she still has to worry about her school, family, and love life, it is up to Sailor Moon and the other Sailor Guardians to save the day!\n\n[Written by MAL Rewrite]",
  "score": 7.15,
  "genres": [
    "Romance"
  ],
  "episodes": [
    {
      "numero": 1,
      "url": "https://www.blogger.com/video.g?token=AD6v5dzCfUZiPGoLZB1sZvO0n4AFyF87ZLmwhGkPWdrFUQsVSlgeRvg-SXWIvB7WqcoFFHRIm0GNS-rSR0r2httVDvWaODryYCiyNhFt-pH1euXm_49kmA734b039PpdJCNto20D244",
      "nome": "Usagi: Sailor Moon"
    },
    {
      "numero": 2,
      "url": "https://www.blogger.com/video.g?token=AD6v5dwXq0KNRwhNOcXHzZoMIJu6wS5S7ATm8IulQx-St0p7QHYLf1phCFhoj4xQNmi3A5tuja5EWcKa5t1SK5E13wIJUNsWCMqISr4GreJTH39nb-nqCvvVwdp6jPlnEkrBTQvsH_bv",
      "nome": "Ami: Sailor Mercury"
    },
    {
      "numero": 3,
      "url": "https://www.blogger.com/video.g?token=AD6v5dzxM_dGx-Yz1Pw73tnSOQBNzxMFWEOrIoO2NIwJnT_v845-HAuBJ-evOmlWm15CztWsPWo5-DNMQUUeGEKpRnufJdop1vQ1ShkjhWNn6A4DHqa4fv3QM137wCPd4snZkf9GNS8E",
      "nome": "Rei: Sailor Mars"
    },
    {
      "numero": 4,
      "url": "https://www.blogger.com/video.g?token=AD6v5dxaRhiDsylBw1Os-P8Q5M9Cgv56j-Krecho42yOh_Aijm2OoH7jXZSjCehCpogo6_aWpOJaGCdluxc97X4qL1xONJGX_3Cu6QgTNU51G4IeXZeAV8pVYHnN6iTIkCcEzF1roQc",
      "nome": "Masquerade Dance Party"
    },
    {
      "numero": 5,
      "url": "https://www.blogger.com/video.g?token=AD6v5dz1j_j3_CPRzazJ_RAxr-SmFwGHfbFf_w3R_EYOGrFGF4gehqoSdgrDCXmeglqKYIY0fywNBVhXJro6l1Y2SiwXoT1MoLyzbJCPzJVLznF_BIENdkmcuuk4fkaLFm4IgLvx2kQ",
      "nome": "Makoto: Sailor Jupiter"
    },
    {
      "numero": 6,
      "url": "https://www.blogger.com/video.g?token=AD6v5dxep53wfRbeiArlRha_LjPGrQCmq5P3srFbHhUvUlvA-Ywdu3Z8Wa0AoLNAfru9tXfghgh15w_gsmzufjLvgUPGjJ1Xy4px_ivITYLXgGUZ63rxz-HtaBg-CLYo_brzqam8lnAg",
      "nome": "Tuxedo Mask"
    },
    {
      "numero": 7,
      "url": "https://www.blogger.com/video.g?token=AD6v5dx_0ECstiNzoVWMR_17I4a0QCcBw4F5WHAiT2Ig0rcUbnJqy6gHPd-ud52gvkmxjBQm9tGSapSbMwjefA8VcbE2PyBz_kiWmp4GipeR-hsGhl6ELYgyIT3NRO0YbJZT6rB_0qPf",
      "nome": "Mamoru Chiba: Tuxedo Mask"
    },
    {
      "numero": 8,
      "url": "https://www.blogger.com/video.g?token=AD6v5dwyJFs94p0kYTqM5n11IVuC79qEWG9pbwlAawezo_xLPXcz_R3wDRKKGiqqNUImE3HfYoSLaaQfW0zLTXOUJiTo901dpKnnYJAPEqDzWwubrzHZk-8bEf8ocBWFVLQd1CR02umS",
      "nome": "Minako: Sailor V"
    },
    {
      "numero": 9,
      "url": "https://www.blogger.com/video.g?token=AD6v5dz5fz5KOKoHZt-bMoQDHSbv3_gIcmoClqrDnO5Z0k6S8ROktIJ4bbqQww7dv174oWSpzS2ra-QpydE5u9e8WRJobSl8BM02jI5T9FtZcvpP4J-bYNgE7AloD_rwC1vJx4kWWho",
      "nome": "Serenity: Princess"
    },
    {
      "numero": 10,
      "url": "https://www.blogger.com/video.g?token=AD6v5dzy1PW0qNzJPy-m_gtR9Gf4lEEjm5-pXqVtSTvH_hTEkDiQlUuHe9IQCNyIeENRMQMyaTscUNQWjKc8QLbYWoPHZGhGipUvcQoE5Rk7nq3z37uJWv2hstWYiq75fZAr3yKqEeg",
      "nome": "Moon"
    },
    {
      "numero": 11,
      "url": "https://www.blogger.com/video.g?token=AD6v5dyDntf7OdT34Xvvzc585Rimc6q1oUoZv8zHYlxkeCsqpuOfuIb0fUvvt3N9XC5S2C2K3Kohl-SmSfTOtAHr41sCIejyKsZiCgrSEOQWLaDC6A1jrsDBQH3vliwpljPC-CLz_0k",
      "nome": "Act. 11 Reunion"
    },
    {
      "numero": 12,
      "url": "https://www.blogger.com/video.g?token=AD6v5dyoPZYea40JXzrgzRBmS18kVYPV-HxgpvfAh9kRlSTeCOP1dVsZ4PpK7EJSlEPeAkulZVPxIOsJ3uN3ee7v7nFD-EBeVGiBma4CjYUdhHdO7soYpV9fqk_pRa84OOJw_q8btvw",
      "nome": "Act. 12 Enemy: Queen"
    },
    {
      "numero": 13,
      "url": "https://www.blogger.com/video.g?token=AD6v5dwBga8GRHkMRINqOSm0cibKqTJsJTKADZOVhA16rKNTi4AQJyKRtqCrbytM-Q3Yy_I7juTwrKFrdxNnEBSsVxA9jdsv_4HrPsK9CaQkTS33LbVwaquXkpwdHgjTH1COox55qVCy",
      "nome": "Act. 13 Final Battle - Reincarnation -"
    },
    {
      "numero": 14,
      "url": "https://www.blogger.com/video.g?token=AD6v5dzvY4lXZm4tfedANtZ4MRHX5xo7-iKpe1xLYmUmR8EZ-Uq91V0Eu33QyfJsMV-51kq9ebohkxT4u8avX_BGGMru0RNcXdFsLP6Rq1DnLE6lT_wPIc9qRQIExcdFYz4gwvqt6sW4",
      "nome": "Act. 14 Conclusion and Commencement -Petite Etrangere-"
    },
    {
      "numero": 15,
      "url": "https://www.blogger.com/video.g?token=AD6v5dzGRDnarVrpRvP-QwPlS2oD8yNqhuOgx5Z8Vzx-5TfsLPmLgSwX0GuY3RVYwMBNTbIIS0hSCWobYOwikzql1E2Bww9OhIY9nrbQr5nqAags-5cfMM1ofaM1QfeNRuGt-mtwKS0",
      "nome": "Act. 15 Infiltration: Sailor Mars"
    },
    {
      "numero": 16,
      "url": "https://www.blogger.com/video.g?token=AD6v5dzyAEKgIkrBkuFVRyVJBr0laHIzOWc_vA1IR9D8Jp6zqLi2hjfE053hPzgdDaenBXR0SSDnwbQLsBAepA2DV_XTOTcvPwo1uKI35MVpZP2kDHCEXpahHrWkRM-DN21ZaeyBWUk",
      "nome": "Act. 16 Abduction - Sailor Mercury -"
    },
    {
      "numero": 17,
      "url": "https://www.blogger.com/video.g?token=AD6v5dwoc_pOXHtf9FelDV613Kv14tYT4LN5CO7VrpBnjkBqxWVjPkCGNtO8N0aqI4sNnAA-EKPoBHyyrkACGzZ9p85vGLu9QXQjiDoTspRLReHKiLwdB-h6BPfLt36RLGlWLj1L8ahp",
      "nome": "Act. 17 Secret - Sailor Jupiter-"
    },
    {
      "numero": 18,
      "url": "https://www.blogger.com/video.g?token=AD6v5dwsjKmUUDNPRx5NBGK8rCgk27O_mKs-wzdIMjRuyVHAsX9Wsb1IqgTsBZYcvHxeGe0hsIo1BFc4ooxYGMYMtuVWlA9dw26wxG6_ywxgZLSiePyHi80ikfcyBLSP2zkd_qEVwLBq",
      "nome": "Act. 18 Invasion -Sailor Venus-"
    },
    {
      "numero": 19,
      "url": "https://www.blogger.com/video.g?token=AD6v5dwKc7D7YaNnh4o4glybf50UQDM3fhi5q2Wr-sSxOUHOmxFhcaDNdNIVvzGck8tfwQOBERstrmWXfAZO5rKm9WahZyry2yKtxPwz3ZwShP0LR9mduVLXNIxthn5ZxXk7NTQfvYk",
      "nome": "Act. 19 Time Warp - Sailor Pluto -"
    },
    {
      "numero": 20,
      "url": "https://www.blogger.com/video.g?token=AD6v5dxYS30PeznBXAmNIfW8OXwYwFzTNvnBAt6OXLR85Es05mdAjjfOcx1SX91mYfVGAzKn9B76iDqc52O34yue77CYd3H4Uftz2DvgPK9vwiBmrZUOh1IBRqDA0IU8iX32qDdE8VKA",
      "nome": "Act.20 Crystal Tokyo - King Endymion -"
    },
    {
      "numero": 21,
      "url": "https://www.blogger.com/video.g?token=AD6v5dyNCYiaGkvT6LYzocywHQh8SAOPo5tucrZ9a19JwaTDyMQdsL9-EVHeHopwLgOeNIgF2VeRxdn5onSihUouZkfY2BNWZDlNQUn6xxmh2FQXNqhLSyJah8BuWbEHh8xdKh6QU1Zs",
      "nome": "Act.21 Complication - Nemesis -"
    },
    {
      "numero": 22,
      "url": "https://www.blogger.com/video.g?token=AD6v5dw7imL1KRhpN0CgQE-xeRmrOM6GEbCRCY7XT7PUtVDmxjVzzkIY0QHLv68Ayxzoy7wfT6OxhUOPqq-bg7QJrPVBTg94ZdzI5pGJ6gW6i45QevBlz3BhIP4q7bfPIa4uXKrI4Y9P",
      "nome": "Act.22 Hidden Agenda - Nemesis -"
    },
    {
      "numero": 23,
      "url": "https://www.blogger.com/video.g?token=AD6v5dwtM87X5_gH6rH91T9iWks8pdNsyqR8spDPWmOCToFAPl1zSQoqMbky9tmul7YZ8IdaS_PR9SRoCadToQKjjBoaNoBdO8frqkIYon6nXuKrDzy9af65QxBdzIbTHBXhXRFv5AHO",
      "nome": "Act.23 Covert Maneuvers - Wiseman -"
    },
    {
      "numero": 24,
      "url": "https://www.blogger.com/video.g?token=AD6v5dzAX_pLQb02pckk-d25dMy-Tax7gPTw-G4ypPlp7mKgwp2E_Din_6qL3FaEr3m4hzGZGSeV_X_lkNBLu_Ah5bj35qSVpRWrqFKTaQwimnwIo_5vvMhiflFyX7dkdSmP_vUQV6E",
      "nome": "Act.24 Attack - Black Lady -"
    },
    {
      "numero": 25,
      "url": "https://www.blogger.com/video.g?token=AD6v5dyRbIZ4qu10pXoI9G_T9ctWpniEYyw2AFwqZ-ItF2E0qDjEBZ_wp2CNlR6jyg6pbxWCgoSy8Z-rh62AsbRJ-jumFAmNuoTs5ah0Lxap0y4TgU2fi85S09Ycs-j3MEhuPBTHWdU",
      "nome": "Act .25 Showdown"
    },
    {
      "numero": 26,
      "url": "https://www.blogger.com/video.g?token=AD6v5dycBdfhPe4PBs2NiwdML_KVrzegB7qxTPgsFHLmFWfh5XYpjmAzPXoaFBM8_9BrGOJZj5m0HR2p3tw8Y4ltTiaqKQH_h_8FG138hd5ly1hcq5Aaz-QtL6DMXSwYNNFLFA-OABJY",
      "nome": "Act.26 Replay - Never Ending -"
    }
  ]
}