{
  "id": 740,
  "title": "Bishoujo Senshi Sailor Moon R",
  "title_jp": "美少女戦士セーラームーン R",
  "slug": "bishoujo-senshi-sailor-moon-r",
  "type": "legendados",
  "format": "TV",
  "images": {
    "poster": "https://cdn.myanimelist.net/images/anime/1/740l.webp",
    "banner": "https://cdn.myanimelist.net/images/anime/1/740.jpg"
  },
  "trailer": "https://www.youtube-nocookie.com/embed/mKV6I31WL6c?enablejsapi=1&wmode=opaque&autoplay=1",
  "synopsis": "Usagi Tsukino and her friends have been living peacefully until they are called into action again as Sailor Guardians, planetary warriors fighting for the peace of the galaxy. Usagi, also known as Sailor Moon, leads their group into battle when a new threat from beyond the stars presents itself: two survivors of an alien race, An and Ail. In order to save the source of their life force, the Makai Tree, An and Ail begin harvesting energy from unsuspecting humans. The Sailor Guardians must stop their plot or face the annihilation of Earth.\n\nBut as one threat subsides, another follows—this time in the form of a little girl from the future who seeks the source of Sailor Moon's power to save her family. However, she is not the only one vying for it, as a group known as the Black Moon Clan also wishes to obtain the power and use it for nefarious purposes. In order to protect their destinies and the harmony of the universe, Sailor Moon and the rest of the Sailor Guardians must fight to stop these forces from succeeding.\n\n[Written by MAL Rewrite]",
  "score": 7.73,
  "genres": [
    "Romance"
  ],
  "episodes": [
    {
      "numero": 1,
      "url": "https://lightspeedst.net/s2/mp4/bishoujo-senshi-sailor-moon-r/sd/1.mp4",
      "nome": "Moon Returns: The Mysterious Aliens Appear"
    },
    {
      "numero": 2,
      "url": "https://lightspeedst.net/s2/mp4/bishoujo-senshi-sailor-moon-r/sd/2.mp4",
      "nome": "For Love and for Justice: Sailor Guardians Once Again"
    },
    {
      "numero": 3,
      "url": "https://lightspeedst.net/s2/mp4/bishoujo-senshi-sailor-moon-r/sd/3.mp4",
      "nome": "For Whom Is the White Rose: The Moonlight Knight Appears"
    },
    {
      "numero": 4,
      "url": "https://lightspeedst.net/s2/mp4/bishoujo-senshi-sailor-moon-r/sd/4.mp4",
      "nome": "Usagi's Crisis: The Tiara Stops Working"
    },
    {
      "numero": 5,
      "url": "https://lightspeedst.net/s2/mp4/bishoujo-senshi-sailor-moon-r/sd/5.mp4",
      "nome": "A New Transformation: Usagi's Power-Up"
    },
    {
      "numero": 6,
      "url": "https://lightspeedst.net/s2/mp4/bishoujo-senshi-sailor-moon-r/sd/6.mp4",
      "nome": "The Targeted Kindergarteners: Venus to the Rescue"
    },
    {
      "numero": 7,
      "url": "https://lightspeedst.net/s2/mp4/bishoujo-senshi-sailor-moon-r/sd/7.mp4",
      "nome": "Mamoru and Usagi's Babysitting Mayhem"
    },
    {
      "numero": 8,
      "url": "https://lightspeedst.net/s2/mp4/bishoujo-senshi-sailor-moon-r/sd/8.mp4",
      "nome": "The School Festival is for Me: Queen Rei's Song"
    },
    {
      "numero": 9,
      "url": "https://lightspeedst.net/s2/mp4/bishoujo-senshi-sailor-moon-r/sd/9.mp4",
      "nome": "Is Seijuro the Moonlight Knight? Mako On Fire"
    },
    {
      "numero": 10,
      "url": "https://lightspeedst.net/s2/mp4/bishoujo-senshi-sailor-moon-r/sd/10.mp4",
      "nome": "Steal a Kiss from Mamoru! An's Project Snow White"
    },
    {
      "numero": 11,
      "url": "https://lightspeedst.net/s2/mp4/bishoujo-senshi-sailor-moon-r/sd/11.mp4",
      "nome": "After School Trouble: Usagi Is a Target"
    },
    {
      "numero": 12,
      "url": "https://lightspeedst.net/s2/mp4/bishoujo-senshi-sailor-moon-r/sd/12.mp4",
      "nome": "Disconnecting Love: the Raging Makai Tree"
    },
    {
      "numero": 13,
      "url": "https://lightspeedst.net/s2/mp4/bishoujo-senshi-sailor-moon-r/sd/13.mp4",
      "nome": "True Love Awakens: The Makai Tree's Secret"
    },
    {
      "numero": 14,
      "url": "https://lightspeedst.net/s2/mp4/bishoujo-senshi-sailor-moon-r/sd/14.mp4",
      "nome": "An Angel? A Devil? Mysterious Girl from the Sky"
    },
    {
      "numero": 15,
      "url": "https://lightspeedst.net/s2/mp4/bishoujo-senshi-sailor-moon-r/sd/15.mp4",
      "nome": "Huge Shock for Usagi! Mamoru Declares a Break Up"
    },
    {
      "numero": 16,
      "url": "https://lightspeedst.net/s2/mp4/bishoujo-senshi-sailor-moon-r/sd/16.mp4",
      "nome": "The Friendship of Sailor Warriors! Good-bye Ami"
    },
    {
      "numero": 17,
      "url": "https://lightspeedst.net/s2/mp4/bishoujo-senshi-sailor-moon-r/sd/17.mp4",
      "nome": "Women Should Be Strong and Beautiful! Rei's New Killer Move\""
    },
    {
      "numero": 18,
      "url": "https://lightspeedst.net/s2/mp4/bishoujo-senshi-sailor-moon-r/sd/18.mp4",
      "nome": "In Search of the Silver Crystal! Chibiusa's Secret"
    },
    {
      "numero": 19,
      "url": "https://lightspeedst.net/s2/mp4/bishoujo-senshi-sailor-moon-r/sd/19.mp4",
      "nome": "Dispute Over Love! Minako and Makoto Face Off"
    },
    {
      "numero": 20,
      "url": "https://lightspeedst.net/s2/mp4/bishoujo-senshi-sailor-moon-r/sd/20.mp4",
      "nome": "Usagi's Parental Love? A Curry Triangle Relationship"
    },
    {
      "numero": 21,
      "url": "https://lightspeedst.net/s2/mp4/bishoujo-senshi-sailor-moon-r/sd/21.mp4",
      "nome": "The Ocean! The Island! A Vacation! A Break for the Sailor Warriors"
    },
    {
      "numero": 22,
      "url": "https://lightspeedst.net/s2/mp4/bishoujo-senshi-sailor-moon-r/sd/22.mp4",
      "nome": "Protect Chibiusa! Clash of the 10 Warriors"
    },
    {
      "numero": 23,
      "url": "https://lightspeedst.net/s2/mp4/bishoujo-senshi-sailor-moon-r/sd/23.mp4",
      "nome": "Awaken, Sleeping Beauty! Mamoru's Distress"
    },
    {
      "numero": 24,
      "url": "https://lightspeedst.net/s2/mp4/bishoujo-senshi-sailor-moon-r/sd/24.mp4",
      "nome": "A Battle of the Flames of Love! Mars vs. Koan"
    },
    {
      "numero": 25,
      "url": "https://lightspeedst.net/s2/mp4/bishoujo-senshi-sailor-moon-r/sd/25.mp4",
      "nome": "For Friendship! Ami and Berthier Clash"
    },
    {
      "numero": 26,
      "url": "https://lightspeedst.net/s2/mp4/bishoujo-senshi-sailor-moon-r/sd/26.mp4",
      "nome": "Cold-Hearted Rubeus! The Four Sisters of Sorrow"
    },
    {
      "numero": 27,
      "url": "https://lightspeedst.net/s2/mp4/bishoujo-senshi-sailor-moon-r/sd/27.mp4",
      "nome": "A UFO Appears! The Sailor Warriors are Abducted"
    },
    {
      "numero": 28,
      "url": "https://lightspeedst.net/s2/mp4/bishoujo-senshi-sailor-moon-r/sd/28.mp4",
      "nome": "Defeat Rubeus! The Battle in Space"
    },
    {
      "numero": 29,
      "url": "https://lightspeedst.net/s2/mp4/bishoujo-senshi-sailor-moon-r/sd/29.mp4",
      "nome": "A Mysterious New Warrior, Sailor Pluto Appears"
    },
    {
      "numero": 30,
      "url": "https://lightspeedst.net/s2/mp4/bishoujo-senshi-sailor-moon-r/sd/30.mp4",
      "nome": "Magical Power of Darkness! Esmeraude's Invasion"
    },
    {
      "numero": 31,
      "url": "https://lightspeedst.net/s2/mp4/bishoujo-senshi-sailor-moon-r/sd/31.mp4",
      "nome": "Our Feelings are the Same! Usagi and Mamoru in Love Once Again"
    },
    {
      "numero": 32,
      "url": "https://lightspeedst.net/s2/mp4/bishoujo-senshi-sailor-moon-r/sd/32.mp4",
      "nome": "Venus Minako's Nurse Mayhem"
    },
    {
      "numero": 33,
      "url": "https://lightspeedst.net/s2/mp4/bishoujo-senshi-sailor-moon-r/sd/33.mp4",
      "nome": "Artemis' Adventure! The Evil Animal Kingdom"
    },
    {
      "numero": 34,
      "url": "https://lightspeedst.net/s2/mp4/bishoujo-senshi-sailor-moon-r/sd/34.mp4",
      "nome": "Terrifying Illusion! Ami All Alone"
    },
    {
      "numero": 35,
      "url": "https://lightspeedst.net/s2/mp4/bishoujo-senshi-sailor-moon-r/sd/35.mp4",
      "nome": "Dark Gate Completed? A Grade School in Danger"
    },
    {
      "numero": 36,
      "url": "https://lightspeedst.net/s2/mp4/bishoujo-senshi-sailor-moon-r/sd/36.mp4",
      "nome": "Journey to the Future! Battle in the Space-Time Corridor"
    },
    {
      "numero": 37,
      "url": "https://lightspeedst.net/s2/mp4/bishoujo-senshi-sailor-moon-r/sd/37.mp4",
      "nome": "The Shocking Future! Dimande's Dark Ambition"
    },
    {
      "numero": 38,
      "url": "https://lightspeedst.net/s2/mp4/bishoujo-senshi-sailor-moon-r/sd/38.mp4",
      "nome": "Wiseman's Evil Hand! Chibiusa Disappears"
    },
    {
      "numero": 39,
      "url": "https://lightspeedst.net/s2/mp4/bishoujo-senshi-sailor-moon-r/sd/39.mp4",
      "nome": "The Birth of Black Lady, The Queen of Darkness"
    },
    {
      "numero": 40,
      "url": "https://lightspeedst.net/s2/mp4/bishoujo-senshi-sailor-moon-r/sd/40.mp4",
      "nome": "Saphir Dies! Wiseman's Trap"
    },
    {
      "numero": 41,
      "url": "https://lightspeedst.net/s2/mp4/bishoujo-senshi-sailor-moon-r/sd/41.mp4",
      "nome": "Believe in Love and the Future! Usagi's Determination"
    },
    {
      "numero": 42,
      "url": "https://lightspeedst.net/s2/mp4/bishoujo-senshi-sailor-moon-r/sd/42.mp4",
      "nome": "The Final Battle Between Light and Darkness! Love Sworn to the Future"
    },
    {
      "numero": 43,
      "url": "https://lightspeedst.net/s2/mp4/bishoujo-senshi-sailor-moon-r/sd/43.mp4",
      "nome": "Usagi and the Girls' Resolve! Prelude to a new Battle"
    }
  ]
}