{
  "id": 996,
  "title": "Bishoujo Senshi Sailor Moon: Sailor Stars",
  "title_jp": "美少女戦士セーラームーン セーラースターズ",
  "slug": "bishoujo-senshi-sailor-moon-sailor-stars",
  "type": "legendados",
  "format": "TV",
  "images": {
    "poster": "https://cdn.myanimelist.net/images/anime/1645/105992l.webp",
    "banner": "https://cdn.myanimelist.net/images/anime/1645/105992.jpg"
  },
  "trailer": null,
  "synopsis": "Like the R Season, Sailor Stars is divided into two parts:\n\nThe first part resolves some conflicts from the SuperS season, and sees the return of the Outer Senshi, Haruka, Michiru, Setsuna, and Hotaru (now reborn as a child).\n\nIn the second part Usagi bids farewell to Mamoru, who is going to America to study. At the same time, the Three Lights apper, an idol trio consisting of three boys, Seiya, Taiki, and Yaten. The new enemy is Galaxia, a woman who desires to rule the entire galaxy by collecting the Star Seeds of humans. Three new Senshi appear, the Sailor Starlights, who have their own reasons to stop Galaxia, but without Sailor Moon's help.",
  "score": 7.95,
  "genres": [
    "Adventure",
    "Comedy",
    "Drama",
    "Romance"
  ],
  "episodes": [
    {
      "numero": 1,
      "url": "https://www.blogger.com/video.g?token=AD6v5dxIkCdt0pnObXf4a4_DepoSgMiaNyqxQjwfGHAoO6LhC7ySNMTc7E8DfnSwlubiMNYCGvD6L-v674hGcUOT0eHD95Qwr8Rs4sTdVUZr47H-jWQeBEuCT8-2vPRCgQgRO9dMzYhT",
      "nome": "Resurrection of the Queen of Darkness! When Scattered Flowers Create Nightmares"
    },
    {
      "numero": 2,
      "url": "https://www.blogger.com/video.g?token=AD6v5dzZ8VAx07KZD39RntmFydcewJAzVdkxR3pLil_5tj1DtHtCb_sDtbbsGPAmGqzoDqjeOycS53eluD7HBBmtaxjlBJd7_UvGCkSEXhuAOnPHJZvJIg74bzObtWE_wcTX0PVHqdjH",
      "nome": "Saturn Awakens! The 10 Sailor Soldiers Gather"
    },
    {
      "numero": 3,
      "url": "https://www.blogger.com/video.g?token=AD6v5dxcVC8S3nHjyVeJR2H8fS5zrJgXFbmj09M12KfqILFcVaSPBoU0QrrAHUBa0Zl_vjDU-47_ypvWXPjj8B-5jXitSzktyAcPp_gYJ8TVAyf_mkJDMUZripMH8b-FGPn8OAYs0Zs",
      "nome": "Mirror's Magic Curse! Mamoru Caught in A Nightmare"
    },
    {
      "numero": 4,
      "url": "https://www.blogger.com/video.g?token=AD6v5dwCQMqO98D2yGFEeXXgq3Rc3onR0fOL6RzSdp5pEmPnBt_NdXI3bc1Gy1_mDnHN_3xLae2UtP8tqNrMJKkTDsdCPPvMv-zZK82PuWjJBN9TM7A-etktnHaHIPKqsJKnpNuMuAc8",
      "nome": "Hardships of A Warrior! Sailor Senshi's Night of Destiny"
    },
    {
      "numero": 5,
      "url": "https://www.blogger.com/video.g?token=AD6v5dytLRovEJTeiUoprj7NXmtZ9Lw1fIL4nDk8QlvuTrcBlg-1Jtg0T_j0r_VN6fNT3cUcHUqNHTqdYPnyegKRrhQihY3aBm-JjJrQflNuXrqpzSanH_dvnpFIXiAf-zY0f1UF5ns",
      "nome": "Hell Demon Battle! Love Will Prevail"
    },
    {
      "numero": 6,
      "url": "https://www.blogger.com/video.g?token=AD6v5dw4snNBilocfljCnL_Nj1JBAsGr3XjBuowvxqHUKt-rLpeUTlPXHUt_8XZYRFaq6rb5YpiJZ41002nMyrBnKUSP7xRBiD_YOJIBny4J8WR9QXYtr3bv5KZ469LLshnrYZPVXjeu",
      "nome": "Love and Moon Power! The End of The Nightmare"
    },
    {
      "numero": 7,
      "url": "https://www.blogger.com/video.g?token=AD6v5dy8M92mNqQNtReRyfIlQJMhLFysyskM62sym5fB4Nvg4UQbphdfvR5sWGBEsbh656Yjcjwy9-UjTdcEdd-hyfcXt4RaMRG8kur_DNA5KMmuzCKmVHk6s7BNyWoOVaovP22DXgE",
      "nome": "Meetings and Farewells! The Stars of Destiny Turnover"
    },
    {
      "numero": 8,
      "url": "https://www.blogger.com/video.g?token=AD6v5dzditkUvYVu7FsLjcSi3HMvA_gfILmj8AxbrbJJT88y70eI-0yKyDVDnM7_yRlCDipXD0038zzMk01Nic3IE9DanY6_fSunUCruGLJfhhrjQJnAYw642AL1I5KG7QJ-oexQElM",
      "nome": "New Transfer Students! Storm's Begin"
    },
    {
      "numero": 9,
      "url": "https://www.blogger.com/video.g?token=AD6v5dyAp1AilqN4hUgfxJ19l_wX809plnAdNZ_yAxi9knXlsM-sI_o8crkVrbpbkUGcJ45cj-LdEzkWS4S-GHS0HP_iquri1IEWDWoy5ccoPjGRtiQLHlzDGGz7qsMrofoDs1GoL5mS",
      "nome": "Aim to be an Idol! Minako's Ambition"
    },
    {
      "numero": 10,
      "url": "https://www.blogger.com/video.g?token=AD6v5dzWZYetMy3MpY5xM4SfBY1X-4lyk6S2vFGeATtQPAFtZXVkhI0UcEjsrO3ziFd6NxS1ANBB_F7oVmXT352Xv-3tg3Ca9yAj9c1-4fKYravhdOWIpfqWUpkLSryKkbA8LfQpcYZr",
      "nome": "Fighter's True Form! A Shocking Super Transformation"
    },
    {
      "numero": 11,
      "url": "https://www.blogger.com/video.g?token=AD6v5dyKk7Z1_sfTqliRYJStsZoyTNY5GPQvffghkw_goqkB3G-xo0N9aSSQDNL5_AsEDDEY7zslr0NAd_t8fPulrnO4iByS-Sjy5yIvKOboWfnqTcSV6m5R5DEcFI3JFDPtV8_WNDY",
      "nome": "Entrusting Dreams and Romance to the Stars! Taiki's Transformation"
    },
    {
      "numero": 12,
      "url": "https://www.blogger.com/video.g?token=AD6v5dx2nnUDpFvXnbf2HjpiqlASJoQeBfemjKU4dUY4i6pc-Rbn0Kv3836-TBCT2jR3v8vUxyyeJCVmy98C1MV2iSODpc_hQFtf_hAPZOMIuTP88ctyFZtSH9NvUW6d45H-n71q79d9",
      "nome": "Luna Saw It!? Idol Yaten's True Face"
    },
    {
      "numero": 13,
      "url": "https://www.blogger.com/video.g?token=AD6v5dz6tTViLaCdML3_NkEzP_w0X9E1Cr-UMDZdCqc8Ykg5OIKW8XZhAcgQukqjjnJRPxJwu0_C7VRD8lZsH1iypB-xqyDYDHQkxhhuFLfCBDmkKmVSLbr0yQrjZAM1zWM32IJ7le8",
      "nome": "Enemies? Allies? Starlights and Sailor Soldiers"
    },
    {
      "numero": 14,
      "url": "https://www.blogger.com/video.g?token=AD6v5dy1ePX-jTz4ZfPmPcNLW2d61gaI8akHIKSwD8ICnKmCAddObqzwjeCuF1wsuBOzF_JKOnvThnIiIODZQ64S461NxzWYBiPalkRpSBZml31JQ8EL2JA9uowP3AYNhWPwDaeRdMo",
      "nome": "The Brightness of the Calling Stars! Haruka and Company into the War"
    },
    {
      "numero": 15,
      "url": "https://www.blogger.com/video.g?token=AD6v5dxMSRgcJJoaoQwAloprq2rWT5mT2kmSEtmFTDvUtafVQsunirF8WDmNfFUkSXjuDjK3M-UKr_fKoiPhREov6RTYSr1XEprCbCpt7S4AeHQjn1mWwjT6hnC_6qbKABjo-WEWbGc",
      "nome": "Seiya and Usagi's Heart-Pounding Date"
    },
    {
      "numero": 16,
      "url": "https://www.blogger.com/video.g?token=AD6v5dzEz6cVPDIENNxaG6hALIHl49M7JT0ag5qEoZvu0vA_kc9VBaQvWh4uHoIcGG_rC85Hhr-XBxjprgLHkKUaS7T_aXwXINIrlfDEUCFfbXAbXDKO_aOx4TvixqSPqzClJ8MmSmZ5",
      "nome": "Invasion from Space! Seiren Comes Flying In"
    },
    {
      "numero": 17,
      "url": "https://www.blogger.com/video.g?token=AD6v5dxywXdd-NYMnOFUn6oni_UIbICUWF01md8S1HUMp8P7Sqb-smAxpQQZ8mvgpuHa9a24hPuIHW9caeCaUod06RPlD1hlWMzkbjfaPss_PO8kXp0bUDsocg9B_B8avEjBS7fVHzs",
      "nome": "The Scream of Dead Souls? The Mystery of Terror Camp"
    },
    {
      "numero": 18,
      "url": "https://www.blogger.com/video.g?token=AD6v5dymHcD0qekTDDBK3LeKvReNEj9fzx9X6-rKoHiFQeqTBjpihSiVZPL238AErgPloquO7lgPwXZNzIUL2LOfBezlVnYLQecYhWJRiTC1sMNTmVH6y72k953hGaIj27v_SVpUK37C",
      "nome": "A Night for Just Us! Usagi's Pinch"
    },
    {
      "numero": 19,
      "url": "https://www.blogger.com/video.g?token=AD6v5dz9jcqu9TsH5CotvPEFq-Ze-POPGrwiDC55FiDEHzU0UVpa9xYp1jF-mf7pOfTS8W45wbdmqNysoHLUZXt1ipxuc175S92R3ouhvIP6KgNPE_-r7761woxH9v1W7Luus8SCsnU",
      "nome": "Taiki Sings With Excellence! A Believing Heart Carried by a Song"
    },
    {
      "numero": 20,
      "url": "https://www.blogger.com/video.g?token=AD6v5dx5m-Z0ezKcb678emVVbR3l_RQSGBbaWK0oxhhD1x6PVmQas4nClDwLekgQqBAbEwMk8n-hYLh36uPindlve9USeemdKGYZJ2T4VsVZ_7lZMKg_tEv4tj_Us2p4EbKXkVRytdVt",
      "nome": "The Mystery of Chibi Chibi! The Big Noisy Chase"
    },
    {
      "numero": 21,
      "url": "https://www.blogger.com/video.g?token=AD6v5dzFLZJUzbdYeog_oKXq6kDwrXTejsXRvfjC4ag5DiWPJYRsX5NvW6GVsm03a05gRDwis5w-luTgMYgOZ_sHmRE8m5ncc6vFMGFYZ6-wu3EgCpwtD-ycECygJHwRJAQZoxObWoZW",
      "nome": "The Power of a Shining Star! ChibiChibi's Transformation"
    },
    {
      "numero": 22,
      "url": "https://www.blogger.com/video.g?token=AD6v5dxTWIXCkBBV7GeTQfbNKkQ-OTgdIJwR-bzLOrUQPEEIMIkNg5zte6o0R6U1YNuSkeHK1Zv7YMFawtvclqbd-Pq4j_MUkvzW2EHKJB4sfWcoDQQNyT3U-0KIDwxr82zqw8UyRLIa",
      "nome": "An Invitation to Terror! Usagi's Night Flight"
    },
    {
      "numero": 23,
      "url": "https://www.blogger.com/video.g?token=AD6v5dzHYR8rCh39geQoMDsw3lC-rAr_ghpYyksXQ8YR8cYiAsUZ03vQTaXF3k545vCeDx36RYxah3v8GVA0fcmjuj-GMcZyFDmeCKHWqSbfSNnhVuPJGIGSSQkqv8no8qwjb5dlfus",
      "nome": "Torn Between Duty and Friendship! Confrontation Among the Sailor Soldiers"
    },
    {
      "numero": 24,
      "url": "https://www.blogger.com/video.g?token=AD6v5dz1qxKrpmr5jpoFAfP4eCcjm2oOtb2m8bMP4kIbPoYfkgyiUdXPwxaKPPP-YoP7rUsivRh5Hg4mZziM6WMs4whnuNmN5cxIxehOA-57SL_CKaZMSAmXEAlMZnYLJtaKyrXrmTUw",
      "nome": "Truth Revealed! Seiya and Company's Past"
    },
    {
      "numero": 25,
      "url": "https://www.blogger.com/video.g?token=AD6v5dxgZqpmEJqgZ7IG2vYFjwVZp35k-_ANhmT5rx824-itqvLc4Ka0DXS1jzrDAJNNl2e31gooeDFwVsMhSXrKDeDNLDPJBfp3yi12KAyb-bWYEVUC1pepHTgcEH3tRA9TP3W3wtE",
      "nome": "When a Light Butterfly Dances in the Air! Premonition of a New Wave"
    },
    {
      "numero": 26,
      "url": "https://www.blogger.com/video.g?token=AD6v5dyK4ICKVgMph5P3hSRTP3_5MhIAkOOWf-uSEolDJx2ha29wz0H0udRaCYCGBF8_0j1TplygwprIG16pfknL3P8L_C-HoioJm1zxGXnhOY-mOy-kyVGoj5qbY28uo6yDpmXiqbg-",
      "nome": "Straight to Your Dream! Idol Minako is Born?"
    },
    {
      "numero": 27,
      "url": "https://www.blogger.com/video.g?token=AD6v5dyLIzb1NIZ6hk_O8qVPi0heO5Gnzms1SiqdVcr8fGP_5I_fImxLhgiY6tnUpKJKJiXvOMZUC4-QNNkLoge0Vqi2z97Sslv1W-h7y2AGrphGF6i_t2K8YY38qlPK3ho-fe0fgVA",
      "nome": "The Silver Crystal is Stolen! The Fireball Princess Appears"
    },
    {
      "numero": 28,
      "url": "https://www.blogger.com/video.g?token=AD6v5dzop_lSGDxODVo4qLgxuokD72SuOPiLknvuzU_2vNUsYgHvsN4Rz6l3oQpt-CL8zrGkvgReBP8WL7uQiZCljJlM3IVwLgHNS7xuPu3FgIZcEKKldozFD89mTXPLB_e3PJCzU89V",
      "nome": "Holy War in the Galaxy! Sailor Wars Legend"
    },
    {
      "numero": 29,
      "url": "https://www.blogger.com/video.g?token=AD6v5dy8JCCYSOK5m6NnaX5f1yQxzqrjjUxFeAVRlqwfmLYqYrXzWLYt_ajx9JttBNKDy-W332sK5qBktBWAxqfn4HRa44tigIlsWZr17yvQeanYRhcWS04hFMLKen6pkG97vbJpTAy3",
      "nome": "Fireball Princess Dies Out! Galaxia Descends"
    },
    {
      "numero": 30,
      "url": "https://www.blogger.com/video.g?token=AD6v5dyeFOM4xM1kbKudesBddvVHU6N_Zww3aVxugpd6TyYU4cHCY-aiwHNawo6rli3P8rvExte9yhRpkppugAlQ32Xyua0Hx9MbpZcg4uwVwA73eaFjDfOppdHhZVtP-LkKrCHCy7Yo",
      "nome": "When the Galaxy Perishes! The Sailor Soldiers' Final Battle"
    },
    {
      "numero": 31,
      "url": "https://www.blogger.com/video.g?token=AD6v5dyaWhrm5pCOsItiqXRKm0CS5pyxGYADUtWAFUFZra2whPYt6JobSPPw85sAPlIf_55nuvFSjShuJLCHQHT0_eVBvgfzE_W8sat-md_59nOWks26kdUFoR7_gcgCpB2_o8ptGuA",
      "nome": "Ruler of the Galaxy! Galaxia's Threat"
    },
    {
      "numero": 32,
      "url": "https://www.blogger.com/video.g?token=AD6v5dz0PWoT3IHGcftNd1OJ9VTTYj66pFVykWSmM9CvL3Mw9cuhIaNWoqNZ7gnwFLdg3WL_wZprCHU3EViC4loi0acLByBraP0AM-n9hnAf7TwYPilf2Eyml3RGDZSPOj2zBEH5CCk",
      "nome": "Disappearing Stars! The End of Uranus and Neptune"
    },
    {
      "numero": 33,
      "url": "https://www.blogger.com/video.g?token=AD6v5dyLsXYhrh7pSkeW_MZJwCanfy6VrJPs8FyUDsU8RiYd56QdymretslZtQk63kvrlAEb5CSsE7nFIOrVPVemODKUM2A4QsTWod905tXzojzssP4_mLEjTzdRgCL-1Kw7TGZk7p8",
      "nome": "The Light of Hope! Final Battle for the Galaxy"
    },
    {
      "numero": 34,
      "url": "https://www.blogger.com/video.g?token=AD6v5dz3znLDzmU79uOIp8PAGJJvj9KCLZ8_UOzMHXRZ8b77Sop5wG2mi6eHQCv_RQo_04oJCVz-2LnD6AdZfdVaQB2nV2PxonO4nkzmtMRl9rh3tklKy65mmjOnhkWo-7eg6TWzuXzy",
      "nome": "Usagi's Love! The Moonlight Lights Up the Galaxy"
    }
  ]
}