{
  "id": 532,
  "title": "Bishoujo Senshi Sailor Moon S",
  "title_jp": "美少女戦士セーラームーン S",
  "slug": "bishoujo-senshi-sailor-moon-s",
  "type": "legendados",
  "format": "TV",
  "images": {
    "poster": "https://cdn.myanimelist.net/images/anime/1077/92346l.webp",
    "banner": "https://cdn.myanimelist.net/images/anime/1077/92346.jpg"
  },
  "trailer": null,
  "synopsis": "The Sailor Guardians and their leader, Sailor Moon, continue their duty of protecting Earth from any who would dare cause it harm. However, Sailor Mars' apocalyptic visions and the appearance of two new guardians—Sailor Neptune and Sailor Uranus—signal that a new battle will soon begin.\n \nThese newcomers seek three Talismans that are inside the Pure Heart Crystals within human beings. Once brought together, these objects form The Holy Grail, a magical relic with extraordinary abilities. They want to use the Grail to save the world, but an evil organization known as the Death Busters seeks its power for their own desires.\n\nThe removal of a Talisman from a person's Heart Crystal will cause their death, something that Uranus and Neptune see as a necessary sacrifice to form the Grail, while Sailor Moon and her group deem it unforgivable. But can any sacrifice be worth the cost if it saves the lives of the entire human race?\n\n[Written by MAL Rewrite]",
  "score": 7.91,
  "genres": [
    "Romance"
  ],
  "episodes": [
    {
      "numero": 1,
      "url": "https://lightspeedst.net/s2/mp4/bishoujo-senshi-sailor-moon-s/sd/1.mp4",
      "nome": "Premonition of World's End? The Appearance of Mysterious New Warriors!"
    },
    {
      "numero": 2,
      "url": "https://lightspeedst.net/s2/mp4/bishoujo-senshi-sailor-moon-s/sd/2.mp4",
      "nome": "The Rod of Love is Born! Usagi's New Transformation"
    },
    {
      "numero": 3,
      "url": "https://lightspeedst.net/s2/mp4/bishoujo-senshi-sailor-moon-s/sd/3.mp4",
      "nome": "A Beautiful Boy? The Secret of Haruka Tenou"
    },
    {
      "numero": 4,
      "url": "https://lightspeedst.net/s2/mp4/bishoujo-senshi-sailor-moon-s/sd/4.mp4",
      "nome": "Usagi's Idol! The Graceful Genius Michiru"
    },
    {
      "numero": 5,
      "url": "https://lightspeedst.net/s2/mp4/bishoujo-senshi-sailor-moon-s/sd/5.mp4",
      "nome": "Protect the Pure-Heart! A Three-Way Battle"
    },
    {
      "numero": 6,
      "url": "https://lightspeedst.net/s2/mp4/bishoujo-senshi-sailor-moon-s/sd/6.mp4",
      "nome": "Leave it to the Moon for Love Aid"
    },
    {
      "numero": 7,
      "url": "https://lightspeedst.net/s2/mp4/bishoujo-senshi-sailor-moon-s/sd/7.mp4",
      "nome": "Cold-Hearted Uranus? Makoto in Trouble"
    },
    {
      "numero": 8,
      "url": "https://lightspeedst.net/s2/mp4/bishoujo-senshi-sailor-moon-s/sd/8.mp4",
      "nome": "The Labyrinth of Water! Ami the Targeted"
    },
    {
      "numero": 9,
      "url": "https://lightspeedst.net/s2/mp4/bishoujo-senshi-sailor-moon-s/sd/9.mp4",
      "nome": "Save Friends! Moon and Uranus Join Forces"
    },
    {
      "numero": 10,
      "url": "https://lightspeedst.net/s2/mp4/bishoujo-senshi-sailor-moon-s/sd/10.mp4",
      "nome": "The Kindness of a Man! Yuichiro, Heartbroken by Rei?"
    },
    {
      "numero": 11,
      "url": "https://lightspeedst.net/s2/mp4/bishoujo-senshi-sailor-moon-s/sd/11.mp4",
      "nome": "Retire from the Sailor Guardians!? Minako's Concerns"
    },
    {
      "numero": 12,
      "url": "https://lightspeedst.net/s2/mp4/bishoujo-senshi-sailor-moon-s/sd/12.mp4",
      "nome": "Usagi in Tears! Glass Shoes for her Birthday"
    },
    {
      "numero": 13,
      "url": "https://lightspeedst.net/s2/mp4/bishoujo-senshi-sailor-moon-s/sd/13.mp4",
      "nome": "The Pure Heart Stolen! Usagi's Biggest Crisis"
    },
    {
      "numero": 14,
      "url": "https://lightspeedst.net/s2/mp4/bishoujo-senshi-sailor-moon-s/sd/14.mp4",
      "nome": "The Arrival of the Tiny Pretty Guardian"
    },
    {
      "numero": 15,
      "url": "https://lightspeedst.net/s2/mp4/bishoujo-senshi-sailor-moon-s/sd/15.mp4",
      "nome": "Seeking Friends! Chibi-Moon's Actions"
    },
    {
      "numero": 16,
      "url": "https://lightspeedst.net/s2/mp4/bishoujo-senshi-sailor-moon-s/sd/16.mp4",
      "nome": "Wanting More Power! Mako-Chan's Lost Path"
    },
    {
      "numero": 17,
      "url": "https://lightspeedst.net/s2/mp4/bishoujo-senshi-sailor-moon-s/sd/17.mp4",
      "nome": "The Bond of Destiny! The Distant Days of Uranus"
    },
    {
      "numero": 18,
      "url": "https://lightspeedst.net/s2/mp4/bishoujo-senshi-sailor-moon-s/sd/18.mp4",
      "nome": "Art is an Explosion of Love! Chibi-Usa's First Love"
    },
    {
      "numero": 19,
      "url": "https://lightspeedst.net/s2/mp4/bishoujo-senshi-sailor-moon-s/sd/19.mp4",
      "nome": "Usagi's Dance, In Time to a Waltz"
    },
    {
      "numero": 20,
      "url": "https://lightspeedst.net/s2/mp4/bishoujo-senshi-sailor-moon-s/sd/20.mp4",
      "nome": "A Time of Shock! True Identities Revealed to One Another"
    },
    {
      "numero": 21,
      "url": "https://lightspeedst.net/s2/mp4/bishoujo-senshi-sailor-moon-s/sd/21.mp4",
      "nome": "Death of Uranus and Neptune!? Talismans Appear"
    },
    {
      "numero": 22,
      "url": "https://lightspeedst.net/s2/mp4/bishoujo-senshi-sailor-moon-s/sd/22.mp4",
      "nome": "The Grail's Divine Power! Moon's Double Transformation"
    },
    {
      "numero": 23,
      "url": "https://lightspeedst.net/s2/mp4/bishoujo-senshi-sailor-moon-s/sd/23.mp4",
      "nome": "Who is the True Messiah? Chaos of Light and Darkness"
    },
    {
      "numero": 24,
      "url": "https://lightspeedst.net/s2/mp4/bishoujo-senshi-sailor-moon-s/sd/24.mp4",
      "nome": "A House Full of Evil Presence! The Secret of the Beautiful Girl, Hotaru"
    },
    {
      "numero": 25,
      "url": "https://lightspeedst.net/s2/mp4/bishoujo-senshi-sailor-moon-s/sd/25.mp4",
      "nome": "Crazy for Celebrities! Mimete in Doubt"
    },
    {
      "numero": 26,
      "url": "https://lightspeedst.net/s2/mp4/bishoujo-senshi-sailor-moon-s/sd/26.mp4",
      "nome": "Shadow of Silence!? The Pale Glimmer of a Firefly"
    },
    {
      "numero": 27,
      "url": "https://lightspeedst.net/s2/mp4/bishoujo-senshi-sailor-moon-s/sd/27.mp4",
      "nome": "Sunny Skies After a Storm! A Friendship Dedicated to Hotaru"
    },
    {
      "numero": 28,
      "url": "https://lightspeedst.net/s2/mp4/bishoujo-senshi-sailor-moon-s/sd/28.mp4",
      "nome": "Higher, Stronger! Cheers by Usagi"
    },
    {
      "numero": 29,
      "url": "https://lightspeedst.net/s2/mp4/bishoujo-senshi-sailor-moon-s/sd/29.mp4",
      "nome": "The Battle in a Demonic Dimension! The Sailor Guardians' Bet"
    },
    {
      "numero": 30,
      "url": "https://lightspeedst.net/s2/mp4/bishoujo-senshi-sailor-moon-s/sd/30.mp4",
      "nome": "Awakening of the Messiah of Silence? Stars of Destiny"
    },
    {
      "numero": 31,
      "url": "https://lightspeedst.net/s2/mp4/bishoujo-senshi-sailor-moon-s/sd/31.mp4",
      "nome": "Invasion from an Alternate Dimension! The Mystery of Mugen Academy"
    },
    {
      "numero": 32,
      "url": "https://lightspeedst.net/s2/mp4/bishoujo-senshi-sailor-moon-s/sd/32.mp4",
      "nome": "A Mystic Flower that Steals Hearts! The Third Witch, Telulu"
    },
    {
      "numero": 33,
      "url": "https://lightspeedst.net/s2/mp4/bishoujo-senshi-sailor-moon-s/sd/33.mp4",
      "nome": "Believe in Love! Ami, a Kind-Hearted Guardian"
    },
    {
      "numero": 34,
      "url": "https://lightspeedst.net/s2/mp4/bishoujo-senshi-sailor-moon-s/sd/34.mp4",
      "nome": "Shadows of Destruction! The Awakening of the Messiah of Silence"
    },
    {
      "numero": 35,
      "url": "https://lightspeedst.net/s2/mp4/bishoujo-senshi-sailor-moon-s/sd/35.mp4",
      "nome": "The Horror of the Approaching Shadow! Eight Guardians in Tough Battle"
    },
    {
      "numero": 36,
      "url": "https://lightspeedst.net/s2/mp4/bishoujo-senshi-sailor-moon-s/sd/36.mp4",
      "nome": "A Bright Shooting Star! Saturn, and the Messiah"
    },
    {
      "numero": 37,
      "url": "https://lightspeedst.net/s2/mp4/bishoujo-senshi-sailor-moon-s/sd/37.mp4",
      "nome": "A New Life! Time for Separation of the Destined Stars"
    },
    {
      "numero": 38,
      "url": "https://lightspeedst.net/s2/mp4/bishoujo-senshi-sailor-moon-s/sd/38.mp4",
      "nome": "Self-Awareness as a Guardian! Strength Lies in the Pure Heart"
    }
  ]
}