{
  "id": 40752,
  "title": "Bishounen Tanteidan",
  "title_jp": "美少年探偵団",
  "slug": "bishounen-tanteidan",
  "type": "legendados",
  "format": "TV",
  "images": {
    "poster": "https://cdn.myanimelist.net/images/anime/1693/115133l.webp",
    "banner": "https://cdn.myanimelist.net/images/anime/1693/115133.jpg"
  },
  "trailer": "https://www.youtube-nocookie.com/embed/fqZ00e22IZc?enablejsapi=1&wmode=opaque&autoplay=1",
  "synopsis": "Mayumi Doujima promises her parents that she will give up on her dreams of becoming an astronaut on her 14th birthday if she cannot find a star she once saw long ago.  Overhearing her troubles, the eccentric Manabu Soutouin offers to help her search for the star alongside the rest of Yubiwa Academy's mysterious Pretty Boy Detective Club, whose rules are as follows: \"Be pretty, be a boy, and be a detective!\"\n\nHowever, Mayumi is unique—she can see many things that ordinary people cannot. Her eyesight allows her to see the tiniest of details, from people approaching her at a distance to hidden traps that would otherwise go undetected. When the search for the lost star begins to sour, the Pretty Boy Detective Club end up entangled in something far beyond what they ever imagined. \n\n[Written by MAL Rewrite]",
  "score": 7.06,
  "genres": [
    "Mystery"
  ],
  "episodes": [
    {
      "numero": 1,
      "url": "https://lightspeedst.net/s2/mp4/bishounen-tanteidan/hd/1.mp4",
      "nome": "The Dark Star that Shines for You Alone Part 1"
    },
    {
      "numero": 2,
      "url": "https://lightspeedst.net/s2/mp4/bishounen-tanteidan/hd/2.mp4",
      "nome": "The Dark Star that Shines for You Alone (Part 2)"
    },
    {
      "numero": 3,
      "url": "https://lightspeedst.net/s4/mp4/bishounen-tanteidan/hd/3.mp4",
      "nome": "The Dark Star that Shines for You Alone (Part 3)"
    },
    {
      "numero": 4,
      "url": "https://lightspeedst.net/s4/mp4/bishounen-tanteidan/hd/4.mp4",
      "nome": "The Swindler, the Vanishing Man, and the Pretty Boys (Part 1)"
    },
    {
      "numero": 5,
      "url": "https://lightspeedst.net/s4/mp4/bishounen-tanteidan/hd/5.mp4",
      "nome": "The Swindler, the Vanishing Man, and the Pretty Boys (Part 2)"
    },
    {
      "numero": 6,
      "url": "https://lightspeedst.net/s4/mp4/bishounen-tanteidan/hd/6.mp4",
      "nome": "The Pretty Boy in the Attic (Part 1)"
    },
    {
      "numero": 7,
      "url": "https://lightspeedst.net/s4/mp4/bishounen-tanteidan/hd/7.mp4",
      "nome": "The Pretty Boy in the Attic (Part 2)"
    },
    {
      "numero": 8,
      "url": "https://lightspeedst.net/s4/mp4/bishounen-tanteidan/fhd/8.mp4",
      "nome": "The Pretty Boy Traveling with the Brocade Portrait (Part 1)"
    },
    {
      "numero": 9,
      "url": "https://www.blogger.com/video.g?token=AD6v5dz0nncZQLp4-a7KGGmg_rMrta7F3SBl5CkKrJ_WPmCUuQJeFo4uHB7KtFO3nCZhOBFZDS6UtJltsPBVC9ho1l14Hwsq7nWQTyOJooAA5pXlm3e5Xg3Qk0rKWDmDDhRjqjXghsQN",
      "nome": "The Pretty Boy Traveling with the Brocade Portrait (Part 2)"
    },
    {
      "numero": 10,
      "url": "https://lightspeedst.net/s4/mp4/bishounen-tanteidan/fhd/10.mp4",
      "nome": "The Pretty Boy on D. Hill (Part 1)"
    },
    {
      "numero": 11,
      "url": "https://lightspeedst.net/s2/mp4/bishounen-tanteidan/hd/11.mp4",
      "nome": "The Pretty Boy on D. Hill (Part 2)"
    },
    {
      "numero": 12,
      "url": "https://lightspeedst.net/s2/mp4/bishounen-tanteidan/hd/12.mp4",
      "nome": "The Pretty Boy on D. Hill (Part 3)"
    }
  ]
}