{
  "id": 13931,
  "title": "Bishoujo Senshi Sailor Moon: Sailor Stars - Hero Club",
  "title_jp": "美少女戦士セーラームーン セーラースターズ ヒーロークラブ",
  "slug": "bishoujo-senshi-sailor-moon-sailor-stars---hero-club",
  "type": "legendados",
  "format": "OVA",
  "images": {
    "poster": "https://cdn.myanimelist.net/images/anime/10/69247l.webp",
    "banner": "https://cdn.myanimelist.net/images/anime/10/69247.jpg"
  },
  "trailer": null,
  "synopsis": "Compilation of Sailor Stars with added narration.",
  "score": 7.28,
  "genres": [
    "Adventure",
    "Comedy",
    "Drama",
    "Romance"
  ],
  "episodes": [
    {
      "numero": 1,
      "url": "https://lightspeedst.net/s2/mp4/bishoujo-senshi-sailor-moon-sailor-stars---hero-club/sd/1.mp4"
    },
    {
      "numero": 2,
      "url": "https://lightspeedst.net/s2/mp4/bishoujo-senshi-sailor-moon-sailor-stars---hero-club/sd/2.mp4"
    },
    {
      "numero": 3,
      "url": "https://lightspeedst.net/s2/mp4/bishoujo-senshi-sailor-moon-sailor-stars---hero-club/sd/3.mp4"
    }
  ]
}