{
  "id": 32906,
  "title": "Bishoujo Yuugi Unit Crane Game Girls",
  "title_jp": "美少女遊戯ユニットクレーンゲール Crane Game Girls",
  "slug": "bishoujo-yuugi-unit-crane-game-girls",
  "type": "legendados",
  "format": "TV",
  "images": {
    "poster": "https://cdn.myanimelist.net/images/anime/12/78958l.webp",
    "banner": "https://cdn.myanimelist.net/images/anime/12/78958.jpg"
  },
  "trailer": null,
  "synopsis": "One day, Saya, an agent of the World Space Association, receives a sudden message that says a large number of asteroids are on a collision course with Earth, and it is her mission to stop them. Unfortunately, the only way to save the Earth is by having three people with extraordinary potential demonstrate a new skill on a crane game, which will create a beam of energy able to divert the asteroids.\n\nThe only three people with enough potential are three high school girls—Asuka, Mirai, and Kyouko. In order to harness their energy, Saya tells them that she has scouted them as idols and has them work at an arcade where she can monitor them. She says to the girls that all successful idols are good at crane games, and that building their skills is their first step in idol training. As the girls learn new crane game techniques, they begin to doubt Saya's intentions but are nonetheless unaware that the fate of the Earth lies in their hands.\n\n[Written by MAL Rewrite]",
  "score": 4.4,
  "genres": [
    "Comedy",
    "Sci-Fi"
  ],
  "episodes": [
    {
      "numero": 1,
      "url": "https://www.blogger.com/video.g?token=AD6v5dw6-b2zsEa7e8J0jCZC77YpRR2YR_MGZtRNLAg523RMPk_SXAp9SaFu7oAkNRW7XU806afhnXcp6McUEuzmtRvcil_PlHpqsbon-FFbZIvtmJwmtsELB2e6_o8Hqu7tTv25d03p",
      "nome": "The Idols That Saved the Earth"
    },
    {
      "numero": 2,
      "url": "https://www.blogger.com/video.g?token=AD6v5dz0OBFaAh4oFxMmUQBn1s5guaQlUwXPggSDBYASbz3Pe07hAk7wX8xI5FrkMzG7QCVXJo57momRSdOiHLJGZztL1Rx_HL6cqiGuSjrJTAR6GTK7ioHEZOxs1ETwaU8LufKL-ME",
      "nome": "Ready to Slide It?"
    },
    {
      "numero": 3,
      "url": "https://www.blogger.com/video.g?token=AD6v5dx1ZeDAKnbpIdkWqZHpTE3KTubgmYyVn5KZ6LOCRUszPDyNeDUB8H-CWD5J1HphhHoDP2qD3a9NMNBn9PUETs0Ie8TdRrOwB8NJmUnX6vd9z4t9GiMLo3bOJiDHq6rB-5aDwfuC",
      "nome": "Pull Off a Hole Hook"
    },
    {
      "numero": 4,
      "url": "https://www.blogger.com/video.g?token=AD6v5dytsckZHBX0xx9_hyDBNdvAAwwcDvQWbOG3E4XqXKjWOGuAaW_ZRvxL9x83fAhzSY9uZveOpmw0ISH5LHSVfLLBE10nxXgbdCfKaK6n67oZZgAS94yNimlgSTAjCirJBU8_hakg",
      "nome": "The Beautiful Niagara Drop!"
    },
    {
      "numero": 5,
      "url": "https://www.blogger.com/video.g?token=AD6v5dwN58xaHVtMBOQN7dKQ4ISKeF41HtwPvwPw-Akhx2g3vzh-L4o2mpxzNqa6lXmwWkGzG7towlPMmURq4YAP1QYDgVZGrem7G_blBz9r-i9bZn8SYsZvIUEDiwGwzl1PJVNufsTh",
      "nome": "Tagging License"
    },
    {
      "numero": 6,
      "url": "https://www.blogger.com/video.g?token=AD6v5dxy5uRFETF7Ir8aU2XaKxdsPxefRbswOKotmdvspiM7evBIW3b1UhgXIAC9lSSaECUKqKxhmMxtqo0CWVyTApcbiLQDRy6PcZoBeytL3SQJsdvXJVMNWN8QMQiw64GK-t1EtCc",
      "nome": "Strung Along to the Street"
    },
    {
      "numero": 7,
      "url": "https://www.blogger.com/video.g?token=AD6v5dzpJfRxZWfvvhsv4V3KQ4qxGYw-3aRD2q80_vdev6srrmNiqw32cwZBAfw3aAV9wq1jkd_uko2YIZui54Du3ZGvkicId8-5GIUL1llxRy-tWz63tpExn_ss2-JpCKx37sC8SWuL",
      "nome": "The Broken Promise"
    },
    {
      "numero": 8,
      "url": "https://www.blogger.com/video.g?token=AD6v5dyQyDggDX62knvgz6ZN4GXYH7r4REdB93OgPYFyyfy6seHkUTkj_GvbaFjsrrKDvotkbbzYxSXlQL3zZaXMJWT8k4nMKLOPIu8ZUDJzqkD-79HtEhaZaR76-62i4ALi671PoKs",
      "nome": "Protect Everyone's Earth!"
    },
    {
      "numero": 9,
      "url": "https://www.blogger.com/video.g?token=AD6v5dyrmTvwBk9tnn9pUS0bXCZOBf8_j1e_dZxNMZnL0gye8ov-lhi9UextZvFEWrUwxAxRrQRUCvGWu0LxBdreXy_uDXaCtv9XGkq4fQO_qys4-StQmkL4nQQxD4uAN2OWB2f7PHc",
      "nome": "Hot Springs Training in the Gap!"
    },
    {
      "numero": 10,
      "url": "https://www.blogger.com/video.g?token=AD6v5dyv9pfTlL-Ai57EUY5s7u7nqb032ohRlJPAJcgm3QJx3S0X9pZCZ4T-PGlBnHtkp-ocudiGVYyertIoGNhNcMiuHqKYLUUvyKUQn7Kfmd8eW4fFhiYokfuteEG6MggPOHkp4w0z",
      "nome": "Flip the World"
    },
    {
      "numero": 11,
      "url": "https://www.blogger.com/video.g?token=AD6v5dzLvfJprTsaTxaaI_znc8MTO-HlDCZ2joIpRsIAe-taamaTiOzlPx7jiaCVqV1VBvReuVb3F9MXpOfsrcu1O1IqrMeaRpZ5nDsprSTJ2YKFbwhfocGQ0v3RsmFvz-w6sC3hQaEt",
      "nome": "Hack and Slash To Win!"
    },
    {
      "numero": 12,
      "url": "https://www.blogger.com/video.g?token=AD6v5dxQ6tWCiSH7vZVmi_9iSlN_Vh-HRTl58VZSu6UlECTHfEA7qL7gfcmkTgZYhpnpT6UlCGZE9fFt3SppqKm1gpdgBXFAGdB3zrp805dlaYSfnsdGvYklow6LveXRSfRHFQzsX0cl",
      "nome": "Triangle of Hope!"
    },
    {
      "numero": 13,
      "url": "https://www.blogger.com/video.g?token=AD6v5dx378DlLK7L0n6HXKTvKeAbaLA1tNtiW-P_E4hamyKX3GlFYNOAmF1-gjuAzhiuFyNGlHG9ZjVK0LJc35TbRpir2YieuQmzZbstrZptTuCWOj46VXZpRNJF1WmNuLzw6SfjPQ71",
      "nome": "Episode 13"
    }
  ]
}