{
  "id": 530,
  "title": "Bishoujo Senshi Sailor Moon (Dublado)",
  "title_jp": "美少女戦士セーラームーン",
  "slug": "bishoujo-senshi-sailor-moon-dublado",
  "type": "dublados",
  "format": "TV",
  "images": {
    "poster": "https://cdn.myanimelist.net/images/anime/1440/92258l.webp",
    "banner": "https://cdn.myanimelist.net/images/anime/1440/92258.jpg"
  },
  "trailer": "https://www.youtube-nocookie.com/embed/UL_F6L1tSAM?enablejsapi=1&wmode=opaque&autoplay=1",
  "synopsis": "Usagi Tsukino is an average student and crybaby klutz who constantly scores low on her tests. Unexpectedly, her humdrum life is turned upside down when she saves a cat with a crescent moon on its head from danger. The cat, named Luna, later reveals that their meeting was not an accident: Usagi is destined to become Sailor Moon, a planetary guardian with the power to protect the Earth. Given a special brooch that allows her to transform, she must use her new powers to save the city from evil energy-stealing monsters sent by the malevolent Queen Beryl of the Dark Kingdom.\n\nBut getting accustomed to her powers and fighting villains are not the only things she has to worry about. She must find the lost princess of the Moon Kingdom, the other Sailor Guardians, and the Legendary Silver Crystal in order to save the planet from destruction.\n\n[Written by MAL Rewrite]",
  "score": 7.75,
  "genres": [
    "Romance"
  ],
  "episodes": [
    {
      "numero": 1,
      "url": "https://www.blogger.com/video.g?token=AD6v5dyAr4Rq8cqXVTUOtdWa55mFKMWq6f6mdSKlwybAeQdRl9DTKbUOHfniX4_CMrurqRJ-3r79EsIahBxI2s3qDu8Gf5HkBrz2IHMes29FECO-bkmr3QOaW-RnM3LSuZomZhTviXF-",
      "nome": "The Crybaby: Usagi's Beautiful Transformation"
    },
    {
      "numero": 2,
      "url": "https://www.blogger.com/video.g?token=AD6v5dxERlbYxHyNSo_uVKp-ow_mWIygAXng3NsgeH41_9eZKb8QzypKxp1s3xtMuiX5Sli8uEcA_XmvxqSAL_gJEVuxsBxPnmrbUSLZO3z6B4Oa5ecn8o2V4aBfkLhLLGxMRTL00Yw",
      "nome": "Punishment Awaits! The House of Fortune Is the Monster Mansion"
    },
    {
      "numero": 3,
      "url": "https://www.blogger.com/video.g?token=AD6v5dyet7iCZEni4yzhKnntQ6gSm0r_xMlGZEe2IXdW7oZ7FTuRoHtOBks2bisbkqOGX4iu0FL3Ns3Wcll-MWzLyohkKXiGP7Y-ezCjBp27VobT7rO3e5fHHQRecc5LFw5ToyytFnEc",
      "nome": "The Mysterious Sleeping Sickness: Protect the Girls in Love"
    },
    {
      "numero": 4,
      "url": "https://www.blogger.com/video.g?token=AD6v5dxVT5wNVpF3ru2O6b0fhOmsW1LLcoBcsch7Uvon6T38x4Sa4r-EtUaJHWrYstfrNAqQqY-HuKjrAy2AVqxkvQ1gcs5HZVOFQzY6d-pco4K9LufcdgypLQeT6kQTNJos0VzO79wc",
      "nome": "Learn How to Be Skinny From Usagi"
    },
    {
      "numero": 5,
      "url": "https://www.blogger.com/video.g?token=AD6v5dy8th7wmsBxp39xl-j6BrazxADPjjR9Q2TFpmxc9lbBgHeMcApze7n6QHP8_mrx6gzjtuqRE1Xv00mXBvILqDw1EZQMV8OhWeG39__OqYFZNJKkUbAXdELsVRpel1Xjy77iQ5M",
      "nome": "Scent of a Monster! Chanela Will Steal Your Love"
    },
    {
      "numero": 6,
      "url": "https://www.blogger.com/video.g?token=AD6v5dw0n5Eqs1v9-pjuA5oBD4G5BLJskvqJ9gU69V5ANNZrjnp0Vt_nh45BE7dPADwNuGmJQzd4yA7aW1CcvqaBCWggmTqvvpyHBs2HykMxHCHnumM2ACFIB4WK97zd8TxXedh-8Fs",
      "nome": "Protect the Melody of Love: Usagi Plays Cupid"
    },
    {
      "numero": 7,
      "url": "https://www.blogger.com/video.g?token=AD6v5dwiQd6TAX6M_hwWUQmSHPok0OjYVIZQObBu6BMskdm8dsxKds1lyDy-IJsLBdDY8CxNBvBOkIhdP_6-VHOyXeWLI1HFUZWHHy0st4w_fdM3N_V_KFRAvrAYR9NpJl05dYTRaBY",
      "nome": "Usagi Learns Her Lesson: Becoming a Star Is Hard Work"
    },
    {
      "numero": 8,
      "url": "https://www.blogger.com/video.g?token=AD6v5dwSZ9RNtJVlc53ERy3LicVC44WIEFVkkmRMiBITYxw0hyEu6T4Mz4Gld2vr2mYpKgtaShLzq6jzBGvygU0HNrd3kcMLlQa5BE1jL3kMMWZxO3BOZ-95_S78aybpzgnCDSqup90A",
      "nome": "The Girl Genius Is a Monster: The Brainwashing Cram School of Horror"
    },
    {
      "numero": 9,
      "url": "https://www.blogger.com/video.g?token=AD6v5dyYZgqwhSE2i5JUwV1_3vkULKfvXHINIGOuF_mdedTC9XSih1D1Z8rt0DKYAJlg4nsYXiZOEITDlQ-ffM8M4PPaDaeB3yCziqBk72_2W0pkYnZ55dIN9NHf-wJQcO3ii-1Vvfs9",
      "nome": "Usagi's Disaster: Beware of the Clock of Confusion"
    },
    {
      "numero": 10,
      "url": "https://www.blogger.com/video.g?token=AD6v5dwce11GVCmlFa1EgUK9iRmgmffLkHiWGjk2YxmhJeTmxNG-WTDUf1U-NanRRxWzcLs7MEaXie5oEUtUyMyEe2dmZ_s330tbFy9QWMMAx6AGfiKxoTtSPk46urUaRpVkX1yGfy_o",
      "nome": "The Cursed Bus: Enter Mars, the Guardian of Fire"
    },
    {
      "numero": 11,
      "url": "https://www.blogger.com/video.g?token=AD6v5dwEm0uwgstI9ksS8JqrSw8_xNTcZXGaqf3tN5YwAeSfDsCppUJ8BpTjjtMYFanUyJTH9T4gzmlpN2wixKXicoYlasLhmOnZPLJr72T2IbVcDI9183TemkUjQLhoF6TCrtA5hwm9",
      "nome": "Usagi vs. Rei: Nightmare in Dream Land"
    },
    {
      "numero": 12,
      "url": "https://www.blogger.com/video.g?token=AD6v5dxOC04TUcmblBzJ5Y_4BSsE63-RijAODQ7nO3wDz98HRcyfb2xOoh-FuYeSxQG8QjgfI2m4FU-NrCB9FHEsezBSThCGsSyL5_fFttzezrN4BVI9luTCdt_ZDxFSrJnUTfZZ7sI",
      "nome": "I Want a Boyfriend: The Luxury Cruise Ship Is a Trap"
    },
    {
      "numero": 13,
      "url": "https://www.blogger.com/video.g?token=AD6v5dzhhMZtRncLFnzml7g_BGmaZOhNvDS6ON0ovVyAUHlgoaWHa7citpoRQPIej9p22v1_tEsZIZEkQB77eDJSukEJx1lw-a7fRDFAb5xUIbeI9zMCjU6SvkBAww2C6GXNF3YtrT9L",
      "nome": "Girls Unite: The End of Jadeite"
    },
    {
      "numero": 14,
      "url": "https://www.blogger.com/video.g?token=AD6v5dyehA3ksy-1k_X6wT-qNpJXQ0uTHcACVVlQnuULFT-OVacaWj69T0mQYk7lPuRg6KHiSugUXBwfPbmQmYxvrgow2CoIRj2hu8qL5Id5YFcmMEdHKEo3ms7uYvGcB14qym3EvZE",
      "nome": "A New Enemy Appears: Nephrite's Evil Crest"
    },
    {
      "numero": 15,
      "url": "https://www.blogger.com/video.g?token=AD6v5dyRZE4Sfmf6zO1TMTQFLzoat2cTTZmDICV5Iu0eAY0TMxC4xmtsBxbzrjpvsxBoP-SNV8MmC8yJW-diBDfriwOhpI9N9zs9M3l51890YsxxqlFvuERNHwecCnq8d9du62iI_DI",
      "nome": "Usagi's Panic: Rei's First Date"
    },
    {
      "numero": 16,
      "url": "https://www.blogger.com/video.g?token=AD6v5dyn9nchjBF9Dm-OJxoZvXn_5F9kOFqn2CK-FZLkK1fb-hg9tERwWHvAm8a2TMijU-iztQI8lGuaVLjK1Ek26Ul2cr821vQDEBV9PoQxqQqv2lnOvvNjrJi_x2xV7rNXtvUHCouI",
      "nome": "A Girl's Dream: Usagi Becomes a Bride"
    },
    {
      "numero": 17,
      "url": "https://www.blogger.com/video.g?token=AD6v5dx99NhWauw4l95XCY37LLycvtK6YOH9QpWNZcYChWEsQQLHOJ6G4Iwppn2TPhFW321XK0LlGqaymaSNTh-IzYFgoM5tNWjRmHAjbxzhVq5xX7OrLSJdJJyN-7-ad6QzNI7Phvk",
      "nome": "Usagi's a Model: The Flash of the Monster Camera"
    },
    {
      "numero": 18,
      "url": "https://www.blogger.com/video.g?token=AD6v5dySP_hf3-G55gl1G_WNbQ6B3B9Xonj4IuiFIpicwZ_hMN80bRHhsyKInlTghyk5YHBxK7lpX9Xua9-fTie2sGK3Pt8RZ0wrRIYgIlf7rCRvSt63SDX1RGFbhK4upwEA898516a5",
      "nome": "Shingo's Love: The Grieving Doll"
    },
    {
      "numero": 19,
      "url": "https://www.blogger.com/video.g?token=AD6v5dwHdFccTb9SmS8XiETFxO1ntx-acI9ev13RZt2kHc81ZudCTQJuGc6l7-tBNO76ceezCX2NQrFD4GygO7DhsSsiSoDo7yL79V4yFU6mmk_N5EIoi2XwRxwdyGd5UY-fjpieHRK-",
      "nome": "Usagi's Joy: A Love Letter From Tuxedo Mask"
    },
    {
      "numero": 20,
      "url": "https://www.blogger.com/video.g?token=AD6v5dyFG80J0DVlOisrrjF3eTyV2WjNkVVS9a2zleIumQZCugKcby6J408Hn5fZ-TEroNL1b4YjYZ4KAQEkYz7B3z8YYUYcYw5Q8pJqGfYq6yMt7LGdZALNPJ0rLPPawpvcB0AdnQ",
      "nome": "The Summer, the Beach, Youth and Ghosts"
    },
    {
      "numero": 21,
      "url": "https://www.blogger.com/video.g?token=AD6v5dwR2WYz-kpoG-7NFvGILKGBLPlpKgczzLCJDkWkTZv449irq_Ox6S0Vv1W8-icEqQRH7opYMBXnQhJU8ALGbwHduhaLR0mLtJhVfOj7j60tbkYVxfz1pAkIBhs3iRuvUo6G2To",
      "nome": "Protect the Children's Dreams: Friendship Through Anime"
    },
    {
      "numero": 22,
      "url": "https://www.blogger.com/video.g?token=AD6v5dyINXWczKqDpOUv6VJGECii16DD2PBY4cc3cg2SDLCIhRVf9uhBa3-PimoyMqm0nlO4rX0lSmOndIFbIinyzO0vyacgMXYMlipG9pkl5G7GKTva9Yvd3hT7w1t7iVEnuyH8Yv4E",
      "nome": "Romance Under the Moon: Usagi's First Kiss"
    },
    {
      "numero": 23,
      "url": "https://www.blogger.com/video.g?token=AD6v5dz_xbCKGwDfOdFUO7eBt8b6YbsGVFJfI5843RxI870LjcSfYdEZSCxKCOw1GZdVNxi4fyosPeI0Ov5gL3nnViQ653pF6bDwPV7ssvFAAvJfTJQuqf0MVH7vkn1-jpnIkyjj48hh",
      "nome": "Wish Upon a Star: Naru's First Love"
    },
    {
      "numero": 24,
      "url": "https://www.blogger.com/video.g?token=AD6v5dzGV4MX8S3jb-_hf72K34wn9ivxAxG2LNh9DCDwQnYnWPA4rov-mCblrCc2j7TyjjXhMLu4W690DWPUa4axXTF1WKNDh7o443ii86Pg6lyBGV_cDHzDiJKZkS6PpYUW_gxoIOP3",
      "nome": "Naru's Tears: Nephrite Dies for Love"
    },
    {
      "numero": 25,
      "url": "https://www.blogger.com/video.g?token=AD6v5dycJY5-kQAmOF_vgB7TniMKvQ4-Ail-37qhUVHhXVlnCZ8kxmgKifaLOkesWBIyGtTxC_aXcNr0kFiClYwT7OyHtRIjUd-TVY6u__HWITcT9X1_MSz1mvVmlBy8sedBh1mi0Z8t",
      "nome": "Jupiter, the Powerful Girl in Love"
    },
    {
      "numero": 26,
      "url": "https://www.blogger.com/video.g?token=AD6v5dz43fq4EUSTA6QYAj_vZrngvABDw_vSSZIBCP-m6RO-0ZFffxlm4eNKX3KJXgy_uFmW6UvFkOUBRkl785yERu9pFVpiN70akyljPOvIeVsqE4K5DUeuGQQrT0URH1ovIGbAuaHY",
      "nome": "Restore Naru's Smile: Usagi's Friendship"
    },
    {
      "numero": 27,
      "url": "https://www.blogger.com/video.g?token=AD6v5dwtLvoBJnl7UFdrh2338gGQ7R07IImuTYrcbRkOHeqwucO_aHlb8pJsDVqn7MXD2_NhAbYwBB-bDfEStdNVhDLVK6pZHJoBNW3X2lM9bfudzATWdOO23mm4PfwO6gYQizucgHG_",
      "nome": "Crushing on Ami: The Boy Who Can See The Future"
    },
    {
      "numero": 28,
      "url": "https://www.blogger.com/video.g?token=AD6v5dzvkEIZysibqvmnu8qO6iNGBEfgLMoBMtYLLNha8FnDji1uTU8nJ_8eFAAsRBiTCWszWpt67Tur1Th1V4eW2b9HTC-JeL5yk1vk5569D4Bi0mx8mzbQBigmjpYvqll1aPmlOGE",
      "nome": "The Painting of Love: Usagi and Mamoru Get Closer"
    },
    {
      "numero": 29,
      "url": "https://www.blogger.com/video.g?token=AD6v5dzApJBx4-oGZbmFyNrZcR_jfY2vCeGJ9e1m9w3nUBEi0beZRHluYTs8dv-JKyZCAE7U-7s-DponDI4y64hL6KArH5CqChYeEJztVZ2xtx6yvDdvPe1pB-jnUxiUa7L4Xq7U-LI",
      "nome": "Total Chaos: The Messy Love Rectangle"
    },
    {
      "numero": 30,
      "url": "https://www.blogger.com/video.g?token=AD6v5dx2dAz8JJPcZE3TpXYUv1SIu3CDpHkh-jiPzeyS8FIaiAXOJgBrHBmXGmGa9iyGzCGCnsG_lmRz7jHuDQfKrWxHQv8itgNLmNaeBuEQyVPGt23RNfKs8ndTPEsK47v-iBTVBhKM",
      "nome": "Grandpa Loses Control: Rei in Danger"
    },
    {
      "numero": 31,
      "url": "https://www.blogger.com/video.g?token=AD6v5dyGQ2iMRoWqWiA8v81vdfYtH189scbV4p2K_kTZoa8IaXIAOngd-p23QFM-8UPD4L_KrEJjrJYbC1wZDWdnZSodzuFE0BuJoT7Z2LwDq5HlKlGgkguapZ-PlNtAhjBr94tzd2Cc",
      "nome": "Love and Chased: Luna's Worst Day Ever"
    },
    {
      "numero": 32,
      "url": "https://www.blogger.com/video.g?token=AD6v5dwTEpYX4en9EJa-Z8ODzyX2dO1Nzp1pqgmAEJSONmH6oETYmPCjt2Czh61nbN3LxfINiZ_qo12oEvNV_uI7MmTww9jUcdg0gb2f0PL4iGIVD7QDjk29kiogM7u6lW_rRjeyGaNb",
      "nome": "Umino's Resolve: I'll Protect Naru"
    },
    {
      "numero": 33,
      "url": "https://www.blogger.com/video.g?token=AD6v5dxDGOcmR5EhvyknOMSnYWj9H1_GItIwkFuhtN8_0Rwc0pDW_DH59VRomEt-TpJ8TcNa9o3UOzdyOWIEhsxzgAzv2Kz1ytgrw32SHBfDLZSbKb7EUkd0xsjUyckAGW9-1-PNT4k",
      "nome": "Enter Venus, the Last Sailor Guardian"
    },
    {
      "numero": 34,
      "url": "https://www.blogger.com/video.g?token=AD6v5dxD1nAstpnuR_b28ofVz2xOQ49WP1Cl7uOV-BCPkrW5OYSK2tj89W6bLGzu41K8o2ON-iNa3RzjWhbKV__nboSpkdNy-L0kkFWHmbvzaT5h7ELvb0O1prXrdqAhm1ds8UrI0w0",
      "nome": "The Shining Silver Crystal: The Moon Princess Appears"
    },
    {
      "numero": 35,
      "url": "https://www.blogger.com/video.g?token=AD6v5dxQwgEUsetBC9pH7MmiQ-VRaiDLnJvk_D6tlOz2x4XQNFzzlG8UozoOg3PChv_cqLNRPEKAEFVGZZdPcbWbJGNWrb4kZPgbzfJv6ys5JeBG8XytxNZh0bdj-FnfB4PeqZZd5I8k",
      "nome": "Returning Memories: Usagi and Mamoru's Past"
    },
    {
      "numero": 36,
      "url": "https://www.blogger.com/video.g?token=AD6v5dxLERSUeX8QE3gseXWaoQuUs87pWtluNDzLtX47tOntuPtcCt5SOZrsga3RqjeBCO3IaYR-SVhp6RI3afuUMCrnIxGLCX43IoUrNPit1iAmJbJB_twbBdkzTHmp59z85uJP8gYS",
      "nome": "Usagi's Confusion: Is Tuxedo Mask Evil?"
    },
    {
      "numero": 37,
      "url": "https://www.blogger.com/video.g?token=AD6v5dzzenrBFn0nBC36Al3kTVwndTW2EFDfJ87k0CpoBS7rgt4ouMiz087_DDy791QUxkOlsEM7wjE0DlBJW4zpQXrw68R4dTeczKdsT65tSAIZl8NX0fiLwhsG6qRE6-OGR6PJZbgh",
      "nome": "Let's Become a Princess: Usagi's Bizarre Training"
    },
    {
      "numero": 38,
      "url": "https://www.blogger.com/video.g?token=AD6v5dxuc6pW88rcvVYTX_fG-P4R0zl5R16m_SPlJN4Feby7aqeR0hxGSI0Z8F2NgtelzL5USqJmDnPZ0XQppD59sghI4ND_s7EP537tEq__oBsHdfsDf502JadMgUq7MB5yx6lyAU4",
      "nome": "The Snow, the Mountains, Friendship and Monsters"
    },
    {
      "numero": 39,
      "url": "https://www.blogger.com/video.g?token=AD6v5dxMiu_BTek1QIRST2duvQaE1eKpScpaDaQhpW5IekoHjmr6JmTRVM-V_3zkgXfvs70_1qYovThUmdcyvR0zghpT9Lm1OlyNUX0ZBrAX6HIY7t2g1J_a0aoLv-R3AgowOXoj-oJN",
      "nome": "Paired with a Monster: Mako, the Ice Skating Queen"
    },
    {
      "numero": 40,
      "url": "https://www.blogger.com/video.g?token=AD6v5dz4aLtbBt-AiaZlZSgBPe5p_OBwztNWc1JB-goNsAIPmQ7sRv3QnwwLTFPMbI2dyCLa4U40dpNgY1c4JLpdgyxAo8T-JANq18qsYWbeiDRWPeoV6aLzUXUJPBDKlN87PSncimYr",
      "nome": "The Legendary Lake Yokai: The Bond of Usagi's Family"
    },
    {
      "numero": 41,
      "url": "https://www.blogger.com/video.g?token=AD6v5dxvwtKBKF-qoiC9oG4Ef_1F4GjNO1BSCdduRmOaoHKbIuIIDs1aSj8aZ3yySdTRIjCcjBStvOelxwJKciFxwEQOKrM4Ztt46DXcQfMuBf3nzH8sLpJQL2g-dUt2n8QlegFWe0I",
      "nome": "I Won't Run Away from Love Anymore: Ami vs. Mamoru"
    },
    {
      "numero": 42,
      "url": "https://www.blogger.com/video.g?token=AD6v5dz0ovnB8POZdOstn3Tiiqd-XEjb6rSGDjR6mFXgCkecYvS7Ho8vMFvlcXTo_cin29xuB3Qzk1SaxxtNtjh8m6sRWUz-C2fNEI5088qn_q3ZM6tZYECenPsHQTyTOgihxug40zdO",
      "nome": "Sailor Venus' Past: Minako's Tragic Love"
    },
    {
      "numero": 43,
      "url": "https://www.blogger.com/video.g?token=AD6v5dwqpDFwEVx7CClGlJhE38WIHvfo2qfiMat9osYcotzboW_NjitawHVjNjHu3v13XmjUpuyEnScEmKfKeGO2aJTM-u8gyQeaUMz5iJq3NJ6f7EmdylwMAvD4rQ-504SCv14IkXM",
      "nome": "Usagi Abandoned: The Falling-Out of the Sailor Guardians"
    },
    {
      "numero": 44,
      "url": "https://www.blogger.com/video.g?token=AD6v5dyCMtEOco0M-bwdy-4wvYqsHHispnXoDiuSofAIcGnvwKExfUdfMaNrrf_P4zSoN0NrCFaIZ0YX4j1ZmakA18v0-q2E9NU0vzjkowUyewqdxuBj1yfFFQ0EGKKUlxEvjVbwj7z1",
      "nome": "Usagi's Awakening: A Message from the Distant Past"
    },
    {
      "numero": 45,
      "url": "https://www.blogger.com/video.g?token=AD6v5dyNCh_dtf2dCr99w2IAym8pqXh9Ok02HqsC-XF4j__YIwJvULNfC4M5GIW3iZzvUOWjeF_XLJj59m_Ii1Sq2S5Ks9Ik1aUw3NOBZ7OVDMGFEPu2ei8CxgP0dgP6SxdRgv4HpX0",
      "nome": "Death of the Sailor Guardians: The Tragic Final Battle"
    },
    {
      "numero": 46,
      "url": "https://www.blogger.com/video.g?token=AD6v5dxPnDGZz5KDP6OvXXoRt8fG7bnJPanIw6wX9Q5OmEHzBTsHCw58avjxFsKSKH-12r5HTHHIlDZmVNeME72deEBFZyo0GGHfhDhSACmrR_csXGbnDpdd9q8JUn3GJbbVLFV6O0Kl",
      "nome": "Usagi's Eternal Wish: A Brand New Life"
    }
  ]
}