{
  "id": 1239,
  "title": "Bishoujo Senshi Sailor Moon SuperS",
  "title_jp": "美少女戦士セーラームーン Super S",
  "slug": "bishoujo-senshi-sailor-moon-supers",
  "type": "legendados",
  "format": "TV",
  "images": {
    "poster": "https://cdn.myanimelist.net/images/anime/1600/92253l.webp",
    "banner": "https://cdn.myanimelist.net/images/anime/1600/92253.jpg"
  },
  "trailer": null,
  "synopsis": "SuperS centers heavily on Chibi-usa and the Sailor Team. A new enemy, the Dead Moon Circus, has now appeared. Their motive is to find the Golden Dream Mirror that would be used to rule the world. To do this, the enemy attacks innocent victims for their Dream Mirrors and test their energy. Chibi-usa also has a new ally on her side, Pegasus. This season also sees the Sailor Senshi obtaining new powers.",
  "score": 7.63,
  "genres": [
    "Romance"
  ],
  "episodes": [
    {
      "numero": 1,
      "url": "https://www.blogger.com/video.g?token=AD6v5dx_gfgK7-9wBz5w4d2DxOd7tp0EfXlqHwZ8yfs8NSnfuQqp5tCumMbJg7cSWFFD3_gjB5l7tAi1PRUVNnxTj8KMacR3EyIycrIUMDnh5ZPcuzPJJp83_wM4Sw18v1LyXzsDrnxQ",
      "nome": "Meeting of Fate! The Night where a Pegasus Flies"
    },
    {
      "numero": 2,
      "url": "https://www.blogger.com/video.g?token=AD6v5dw313FKCAahaiAbUsOl3LzyIoO25engfD50IxfCkCyXMXR5gSiOLoFO750OTWuZn7MSjCqd6Ma26mcMwAmrAa-ThE1_KlfGNR-ZzLllgbS1V5SklGluYEDVs2VgXSjvb1qZCI0",
      "nome": "Super Transformations Again! Pegasus' Power"
    },
    {
      "numero": 3,
      "url": "https://www.blogger.com/video.g?token=AD6v5dzWH1OkDxcbvZjdrwGuZnjbwd-RYoUCE6LvZJDN6QruqZmjcZiAlijsqQmnMZiV_K3nbjkFZBxwGrNvO0sF1M_TqF7LqnjVjl3mDHEoa_W719Su1AYG5KoRKPGRcvjr4vUJZA",
      "nome": "Protect a Mother's Dream! The New Attack for Double Moon"
    },
    {
      "numero": 4,
      "url": "https://www.blogger.com/video.g?token=AD6v5dzUDvifBI8vVoz60tVxSq7UqbTla0zVX4W9mWs-xsPoUC-K6kmuC4XcLQtnUqJRMhJP6-EwDvfj9xBRx3hkFkPDVAMGHXIr_MnE_vSXHaYyAZN3p7CAGJY4Hm7LwfXeOeRu_Rk",
      "nome": "Capture the Pegasus! The Amazon's Trap"
    },
    {
      "numero": 5,
      "url": "https://www.blogger.com/video.g?token=AD6v5dwcOHDonVhppkR2f2WOkbTghlfFmWWhw0bxSirgXqtBBdFbsJYGP9l0kLmj8SrEMEaGSJoOaM5bi1lV6pxOo6E6Xkn7jA2XCQAo4tn41AifgAavtwmhuhctBShjF8ROjYnm1nUj",
      "nome": "A Couple Made for Each Other! Usagi and Mamoru's Love"
    },
    {
      "numero": 6,
      "url": "https://www.blogger.com/video.g?token=AD6v5dzposBMRdPYcU9AbL1RzBr7RXngyDdI5nKW3_h2tQAv19hfg3ZBjFqcNG_V3YUCgJsiF0IJC1Pi8oDAVcO42zH6-jLgsdnxoOJBQCf1LVxqep8dgaNA1CXSmjboW2QAhBpQoj8",
      "nome": "Artemis' Affair!? A Mysterious Kitten Appears"
    },
    {
      "numero": 7,
      "url": "https://www.blogger.com/video.g?token=AD6v5dyUX-ZIrkOp8hzBh0M6OeQ64OLU9sgeJnxmkeL3CaBJ6VrnBCQ_vMdZD0-CBuVHfPuaXg6clwqndqx2lVHlbywEseAsLmcq6g_AGVLFKj7sG9zha4qlsg4P1oWLucqVVCMNW6Y",
      "nome": "Makoto's Friendship! A Girl Who Adores a Pegasus"
    },
    {
      "numero": 8,
      "url": "https://www.blogger.com/video.g?token=AD6v5dxcJSnty2BGmuC4-AfazmPp7HgzmnFhEiNN83EwjhnZDi4ecpR_QFo5iV-qothjimIKx_JZ5sBtu__gwXpt7Uc6sUUxeX2zfwDhFk3QEKfup0bqptIzZ1N-b5y6C3Tg1bZasZBU",
      "nome": "Hearts that Communicate! Chibi-Usa and Pegasus"
    },
    {
      "numero": 9,
      "url": "https://www.blogger.com/video.g?token=AD6v5dw5yFMnqid_WrXil6I_8ICbdXJ4Ai_qlvNNkssa8emkLPQLZBmk4_fAd5GYAp6IRkYDigmbb5mqhAyXRJL4wdpWewQjX_JBRBjdlOI8zKM2t5mL_F-FZeMQBbeDdL-jwbK4balY",
      "nome": "Protect Mamoru! Jealousy of Usagi the Ninja"
    },
    {
      "numero": 10,
      "url": "https://www.blogger.com/video.g?token=AD6v5dyRZvD3P_nrIwsOk7qcfSCk_JmLoTPfUUuqRkSFzOjJPcnpgE_m4AUqKz89otPlcCt_9wJYlSXnfah2Ag0ucbuFKFluei6FfL5pZ984zI7dH2vLsXSNdf6bhjkcjf0VOm1T6yQ",
      "nome": "Forest of Illusion! Invitation of a Beautiful Fairy"
    },
    {
      "numero": 11,
      "url": "https://www.blogger.com/video.g?token=AD6v5dzUw6DUeLEKuOjHSEGKIN1AKeRQM_k3wGN-bIkb4JUHWVh-rmXvelS69zkiMCfgF4OxXA9YGrmT0-q9jUHJjp1okV97Sa9ssJzZidTayCxg_KainjHcm_2PtKllIb3_Q23Rsw",
      "nome": "Drive to Heaven! Love Riding on the Car of Dreams"
    },
    {
      "numero": 12,
      "url": "https://www.blogger.com/video.g?token=AD6v5dyUhsyziSE-xHrxdbzFcP0sKGhyq-txquXrWNYtqfcDUuzLVpOOpnq6G7StXBV-s7Wupxq8_L926GPNkpuKL-C_dlKlUkipnOa2kHNC5Uc0W2VzEYswXVOd4M_0sX4wck0yrXI",
      "nome": "Try for the Best of Japan! The Worries of a Beautiful Girl Swordsman"
    },
    {
      "numero": 13,
      "url": "https://www.blogger.com/video.g?token=AD6v5dy7GlG9T4ib7q1dMY_AvP7oBmHcnJdbcHFDyGrT-9zhbEmXRxXPozBbe8-G_oE2jXNRAXCRpb8ljxjyPSdAZA5HWgFKbDzBbeIUmbULmJKvAv5pH8AH-C62-rVupmK5iSuaMRc",
      "nome": "Love Those Minis! The Fashionable Soldiers"
    },
    {
      "numero": 14,
      "url": "https://www.blogger.com/video.g?token=AD6v5dwOGepstT0FfJyyw6QSmmcpbNv68KiJq4Qh5tUy2wtVAP1CEIcpJOgOuvCyh1kUHTmV_SoBbcUZANk2VqVO8X_f2bY-F8ftbftgIqYjHIbv72iIuOEIu0j4gLd3BKaIwB8dmC_N",
      "nome": "Storm of Love! Minako's Grand Two-Timing Plan"
    },
    {
      "numero": 15,
      "url": "https://www.blogger.com/video.g?token=AD6v5dznHLkdoS_Sgq2gNMY8EwxHxVX8TojeFSIu38s87-r6WO7AksgHM4YMJmd-hFIz1IWPoXTcjyePqgqaFgT5wZQUXGrPix9PI1Q9cEEw_4mP2UIb9GC4ajNGZ4Jyw8juAwl3Ew2R",
      "nome": "Mansion of Secrets! The Menu of Love to You"
    },
    {
      "numero": 16,
      "url": "https://www.blogger.com/video.g?token=AD6v5dwPaOym4ZNdAAtH8iC6ty6syDUFz1T5ykQxnLVZ50D3TytnizqOk6J50q5E5ndlZUide6CVBBZr4NUtg6g7oULcPOj4GO1xKJGqwMWNsgNI3O7Sy7_pEVyCupq62oB-nswJrPQ",
      "nome": "Time to Believe in the Pegasus! The Super Transformations of the Four Soldiers"
    },
    {
      "numero": 17,
      "url": "https://www.blogger.com/video.g?token=AD6v5dyQhewhtX1O__tyzA15jdGf7YyYvXxhuoaghUiO4sBDbZdAr2D4SAs2Q0xmx2fbx2kf8u2GCesV-R9_SLCiAJ2_nm02E3zMsu3RS8a5NelATt-5OmC0FnPrs_YngiN3FfqQ21en",
      "nome": "Sparkling Summer Days! Ami, the Girl in the Ocean Breeze"
    },
    {
      "numero": 18,
      "url": "https://www.blogger.com/video.g?token=AD6v5dzvgth_A8eqm3fYb5VCc773MUQzIw2AhguU1Gkxpb4lKI_oHMlOUJN0YmrE4fZFDSUgiUIIRDElAwaDFoBNfw8IVfCBNNDq40MlWDHezJRA-wSeTT67EZ-QYrCb1NXWTVbVJ68",
      "nome": "Aim for the Prima! Usagi's Ballet"
    },
    {
      "numero": 19,
      "url": "https://www.blogger.com/video.g?token=AD6v5dynxpPhl3fy_j2DndOuhnc56_CgoWSGIw32yLgFCM4K02aMFv7XEwIHX-Yop2ytGEbZ382P79NMDpXn4f-YZpHnAG58NP5oHPppy3PsYUjkO7XLrnTusnCsgKbOE8cTtNMSkSfK",
      "nome": "Holiday in Juban City! A Carefree Princess"
    },
    {
      "numero": 20,
      "url": "https://www.blogger.com/video.g?token=AD6v5dwBZjqqVSz3GTS90VaOmqrp7jUKcPRSTLehUTWJ67GvLr8kzbd3r3VveLk1o6VPQI4OLNoAvFRYdM0lgTVFM6HlzWD_p96K-kIzmCZXVg4cOp1hChNiZHMgKhjWBpF3DRCEXPF1",
      "nome": "The Fated Partner? Makoto's Innocence"
    },
    {
      "numero": 21,
      "url": "https://www.blogger.com/video.g?token=AD6v5dzPUZhGsVtfBDqgJxeYUy5S6UkZTWBnwX--zsqqFS2Jji2JlYSykm-RAalCblYZYi4Tx3zX0M3liuGXzgtDZRfn4M2PQwMdpGBgnQ4_QbIDAX-bF3x-oCgr4ZmyVdaWQrWnSP2H",
      "nome": "Shadows of the Great Evil! The Trio is Cornered"
    },
    {
      "numero": 22,
      "url": "https://www.blogger.com/video.g?token=AD6v5dy-0fLeTVGLIX7n-VkklC5UQY8x6AqR5qfaH5c8-s3fze6MMmh_uK5QjvxI12lmkZaTgEvhrP5ReKzPTvkLSIOMQzpGaixk8ZchC-MRtmn0q-9HoTEiKvH7MdAltTxDinL4UaY",
      "nome": "Mirror of Dreams! Amazon's Final Stage"
    },
    {
      "numero": 23,
      "url": "https://www.blogger.com/video.g?token=AD6v5dxdgLtI85_FEpvh9ewS3L5RRDkdqQ6GSYY6fcnwA7r7YeE_WwFGQX1GKFuol0K5RvSvIz1Fctoz1nTrBq_EJOUqecC72pKx7X1xnmWqAFFK5WclAFwXxmAO-c11sB0TsbkEB0m7",
      "nome": "Amazoness! The Nightmare From Behind the Mirror"
    },
    {
      "numero": 24,
      "url": "https://www.blogger.com/video.g?token=AD6v5dwy2xsDjgJ2JugcElHXSSpnCM9WtU2o7GCfDocAnkGzHgt7uW4d2p-xYercy5e_f5bhUsgexaa7pFxrllBdT7ZYiz1-i-_NwpX14wh0nBiUyHULnADmFcGWTEkFa0esVTQUNoUi",
      "nome": "True Power Explodes! Ami's Song of the Heart"
    },
    {
      "numero": 25,
      "url": "https://www.blogger.com/video.g?token=AD6v5dxFvgaeDY0FnrTSoPTVrcC8xRQXoG0y00XJ0fu4dVKvvy_cv4hLGgda7bnt-2ofbckq7BXX-VVM6Nkcm2f0HZ5VuQJFMGB8pciSyP9AqCKfCo51O4YcGw3kjkmO4btPezWInwI",
      "nome": "Burning Passion! Mars' Furious Deadly Attack"
    },
    {
      "numero": 26,
      "url": "https://www.blogger.com/video.g?token=AD6v5dz93K0bVXVm-yu-EH8EFHSM8UmFQXJC82hP6luA3DbZwdh7FwEnfWB7-_gGMReyrcfGuqzPjvkHM3LiR7VMTHgdyMRLgLsp-kUDeE1WnNUT3ae3GDhlLDavYsY8Z14rA6H_LVg",
      "nome": "A Dentist of Terror? PallaPalla's House"
    },
    {
      "numero": 27,
      "url": "https://www.blogger.com/video.g?token=AD6v5dzDR3TjsF8Ig-CNbbLuoHz_hPIY1Q4OafvW3rkDriqibs8a2pocNGw7di2zCdxPivUevyReUNv90NwmK4Hx1n8hVaR06EK_WZhbE8D735qROoLMxATkofmoTGkabSZZR7Wi69yW",
      "nome": "Confrontation in Dreams! Minako and Makoto's Broken Friendship"
    },
    {
      "numero": 28,
      "url": "https://www.blogger.com/video.g?token=AD6v5dyf0CyJ9Eo-ibT3NqohEfLk6t7MWCeYdDZaXaVBO8abzDlqdVZY-7Zl7NvtkHfNaunTkhD9Xt4whlnOZIG4jjeeNqomozY3UydsQO-1Hi58g5TOxK9wXKZuUwNJBWMafA9SjxvU",
      "nome": "Over the Fear! Jump to Freedom"
    },
    {
      "numero": 29,
      "url": "https://www.blogger.com/video.g?token=AD6v5dyxMmWJBL3mDwb_cvrGkt5TXHBashtnhUcQXzyjAiZMEeZXz_C5RUK7bcInmnEpvnherHjybop9VTwDh61W1auyZ4eKDgDsmaEfhpFrpITPjubLbE0_-7huVHdGcJ0ILF4Tc6s",
      "nome": "Don't Lose Your Dreams! The Truth-Reflecting Mirror"
    },
    {
      "numero": 30,
      "url": "https://www.blogger.com/video.g?token=AD6v5dwmaMQPcbL7QQg1HfF4NTwqye4X2el5mG3Dei4ggWgsdbv-V32iY8Urw3zUOhQro8-EdT_KvRwwvM813N6Sex42L0vp_L4YJ2p9M62rojgWMFnOLtY3MymIvb7lf9F462lP_yG9",
      "nome": "Pegasus is Gone?! Swinging Friendships"
    },
    {
      "numero": 31,
      "url": "https://www.blogger.com/video.g?token=AD6v5dyfDVSA0YiSOj3zHQ2N43XUNw9I54J5RQNmyesbcGaA_Lh7LRCYmssuDieGNS2JhGIsb45pvfl-QMU1JE8RexTvJavVbIsjzi6O3DPZTyaAy4hgIV1VR7vFTkT1ABGd6T-Odlan",
      "nome": "The Secret of the Pegasus! The Handsome Guardian of the Dream World"
    },
    {
      "numero": 32,
      "url": "https://www.blogger.com/video.g?token=AD6v5dz9fOsu5SXg-N14sF8hPrOgqUE2DrNXyLJHc3VoBhG10ozRweEh9QX9JxAmdXE4aPoKQBQxRbCR6iviaHXSscGlJj1oIC43TsxTply8ENWRfLoSPolPuUA1Dos59ny_SgvgYjfY",
      "nome": "Chibi-Usa's Little Rhapsody of Love"
    },
    {
      "numero": 33,
      "url": "https://www.blogger.com/video.g?token=AD6v5dydQssumovgRwnltAZ-BO636QQSgBfyjahPMl4pA8CBfqcYVh8olUREeHgds2b2jwLyLJDmnhyyQGLxeyH9e-F8bbl1BVftkxVag4f6LlcnGoOKCykH7s-8Jk26cp5EPGz7EfuR",
      "nome": "Dream to be an Adult! The Amazoness' Bewilderment"
    },
    {
      "numero": 34,
      "url": "https://www.blogger.com/video.g?token=AD6v5dzHR2bXtzFggz120dG5mBsVcnmXTyRdMoaE5b12UaXVbrNhfD4d9Jw1zZPL5wqsJtHNiyTYIXOH7eUHe40PEq2yd2kJexsmFIsnjtv49v5tm5ePz7q8lNETTOXfk-wTYSjkrg",
      "nome": "Coming Terror! The Dark Queen's Evil Approach"
    },
    {
      "numero": 35,
      "url": "https://www.blogger.com/video.g?token=AD6v5dyDDLrcTDrakDhx98z5GOuaaPE_9bFysW8urt0-E1gMJGEoUlOp29LshlyebNnhnDNBkaefCE6GMcim3RH0WD5mbFbSy5yz5Bz7MKMY_Bi80juIms2eNedgHcsDfeQUvlQulfU",
      "nome": "The Center of the Darkness: Dead Moon Circus"
    },
    {
      "numero": 36,
      "url": "https://www.blogger.com/video.g?token=AD6v5dxIYrNU5a3fth1tnYqunmdfq24-kEtht0VHRyiwJWlCA3mUvVMAz4afvZQPyNeAaoPU3OvTpgVzv-6dngVbYiqMRTInA91jZ0ZKpScwGrLuN72CX1HR1x6caRw6kmyaRoB-l6Q5",
      "nome": "Labyrinth of Mirrors! Chibi Moon Captured"
    },
    {
      "numero": 37,
      "url": "https://www.blogger.com/video.g?token=AD6v5dy-J4pbf8eC97NMyVsOmeMZ4dJMIfb3Q07kNRSUZtxk9jG-POekKLHVYL_ROAl6jZwdM8T-DjMV5EBHqqVeaATv70AbpW1jGBn2QrAI8R_ubaflteRA6Of4hzSp8muLHpAxpGM",
      "nome": "The Golden Crystal Appears! Nehelenia's Spell"
    },
    {
      "numero": 38,
      "url": "https://www.blogger.com/video.g?token=AD6v5dwhcWA0fRu5d8uKJsVPceIrj29_kzVqNzEE9wg48tZqy2PWYBpmYmkvfJv3zq47x76eLjxsyEyEsweKtCyq8GL0TqZkzjk-0AVUg1Db1NRCbxPOaB3VYAdqtlW1QE0BBW7ZUbdx",
      "nome": "Time for the Crystal to Shine! Beautiful Power of Dreams"
    },
    {
      "numero": 39,
      "url": "https://www.blogger.com/video.g?token=AD6v5dwr3C8GFdvzbRB-wRX7w23OO_hLUdSvsq5S2cKzWJkBgM9z4z85T-F2UrDgNlUWPRw-eauYlq-cn4jyGbbtKHLDgVgZAKXeXvUQsn__57wW8vHke2QauCfkd-TnQkoyICAqJXKs",
      "nome": "Dreams Forever! Light Throughout the Sky"
    }
  ]
}