{
  "id": 33541,
  "title": "Bishoujo Yuugi Unit Crane Game Girls Galaxy",
  "title_jp": "美少女遊戯ユニット クレーンゲールギャラクシー",
  "slug": "bishoujo-yuugi-unit-crane-game-girls-galaxy",
  "type": "legendados",
  "format": "TV",
  "images": {
    "poster": "https://cdn.myanimelist.net/images/anime/3/81924l.webp",
    "banner": "https://cdn.myanimelist.net/images/anime/3/81924.jpg"
  },
  "trailer": null,
  "synopsis": "After utilizing the power of crane games to protect Earth from certain destruction by asteroids, the Crane Game Girls successfully become the planet's most popular idol group. However, their success is bittersweet when their manager, Saya, disappears on the day of their fateful final mission.\n\nOne day, an Earth Invasion Idol group known as Dark Cherry interrupts a live show and challenges the Crane Game Girls to a battle. To make matters worse, Saya has reappeared as Dark Cherry's manager! As the group prepares to face off against their new foes, they begin to unravel the secrets of Saya's betrayal and the reasons behind the sudden invasion from planet Dark Gorilla.\n\n[Written by MAL Rewrite]",
  "score": 4.72,
  "genres": [
    "Comedy",
    "Sci-Fi"
  ],
  "episodes": [
    {
      "numero": 1,
      "url": "https://www.blogger.com/video.g?token=AD6v5dzC6SRCF95k1Bjg8vk8YG9Z5L0Limk8KRWQbUo9qxxAXFBkp63LFR4XAcRDCoWoxvn9stIRN86cY3QrNFfDKWQfAAxKzL5OfKSz9Ih9PDYvr9axlA7TYNA67inW8MFTwr9JMGM",
      "nome": "The Attack of Dark Cherry"
    },
    {
      "numero": 2,
      "url": "https://www.blogger.com/video.g?token=AD6v5dx6niibC6V-iwtAlUnwpvhqF7TMdoMQ3zWeeUtn1K_XZlvz10HwxgnVFhhI1S868d8ILp-e-_DCpVseAugpPWexO9HxxtPRBMxT0s-5P40SGJb2ddxiJLPrMYHysh-2C41ec80",
      "nome": "Feelings Hidden in a Blanket"
    },
    {
      "numero": 3,
      "url": "https://www.blogger.com/video.g?token=AD6v5dzf9gKTIZ2sFyND-V7w76GVeqlr7Lviv54sm5IXxCEC6gbWOtbTsf7Vuws8lm_OLpMhFUTf8kGK-sGA_SLRWuNWYv-T02w7DjLue3bz-Zrx2Dy0jo2niY6_o14rR-kWv_35pDaI",
      "nome": "I Am Idol!"
    },
    {
      "numero": 4,
      "url": "0",
      "nome": "Master it? The Idol Masters!"
    }
  ]
}