{
  "id": 42585,
  "title": "Black Cat",
  "title_jp": "Black Cat",
  "slug": "black-cat",
  "type": "legendados",
  "format": "Movie",
  "images": {
    "poster": "https://cdn.myanimelist.net/images/anime/1322/108714l.webp",
    "banner": "https://cdn.myanimelist.net/images/anime/1322/108714.jpg"
  },
  "trailer": null,
  "synopsis": "A short film by Keiichi Tanaami featuring the song Fushiawase to Iu Na no Neko by Maki Asakawa.",
  "score": null,
  "genres": [
    "Avant Garde"
  ],
  "episodes": [
    {
      "numero": 1,
      "url": "https://www.blogger.com/video.g?token=AD6v5dyiwt7XFI9WHhXXglTBXUS_YZrEQ2jn3eJoyA0mdgxbDzIujKRVoq-KXzaK7OQTWtca-P2nq3M2A77aV6Nlw1Nkjrn9uNTMo_qqBtVTDbJR6PWsi8VHnPZ0ZX1yyZUeLuzQ0oU"
    },
    {
      "numero": 2,
      "url": "https://www.blogger.com/video.g?token=AD6v5dxA9CL4IiJQMc6xs3pwVv1R_RLaLwVqT4-hIZef2b3WyTvlfGlVdpOZMK_ixwdLXo1zd6jz2BJ8nxnR7ZwpWpqG_HLumig-0HXd-E_uS40rJjfWMNVibci-yRQi7zDLwLDoMibO"
    },
    {
      "numero": 3,
      "url": "https://www.blogger.com/video.g?token=AD6v5dwy1_WZ9dCgXMvnaCUEZRKmNkwyYtU0Cvg9B_1uIwKkuUe2BOwcCc188Rxl0c7UcjQ27dPnnn5Y2hWIoxi_YeBOqrArA4wzflimEV97w9TOG96pAG_aZmwheaKvHG-opSWdyb4"
    },
    {
      "numero": 4,
      "url": "https://www.blogger.com/video.g?token=AD6v5dxCplIHiSt_urMZlVjQPHx-m2v81xdUYVagiKFXTgficRW7HS8D6cYlLDxyLe6peqCkeUHGRFGHK2nVvjLziHp6ivoCiqQ1XVQzmhM6bHRvRqS7SEGf_16WhnWWfUCnao8kvTs"
    },
    {
      "numero": 5,
      "url": "https://www.blogger.com/video.g?token=AD6v5dz86a3z_wVOuf5xIfTXqzijHzHKU1XPnYBe84_i9fYb9ZZSCYC0huDuYsVx0KsSmsSaTKsuCx0BUwLDDZXKsgXe-ZNJV1Ei42-VdJ-6iNcsxC9-Lca0xo-Cx6oM-TyTgrZJIxk"
    },
    {
      "numero": 6,
      "url": "https://www.blogger.com/video.g?token=AD6v5dxxoRbQ0jcGQZqSTNudkbRlMHR4xdZpw6pknCLUoR-VlZTJcSVWYWsLjrtNJRE-Wz5EYYqEf9t-Y5VqJNAORA51Vh9U810QRWOoFtfhIBm95IGDrfu829w686kUoASq2DpdVdI"
    },
    {
      "numero": 7,
      "url": "https://www.blogger.com/video.g?token=AD6v5dwmIgTBApVnl7Jpp1bAukoRXr2ji9Fb0MH7_O35YSv7uCT3uzLEQM-NANQ7W7Naa-Xx_Xpz6Kqxti0w6T4u9RCiaOKPBorOX0TdpYw77yeyk0zUnRm9hH40x3fZA6cfodrvZwe4"
    },
    {
      "numero": 8,
      "url": "https://www.blogger.com/video.g?token=AD6v5dw8Uy6dF9q3AjC8YfwaFXZSI0lZ5BC-3vcjHzteOVJ6U1unGkTkcRg3y-CY1RpIXUdcEoXa05Fsr03DouA1N7B9AjWVHgoG3n_oF9d5hAGmw-JQGXbMA9N7fBCECUtzCOdwuhkp"
    },
    {
      "numero": 9,
      "url": "https://www.blogger.com/video.g?token=AD6v5dwaeRC4ovyXouWkT7VI2n63s6NjNFs-ey9Fsn0kEUVsOWIAY1wQgIy-76poDDxL25oVH4s-nikvisdGg5TdfyQCHoYcUs7gU7hDd9V6b9DfF12fk8CrsZztWLIqGDUA8c6djONL"
    },
    {
      "numero": 10,
      "url": "https://www.blogger.com/video.g?token=AD6v5dz_9br1V618fd3a2hah1tShF2ieQxdb2YrXDVhHeuy5oc1fJe4LCiV0HYDvVXzEQvNidynI1b-xC7Eo-4Wp-yUB7IqZ7vUFImiY-4FJF60s-5LXJQkJoeLlIJwWBSVOYV5pCPA"
    },
    {
      "numero": 11,
      "url": "https://www.blogger.com/video.g?token=AD6v5dw3nmgPDbSWuJvTwUZe7T8UBuGG1vfLM3Vp9J8LTWZ-S4cbVmSJH32s_es8fKTNQJLg_lfYN-F-opYTyueJTmBo8S_RSv3DMDhh-zONw-M5wp4lz50kIfd5zJeg4tDPpKemt2Y"
    },
    {
      "numero": 12,
      "url": "https://www.blogger.com/video.g?token=AD6v5dzM27VzD1plWnKa_lDw0AjnTH2tOxSVPYMtSx8BOgR1U5hEQvb2-vQmeyaLAHqzJ2SsaUvKo6WkCamtS0vHQXqCnKnwayUpNkuMiYYGeASj2-2uzwLjZEiuZE6Xn0omdBKFT7Lm"
    },
    {
      "numero": 13,
      "url": "https://www.blogger.com/video.g?token=AD6v5dw-giW1_yuor1lbC9iK7jQmsoBlDOXXx8TewcvSneKumtsbLZaC6nH0h_Quklx5YTzhVYYIqPbn3c2xtXbuNXxBLeiYb83kKeg2P-GUEneJDeCTpb5NIIS1oRPfHRSzFzUg6NA"
    },
    {
      "numero": 14,
      "url": "https://www.blogger.com/video.g?token=AD6v5dyJ6k2e0McSYCC9xave44QzN0CEjYC63YHO5G8Vf7BUPHNZFi31QodM84sIDlr_0YFNS6dQOg-TSjEAdCcwntiYeBh72daVPHhcjtjhkJ8FDz-rO_k0jMOgbW3NOWg4heBK"
    },
    {
      "numero": 15,
      "url": "https://www.blogger.com/video.g?token=AD6v5dzxBrsUfK9t-Rx5gpX7YV8YlqVbRSSzSeQcLmo6nYftJaVNT5zLo4XgA8lpnH3Et1-ct4lOPp7GUbW-Az0GYHUvW3JFaXyuhom5Eue7e8la2PUOq1t4WVXVVlCauqKtYjDDJzCM"
    },
    {
      "numero": 16,
      "url": "https://www.blogger.com/video.g?token=AD6v5dyIpE8MAlmsjHCyTYruNBpjX1d8MBamInFl3cdgTiJUx3lTyNnRXGCtehuW7y9QIk73oq2csV0jUiQNv_-CxmzO9TFoOUoA8hjiMpplcUZJRGvLlSfQT-XNT-Vlu5DyvKJq0k_V"
    },
    {
      "numero": 17,
      "url": "https://www.blogger.com/video.g?token=AD6v5dxgCJ9q6NyslZW3QTEJyhVDYzGqWriqXsG-wRQau0-JnXz3ot-7XKW05olOWKesV6q-CY9_4R2r68N7Wuh_rTgxN9EYN9cBb-VZewruSgDdD0l0iFLshslQWPZgxp8wQynYzP4"
    },
    {
      "numero": 18,
      "url": "https://www.blogger.com/video.g?token=AD6v5dw-4vE1lrMEksBq8cMeCorJMRsYXoz_kVQsXh8V0QKV8NGkiaP7cltRmytPpOyKTT3xnzksACAfkkcc8WtPeRmTPsx6QUaTGDDgK6oaHHMggGXtLir6T0STvnH1EmW0PlY602Q"
    },
    {
      "numero": 19,
      "url": "https://www.blogger.com/video.g?token=AD6v5dyE7djJEtMsaStWOa0fLWCnccmrzX5JEw4GoEDXfVuKMcHLs8Tdy2dcoC5B_rB9D-0r-pGodCXBYJM74tpLsPJlVBMY7F36Cf2sEMrJezbyENwY2CXk5IsBFyviH40Dp2iQSGsD"
    },
    {
      "numero": 20,
      "url": "https://www.blogger.com/video.g?token=AD6v5dwMb9FoWkgueq8JF7bM8vCf3osYfPrLbWg_Mg21mV4C4YhCjudC4N2oRk4MPawGLPf62x2CaxtnafZaOj_yMOXhkU_C6ndvDK2SAJEE7-IRNTk4obB8vEBLGQQNUOW53XCwm5Hn"
    },
    {
      "numero": 21,
      "url": "https://www.blogger.com/video.g?token=AD6v5dz8mXDfwZakSEV52BAcqNHwxV3j7qijGT3pd6LVYEvM_M5CYWoxGr85Vdnl5_IYDX89Zj6VYCbLpdZWaCkBLj1QnvdvugkobbfGNc1TmEv97TybfNpE9R3sCtDuVbQEdQZrExYX"
    },
    {
      "numero": 22,
      "url": "https://www.blogger.com/video.g?token=AD6v5dzV8arZoL91DzJr40LLuVKIyenJTbnxrkxIDbLidkIDjSPxvSP_p9c3yX2zLLCi15sbu-qGBqbz6PzmWxtQ1nD1Tf3LYThrBVJOwlOCPjXGUBFkpsbv-rIRXzRRNy-MACFQT9I"
    },
    {
      "numero": 23,
      "url": "https://www.blogger.com/video.g?token=AD6v5dx_FK68gq3BjXkh-b88ItINAV5jCDpr7_2gdmz-2C-tH4ExDYwMRP2O9WnBxLlqCPK7jfDNGLpbbhNdM15gCDVUKxZVFz--KGReOX1jybJrImsW2rsum_yxPL9Z7HJuLOsED-A"
    },
    {
      "numero": 24,
      "url": "https://www.blogger.com/video.g?token=AD6v5dyc4sY9N6DtTBLmqIJeQq21t0q7XIpuOE2BBhvis6RgeeK6akKCcND_Pa-d_ntnOlO6atn0wFT7DU6U5Vudp7bdqTHTkCY7KemsjmrK7kYkjXRmIO8onJKL1fBjZdwrwEi786pE"
    }
  ]
}