{
  "id": 1498,
  "title": "Black Blood Brothers",
  "title_jp": "ブラック・ブラッド・ブラザーズ",
  "slug": "black-blood-brothers",
  "type": "legendados",
  "format": "TV",
  "images": {
    "poster": "https://cdn.myanimelist.net/images/anime/5/13804l.webp",
    "banner": "https://cdn.myanimelist.net/images/anime/5/13804.jpg"
  },
  "trailer": "https://www.youtube-nocookie.com/embed/0R3LBOc_dak?enablejsapi=1&wmode=opaque&autoplay=1",
  "synopsis": "Black Bloods and Red Bloods, vampires and humans. Despite their differences, these two races once fought together in a crusade against a formidable foe. A decade later, the vampire war hero Jirou Mochizuki, known as the \"Silver Blade,\" travels with his younger brother Kotarou to the Special Zone—a safe haven where vampires and humans live in harmony.\n\nHowever, their journey is suddenly faced with danger when a conflict erupts between vampire migrants and human forces from the Special Zone. With the rise of a developing conspiracy from an old enemy, Jirou will need the help of his new ally, Mimiko \"Compromiser\" Katsuragi, as well as the power of his ancient bloodline to protect what he treasures the most.\n\n[Written by MAL Rewrite]",
  "score": 7.08,
  "genres": [
    "Action",
    "Comedy",
    "Fantasy"
  ],
  "episodes": [
    {
      "numero": 1,
      "url": "https://lightspeedst.net/s3/mp4/black-blood-brothers/sd/1.mp4",
      "nome": "Black Blood Brothers"
    },
    {
      "numero": 2,
      "url": "https://lightspeedst.net/s3/mp4/black-blood-brothers/sd/2.mp4",
      "nome": "Compromiser"
    },
    {
      "numero": 3,
      "url": "https://lightspeedst.net/s3/mp4/black-blood-brothers/sd/3.mp4",
      "nome": "The Kowloon Bloodline"
    },
    {
      "numero": 4,
      "url": "https://lightspeedst.net/s3/mp4/black-blood-brothers/sd/4.mp4",
      "nome": "Old Blood"
    },
    {
      "numero": 5,
      "url": "https://lightspeedst.net/s3/mp4/black-blood-brothers/sd/5.mp4",
      "nome": "The Special Economic Zone"
    },
    {
      "numero": 6,
      "url": "https://lightspeedst.net/s3/mp4/black-blood-brothers/sd/6.mp4",
      "nome": "The Coven"
    }
  ]
}