{
  "id": 42585,
  "title": "Black Cat (Dublado)",
  "title_jp": "Black Cat",
  "slug": "black-cat-dublado",
  "type": "dublados",
  "format": "Movie",
  "images": {
    "poster": "https://cdn.myanimelist.net/images/anime/1322/108714l.webp",
    "banner": "https://cdn.myanimelist.net/images/anime/1322/108714.jpg"
  },
  "trailer": null,
  "synopsis": "A short film by Keiichi Tanaami featuring the song Fushiawase to Iu Na no Neko by Maki Asakawa.",
  "score": null,
  "genres": [
    "Avant Garde"
  ],
  "episodes": [
    {
      "numero": 1,
      "url": "https://lightspeedst.net/s3/mp4/black-cat-dublado/sd/1.mp4"
    },
    {
      "numero": 2,
      "url": "https://lightspeedst.net/s3/mp4/black-cat-dublado/sd/2.mp4"
    },
    {
      "numero": 3,
      "url": "https://lightspeedst.net/s3/mp4/black-cat-dublado/sd/3.mp4"
    },
    {
      "numero": 4,
      "url": "https://lightspeedst.net/s3/mp4/black-cat-dublado/sd/4.mp4"
    },
    {
      "numero": 5,
      "url": "https://lightspeedst.net/s3/mp4/black-cat-dublado/sd/5.mp4"
    },
    {
      "numero": 6,
      "url": "https://lightspeedst.net/s3/mp4/black-cat-dublado/sd/6.mp4"
    },
    {
      "numero": 7,
      "url": "https://lightspeedst.net/s3/mp4/black-cat-dublado/sd/7.mp4"
    },
    {
      "numero": 8,
      "url": "https://lightspeedst.net/s3/mp4/black-cat-dublado/sd/8.mp4"
    },
    {
      "numero": 9,
      "url": "https://lightspeedst.net/s3/mp4/black-cat-dublado/sd/9.mp4"
    },
    {
      "numero": 10,
      "url": "https://lightspeedst.net/s3/mp4/black-cat-dublado/sd/10.mp4"
    },
    {
      "numero": 11,
      "url": "https://lightspeedst.net/s3/mp4/black-cat-dublado/sd/11.mp4"
    },
    {
      "numero": 12,
      "url": "https://lightspeedst.net/s3/mp4/black-cat-dublado/sd/12.mp4"
    },
    {
      "numero": 13,
      "url": "https://lightspeedst.net/s3/mp4/black-cat-dublado/sd/13.mp4"
    },
    {
      "numero": 14,
      "url": "https://lightspeedst.net/s3/mp4/black-cat-dublado/sd/14.mp4"
    },
    {
      "numero": 15,
      "url": "https://lightspeedst.net/s3/mp4/black-cat-dublado/sd/15.mp4"
    },
    {
      "numero": 16,
      "url": "https://lightspeedst.net/s3/mp4/black-cat-dublado/sd/16.mp4"
    },
    {
      "numero": 17,
      "url": "https://lightspeedst.net/s3/mp4/black-cat-dublado/sd/17.mp4"
    },
    {
      "numero": 18,
      "url": "https://lightspeedst.net/s3/mp4/black-cat-dublado/sd/18.mp4"
    },
    {
      "numero": 19,
      "url": "https://lightspeedst.net/s3/mp4/black-cat-dublado/sd/19.mp4"
    },
    {
      "numero": 20,
      "url": "https://lightspeedst.net/s3/mp4/black-cat-dublado/sd/20.mp4"
    },
    {
      "numero": 21,
      "url": "https://lightspeedst.net/s3/mp4/black-cat-dublado/sd/21.mp4"
    },
    {
      "numero": 22,
      "url": "https://lightspeedst.net/s3/mp4/black-cat-dublado/sd/22.mp4"
    },
    {
      "numero": 23,
      "url": "https://lightspeedst.net/s3/mp4/black-cat-dublado/sd/23.mp4"
    },
    {
      "numero": 24,
      "url": "https://lightspeedst.net/s3/mp4/black-cat-dublado/sd/24.mp4"
    }
  ]
}