{
  "id": 1520,
  "title": "Black Jack",
  "title_jp": "ブラック・ジャック",
  "slug": "black-jack",
  "type": "legendados",
  "format": "OVA",
  "images": {
    "poster": "https://cdn.myanimelist.net/images/anime/5/12978l.webp",
    "banner": "https://cdn.myanimelist.net/images/anime/5/12978.jpg"
  },
  "trailer": null,
  "synopsis": "Kuroo Hazama, also known as \"Black Jack,\" is a legend in the medical world. Famous for being one of the best, as well as not having a license, Hazama and his assistant Pinoko save countless lives that other doctors cannot... for a price; an exorbitant price, in fact, which causes many to view the genius as greedy and heartless. Despite these claims, however, none can deny his skill and the lengths that he will go to treat his patients. This dark medical drama tells the story of the ominous and mysterious world of underground medicine as Black Jack risks his life to cure some of the most bizarre diseases imaginable, even if it means breaking every law in the process.\n\n[Written by MAL Rewrite]",
  "score": 7.72,
  "genres": [
    "Drama",
    "Mystery",
    "Suspense"
  ],
  "episodes": [
    {
      "numero": 1,
      "url": "https://www.blogger.com/video.g?token=AD6v5dzLKVyX_BZY0v9rCdI6ruLkKny5kO1_ycy5Mwy16OaSB35xM-CcOIdlhjcbC97cns9upYmUm07AB6LMPycka-hzm1u5C8ZLYK-eKkVjfQW-MhenZeEtgndoNBFVjuAf358Xclo",
      "nome": "Iceberg, Chimaera Man"
    },
    {
      "numero": 2,
      "url": "https://www.blogger.com/video.g?token=AD6v5dwJDZfUhoVtIn1MxI9v0uqBEsd0C2OtlkSTcXyLwq8_S6yKcYVwH5Ii4ydWZZ_1v-3j1ucDG1I_Je68_fukQPYeH-ynjeeomlzdGpO4o38hvZELNIEAsa_PHQ0xBmY8hQ3zcKvs",
      "nome": "A Funeral, The Procession Game"
    },
    {
      "numero": 3,
      "url": "https://www.blogger.com/video.g?token=AD6v5dwVtYNZAFXDGd1lx71sQxi3zGlQHPS0C1z6UO3SvsfCx56V5zQqOLvfL5O1AlZQzDBGZV0Q7Mhaek5LB9syGoxXfeCMOAJAPwoXURVIy9lmkuVlNCA_4-XviffLbKE-El8NauvM",
      "nome": "Decoration of Maria and Her Comrades"
    },
    {
      "numero": 4,
      "url": "https://www.blogger.com/video.g?token=AD6v5dwxxM0vtwAKJfPArOZo3HQFpBLSmZ8w_SbC6J0WhU7uX7TNAwpkmHC6S0mxEheNbVP2pm2pBCHrgXFn4zrEu5_si9xad-p6GnGjSg5hdRN66az4rGVtzOcfC_OBkzQFMdFVxxo",
      "nome": "Anorexia, The Two Dark Doctors"
    },
    {
      "numero": 5,
      "url": "https://www.blogger.com/video.g?token=AD6v5dzxwBPoz05kQZ_9KJb2y4NT2DXB3IT9HAsV97IM_2ZbzEO6wftYQj5-JIK14i1A8mUpBDlgWosEXj87cXQW-tmVV68IvlXHCFYrPkytIlqTCUSpBMGv5yNYwdFFFyHF1dzCwaUa",
      "nome": "The Owl of San Merida"
    },
    {
      "numero": 6,
      "url": "https://www.blogger.com/video.g?token=AD6v5dxBD86OFVzMUhgvH83krsrjYJpE4Fgp7QKdblht2zEJBLRl7h7KIYI5eD3sP7lt26YA3B4PSUYjE2lemS9RlbFtPdmOVoEA_TUXesr4jL5kJvEAbKuHPYODDUlC9EVNvi6Xqc-v",
      "nome": "Night Time Tale in the Snow, Lovelorn Princess"
    },
    {
      "numero": 7,
      "url": "https://www.blogger.com/video.g?token=AD6v5dwKNfTskZkk3wxtA-TPk977zZbuncXuaXP9F0MI40w_sWx-o49qBN01Wu6vffI_LfvJsj9zjs4_CJ4dmKAl5vOM0mXr3K31hijZUdYybqBFNP0zc8QCeKdYIwm00CZrW6a_wT8",
      "nome": "Black and White"
    },
    {
      "numero": 8,
      "url": "https://www.blogger.com/video.g?token=AD6v5dxtZXVeeRDSqEI_6V1rfXMwKQHrk9sBjl1cdlwEplWsBFWFRv809ysmHEKWOHEei9MIsHmh4XDjvIOouMd-Dm9nhPG6yJMli1EZiwbqiOm9CEvkTXG0Spyw0vVqXNtYlL5BaU8",
      "nome": "Thoughts For Green"
    },
    {
      "numero": 9,
      "url": "https://www.blogger.com/video.g?token=AD6v5dx_W8oN-R_ldr6JqqLr2iTVEdIawBCEyiUhr66XSxsiUfEuUyR3zLHsaoxNm4DNqKJ9lVuNWTQim2434OxXz49dQmZ2QYk4BveOsnwoI9CDhNSn8OQoEQQ-efAg_k9sasBLp-c",
      "nome": "The Carbuncle"
    },
    {
      "numero": 10,
      "url": "https://www.blogger.com/video.g?token=AD6v5dzKgvepL7Yxe62TEn58GUMNCmnQFGAdo_9XJ5aqOMAk9t8JgTg4EydY5CvQXMjpDadEPlvmv1TTAITybwIORLmw4nNXludmvFkS8w0ekB1Xvz2rZhA12usfPAii6SHUQ94iBgcR",
      "nome": "Sinking Woman"
    },
    {
      "numero": 11,
      "url": "https://www.blogger.com/video.g?token=AD6v5dyA6qIlGpeGFV1bRmlhWxGERcj-ONhS0BH54UKSn5fLokz8QEzFrMTJTrJPDv_NbYmAyDnrlQ853l9L2wzL9RxzZB2lLFIwb0p_G4F50KvV3hjW9HO05ptIxkd_LedMWxxpxFU",
      "nome": "Visited Memories"
    },
    {
      "numero": 12,
      "url": "https://www.blogger.com/video.g?token=AD6v5dyCtsEyQUZ5oCwv3T-y6IBNYe6W_mDFNs784h3reqG-9Jcr7ksx3ap30nxeTJ-ymcp1u5ZDuu_FXt3CMtgBtYMYOa_LIIx26tp3untxCIIc70xpfOAdQg1z88fwyUtHn6xlPX8",
      "nome": "The Beautiful Avenger"
    },
    {
      "numero": 13,
      "url": "https://www.blogger.com/video.g?token=AD6v5dw1yWv89US8Qh-KjRrl9lFkBjRJVNwqPbU534ihFlJcn-xiW6OQrwAjTkJ60emrUv5oF3H_N5OuKpNzxs4aPQ4MXh58igCJ4OGtXnWQpRTaoTrQ580NCOsNgY_s93PtW2T09QXg"
    },
    {
      "numero": 14,
      "url": "https://www.blogger.com/video.g?token=AD6v5dws04F6PhwHBiHyaaCGH6oNX2rvVgqt8YmmThBn053As97ZgJlV59vPxHn4_iNlCT2syKdxz8JQ0mj8QK36dBQTpEPekrEiK3TG4OKywSGaQ7OZ324ygwsz95ZvuE3ztFcUEjk"
    },
    {
      "numero": 15,
      "url": "https://www.blogger.com/video.g?token=AD6v5dxRcJVy8cuid5gA1UAgMga_LjUvQ6WWRj8xz6qWtnznC9fV119z9jMKdAsAdNAVMsoN2xhIAF_s5N6_tSmXOxMwBKMV_W2Nh3dkf21STG2mDRNmPRWwQmvtIfxMk975RAknUkWH"
    },
    {
      "numero": 16,
      "url": "https://www.blogger.com/video.g?token=AD6v5dyii7xyEBkf10wmwh1nF9mCwt3hXmfcXkoPM1JWObh1CLnQzAT8GGXJnS189N9rNfuhwJ_0vrN8sDTd4VciQPnOMXUfBPC3QrBUcuvujNUCOkb8USZ0DvA6f7ZypTGvzuQBYoY"
    },
    {
      "numero": 17,
      "url": "https://www.blogger.com/video.g?token=AD6v5dzEnVSmKaEIozB8GKn5hDPQJn4eQ9_4nXuw32n_lIzbsd61PUCygvVkMgKLtX5IeyWCxcDMWkNK0OSpbAYloO2pBSdEHyJGDuVBQ-IMyfOnFyPEjFzMwp25oT_SwmV0wMKw-Io"
    },
    {
      "numero": 18,
      "url": "https://www.blogger.com/video.g?token=AD6v5dwFAGKfvDU3EpEFYx2CZIXRJaTCj6lOIR0g0k88Wg1LAsLo9qBaBa08SXwTrzfde5S6WkGHtUjXCQcLA_H16gndT6CLA6CObkcvnIgrrmyR6B4joWuVeStdR4m1Ssj5eRXeE4EZ"
    },
    {
      "numero": 19,
      "url": "https://www.blogger.com/video.g?token=AD6v5dwUhAAzIb2qufZcmZ3qRvhp2z4_KIZ_eejVpRl2q-9HEqPoshlBp5xybWyYGojFf3h7ajWTRAZNfOThzEVwuS9mKhNd4stqCEZcVtaTruXLkJ2hKiSGKpnAVwLLwDeY57zhdzg"
    },
    {
      "numero": 20,
      "url": "https://www.blogger.com/video.g?token=AD6v5dzP3QGnupdPS_gxXUQAJyydgdFJ_x5o9ZT14G9j_oiCsJ9UkvdGU-XFaYxWMgy9aCimQxP7uQY2RJU6ReZMKX7ca9Qw3GsPZF3ujOKkPqQvvfcDSxPS1X38t4qrLcqYrp1qg0rQ"
    }
  ]
}