{
  "id": 1270,
  "title": "Black Magic M-66",
  "title_jp": "ブラックマジックＭ（マリオ）－６６",
  "slug": "black-magic-m-66",
  "type": "legendados",
  "format": "OVA",
  "images": {
    "poster": "https://cdn.myanimelist.net/images/anime/1645/94523l.webp",
    "banner": "https://cdn.myanimelist.net/images/anime/1645/94523.jpg"
  },
  "trailer": "https://www.youtube-nocookie.com/embed/H52u2ZHv2p8?enablejsapi=1&wmode=opaque&autoplay=1",
  "synopsis": "When Sybel, a freelance reporter, discovers a military plane crash, she is thrilled by the prospect of getting her hands on the latest inside scoop. However, she is unaware that the plane was carrying two top-secret prototype android assassins who will stop at nothing to destroy their target. As the military frantically tries to clean up its mess, Sybel races against time to find and protect the robots' targeted victim—all while documenting the military's misconduct—before it is too late.\n\n[Written by MAL Rewrite]",
  "score": 6.39,
  "genres": [
    "Sci-Fi"
  ],
  "episodes": [
    {
      "numero": 1,
      "url": "https://lightspeedst.net/s2/mp4/black-magic-m-66/sd/1.mp4"
    }
  ]
}