{
  "id": 20787,
  "title": "Black Bullet",
  "title_jp": "ブラック・ブレット　BLACK BULLET　［黒の銃弾］",
  "slug": "black-bullet",
  "type": "legendados",
  "format": "TV",
  "images": {
    "poster": "https://cdn.myanimelist.net/images/anime/1292/94693l.webp",
    "banner": "https://cdn.myanimelist.net/images/anime/1292/94693.jpg"
  },
  "trailer": "https://www.youtube-nocookie.com/embed/R-VkhMyUT4w?enablejsapi=1&wmode=opaque&autoplay=1",
  "synopsis": "In the year 2021, a parasitic virus known as \"Gastrea\" infects humans and turns them into monsters. What is left of mankind now lives within the Monolith walls, walls that are made of Varanium, the only material that can hurt Gastrea.\n\nTo counter the threat that the Gastrea pose, \"Cursed Children\"—female children whose bodies contain trace amounts of the virus which grant them superhuman abilities—officially called Initiators by the Tendo Civil Security, are given partners called Promoters, people who work to guide and protect the young Initiators. These teams of two are sent out on missions to fight the monsters created by the Gastrea virus and keep them at bay. \n\nBlack Bullet revolves around the team of Enju Aihara, an Initiator, and Satomi Rentaro, a Promoter, as they go on missions to fight the growing threat of Gastrea in their hometown of Tokyo.\n\n[Written by MAL Rewrite]",
  "score": 7.07,
  "genres": [
    "Action",
    "Mystery",
    "Sci-Fi"
  ],
  "episodes": [
    {
      "numero": 1,
      "url": "https://www.blogger.com/video.g?token=AD6v5dxqeh2U8iCZOBXAISKzur5-Z_lTF81J3EbFpC5QV8JBxzdHV_OCamiHcTsUKxycF8TjzQKdXKEsX9iStl2pn70k9VfLwTmrT-dB_ZRb8GVWTf4uWQ9JYAYBq-xAob08WB01hJE",
      "nome": "The Last Hope"
    },
    {
      "numero": 2,
      "url": "https://www.blogger.com/video.g?token=AD6v5dzagNX8BXPR5hYmEDX52sndgetI-WUaJdUObVGKX0utqGln5n1pOv-Y5WHnQ5X-yFJcoJYvFUn1PU5swrfbRSRCdZVACU8UDeSphRCQGUVOw3x7pED9ryIK3D-JxqTlWXRnv4Ya",
      "nome": "The Mask of Madness"
    },
    {
      "numero": 3,
      "url": "https://www.blogger.com/video.g?token=AD6v5dzLFP9lFaS_b1Vifd-CeCaROJmXaYKZJnlYK-tnyWfkP_UuOo-holYrxZ2-1oMyAq5RqPblDbKJz9jP_7uJAttWsqTM_SVyIg9p4XBc7xyxGLM8LuOt4FZPeGHc5Tuf7H9WKA",
      "nome": "The Children of Fate"
    },
    {
      "numero": 4,
      "url": "https://www.blogger.com/video.g?token=AD6v5dw-yEMkg_13w0sCjYFHYwrrwHPsYNh5Xg4O_rEMkFzOptBXV2SlP2OfwBhBotccftpFGBUIYzb4GC67ddaqBWMAfONf6FrrEIe9u_HEQ0ZNWlHvzlJdHzajaSTWwBm_saix2Fw",
      "nome": "Black Bullet"
    },
    {
      "numero": 5,
      "url": "https://www.blogger.com/video.g?token=AD6v5dwHPOQWUEImJ8HAsZGNgS4ea0Gr54NSCnu6VQ8_rtdprHtI_nnbQ5cgOKQRt_BomL5pGFLrBVDtYDR-LGR7cUrir9iD5lSyZA3K68kC4yJFpXYHYsTsr_Rc-xu-7VPbiBiwbfhm",
      "nome": "The Crimson Black Assassin"
    },
    {
      "numero": 6,
      "url": "https://www.blogger.com/video.g?token=AD6v5dyITUul5kOplW2JkNhvPPWpMCODOUDOg3XP6VBpuL19Rn7phvvancf3rm7bgtF3IljydpC2mre3uZDCl-ajt_bBAG9IO_8CMIA78lQLzThZyTxzWC5TzPWy_Rdmu2X8AZrLK2Q",
      "nome": "Tragic Irony"
    },
    {
      "numero": 7,
      "url": "https://www.blogger.com/video.g?token=AD6v5dy1nGh3PvXAoD2KzVXUTdNA-Fl29H3IGAeTUCwIpN2SSD0cpnlscrmnvbc2AuMzgWaPVFr93MBdvSmhRP_HaO9udKPrf3L6Dm41LVix4wXHK2p5b9A6Mlxku_xNv52ldC6Mhq8",
      "nome": "In the Still of the Moonlit Night, the Dawn Sky"
    },
    {
      "numero": 8,
      "url": "https://www.blogger.com/video.g?token=AD6v5dxdQy4vseVBYiwWEGz1UgRYC4qYKlxrpVe581fgss-UxXEK7MyrL4SFaFDr2sxAcFT0kAWrMxmjXeuI25q8IKh0bdc1bzuJDIpxSidWf3omHvH_YLKsMM1JUffQwRNvRAXi7ZbL",
      "nome": "The Monument on the Border"
    },
    {
      "numero": 9,
      "url": "https://www.blogger.com/video.g?token=AD6v5dzX7gv17uH2Hjf-0DDvQSapuBKn4lW1h_Iyre0L8XD0jx5qvxP_GOqEbKW3FVJcilTcjyN-oOIDKcdYCPzWYzb5GMOvCKk-iY8rcRIvd18zfLj1ETgNXwhIMf4zIhqycxK4rLc",
      "nome": "The Protectors of the Barrier"
    },
    {
      "numero": 10,
      "url": "https://www.blogger.com/video.g?token=AD6v5dxj-GNEt9VOS3CLMPk0z1NedFhuWjgTX7bDc_DNyIow4KsXBa0FNg7VtTY2AhZPtfYsIeWoz867BTk6rB0sRumRw5T-fsG72ryGVr1V_0mlH3JVbuf3pe024aWOELhHRE5DMVM",
      "nome": "Tokyo Area Defensive Battle"
    },
    {
      "numero": 11,
      "url": "https://www.blogger.com/video.g?token=AD6v5dyc-t919ElhqKg7Z45fHnGixGuACmRfdE-FxIeqc8BpHmHqfvRD4pGbJXOqAx19Ae73ETAkJDwOrcss2KeuEOqdRxw9QSUI0fx_dhQsVXaUR0jWKABuWJZ7ACh5Z20TSNes-xI",
      "nome": "The Heart of Taurus, The Spear of Light"
    },
    {
      "numero": 12,
      "url": "https://www.blogger.com/video.g?token=AD6v5dwGcCT7505A8bP8r5CIacHbntk4sihHp2A4CCEpmxe0nSMRQ6FLPevvTB-FKYzidt8uFUfXt2V9k2OpbMn_BerOtO9DCfnyU4YMEtpr1mYhTfrpbe46woMtuvKdTkF4aOi_urig",
      "nome": "Crisis Point"
    },
    {
      "numero": 13,
      "url": "https://www.blogger.com/video.g?token=AD6v5dy46hSOblCnrNJgEgw3zFxPx5AfK7SFDadWlQARTHHdfUyOicPgm0NIUkwqvsfb5p2lSLmXKw0W_sjzbirjv5lsk0Nb9WCGaE_wE2GXahXc3CAEDK4BMOpm8VDB-rimRaq3hDGq",
      "nome": "The Ones Who Aspired to Be Gods"
    }
  ]
}