{
  "id": 12079,
  "title": "Black★Rock Shooter (TV)",
  "title_jp": "ブラック★ロックシューター",
  "slug": "black-rock-shooter-tv",
  "type": "legendados",
  "format": "Music",
  "images": {
    "poster": "https://cdn.myanimelist.net/images/anime/12/54331l.webp",
    "banner": "https://cdn.myanimelist.net/images/anime/12/54331.jpg"
  },
  "trailer": null,
  "synopsis": "The official music video that eventually spawned the entire Black Rock Shooter franchise. Inspired by the first official illustration by huke, the song was composed by ryo of supercell, illustrated by huke and sung by Hatsune Miku, a VOCALOID.",
  "score": 7.03,
  "genres": [
    "Action",
    "Fantasy"
  ],
  "episodes": [
    {
      "numero": 1,
      "url": "https://lightspeedst.net/s3/mp4/black-rock-shooter-tv/sd/1.mp4"
    },
    {
      "numero": 2,
      "url": "https://lightspeedst.net/s3/mp4/black-rock-shooter-tv/sd/2.mp4"
    },
    {
      "numero": 3,
      "url": "https://lightspeedst.net/s3/mp4/black-rock-shooter-tv/sd/3.mp4"
    },
    {
      "numero": 4,
      "url": "https://lightspeedst.net/s3/mp4/black-rock-shooter-tv/sd/4.mp4"
    },
    {
      "numero": 5,
      "url": "https://lightspeedst.net/s3/mp4/black-rock-shooter-tv/sd/5.mp4"
    },
    {
      "numero": 6,
      "url": "https://lightspeedst.net/s3/mp4/black-rock-shooter-tv/sd/6.mp4"
    },
    {
      "numero": 7,
      "url": "https://lightspeedst.net/s3/mp4/black-rock-shooter-tv/sd/7.mp4"
    },
    {
      "numero": 8,
      "url": "https://lightspeedst.net/s3/mp4/black-rock-shooter-tv/sd/8.mp4"
    }
  ]
}