{
  "id": 8440,
  "title": "Black Lagoon Omake",
  "title_jp": "ブラック・ラグーン オマケ",
  "slug": "black-lagoon-omake",
  "type": "legendados",
  "format": "Special",
  "images": {
    "poster": "https://cdn.myanimelist.net/images/anime/13/22266l.webp",
    "banner": "https://cdn.myanimelist.net/images/anime/13/22266.jpg"
  },
  "trailer": null,
  "synopsis": "Special omake episodes from the Blu-Ray releases, showing the heroines and foes in funny, uncommon situations.",
  "score": 6.76,
  "genres": [
    "Comedy"
  ],
  "episodes": [
    {
      "numero": 1,
      "url": "https://lightspeedst.net/s4/mp4/black-lagoon-omake/sd/1.mp4",
      "nome": "Highschool Life"
    },
    {
      "numero": 2,
      "url": "https://lightspeedst.net/s4/mp4/black-lagoon-omake/sd/2.mp4",
      "nome": "The Magical Girl"
    },
    {
      "numero": 3,
      "url": "https://lightspeedst.net/s4/mp4/black-lagoon-omake/sd/3.mp4",
      "nome": "The Melancholy of Balalaika"
    },
    {
      "numero": 4,
      "url": "https://lightspeedst.net/s4/mp4/black-lagoon-omake/sd/4.mp4",
      "nome": "Boys and Girls"
    },
    {
      "numero": 5,
      "url": "https://lightspeedst.net/s4/mp4/black-lagoon-omake/sd/5.mp4",
      "nome": "Summer Evening Spooky Story Contest"
    }
  ]
}