{
  "id": 34572,
  "title": "Black Clover (Dublado)",
  "title_jp": "ブラッククローバー",
  "slug": "black-clover-dublado",
  "type": "dublados",
  "format": "TV",
  "images": {
    "poster": "https://cdn.myanimelist.net/images/anime/2/88336l.webp",
    "banner": "https://cdn.myanimelist.net/images/anime/2/88336.jpg"
  },
  "trailer": "https://www.youtube-nocookie.com/embed/vUjAxk1qYzQ?enablejsapi=1&wmode=opaque&autoplay=1",
  "synopsis": "Asta and Yuno were abandoned at the same church on the same day. Raised together as children, they came to know of the \"Wizard King\"—a title given to the strongest mage in the kingdom—and promised that they would compete against each other for the position of the next Wizard King. However, as they grew up, the stark difference between them became evident. While Yuno is able to wield magic with amazing power and control, Asta cannot use magic at all and desperately tries to awaken his powers by training physically.\n\nWhen they reach the age of 15, Yuno is bestowed a spectacular Grimoire with a four-leaf clover, while Asta receives nothing. However, soon after, Yuno is attacked by a person named Lebuty, whose main purpose is to obtain Yuno's Grimoire. Asta tries to fight Lebuty, but he is outmatched. Though without hope and on the brink of defeat, he finds the strength to continue when he hears Yuno's voice. Unleashing his inner emotions in a rage, Asta receives a five-leaf clover Grimoire, a \"Black Clover\" giving him enough power to defeat Lebuty. A few days later, the two friends head out into the world, both seeking the same goal—to become the Wizard King!\n\n[Written by MAL Rewrite]",
  "score": 8.14,
  "genres": [
    "Action",
    "Fantasy"
  ],
  "episodes": [
    {
      "numero": 1,
      "url": "https://lightspeedst.net/s2/mp4/black-clover-dublado/sd/1.mp4",
      "nome": "Asta and Yuno"
    },
    {
      "numero": 2,
      "url": "https://lightspeedst.net/s2/mp4/black-clover-dublado/sd/2.mp4",
      "nome": "The Boys' Promise"
    },
    {
      "numero": 3,
      "url": "https://lightspeedst.net/s2/mp4/black-clover-dublado/sd/3.mp4",
      "nome": "To the Royal Capital of the Clover Kingdom!"
    },
    {
      "numero": 4,
      "url": "https://lightspeedst.net/s2/mp4/black-clover-dublado/sd/4.mp4",
      "nome": "The Magic Knights Entrance Exam"
    },
    {
      "numero": 5,
      "url": "https://lightspeedst.net/s2/mp4/black-clover-dublado/sd/5.mp4",
      "nome": "The Path to the Wizard King"
    },
    {
      "numero": 6,
      "url": "https://lightspeedst.net/s2/mp4/black-clover-dublado/sd/6.mp4",
      "nome": "The Black Bulls"
    },
    {
      "numero": 7,
      "url": "https://lightspeedst.net/s2/mp4/black-clover-dublado/sd/7.mp4",
      "nome": "The Other New Recruit"
    },
    {
      "numero": 8,
      "url": "https://lightspeedst.net/s2/mp4/black-clover-dublado/sd/8.mp4",
      "nome": "Go! Go! First Mission"
    },
    {
      "numero": 9,
      "url": "https://lightspeedst.net/s2/mp4/black-clover-dublado/sd/9.mp4",
      "nome": "Beasts"
    },
    {
      "numero": 10,
      "url": "https://lightspeedst.net/s2/mp4/black-clover-dublado/sd/10.mp4",
      "nome": "Those Who Protect"
    },
    {
      "numero": 11,
      "url": "https://lightspeedst.net/s2/mp4/black-clover-dublado/sd/11.mp4",
      "nome": "What Happened on a Certain Day in the Castle Town"
    },
    {
      "numero": 12,
      "url": "https://lightspeedst.net/s2/mp4/black-clover-dublado/sd/12.mp4",
      "nome": "The Wizard King Saw"
    },
    {
      "numero": 13,
      "url": "https://lightspeedst.net/s2/mp4/black-clover-dublado/sd/13.mp4",
      "nome": "The Wizard King Saw, Continued"
    },
    {
      "numero": 14,
      "url": "https://lightspeedst.net/s2/mp4/black-clover-dublado/sd/14.mp4",
      "nome": "Dungeon"
    },
    {
      "numero": 15,
      "url": "https://lightspeedst.net/s2/mp4/black-clover-dublado/sd/15.mp4",
      "nome": "The Diamond Mage"
    },
    {
      "numero": 16,
      "url": "https://lightspeedst.net/s2/mp4/black-clover-dublado/sd/16.mp4",
      "nome": "Friends"
    },
    {
      "numero": 17,
      "url": "https://lightspeedst.net/s2/mp4/black-clover-dublado/sd/17.mp4",
      "nome": "Destroyer"
    },
    {
      "numero": 18,
      "url": "https://lightspeedst.net/s2/mp4/black-clover-dublado/sd/18.mp4",
      "nome": "Memories of You"
    },
    {
      "numero": 19,
      "url": "https://lightspeedst.net/s2/mp4/black-clover-dublado/sd/19.mp4",
      "nome": "Destruction and Salvation"
    },
    {
      "numero": 20,
      "url": "https://lightspeedst.net/s2/mp4/black-clover-dublado/sd/20.mp4",
      "nome": "Assembly at the Royal Capital"
    },
    {
      "numero": 21,
      "url": "https://lightspeedst.net/s2/mp4/black-clover-dublado/sd/21.mp4",
      "nome": "Capital Riot"
    },
    {
      "numero": 22,
      "url": "https://lightspeedst.net/s2/mp4/black-clover-dublado/sd/22.mp4",
      "nome": "Wild Magic Dance"
    },
    {
      "numero": 23,
      "url": "https://lightspeedst.net/s2/mp4/black-clover-dublado/sd/23.mp4",
      "nome": "The Crimson Lion King"
    },
    {
      "numero": 24,
      "url": "https://lightspeedst.net/s2/mp4/black-clover-dublado/sd/24.mp4",
      "nome": "Blackout"
    },
    {
      "numero": 25,
      "url": "https://lightspeedst.net/s2/mp4/black-clover-dublado/sd/25.mp4",
      "nome": "Adversity"
    },
    {
      "numero": 26,
      "url": "https://lightspeedst.net/s2/mp4/black-clover-dublado/sd/26.mp4",
      "nome": "Wounded Beasts"
    },
    {
      "numero": 27,
      "url": "https://lightspeedst.net/s2/mp4/black-clover-dublado/sd/27.mp4",
      "nome": "Light"
    },
    {
      "numero": 28,
      "url": "https://lightspeedst.net/s2/mp4/black-clover-dublado/sd/28.mp4",
      "nome": "The One I've Set My Heart On"
    },
    {
      "numero": 29,
      "url": "https://lightspeedst.net/s2/mp4/black-clover-dublado/sd/29.mp4",
      "nome": "Path"
    },
    {
      "numero": 30,
      "url": "https://lightspeedst.net/s2/mp4/black-clover-dublado/sd/30.mp4",
      "nome": "The Mirror Mage"
    },
    {
      "numero": 31,
      "url": "https://lightspeedst.net/s2/mp4/black-clover-dublado/sd/31.mp4",
      "nome": "Pursuit Over the Snow"
    },
    {
      "numero": 32,
      "url": "https://lightspeedst.net/s2/mp4/black-clover-dublado/sd/32.mp4",
      "nome": "Three-Leaf Sprouts"
    },
    {
      "numero": 33,
      "url": "https://lightspeedst.net/s2/mp4/black-clover-dublado/sd/33.mp4",
      "nome": "To Help Somebody Someday"
    },
    {
      "numero": 34,
      "url": "https://lightspeedst.net/s2/mp4/black-clover-dublado/sd/34.mp4",
      "nome": "Light Magic vs. Dark Magic"
    },
    {
      "numero": 35,
      "url": "https://lightspeedst.net/s2/mp4/black-clover-dublado/sd/35.mp4",
      "nome": "The Light of Judgment"
    },
    {
      "numero": 36,
      "url": "https://lightspeedst.net/s2/mp4/black-clover-dublado/sd/36.mp4",
      "nome": "Three Eyes"
    },
    {
      "numero": 37,
      "url": "https://lightspeedst.net/s2/mp4/black-clover-dublado/sd/37.mp4",
      "nome": "The One With No Magic"
    },
    {
      "numero": 38,
      "url": "https://lightspeedst.net/s2/mp4/black-clover-dublado/sd/38.mp4",
      "nome": "The Magic Knights Captain Conference"
    },
    {
      "numero": 39,
      "url": "https://lightspeedst.net/s2/mp4/black-clover-dublado/sd/39.mp4",
      "nome": "Three-Leaf Salute"
    },
    {
      "numero": 40,
      "url": "https://lightspeedst.net/s2/mp4/black-clover-dublado/sd/40.mp4",
      "nome": "A Black Beach Story"
    },
    {
      "numero": 41,
      "url": "https://lightspeedst.net/s2/mp4/black-clover-dublado/sd/41.mp4",
      "nome": "The Water Girl Grows Up"
    },
    {
      "numero": 42,
      "url": "https://lightspeedst.net/s2/mp4/black-clover-dublado/sd/42.mp4",
      "nome": "The Underwater Temple"
    },
    {
      "numero": 43,
      "url": "https://lightspeedst.net/s2/mp4/black-clover-dublado/sd/43.mp4",
      "nome": "Temple Battle Royale"
    },
    {
      "numero": 44,
      "url": "https://lightspeedst.net/s2/mp4/black-clover-dublado/sd/44.mp4",
      "nome": "The Pointlessly Direct Fireball and the Wild Lightning"
    },
    {
      "numero": 45,
      "url": "https://lightspeedst.net/s2/mp4/black-clover-dublado/sd/45.mp4",
      "nome": "The Guy Who Doesn't Know When to Quit"
    },
    {
      "numero": 46,
      "url": "https://lightspeedst.net/s2/mp4/black-clover-dublado/sd/46.mp4",
      "nome": "Awakening"
    },
    {
      "numero": 47,
      "url": "https://lightspeedst.net/s2/mp4/black-clover-dublado/sd/47.mp4",
      "nome": "The Only Weapon"
    },
    {
      "numero": 48,
      "url": "https://lightspeedst.net/s2/mp4/black-clover-dublado/sd/48.mp4",
      "nome": "Despair vs. Hope"
    },
    {
      "numero": 49,
      "url": "https://lightspeedst.net/s2/mp4/black-clover-dublado/sd/49.mp4",
      "nome": "Beyond Limits"
    },
    {
      "numero": 50,
      "url": "https://lightspeedst.net/s2/mp4/black-clover-dublado/sd/50.mp4",
      "nome": "End of the Battle, End of Despair"
    },
    {
      "numero": 51,
      "url": "https://lightspeedst.net/s2/mp4/black-clover-dublado/sd/51.mp4",
      "nome": "Proof of Rightness"
    },
    {
      "numero": 52,
      "url": "https://lightspeedst.net/s1/mp4/black-clover-dublado/fhd/52.mp4",
      "nome": "Whoever's Strongest Wins"
    },
    {
      "numero": 53,
      "url": "https://lightspeedst.net/s1/mp4/black-clover-dublado/fhd/53.mp4",
      "nome": "Behind the Mask"
    },
    {
      "numero": 54,
      "url": "https://lightspeedst.net/s1/mp4/black-clover-dublado/fhd/54.mp4",
      "nome": "Never Again"
    },
    {
      "numero": 55,
      "url": "https://lightspeedst.net/s1/mp4/black-clover-dublado/fhd/55.mp4",
      "nome": "The Man Named Fanzell"
    },
    {
      "numero": 56,
      "url": "https://lightspeedst.net/s1/mp4/black-clover-dublado/fhd/56.mp4",
      "nome": "The Man Named Fanzell Continued"
    },
    {
      "numero": 57,
      "url": "https://lightspeedst.net/s1/mp4/black-clover-dublado/fhd/57.mp4",
      "nome": "Infiltration"
    },
    {
      "numero": 58,
      "url": "https://lightspeedst.net/s1/mp4/black-clover-dublado/fhd/58.mp4",
      "nome": "Battlefield Decision"
    },
    {
      "numero": 59,
      "url": "https://lightspeedst.net/s1/mp4/black-clover-dublado/fhd/59.mp4",
      "nome": "Flames of Hatred"
    },
    {
      "numero": 60,
      "url": "https://lightspeedst.net/s1/mp4/black-clover-dublado/fhd/60.mp4",
      "nome": "Defectors' Atonement"
    },
    {
      "numero": 61,
      "url": "https://lightspeedst.net/s1/mp4/black-clover-dublado/fhd/61.mp4",
      "nome": "The Promised World"
    },
    {
      "numero": 62,
      "url": "https://lightspeedst.net/s1/mp4/black-clover-dublado/fhd/62.mp4",
      "nome": "Those Who Boost Each Other Up"
    },
    {
      "numero": 63,
      "url": "https://lightspeedst.net/s1/mp4/black-clover-dublado/fhd/63.mp4",
      "nome": "Not in the Slightest"
    },
    {
      "numero": 64,
      "url": "https://lightspeedst.net/s1/mp4/black-clover-dublado/fhd/64.mp4",
      "nome": "The Red Thread of Fate"
    },
    {
      "numero": 65,
      "url": "https://lightspeedst.net/s1/mp4/black-clover-dublado/fhd/65.mp4",
      "nome": "I'm Home"
    },
    {
      "numero": 66,
      "url": "https://lightspeedst.net/s1/mp4/black-clover-dublado/fhd/66.mp4",
      "nome": "The Eye of the Midnight Sun's Secret"
    },
    {
      "numero": 67,
      "url": "https://lightspeedst.net/s1/mp4/black-clover-dublado/fhd/67.mp4",
      "nome": "A Fun Festival Double Date"
    },
    {
      "numero": 68,
      "url": "https://lightspeedst.net/s1/mp4/black-clover-dublado/fhd/68.mp4",
      "nome": "Battle to the Death?! Yami VS Jack"
    },
    {
      "numero": 69,
      "url": "https://lightspeedst.net/s1/mp4/black-clover-dublado/fhd/69.mp4",
      "nome": "The Briar Maiden’s Melancholy"
    },
    {
      "numero": 70,
      "url": "https://lightspeedst.net/s1/mp4/black-clover-dublado/fhd/70.mp4",
      "nome": "Two New Stars"
    },
    {
      "numero": 71,
      "url": "https://lightspeedst.net/s1/mp4/black-clover-dublado/fhd/71.mp4",
      "nome": "The Uncrowned, Undefeated Lioness"
    },
    {
      "numero": 72,
      "url": "https://lightspeedst.net/s1/mp4/black-clover-dublado/fhd/72.mp4",
      "nome": "Saint Elmo's Fire"
    },
    {
      "numero": 73,
      "url": "https://lightspeedst.net/s1/mp4/black-clover-dublado/fhd/73.mp4",
      "nome": "The Royal Knights Selection Test"
    },
    {
      "numero": 74,
      "url": "https://lightspeedst.net/s1/mp4/black-clover-dublado/fhd/74.mp4",
      "nome": "Flower of Resolution"
    },
    {
      "numero": 75,
      "url": "https://lightspeedst.net/s1/mp4/black-clover-dublado/fhd/75.mp4",
      "nome": "Fierce Battle"
    },
    {
      "numero": 76,
      "url": "https://lightspeedst.net/s1/mp4/black-clover-dublado/fhd/76.mp4",
      "nome": "Mage X"
    },
    {
      "numero": 77,
      "url": "https://lightspeedst.net/s1/mp4/black-clover-dublado/fhd/77.mp4",
      "nome": "Bad Blood"
    },
    {
      "numero": 78,
      "url": "https://lightspeedst.net/s1/mp4/black-clover-dublado/fhd/78.mp4",
      "nome": "Peasant Trap"
    },
    {
      "numero": 79,
      "url": "https://lightspeedst.net/s1/mp4/black-clover-dublado/fhd/79.mp4",
      "nome": "Mister Delinquent vs. Muscle Brains"
    },
    {
      "numero": 80,
      "url": "https://lightspeedst.net/s1/mp4/black-clover-dublado/fhd/80.mp4",
      "nome": "Special Little Brother vs. Failed Big Brother"
    },
    {
      "numero": 81,
      "url": "https://lightspeedst.net/s1/mp4/black-clover-dublado/fhd/81.mp4",
      "nome": "The Life of a Certain Man"
    },
    {
      "numero": 82,
      "url": "https://lightspeedst.net/s1/mp4/black-clover-dublado/fhd/82.mp4",
      "nome": "Petit Clover! The Nightmarish Charmy SP!"
    },
    {
      "numero": 83,
      "url": "https://lightspeedst.net/s1/mp4/black-clover-dublado/fhd/83.mp4",
      "nome": "Burn It Into You"
    },
    {
      "numero": 84,
      "url": "https://lightspeedst.net/s1/mp4/black-clover-dublado/fhd/84.mp4",
      "nome": "The Victors"
    },
    {
      "numero": 85,
      "url": "https://lightspeedst.net/s1/mp4/black-clover-dublado/fhd/85.mp4",
      "nome": "Together in the Bath"
    },
    {
      "numero": 86,
      "url": "https://lightspeedst.net/s1/mp4/black-clover-dublado/fhd/86.mp4",
      "nome": "Yami and Vangeance"
    },
    {
      "numero": 87,
      "url": "https://lightspeedst.net/s1/mp4/black-clover-dublado/fhd/87.mp4",
      "nome": "Formation of the Royal Knights"
    },
    {
      "numero": 88,
      "url": "https://lightspeedst.net/s1/mp4/black-clover-dublado/fhd/88.mp4",
      "nome": "Storming the Eye of the Midnight Sun's Hideout!!!"
    },
    {
      "numero": 89,
      "url": "https://lightspeedst.net/s1/mp4/black-clover-dublado/fhd/89.mp4",
      "nome": "The Black Bulls' Hideout"
    },
    {
      "numero": 90,
      "url": "https://lightspeedst.net/s1/mp4/black-clover-dublado/fhd/90.mp4",
      "nome": "Crazy Magic Battle"
    },
    {
      "numero": 91,
      "url": "https://lightspeedst.net/s1/mp4/black-clover-dublado/fhd/91.mp4",
      "nome": "Mereoleona vs. Raia the Disloyal"
    },
    {
      "numero": 92,
      "url": "https://lightspeedst.net/s1/mp4/black-clover-dublado/fhd/92.mp4",
      "nome": "The Wizard King vs. The Leader of the Eye of the Midnight Sun"
    },
    {
      "numero": 93,
      "url": "https://lightspeedst.net/s1/mp4/black-clover-dublado/fhd/93.mp4",
      "nome": "Julius Novachrono"
    },
    {
      "numero": 94,
      "url": "https://lightspeedst.net/s1/mp4/black-clover-dublado/fhd/94.mp4",
      "nome": "New Future"
    },
    {
      "numero": 95,
      "url": "https://lightspeedst.net/s1/mp4/black-clover-dublado/fhd/95.mp4",
      "nome": "Reincarnation"
    },
    {
      "numero": 96,
      "url": "https://lightspeedst.net/s1/mp4/black-clover-dublado/fhd/96.mp4",
      "nome": "The Black Bulls Captain vs the Crimson Wild Rose"
    },
    {
      "numero": 97,
      "url": "https://lightspeedst.net/s1/mp4/black-clover-dublado/fhd/97.mp4",
      "nome": "Overwhelming Disadvantage"
    },
    {
      "numero": 98,
      "url": "https://lightspeedst.net/s1/mp4/black-clover-dublado/fhd/98.mp4",
      "nome": "The Sleeping Lion"
    },
    {
      "numero": 99,
      "url": "https://lightspeedst.net/s1/mp4/black-clover-dublado/fhd/99.mp4",
      "nome": "The Desperate Path Toward Survival"
    },
    {
      "numero": 100,
      "url": "https://lightspeedst.net/s1/mp4/black-clover-dublado/fhd/100.mp4",
      "nome": "We Won't Lose to You"
    },
    {
      "numero": 101,
      "url": "https://lightspeedst.net/s1/mp4/black-clover-dublado/fhd/101.mp4",
      "nome": "The Lives of the Village in the Sticks"
    },
    {
      "numero": 102,
      "url": "https://lightspeedst.net/s1/mp4/black-clover-dublado/fhd/102.mp4",
      "nome": "Two Miracles"
    },
    {
      "numero": 103,
      "url": "https://lightspeedst.net/s1/mp4/black-clover-dublado/fhd/103.mp4",
      "nome": "Release from Misfortune"
    },
    {
      "numero": 104,
      "url": "https://lightspeedst.net/s5/mp4/black-clover-dublado/fhd/104.mp4",
      "nome": "Lightning of Rage vs. Friends"
    },
    {
      "numero": 105,
      "url": "https://lightspeedst.net/s5/mp4/black-clover-dublado/fhd/105.mp4",
      "nome": "Smiles, Tears"
    },
    {
      "numero": 106,
      "url": "https://lightspeedst.net/s5/mp4/black-clover-dublado/fhd/106.mp4",
      "nome": "Path of Revenge, Path of Atonement"
    },
    {
      "numero": 107,
      "url": "https://lightspeedst.net/s5/mp4/black-clover-dublado/fhd/107.mp4",
      "nome": "The Battle for Clover Castle"
    },
    {
      "numero": 108,
      "url": "https://lightspeedst.net/s5/mp4/black-clover-dublado/fhd/108.mp4",
      "nome": "Battlefield Dancer"
    },
    {
      "numero": 109,
      "url": "https://lightspeedst.net/s5/mp4/black-clover-dublado/fhd/109.mp4",
      "nome": "Spatial Mage Brothers"
    },
    {
      "numero": 110,
      "url": "https://lightspeedst.net/s5/mp4/black-clover-dublado/fhd/110.mp4",
      "nome": "The Raging Bull Joins the Showdown!!"
    },
    {
      "numero": 111,
      "url": "https://lightspeedst.net/s5/mp4/black-clover-dublado/fhd/111.mp4",
      "nome": "The Eyes in the Mirror"
    },
    {
      "numero": 112,
      "url": "https://lightspeedst.net/s5/mp4/black-clover-dublado/fhd/112.mp4",
      "nome": "Humans Who Can Be Trusted"
    },
    {
      "numero": 113,
      "url": "https://lightspeedst.net/s5/mp4/black-clover-dublado/fhd/113.mp4",
      "nome": "Storming the Shadow Palace"
    },
    {
      "numero": 114,
      "url": "https://lightspeedst.net/s5/mp4/black-clover-dublado/fhd/114.mp4",
      "nome": "The Final Invaders"
    },
    {
      "numero": 115,
      "url": "https://lightspeedst.net/s5/mp4/black-clover-dublado/fhd/115.mp4",
      "nome": "Mastermind"
    },
    {
      "numero": 116,
      "url": "https://lightspeedst.net/s5/mp4/black-clover-dublado/fhd/116.mp4",
      "nome": "The Ultimate Natural Enemy"
    },
    {
      "numero": 117,
      "url": "https://lightspeedst.net/s5/mp4/black-clover-dublado/fhd/117.mp4",
      "nome": "Breaking the Seal"
    },
    {
      "numero": 118,
      "url": "https://lightspeedst.net/s5/mp4/black-clover-dublado/fhd/118.mp4",
      "nome": "A Reunion Across Time and Space"
    },
    {
      "numero": 119,
      "url": "https://lightspeedst.net/s5/mp4/black-clover-dublado/fhd/119.mp4",
      "nome": "The Final Attack"
    },
    {
      "numero": 120,
      "url": "https://lightspeedst.net/s5/mp4/black-clover-dublado/fhd/120.mp4",
      "nome": "Dawn"
    },
    {
      "numero": 121,
      "url": "https://lightspeedst.net/s5/mp4/black-clover-dublado/fhd/121.mp4",
      "nome": "Three Problems"
    },
    {
      "numero": 122,
      "url": "https://lightspeedst.net/s5/mp4/black-clover-dublado/fhd/122.mp4",
      "nome": "As Pitch Black as It Gets"
    },
    {
      "numero": 123,
      "url": "https://lightspeedst.net/s5/mp4/black-clover-dublado/fhd/123.mp4",
      "nome": "Nero Reminisces... Part One"
    },
    {
      "numero": 124,
      "url": "https://lightspeedst.net/s5/mp4/black-clover-dublado/fhd/124.mp4",
      "nome": "Nero Reminisces... Part Two"
    },
    {
      "numero": 125,
      "url": "https://lightspeedst.net/s5/mp4/black-clover-dublado/fhd/125.mp4",
      "nome": "Return"
    },
    {
      "numero": 126,
      "url": "https://lightspeedst.net/s5/mp4/black-clover-dublado/fhd/126.mp4",
      "nome": "The Blue Rose's Confession"
    },
    {
      "numero": 127,
      "url": "https://lightspeedst.net/s5/mp4/black-clover-dublado/fhd/127.mp4",
      "nome": "Clues"
    },
    {
      "numero": 128,
      "url": "https://lightspeedst.net/s5/mp4/black-clover-dublado/fhd/128.mp4",
      "nome": "To the Heart Kingdom!"
    },
    {
      "numero": 129,
      "url": "https://lightspeedst.net/s5/mp4/black-clover-dublado/fhd/129.mp4",
      "nome": "The Devil Megicula"
    },
    {
      "numero": 130,
      "url": "https://lightspeedst.net/s5/mp4/black-clover-dublado/fhd/130.mp4",
      "nome": "The New Magic Knight Squad Captains' Meeting"
    },
    {
      "numero": 131,
      "url": "https://lightspeedst.net/s5/mp4/black-clover-dublado/fhd/131.mp4",
      "nome": "A New Resolve"
    },
    {
      "numero": 132,
      "url": "https://lightspeedst.net/s5/mp4/black-clover-dublado/fhd/132.mp4",
      "nome": "The Lion Awakens"
    },
    {
      "numero": 133,
      "url": "https://lightspeedst.net/s5/mp4/black-clover-dublado/fhd/133.mp4",
      "nome": "The Lion Awakens, Continued"
    },
    {
      "numero": 134,
      "url": "https://lightspeedst.net/s5/mp4/black-clover-dublado/fhd/134.mp4",
      "nome": "Those Who Have Been Gathered"
    },
    {
      "numero": 135,
      "url": "https://lightspeedst.net/s5/mp4/black-clover-dublado/fhd/135.mp4",
      "nome": "The One Who Has My Heart, My Mind, And Soul"
    },
    {
      "numero": 136,
      "url": "https://lightspeedst.net/s5/mp4/black-clover-dublado/fhd/136.mp4",
      "nome": "A Black Deep-Sea Story"
    },
    {
      "numero": 137,
      "url": "https://lightspeedst.net/s5/mp4/black-clover-dublado/fhd/137.mp4",
      "nome": "Charmy's Century of Hunger, Gordon's Millennium of Loneliness"
    },
    {
      "numero": 138,
      "url": "https://lightspeedst.net/s5/mp4/black-clover-dublado/fhd/138.mp4",
      "nome": "In Zara's Footsteps"
    },
    {
      "numero": 139,
      "url": "https://lightspeedst.net/s5/mp4/black-clover-dublado/fhd/139.mp4",
      "nome": "A Witch's Homecoming"
    },
    {
      "numero": 140,
      "url": "https://lightspeedst.net/s5/mp4/black-clover-dublado/fhd/140.mp4",
      "nome": "A Favor For Julius"
    },
    {
      "numero": 141,
      "url": "https://lightspeedst.net/s5/mp4/black-clover-dublado/fhd/141.mp4",
      "nome": "The Golden Family"
    },
    {
      "numero": 142,
      "url": "https://lightspeedst.net/s5/mp4/black-clover-dublado/fhd/142.mp4",
      "nome": "Those Remaining"
    },
    {
      "numero": 143,
      "url": "https://lightspeedst.net/s5/mp4/black-clover-dublado/fhd/143.mp4",
      "nome": "The Tilted Scale"
    },
    {
      "numero": 144,
      "url": "https://lightspeedst.net/s5/mp4/black-clover-dublado/fhd/144.mp4",
      "nome": "Those Who Wish to Destroy Devils"
    },
    {
      "numero": 145,
      "url": "https://lightspeedst.net/s5/mp4/black-clover-dublado/fhd/145.mp4",
      "nome": "Rescue"
    },
    {
      "numero": 146,
      "url": "https://lightspeedst.net/s5/mp4/black-clover-dublado/fhd/146.mp4",
      "nome": "Those Who Worship The Devil"
    },
    {
      "numero": 147,
      "url": "https://lightspeedst.net/s5/mp4/black-clover-dublado/fhd/147.mp4",
      "nome": "Prepared to Die"
    },
    {
      "numero": 148,
      "url": "https://lightspeedst.net/s5/mp4/black-clover-dublado/fhd/148.mp4",
      "nome": "Becoming the Light That Shines Through the Darkness"
    },
    {
      "numero": 149,
      "url": "https://lightspeedst.net/s5/mp4/black-clover-dublado/fhd/149.mp4",
      "nome": "Two Things We Need to Find"
    },
    {
      "numero": 150,
      "url": "https://lightspeedst.net/s5/mp4/black-clover-dublado/fhd/150.mp4",
      "nome": "The Maidens' Challenge"
    },
    {
      "numero": 151,
      "url": "https://lightspeedst.net/s5/mp4/black-clover-dublado/fhd/151.mp4",
      "nome": "Clash! The Battle of the Magic Knights Squad Captains"
    },
    {
      "numero": 152,
      "url": "https://lightspeedst.net/s5/mp4/black-clover-dublado/fhd/152.mp4",
      "nome": "To Tomorrow!"
    },
    {
      "numero": 153,
      "url": "https://lightspeedst.net/s5/mp4/black-clover-dublado/fhd/153.mp4",
      "nome": "The Chosen Ones"
    },
    {
      "numero": 154,
      "url": "https://lightspeedst.net/s6/mp4/black-clover-dublado/hd/154.mp4",
      "nome": "Vice Captain Langris Vaude"
    },
    {
      "numero": 155,
      "url": "https://lightspeedst.net/s6/mp4/black-clover-dublado/fhd/155.mp4",
      "nome": "The 5 Spirit Guardians"
    },
    {
      "numero": 156,
      "url": "https://lightspeedst.net/s6/mp4/black-clover-dublado/fhd/156.mp4",
      "nome": "Awakening Powers"
    },
    {
      "numero": 157,
      "url": "https://lightspeedst.net/s6/mp4/black-clover-dublado/fhd/157.mp4",
      "nome": "Five-Leaf Clover"
    },
    {
      "numero": 158,
      "url": "https://lightspeedst.net/s6/mp4/black-clover-dublado/fhd/158.mp4",
      "nome": "The Beginning of Hope and Despair"
    },
    {
      "numero": 159,
      "url": "https://lightspeedst.net/s6/mp4/black-clover-dublado/hd/159.mp4",
      "nome": "Quiet Lakes and Forest Shadows"
    },
    {
      "numero": 160,
      "url": "https://lightspeedst.net/s6/mp4/black-clover-dublado/hd/160.mp4",
      "nome": "The Messenger from the Spade Kingdom"
    },
    {
      "numero": 161,
      "url": "https://lightspeedst.net/s6/mp4/black-clover-dublado/fhd/161.mp4",
      "nome": "Zenon's Power"
    },
    {
      "numero": 162,
      "url": "https://lightspeedst.net/s6/mp4/black-clover-dublado/hd/162.mp4",
      "nome": "The Great War Breaks Out"
    },
    {
      "numero": 163,
      "url": "https://lightspeedst.net/s6/mp4/black-clover-dublado/fhd/163.mp4",
      "nome": "Dante VS The Captain of the Black Bulls"
    },
    {
      "numero": 164,
      "url": "https://lightspeedst.net/s6/mp4/black-clover-dublado/fhd/164.mp4",
      "nome": "Battlefield: Heart Kingdom"
    },
    {
      "numero": 165,
      "url": "https://lightspeedst.net/s6/mp4/black-clover-dublado/fhd/165.mp4",
      "nome": "Water Crusade"
    },
    {
      "numero": 166,
      "url": "https://lightspeedst.net/s6/mp4/black-clover-dublado/hd/166.mp4",
      "nome": "Captain: Yami Sukehiro"
    },
    {
      "numero": 167,
      "url": "https://lightspeedst.net/s6/mp4/black-clover-dublado/fhd/167.mp4",
      "nome": "Black Oath"
    },
    {
      "numero": 168,
      "url": "https://lightspeedst.net/s6/mp4/black-clover-dublado/fhd/168.mp4",
      "nome": "Stirrings of the Strongest"
    },
    {
      "numero": 169,
      "url": "https://lightspeedst.net/s6/mp4/black-clover-dublado/fhd/169.mp4",
      "nome": "The Devil-Binding Ritual"
    },
    {
      "numero": 170,
      "url": "https://lightspeedst.net/s6/mp4/black-clover-dublado/fhd/170.mp4",
      "nome": "Faraway Future"
    }
  ]
}