{
  "id": 889,
  "title": "Black Lagoon",
  "title_jp": "BLACK LAGOON",
  "slug": "black-lagoon",
  "type": "legendados",
  "format": "TV",
  "images": {
    "poster": "https://cdn.myanimelist.net/images/anime/1906/121592l.webp",
    "banner": "https://cdn.myanimelist.net/images/anime/1906/121592.jpg"
  },
  "trailer": "https://www.youtube-nocookie.com/embed/d4EbGC7fKnQ?enablejsapi=1&wmode=opaque&autoplay=1",
  "synopsis": "Salaryman Rokurou Okajima spends his days trying to climb his company's corporate ladder, until one day when a business negotiation in Thailand goes awry. During the botched deal, he falls hostage to the Lagoon Company—a band of ruthless pirate mercenaries. Left to the whims of his captors after his managers refuse to pay his ransom, Rokurou does the unthinkable: instead of begging for his life, he joins the very crew who kidnapped him.\n\nNow a member of the group, Rokurou must adjust to his new residence in the dissolute hellscape known as Roanapur, a city where corruption and crime run rampant, and even the smallest slipup could cost him his life. If not for one of the many crime syndicates on the island, Rokurou also constantly finds himself at odds with his brash, gunslinging colleague, Revy. \n\nAs Rokurou struggles to abandon his past—and with more than just the profits from the Lagoon Company's illegal trading on the line—he must quickly find the resolve to make tough decisions in high-stress situations while keeping his humanity intact.\n\n[Written by MAL Rewrite]",
  "score": 8.03,
  "genres": [
    "Action"
  ],
  "episodes": [
    {
      "numero": 1,
      "url": "https://www.blogger.com/video.g?token=AD6v5dx389zSyFUk5ctVpZRJRMvzkfM56qOvrBhKUrAjGX1hqHz8FUE8bJFONc4AvrGsaevBrY-iWZYWfOREmiwbCh42NRrCHg9HoX8tgrg4m0Ds49vk3CtuI-2n-C6tD2W1kDcBW1M",
      "nome": "The Black Lagoon"
    },
    {
      "numero": 2,
      "url": "https://www.blogger.com/video.g?token=AD6v5dzIFgAfflbB-wZx1qbNH40f_6tIt1XsnlPfMbI2v_2nI5AoxKusynvS5fWivGCncIYPwS4HzWthLg6gEYZSRGCAj_UijaW0uJ3IXXfHfzKRcJvIJY1Eb1Naq2z5dKJSD7N5x7E",
      "nome": "Mangrove Heaven"
    },
    {
      "numero": 3,
      "url": "https://www.blogger.com/video.g?token=AD6v5dz3RxgphfzSdS-zF61NmDCSQ2gl-LWE6OHhRpyzDy_hAd2zuCiaE63R9c-Pczrv3B9Z0TTP1E5VAVcn0DKaCjqp5DzZal-AJ4rQfd0L6qE6nPS9VNJB5IQheCH2Giy5xAOROs8",
      "nome": "Ring-Ding Ship Chase"
    },
    {
      "numero": 4,
      "url": "https://www.blogger.com/video.g?token=AD6v5dyuInvEuRnA-AMdo2HMAfrn4HAOMRNEf3aS1dtbY7jSDRVMY_bByir3zed8qB4bS2-7GTQUPywEiq_UY30UZVe-L4c2bEXnMK4gzUNovA4q6uee6FpUsIxygg8hC9o3kjOFN29V",
      "nome": "Die Rückkehr des Adlers"
    },
    {
      "numero": 5,
      "url": "https://www.blogger.com/video.g?token=AD6v5dwRxWjxLIs21XGqgGymbs3n83Q8wkO95Xf5h8Wgti2q5hRKokGXsZr-ebjA5eAFsn6Y_Zg6OowoOciVvmRqe0F01tJ4I_hihiWcKEiptrFci8DG62rH74IiPtRWrAA8NSQK1Ow_",
      "nome": "Eagle Hunting and Hunting Eagles"
    },
    {
      "numero": 6,
      "url": "https://www.blogger.com/video.g?token=AD6v5dzDzvVjfE4bIWS1W52qduNlEpBrnGQ5bx_7UUKWyQs-dfrdl9Fb3j7idP_iG3UH8VzCtZhtRrG9ecvM1YloC8JX65WSQq3P9OBWY-v2hi6t2dwwbFEqngwhfk3VuCvfRTm8wTo",
      "nome": "Moonlit Hunting Grounds"
    },
    {
      "numero": 7,
      "url": "https://www.blogger.com/video.g?token=AD6v5dw9c__cWLuiZqhNEWFMJIsQ4VsLfAHdQV7sPVrLUj4XalNTRC8aSXcWubJKuq95SKEoB2qxzGYzk18U8vLeuVWjtDCCfcHRkJ0fERbjFUrjGjN9_er7gfzu8BzTZ3I5uyryYRO2",
      "nome": "Calm Down, Two Men"
    },
    {
      "numero": 8,
      "url": "https://www.blogger.com/video.g?token=AD6v5dxa1ElMfgUNCClX9l45xGF3ScoMVZzs3cWXL0g6ecurk7fuF0UQbG_z5xA4wPaezyjSTHI-524U03b2tQSXhwlfOffvnMX5xXgwDKZrPfd9-x5x3P1KXFTVDtdmgoESUXypeKZI",
      "nome": "Rasta Blasta"
    },
    {
      "numero": 9,
      "url": "https://www.blogger.com/video.g?token=AD6v5dzxrRwgY7NqX5DPXkVwq1T3bU9ymFB3WhkAOauOyh5NYyoy4R35HZkZZLXwn4LPdpe362D4SiKLcqL4L6Z5DqmrwObHbf64cPJoJKNyaO4RiUy2usrPJwt-qF5CsBfqpp4070Ww",
      "nome": "Maid to Kill"
    },
    {
      "numero": 10,
      "url": "https://www.blogger.com/video.g?token=AD6v5dzRnYuPlOojlMertTL7_kDCXAjdrD5I8bQk1DyPFm1cyH9a8OJXcYStzGbXGrmdV4PZPErCewkTPxLQ1GR7mlyG9iiI-0x7QFKmtbE5AULDz-ZtFVJL1GZucKP_JaKhVOBa22u_",
      "nome": "The Unstoppable Chambermaid"
    },
    {
      "numero": 11,
      "url": "https://www.blogger.com/video.g?token=AD6v5dwmHTnM3qV4Dxb6G3kEYvabUDKTJPqauFHBpgUSgSlFJxPsbPgM2bb-TlLM7cg-9KYq7emPxePK4AQ4Jf2ds6XUwsz48pCD2C83TGb7iIF21AyNxYKBoLY93rcakJZdk5bc_h-p",
      "nome": "Lock'n Load Revolution"
    },
    {
      "numero": 12,
      "url": "https://www.blogger.com/video.g?token=AD6v5dzZ4C5LfJLc12oevtdt8oEfFfQhow__1gaLETr3YRh6detMRxKP32tsqqorZ-4uODZjMZg5M90Swk48v7G4G-nn2wiUSLOrcttZlnnHiZRyhRHJJZiozT0ZQsLUKcmuPRfBxufM",
      "nome": "Guerrillas in the Jungle"
    }
  ]
}