{
  "id": 38749,
  "title": "Blade Runner: Black Lotus",
  "title_jp": "BLADE RUNNER – BLACK LOTUS",
  "slug": "blade-runner-black-lotus",
  "type": "legendados",
  "format": "TV",
  "images": {
    "poster": "https://cdn.myanimelist.net/images/anime/1657/120783l.webp",
    "banner": "https://cdn.myanimelist.net/images/anime/1657/120783.jpg"
  },
  "trailer": "https://www.youtube-nocookie.com/embed/HNeO3nw-uFk?enablejsapi=1&wmode=opaque&autoplay=1",
  "synopsis": "Los Angeles 2032. A young woman wakes up with no memories and possessing deadly skills. The only clues to her mystery are a locked data device and a tattoo of a black lotus. Putting together the pieces, she must hunt down the people responsible for her brutal and bloody past to find the truth of her lost identity.\n\n(Source: Crunchyroll)",
  "score": 6.29,
  "genres": [
    "Sci-Fi",
    "Suspense"
  ],
  "episodes": [
    {
      "numero": 1,
      "url": "https://lightspeedst.net/s1/mp4/blade-runner-black-lotus/hd/1.mp4",
      "nome": "City of Angels"
    },
    {
      "numero": 2,
      "url": "https://lightspeedst.net/s1/mp4/blade-runner-black-lotus/hd/2.mp4",
      "nome": "All We Are Not"
    },
    {
      "numero": 3,
      "url": "https://lightspeedst.net/s1/mp4/blade-runner-black-lotus/hd/3.mp4",
      "nome": "The Human Condition"
    },
    {
      "numero": 4,
      "url": "https://lightspeedst.net/s1/mp4/blade-runner-black-lotus/hd/4.mp4",
      "nome": "The Doll Hunt"
    },
    {
      "numero": 5,
      "url": "https://lightspeedst.net/s1/mp4/blade-runner-black-lotus/hd/5.mp4",
      "nome": "Pressure"
    },
    {
      "numero": 6,
      "url": "https://lightspeedst.net/s1/mp4/blade-runner-black-lotus/hd/6.mp4",
      "nome": "The Persistence of Memory"
    },
    {
      "numero": 7,
      "url": "https://lightspeedst.net/s1/mp4/blade-runner-black-lotus/hd/7.mp4",
      "nome": "Reality"
    },
    {
      "numero": 8,
      "url": "https://lightspeedst.net/s1/mp4/blade-runner-black-lotus/hd/8.mp4",
      "nome": "The Davis Report"
    },
    {
      "numero": 9,
      "url": "https://lightspeedst.net/s1/mp4/blade-runner-black-lotus/hd/9.mp4",
      "nome": "Free Will"
    },
    {
      "numero": 10,
      "url": "https://lightspeedst.net/s1/mp4/blade-runner-black-lotus/hd/10.mp4",
      "nome": "Clair de Lune"
    },
    {
      "numero": 11,
      "url": "https://lightspeedst.net/s1/mp4/blade-runner-black-lotus/hd/11.mp4",
      "nome": "All The Best Memories"
    },
    {
      "numero": 12,
      "url": "https://lightspeedst.net/s1/mp4/blade-runner-black-lotus/hd/12.mp4",
      "nome": "Artificial Souls"
    },
    {
      "numero": 13,
      "url": "https://lightspeedst.net/s1/mp4/blade-runner-black-lotus/hd/13.mp4",
      "nome": "Time to Die"
    }
  ]
}