{
  "id": 22547,
  "title": "Blade & Soul",
  "title_jp": "ブレイドアンドソウル",
  "slug": "blade-soul",
  "type": "legendados",
  "format": "TV",
  "images": {
    "poster": "https://cdn.myanimelist.net/images/anime/11/61885l.webp",
    "banner": "https://cdn.myanimelist.net/images/anime/11/61885.jpg"
  },
  "trailer": "https://www.youtube-nocookie.com/embed/1mC8JvJluQg?enablejsapi=1&wmode=opaque&autoplay=1",
  "synopsis": "Alka is an assassin for the Clan of the Sword. She's on a journey to find the woman Jin Valel, who killed her master Hon without feeling—not unlike how Alka has learned to kill in her work as an assassin. On her journey, Alka encounters three strange women, each a great warrior in her own right and grapples with her slain master's wish that she leaves the life of an assassin behind.\n\n(Source: ANN)",
  "score": 6.03,
  "genres": [
    "Action",
    "Adventure",
    "Fantasy"
  ],
  "episodes": [
    {
      "numero": 1,
      "url": "https://www.blogger.com/video.g?token=AD6v5dw_KdtL7G2F5B_nYeH8rzEqPb95eVBXEXWLT56u2kkmeHWbIMmrJh4JotUX2yMSRtSzZlYp8FgDTL0CodjnbalHu5qt7LxX22dLpj_rC_vG0mL98Wb9S2GiYFq5raqm1veGehQ",
      "nome": "Path"
    },
    {
      "numero": 2,
      "url": "https://www.blogger.com/video.g?token=AD6v5dzLLLO-ZTqhhT74kMKdzXMjtzAb3s16tMC2t_aIE8uVH2K3g9OY9zKpZaT9ZLSe6O8VvTYQWxCLdnmQZ4JbrkM97aC76yxtso_10shxvkQ73UIAbiqlgUb4XMHS-H_yeiMuy0s",
      "nome": "Desires"
    },
    {
      "numero": 3,
      "url": "https://www.blogger.com/video.g?token=AD6v5dyp7GhADCnx6C0OJ3iqI8b43hiBy2xWG9Zm3G6Z726FQsfK_BOKni2u64YnXysYCb-IE33ZC7PEP8KCJQqt9nzMcGrdWUO2a0JixvgbDcmRnfQKt_JqKiNtV7RrxssEPxrfZ4Ye",
      "nome": "Revenge"
    },
    {
      "numero": 4,
      "url": "https://www.blogger.com/video.g?token=AD6v5dz8PL7VXSmlRpA2rejljX4aIrOQuvZGRgHB9mY6vrr5NyA7NMKS1VfWqtnaKr_Mx0wj3mF7l1HLU3eD7f9miDDDw1nD93E8OcmA327Ue-EKVPHqtGwpC35hIyVC5DxYehb3mYUs",
      "nome": "Sword"
    },
    {
      "numero": 5,
      "url": "https://www.blogger.com/video.g?token=AD6v5dyEi93M_MDF3JQpXHgVMkuTp8SPirDXX1-btdKaR1_O4xhuxS1RExFv3gPvcoRBoO8Q6VDwcQQmq8g6EuxqBnWMOJ1Myaa4S4AeANY_Cmei1k0B_MsOTPG_VQVSieaUFyAKK_3s",
      "nome": "Flower"
    },
    {
      "numero": 6,
      "url": "https://www.blogger.com/video.g?token=AD6v5dxsaS0aNSynBW4PR-cMbZUOodHsBsYftndN4IcrmyXwdWfjdEW9fLSXkNW3coaiqXE8rO0l1Mw9OkFDiHyGZCeEg1DznFMuBsgS-xnjtjecig_LsTJbAXIm1mqXV9bw2W--4ilJ",
      "nome": "Dream"
    },
    {
      "numero": 7,
      "url": "https://www.blogger.com/video.g?token=AD6v5dw0EGu3IRFXgRhh-ItRYnI_5hUwxPKdUxeXstwG99ScxZhjm-L86JJGeYbdCvjw10ZYJ910YE-TvVwNwupjZC82IhsjFEmHvH2kFg2TdhSGXm2_ylgCmWbveH0oVcoN_P7cKZA",
      "nome": "Time"
    },
    {
      "numero": 8,
      "url": "https://www.blogger.com/video.g?token=AD6v5dyM96QxrLkWtKqjgSEM8-dmXKaqwHIKO2_WFzf-3DPsQNpVczPsRg30vI-AnedSwytuxeosqbI0xATfp_ODkIxMNeq-moETBE4-w6Bma7ck26xsen6coTZTtu6F-zlDL-YCTSo",
      "nome": "Sky"
    },
    {
      "numero": 9,
      "url": "https://www.blogger.com/video.g?token=AD6v5dx68gehv49I2TgYk-u-_GsIpW8zG5uVW2CDm99mUvi0UZeku2nefe2rEgLHoAbPDBU7NDW1VFO4okiI-8LaqjhOSPV6-p0pWsShrb6EyDHNOKsQOIBDXFtYE8EnT5R5q0qiWQ",
      "nome": "Moon"
    },
    {
      "numero": 10,
      "url": "https://www.blogger.com/video.g?token=AD6v5dxMCjYbnTWujAPETn4HbqCxb6R8zfESANqbGE3XOvlw4CfTXjHehmy4VQ8vF3GC89X3ULk-EtrTpMOg-4xx-2j6QKx445wZGro-pMQ02hJadChLsk32qMlSLFb4TUlJpTZWTDc",
      "nome": "Sin"
    },
    {
      "numero": 11,
      "url": "https://www.blogger.com/video.g?token=AD6v5dzQbGBWMhwJVwBFJsywIpaOfIsSsauqOYUNRJiBYTrIi2Oomzd0eMHcGyBTME3St0c3ceWub3hXKGFabHewqAlvPMTn8tSerAySgE0vQRBi5NBAJwPZQjWHA5dc5Dw0uA_CIVM",
      "nome": "Punishment"
    },
    {
      "numero": 12,
      "url": "https://www.blogger.com/video.g?token=AD6v5dw2ee6aL-FYWp6laYnEHwKc_ajIYfGxIm_GmvGis-jrsWtMNYCUcDd99YtEXD37jNEO_La3SQaDy3Q3DGqiW_PzXnlM0RTF2FKPFiFYNZ6605r2hMxDyBaSKjvCKg0fWRuOVwo",
      "nome": "Soul"
    },
    {
      "numero": 13,
      "url": "https://www.blogger.com/video.g?token=AD6v5dxv7PJOSSE1yQYbJBujEwRE2WmDQ7X75PR4EGgMOVTFq8KYGQBYJFpvLCP7F5suf68hYegUICfTY81O2uig2-7AWvlfejiEsbSz1Jv8yR9P0EP4mqDKCkG7oyu6i0AjACY1JPw",
      "nome": "God"
    }
  ]
}