{
  "id": 6920,
  "title": "Blade",
  "title_jp": "ブレイド",
  "slug": "blade",
  "type": "legendados",
  "format": "TV",
  "images": {
    "poster": "https://cdn.myanimelist.net/images/anime/1945/103220l.webp",
    "banner": "https://cdn.myanimelist.net/images/anime/1945/103220.jpg"
  },
  "trailer": null,
  "synopsis": "The story revolves around Blade, a \"Daywalker\" vampire hunter who was born with vampire and human blood after a vampire attacked his mother. While visiting Japan on a mission, Blade tracks down Deacon Frost, the vampire who killed his mother. Blade confronts \"Existence,\" a mysterious organization composed of vampires modified by Frost. \n\n(Source: ANN)",
  "score": 6.22,
  "genres": [
    "Action",
    "Drama",
    "Horror",
    "Supernatural"
  ],
  "episodes": [
    {
      "numero": 1,
      "url": "https://lightspeedst.net/s3/mp4/blade/sd/1.mp4",
      "nome": "His Name is Blade"
    },
    {
      "numero": 2,
      "url": "https://lightspeedst.net/s3/mp4/blade/sd/2.mp4",
      "nome": "A Night for the Living, A Mourning for the Dead"
    },
    {
      "numero": 3,
      "url": "https://lightspeedst.net/s3/mp4/blade/sd/3.mp4",
      "nome": "Dead on Arrival"
    },
    {
      "numero": 4,
      "url": "https://lightspeedst.net/s3/mp4/blade/sd/4.mp4",
      "nome": "That Was Then, This Is Now"
    },
    {
      "numero": 5,
      "url": "https://lightspeedst.net/s3/mp4/blade/sd/5.mp4",
      "nome": "The Island of Fire"
    },
    {
      "numero": 6,
      "url": "https://lightspeedst.net/s3/mp4/blade/sd/6.mp4",
      "nome": "Bad Blood"
    },
    {
      "numero": 7,
      "url": "https://lightspeedst.net/s3/mp4/blade/sd/7.mp4",
      "nome": "Claws and Blades"
    },
    {
      "numero": 8,
      "url": "https://lightspeedst.net/s3/mp4/blade/sd/8.mp4",
      "nome": "Old Wounds, Fresh Blood"
    },
    {
      "numero": 9,
      "url": "https://lightspeedst.net/s3/mp4/blade/sd/9.mp4",
      "nome": "The Bond"
    },
    {
      "numero": 10,
      "url": "https://lightspeedst.net/s3/mp4/blade/sd/10.mp4",
      "nome": "Sins of the Father"
    },
    {
      "numero": 11,
      "url": "https://lightspeedst.net/s3/mp4/blade/sd/11.mp4",
      "nome": "The Last Sunset"
    },
    {
      "numero": 12,
      "url": "https://lightspeedst.net/s3/mp4/blade/sd/12.mp4",
      "nome": "The Final Glory of Deacon Frost"
    }
  ]
}