{
  "id": 39806,
  "title": "Blade of the Immortal",
  "title_jp": "無限の住人-IMMORTAL-",
  "slug": "blade-of-the-immortal",
  "type": "legendados",
  "format": "ONA",
  "images": {
    "poster": "https://cdn.myanimelist.net/images/anime/1054/110054l.webp",
    "banner": "https://cdn.myanimelist.net/images/anime/1054/110054.jpg"
  },
  "trailer": "https://www.youtube-nocookie.com/embed/f4L4lQKZNVA?enablejsapi=1&wmode=opaque&autoplay=1",
  "synopsis": "Manji is an infamous swordsman in feudal Japan who is known as the \"Hundred Man Killer,\" as he has killed one hundred innocent men. However, there is something far more frightening than his ominous reputation: the fact that he is immortal. This is the handiwork of eight-hundred-year-old nun Yaobikuni, who placed bloodworms capable of healing almost any wound in Manji's body.\n\nTo atone for his crimes, Manji resolves to kill one thousand evil men. Yaobikuni agrees to this proposal, saying that if he succeeds, she will undo his curse of immortality. Soon after this promise, Manji meets Rin Asano, a 16-year-old girl who requests Manji's assistance in killing those who slaughtered her parents.\n\nInitially reluctant, Manji refuses Rin's desperate plea. However, owing to her evident lack of strength, Manji changes his mind and agrees to protect Rin for four years. With this partnership set in stone, the two embark on a perilous journey of bloodshed, vengeance, and redemption, each to fulfill their own life's cause.\n\n[Written by MAL Rewrite]",
  "score": 7.44,
  "genres": [
    "Action",
    "Adventure",
    "Drama",
    "Supernatural"
  ],
  "episodes": [
    {
      "numero": 1,
      "url": "https://www.blogger.com/video.g?token=AD6v5dxg8Z4O0x32iJq0ZVNFvOfPHuwkTvKRzr1nP81AHUFkOkg5Mh_oGFXD-CIEzXqS_1HYWtY23FqdtZoDO-AMaQ2KWbQz_CwzdM8TXv1qDBMGTkR0PwUR36wgO5Ekxwwlomqqe42y",
      "nome": "Meeting"
    },
    {
      "numero": 2,
      "url": "https://www.blogger.com/video.g?token=AD6v5dzNTxaTnI7rIOL9KhbNBrS2Zxxh_9C0URceGdAS8Ue1uOTwDJqKBlUGRQo3a6Oatb9ey59q-AyAmCQQCa62GZYcmrU06TmXKriMRdhYG_fIeSRaYP0Vx1hYYzvy1iHAgAUC_fY",
      "nome": "Founding"
    },
    {
      "numero": 3,
      "url": "https://www.blogger.com/video.g?token=AD6v5dzq1so_kYU8dD9qokFxSU3-ruze-t4Eflg00ksQQAdzBvvq0F73MfPm4QXwxRceqhz1clT1exm56HmL1WT-4VyWjp748h4azxbeSlnacEYPO99csLt97npDAF7EypJhefdYUEcZ",
      "nome": "Dream Pangs"
    },
    {
      "numero": 4,
      "url": "https://www.blogger.com/video.g?token=AD6v5dyYBDStEgEm_6OBF318OeOwah56eGq5LSPVnFSr-2Wo3X7VEo2VnYKgb3GBtEF2AAMmN4FqnTmtpu-xcdBqD84g9o2_t98bf6xSNRnu2E9jJVpJu-bM1JbJM7aeHqbym7UeRTI",
      "nome": "Rin at Odds"
    },
    {
      "numero": 5,
      "url": "https://www.blogger.com/video.g?token=AD6v5dz9q-c4wC4LqxhV3QLa05Ws58sSbYWyGj700BqozdQuGv7L8skzpzfgCkNTsrO6XpqrpYZLY0UEyH0G7prtK_EKV1KyVN786rnBH68Hv591SViVtlZ-Jo8NwjtLbHSmEcy7k5Al",
      "nome": "Song of the Bugs"
    },
    {
      "numero": 6,
      "url": "https://lightspeedst.net/s3/mp4/blade-of-the-immortal/sd/6.mp4",
      "nome": "Wing Roots"
    },
    {
      "numero": 7,
      "url": "https://www.blogger.com/video.g?token=AD6v5dxR91wROLOjAWWbTY05_tXuhPI2LgiRRGji77_z0JXsofl6Z_p4vBbeVN9OI-oDsqfxMSlnGEHfo6B1w6y7PasxTIMZWkIZJ7aUUtfDLjLINt58L4TIWH0BTd3OECumhR6vrYTn",
      "nome": "Evil's Shadow"
    },
    {
      "numero": 8,
      "url": "https://www.blogger.com/video.g?token=AD6v5dxwBRDeFRt40RB9UmOh0l-PC-mA0Yoe2M-bL6cZzKS7OAv5X68EmunInZmmZChSf3zst1XF09FzuvNjALKDkz_AFL_ZCqXNxdcJzmSwXecODx81IwPJVUTXypEuV4lLcQkcvwM",
      "nome": "Mugai-ryu"
    },
    {
      "numero": 9,
      "url": "https://www.blogger.com/video.g?token=AD6v5dyYm5ZXCsAEYjslaW77MleC75yuOwkNPyJ7ZHB0NMz3XCeDo_fNir48XrBK3yp0j4YiHxbaEHq2wMTwd09lBn5yVA-632ZehTHmjOmzIsjscS0V7t_PLQqtI1pez-cf8PvIXWCf",
      "nome": "Gathering"
    },
    {
      "numero": 10,
      "url": "https://www.blogger.com/video.g?token=AD6v5dxsdp9dGaX_-yLatdcEPCTWGlqfZ0C2b0U3BCdpJHi9yhv5b6oA8FlKWApzbUsc9-4lXZzlFoN7WIxq95VA4yv2kB-Ry1TwMRtvhMJqzlh1Jnw8h4-ASwewkqPPHvZXkdoqU7c",
      "nome": "Animal"
    },
    {
      "numero": 11,
      "url": "https://www.blogger.com/video.g?token=AD6v5dw1y9NiLZ90WFLXJ3yVDa0hmggE_XAqfGm_g0L4DD1mEuzxaSAOI1yN2saX2TDQS3VAW7LTsRXEF-Xx7toyLWiPxM4xOq94-kVdAxZ4UlI9x4EvNecKfY7mQ1TQiYmwyL4pH4t1",
      "nome": "Fall Frost"
    },
    {
      "numero": 12,
      "url": "https://www.blogger.com/video.g?token=AD6v5dytPL-_fdnyOmyLoaRm_zPFK1ZeXnb6PgzYUa456K-M89n9PA1HRBSycIoI9tUmb9koa1ND6uKFBckzInWrlWOG08cecN8KxB0InWk9cn9wyoOv0cV99M6fEmd9NuOPzFSvBAaQ",
      "nome": "Blood of Finality"
    },
    {
      "numero": 13,
      "url": "https://www.blogger.com/video.g?token=AD6v5dwm3oDRCTuT_4mLXjSywBFl33UG8luD1lP6NFPAYMfRwvhj__GVFv1QruzwAHqdqfPcMosY0WCzpnZIft858aZwIdQlFlkgr1sQODljKr7Nc5F_9nIURQD2Xf48I4To2WvIqzI",
      "nome": "Twilight"
    }
  ]
}