{
  "id": 3407,
  "title": "Blassreiter",
  "title_jp": "ブラスレイター",
  "slug": "blassreiter",
  "type": "legendados",
  "format": "TV",
  "images": {
    "poster": "https://cdn.myanimelist.net/images/anime/1154/133811l.webp",
    "banner": "https://cdn.myanimelist.net/images/anime/1154/133811.jpg"
  },
  "trailer": "https://www.youtube-nocookie.com/embed/9KzeDJ072Wc?enablejsapi=1&wmode=opaque&autoplay=1",
  "synopsis": "Modern Germany is plagued by an outbreak of \"Amalgams.\" Existing solely to wreak havoc, these cybernetic entities spawn from rotting flesh and can fuse with technology to gain new abilities. With society left in the wake of their destruction, the Xenogenesis Assault Team (XAT) is formed to suppress the threat. Alongside its primary mission to protect against the Amalgam attacks, the organization is also researching the newly discovered \"amalgamated\" humans which possess rational thought and are far deadlier than their non-sentient counterparts.\n\nJoseph Jobson is one such amalgamated human who has full control over his powers. Although successful in his line of work as a lone warrior, an unfortunate encounter with the recently-turned-Amalgam Gerd Frentzen makes him a priority target of the XAT. As he eludes the organization and seeks new allies, Joseph is transformed into the Blassreiter—a being heralded as the strongest Amalgam in existence. Now, he must fight back with his newfound powers to uncover the truth behind not only his past, but also the entire Amalgam conflict.\n\n[Written by MAL Rewrite]",
  "score": 6.87,
  "genres": [
    "Drama",
    "Sci-Fi"
  ],
  "episodes": [
    {
      "numero": 1,
      "url": "https://lightspeedst.net/s3/mp4/blassreiter/sd/1.mp4",
      "nome": "Prelude to Despair"
    },
    {
      "numero": 2,
      "url": "https://lightspeedst.net/s3/mp4/blassreiter/sd/2.mp4",
      "nome": "The Cost of Glory"
    },
    {
      "numero": 3,
      "url": "https://lightspeedst.net/s3/mp4/blassreiter/sd/3.mp4",
      "nome": "Outbreak"
    },
    {
      "numero": 4,
      "url": "https://lightspeedst.net/s3/mp4/blassreiter/sd/4.mp4",
      "nome": "Encirclement"
    },
    {
      "numero": 5,
      "url": "https://lightspeedst.net/s3/mp4/blassreiter/sd/5.mp4",
      "nome": "Scorn"
    },
    {
      "numero": 6,
      "url": "https://lightspeedst.net/s3/mp4/blassreiter/sd/6.mp4",
      "nome": "Demon's Lament"
    },
    {
      "numero": 7,
      "url": "https://lightspeedst.net/s3/mp4/blassreiter/sd/7.mp4",
      "nome": "The Abyss of Hate"
    },
    {
      "numero": 8,
      "url": "https://lightspeedst.net/s3/mp4/blassreiter/sd/8.mp4",
      "nome": "No Longer Powerless"
    },
    {
      "numero": 9,
      "url": "https://lightspeedst.net/s3/mp4/blassreiter/sd/9.mp4",
      "nome": "The Meaning of Power"
    },
    {
      "numero": 10,
      "url": "https://lightspeedst.net/s3/mp4/blassreiter/sd/10.mp4",
      "nome": "The Bowels of Conspiracy"
    },
    {
      "numero": 11,
      "url": "https://lightspeedst.net/s3/mp4/blassreiter/sd/11.mp4",
      "nome": "An Overture to the Apocalypse"
    },
    {
      "numero": 12,
      "url": "https://www.blogger.com/video.g?token=AD6v5dwCSQT_TvdEhpzKkd6BhKnaygogV4_3QiFIeOvBw_fmUSKLkGnKjWtmzG2_MJLFm8Jes_bs28dOieTC5zGG4yJQoBvOh3UD7jsY4ptGFcQeADSIJh_2I_73HpTf2aZ-iekpLeHi",
      "nome": "Judgment Day"
    },
    {
      "numero": 13,
      "url": "https://lightspeedst.net/s3/mp4/blassreiter/sd/13.mp4",
      "nome": "Distant Memories"
    },
    {
      "numero": 14,
      "url": "https://lightspeedst.net/s3/mp4/blassreiter/sd/14.mp4",
      "nome": "Saintly Decision"
    },
    {
      "numero": 15,
      "url": "https://lightspeedst.net/s3/mp4/blassreiter/sd/15.mp4",
      "nome": "Millenary Knights of God"
    },
    {
      "numero": 16,
      "url": "https://lightspeedst.net/s3/mp4/blassreiter/sd/16.mp4",
      "nome": "Reunion"
    },
    {
      "numero": 17,
      "url": "https://lightspeedst.net/s3/mp4/blassreiter/sd/17.mp4",
      "nome": "Bellow of the Beast"
    },
    {
      "numero": 18,
      "url": "https://lightspeedst.net/s3/mp4/blassreiter/sd/18.mp4",
      "nome": "The Fourth Apocalypse"
    },
    {
      "numero": 19,
      "url": "https://lightspeedst.net/s3/mp4/blassreiter/sd/19.mp4",
      "nome": "Quondam Affections"
    },
    {
      "numero": 20,
      "url": "https://lightspeedst.net/s3/mp4/blassreiter/sd/20.mp4",
      "nome": "Legion from the Netherworld"
    },
    {
      "numero": 21,
      "url": "https://lightspeedst.net/s3/mp4/blassreiter/sd/21.mp4",
      "nome": "Phantom Rider"
    },
    {
      "numero": 22,
      "url": "https://lightspeedst.net/s3/mp4/blassreiter/sd/22.mp4",
      "nome": "Drifting Hearts"
    },
    {
      "numero": 23,
      "url": "https://lightspeedst.net/s3/mp4/blassreiter/sd/23.mp4",
      "nome": "Scorched Earth"
    },
    {
      "numero": 24,
      "url": "https://lightspeedst.net/s3/mp4/blassreiter/sd/24.mp4",
      "nome": "Promised Land"
    }
  ]
}