{
  "id": 18767,
  "title": "BlazBlue: Alter Memory",
  "title_jp": "ブレイブルー オルターメモリー",
  "slug": "blazblue-alter-memory",
  "type": "legendados",
  "format": "TV",
  "images": {
    "poster": "https://cdn.myanimelist.net/images/anime/10/56137l.webp",
    "banner": "https://cdn.myanimelist.net/images/anime/10/56137.jpg"
  },
  "trailer": "https://www.youtube-nocookie.com/embed/fAx-JB2U7cU?enablejsapi=1&wmode=opaque&autoplay=1",
  "synopsis": "The story is set in December of 2199, when the streets are full of anticipation for the end of the year and the start of the new one. Amid the celebrations, word spreads that Ragna the Bloodedge, an SS-class rebel with the highest ever bounty on his head, has appeared in the 13th Hierarchical City of Kagutsuchi. The apparent aim of Ragna or the \"Grim Reaper\" is the destruction of the system controlling the world. To collect the bounty, a motley array of unrivaled fighters converge on Kagutsuchi.\n\n(Source: ANN)",
  "score": 6.07,
  "genres": [
    "Action",
    "Fantasy"
  ],
  "episodes": [
    {
      "numero": 1,
      "url": "https://www.blogger.com/video.g?token=AD6v5dzgHEdjxHjZ7o7Fm_EbpGPYfYlJ01z64ThBK9DTsCSljGmrYhZh4I5JdMQyWWUzijwTYezaI0PTWebFSLvZakkhMaadawZYgB8IlaSGn0h-b2ot5xCd2pdMtpduy2HAPfMN_5Q",
      "nome": "Crimson Rebel"
    },
    {
      "numero": 2,
      "url": "https://www.blogger.com/video.g?token=AD6v5dxRJqRMfJozGUf3mJ_UIL6nNdEJ0sE1NX92NUBILD8JcWATFgEdP343dhVyn6ZFUBN0IpjQknoR_4AzVpumWaEGGiQdJq0qevm2-_p38Hxtr59h_Jet64Qgv4HAWF-LpmmuqoPQ",
      "nome": "Successor of the Azure"
    },
    {
      "numero": 3,
      "url": "https://www.blogger.com/video.g?token=AD6v5dz4lVF2br8QHQiX7PCMjG6BQ4Zkt6UhymqfFxD8O-TNrS1T2GSx3JOMWVHA0Lc9ZfHI2pQhFeN86yDIjpoZpxQK6sCZhHKznyyrW44NNycmHF7RkQFIJ2cypJni3yi2DxCh7lI",
      "nome": "The Observing Eye"
    },
    {
      "numero": 4,
      "url": "https://www.blogger.com/video.g?token=AD6v5dxLVqFmo-flBjLJ-UfgAh25J9_ONdm0mpeKYYJ1bmxm25NOIUSsWODj6S2Ixf5sYEBUemXb9uuUlP8LwbVxm6HowudBTBWwDwSVsXc2O62OzNyYIL9iVVdBWCFRB8asuEu4kzE",
      "nome": "Probabilistic Events"
    },
    {
      "numero": 5,
      "url": "https://www.blogger.com/video.g?token=AD6v5dzAwz1kw5a97jgxJW05fwQVGAx4cJG0UZWqVs3Cq-vuzu3EyzZ4-zbx8K6VWys1edzCt8z5LSqwKptTb9CeBXHmWwhxsXNushKztAeZhYDyS6B6Jyc2xg13FUcp-lQJZXswGQY2",
      "nome": "The Pair of White Guns"
    },
    {
      "numero": 6,
      "url": "https://www.blogger.com/video.g?token=AD6v5dzUwMCLLgMm-X5QbBbBPDdFQYKv2bBj-PC7E1a-dHdB2DwNADTIDaLvXWKHG3mtxGSpcSR1M8RlD5YuxngpgZLt8miPD4MF65ZO9p8rWZEHY3fcHDNGIJGLN5F5xPsy87nCFU4",
      "nome": "False World"
    },
    {
      "numero": 7,
      "url": "https://www.blogger.com/video.g?token=AD6v5dzAyjUBLClkwxXj72EjvOU-8ochdfBCbqQOpLkM6SoXKeKr4VkLPZGvc-dR_Psd_1FWwJbly_-y2fE98FY0Ue6vrajsnaS_Ln1CBHC5ny4io1j5AKmeNXDNv6J3l6rp8ym2XnE",
      "nome": "The Wings of Judgment"
    },
    {
      "numero": 8,
      "url": "https://www.blogger.com/video.g?token=AD6v5dwmA-jQxshn5bcL6lxi7GC1iPnBJDPQ8BhZQnob5oj_ozGKlkiMIq2RAGoVxwAEsThM6SZS8dqFUFF0CDQhWV35lFsBx6wRs0pAMhG_URA9Q8NFu1Mniqwio8BrEo39BXnY50Sj",
      "nome": "The Mechanical Soul"
    },
    {
      "numero": 9,
      "url": "https://www.blogger.com/video.g?token=AD6v5dy2ZywwlUW5n9CEtnmgmWnC6y90A9yOYqMXjH-3c-umjo5HoTVBRCKVw-WJnUnaKRlJyWXgWggknU2e42hMYN7KWUuAqYUC88jdbTIiydKzYKSqc9cbzkiGQFG8WCpnE6ETBLPs",
      "nome": "The Power of Order"
    },
    {
      "numero": 10,
      "url": "https://www.blogger.com/video.g?token=AD6v5dxNEbEa1AAPhl8w1InZ5w6vEMxJGwV6ZZU18qAAP9MINRSpwEvspnDiaL0PbXzx7MHwa5hH1Isn0IA4HwMSMvghiLWOeAXIAypZMVbx_9yNKCtCLYViLQQO1Vbd-99x0qPiiosu",
      "nome": "Cocoon of the Godslayer"
    },
    {
      "numero": 11,
      "url": "https://www.blogger.com/video.g?token=AD6v5dwv9QQxf447sY-AMGTCAv-7ICn98jK7rkhW1o8I0wKHDm8s1htnCgwe1K7IaoDANvrNig32cq4z5wGPU_0nUT98qVlBWZZD1aag1iUn_KS3u9O2szm_igO2BXr_uJg9sH2GplAB",
      "nome": "Murakumo Awakens"
    },
    {
      "numero": 12,
      "url": "https://www.blogger.com/video.g?token=AD6v5dwgrkkmr1Qk7DLZt2Dk28Sh4B6ZWDQAUS2hMkI1IC33vRgVIUFRDcV9i13xDB-ZDnkgfhBxfBZF7sgaKN478zt6aYgeoJLAaWDtafxdkH9F7t_Z98QM4cK28VQVgQ2X_HMRgA",
      "nome": "Expense for the Future"
    }
  ]
}