{
  "id": 56784,
  "title": "Bleach: Sennen Kessen-hen - Soukoku-tan (Dublado)",
  "title_jp": "BLEACH 千年血戦篇-相剋譚-",
  "slug": "bleach-sennen-kessen-hen---soukoku-tan-dublado",
  "type": "dublados",
  "format": "TV",
  "images": {
    "poster": "https://cdn.myanimelist.net/images/anime/1595/144074l.webp",
    "banner": "https://cdn.myanimelist.net/images/anime/1595/144074.jpg"
  },
  "trailer": "https://www.youtube-nocookie.com/embed/tShYCQALuH8?enablejsapi=1&wmode=opaque&autoplay=1",
  "synopsis": "After an awe-inspiring battle with Ichibei Hyousube—leader of the Soul Society's Royal Guard—the powerful Yhwach moves into the final stage of his master plan. He aims to slay the Soul King, the being whose very existence maintains the status quo of three worlds: Hueco Mundo, the Soul Society, and the realm of humans that Ichigo Kurosaki and his closest friends hail from. Conquering his own bout with the remainder of the Royal Guard, Uryuu Ishida joins Yhwach in his efforts to create a new world in his image.\n\nWith a flood of resolution and newfound power, Ichigo rushes to stop Yhwach from accomplishing his ultimate goal and save the countless lives within the three existing realms. But Ichigo has a complicated lineage, one that leaves him susceptible to Yhwach's sinister influence.\n\nMeanwhile, in a final desperate gambit, Jirou Sakuranosuke Shunsui Kyouraku, the newly promoted head captain of the Soul Society's combat corps, enlists the help of an old enemy whose immense power may turn the tide of battle.\n\n[Written by MAL Rewrite]",
  "score": 8.67,
  "genres": [
    "Action",
    "Adventure",
    "Supernatural"
  ],
  "episodes": [
    {
      "numero": 1,
      "url": "https://www.blogger.com/video.g?token=AD6v5dy6z0jair6urDS4lNTdmsRcc4SB56olTWbKkQsPfW_7OZEnTB7bGAd2M-przH9qXN8EiaIAVcuDu1KpfwxmJZafR8XDbgSHYys0UVRPPgZB271T-RjSXBOo6liWIe14F2wUyPM",
      "nome": "A"
    },
    {
      "numero": 2,
      "url": "https://www.blogger.com/video.g?token=AD6v5dwN6SUrtkmV-xjnbo03Ccrj3fAPU_EqztxjlceuFQwHsFLoXN3EU6KyHc6nHKl6UmNWQM79EeDQTHokU5ZHy23H2fjeoaxwFB4ye_bp-7jFGEyg8omYgEy010XfLh2TwXo7cY9g",
      "nome": "Kill the King"
    },
    {
      "numero": 3,
      "url": "https://www.blogger.com/video.g?token=AD6v5dwJkCrs3TKEetqw1-2WSuTDM0J3Zw7gju3S3LzVtjaWLq_zqqoXkmgrxcqZmrqIl59KiEwCq-SH7alAq3DMaHxFwXR-4mjNdoYTgcMYc0oK4suYHatK7baM4Vu3sJaUqw3fkuw",
      "nome": "The Dark Arm"
    },
    {
      "numero": 4,
      "url": "https://www.blogger.com/video.g?token=AD6v5dwn9uwwcjJANvyY5gndpm7-RuvwA7NueQt1m028Etz6E6DP5hfBIx8xMYWiwDchZTwpa2MhosCtA7vEacHMiRCxc0Wd6DWh-G6X-JC0TCPQ27Lsp3ZKN0X-v9MlNPwg6SwS10E",
      "nome": "The Betrayer"
    },
    {
      "numero": 5,
      "url": "https://www.blogger.com/video.g?token=AD6v5dxuQeCCmfF_t3oSbp03nNz4RIGpqfhPXD_i4IUgvQ3jjPDeWcSGZ_TzxJ1nHt2V5qh58VTvN9tPqoWq4GdS1q6-v--kYUH6uIGWeapwRx9_qYbs48XKWq5vd1Zp_yqOFFBCZWE",
      "nome": "Against the Judgement"
    },
    {
      "numero": 6,
      "url": "https://www.blogger.com/video.g?token=AD6v5dwkyIYG4CRi9tD2JHrdXSLmeqBELIfiSK2IwGNRwuloX6msMBxCZT94MaTcHUB7sVaUzdfWNCVBKRZ4lRwBq-B9jIudkXgSorgrgxn3lZXs1F32obpPOFiWiPafN6eXJ98tLA",
      "nome": "The Holy Newborn"
    },
    {
      "numero": 7,
      "url": "https://www.blogger.com/video.g?token=AD6v5dwXKF6QwxQo8tznGjSIAq1x8bVGYIe2L6Va5f0VRC10pwa5K_2adVBVuJv9SdtA669D7PqMJqJhqDdQ9Z33FmW-snqom7x0pCTiZYR2R0gUQf-muN8KPX545qoYsSb0TTSYauo",
      "nome": "Gate of the Sun"
    },
    {
      "numero": 8,
      "url": "https://www.blogger.com/video.g?token=AD6v5dzNy-wAkDvpUua_vKzKM23knRRHJ23IknO5iu8R1uWnPl1yu83UI4ntreCgPHqjjz5Ex4ewRDc0QXNqb7vFPB1OqipiTOI5uBfutEcLeT5qEUWl7eMjGskDlWjDVAugzPbs0ZA",
      "nome": "Baby, Hold Your Hand"
    },
    {
      "numero": 9,
      "url": "https://www.blogger.com/video.g?token=AD6v5dyOlUaTWMTTS__25YsseU5WLSX6NCHt--DE5LfwelszZr5PfL1OQpHzll7f0N_7Q5IU3Ysqq6hjvupAJfGC6aJGLLb2ywh9mmPDV5Mm0zaca_y76ZV6K_3vgMovXsYznv9S5UQ",
      "nome": "Don't Chase a Shadow"
    },
    {
      "numero": 10,
      "url": "https://www.blogger.com/video.g?token=AD6v5dyjxLj30k-aOhFky0IQKpbJ_vhzlZAD6IsRbdYbUa2DzT47MW2yeqDCAF44gFndtpX1Y0ea20nJoceVcRVCxf1azxtnEebFJNQTB2KuKdy_UigaxsvqrCQkUuNJUrMnMzG_8BEQ",
      "nome": "Baby, Hold Your Hand 2 [Never Ending My Dream]"
    },
    {
      "numero": 11,
      "url": "https://www.blogger.com/video.g?token=AD6v5dzOuseRNKiHYfcWSbHSZjxjmpEm4QOz_Ie2DljiwsNXMxX31OfbQUP8t9QCpc0e602ZFYCWOhKr23XEBXW3jY67pMFBWlxSqSryMQscPcsppq00gdIaS_O_swb5eoqmF113CElc",
      "nome": "Shadows Gone"
    },
    {
      "numero": 12,
      "url": "https://www.blogger.com/video.g?token=AD6v5dzY7A6yIKwbmwkppO5uDcmA-I2I4GOZGXiFvJns4Ka4o2nI7xHMWWIdK857lbjyBnfYJPo17kDzbhx61cK1_Ik_xJs5sBRrW0KoDzdLE4TBx_NRA2Q8LHhvLwSmjczrRj_x6fBI",
      "nome": "Friend"
    },
    {
      "numero": 13,
      "url": "https://www.blogger.com/video.g?token=AD6v5dz7UBEZ35PKmlEYZZWDnBIkc6Rtm3no6phgq0PVeCtmg_k4Vb_zRB4-Czt-s5GpHYsG-C91Hod6mwxfvQgAv-qSkZ5CF-HNIL39XucqQXKsLV-WCJ82xxhd8wp8yp2mqT7FEz0s",
      "nome": "The Visible Answer"
    },
    {
      "numero": 14,
      "url": "https://www.blogger.com/video.g?token=AD6v5dxEsXGsrlNq3ZTDCmJQtxkkATSo7Q4E21ICFpZP5lq16xzERa1EKQg6WnuAGNXrNeCV1Qd2xPHXT1uXXxNpjojFX7rgKq-ONVmayvA_fDTo-VZsu4T6dnO6y2EFIcruAGmDLAQ",
      "nome": "My Last Words"
    }
  ]
}