{
  "id": 41467,
  "title": "Bleach: Sennen Kessen-hen",
  "title_jp": "BLEACH 千年血戦篇",
  "slug": "bleach-sennen-kessen-hen",
  "type": "legendados",
  "format": "TV",
  "images": {
    "poster": "https://cdn.myanimelist.net/images/anime/1908/135431l.webp",
    "banner": "https://cdn.myanimelist.net/images/anime/1908/135431.jpg"
  },
  "trailer": "https://www.youtube-nocookie.com/embed/e8YBesRKq_U?enablejsapi=1&wmode=opaque&autoplay=1",
  "synopsis": "Substitute Soul Reaper Ichigo Kurosaki spends his days fighting against Hollows, dangerous evil spirits that threaten Karakura Town. Ichigo carries out his quest with his closest allies: Orihime Inoue, his childhood friend with a talent for healing; Yasutora Sado, his high school classmate with superhuman strength; and Uryuu Ishida, Ichigo's Quincy rival.\n\nIchigo's vigilante routine is disrupted by the sudden appearance of Asguiaro Ebern, a dangerous Arrancar who heralds the return of Yhwach, an ancient Quincy king. Yhwach seeks to reignite the historic blood feud between Soul Reaper and Quincy, and he sets his sights on erasing both the human world and the Soul Society for good.\n\nYhwach launches a two-pronged invasion into both the Soul Society and Hueco Mundo, the home of Hollows and Arrancar. In retaliation, Ichigo and his friends must fight alongside old allies and enemies alike to end Yhwach's campaign of carnage before the world itself comes to an end.\n\n[Written by MAL Rewrite]",
  "score": 8.99,
  "genres": [
    "Action",
    "Adventure",
    "Supernatural"
  ],
  "episodes": [
    {
      "numero": 1,
      "url": "https://lightspeedst.net/s3/mp4/bleach-sennen-kessen-hen/hd/1.mp4",
      "nome": "The Blood Warfare"
    },
    {
      "numero": 2,
      "url": "https://lightspeedst.net/s3/mp4/bleach-sennen-kessen-hen/hd/2.mp4",
      "nome": "Foundation Stones"
    },
    {
      "numero": 3,
      "url": "https://lightspeedst.net/s3/mp4/bleach-sennen-kessen-hen/hd/3.mp4",
      "nome": "March of the StarCross"
    },
    {
      "numero": 4,
      "url": "https://lightspeedst.net/s2/mp4/bleach-sennen-kessen-hen/sd/4.mp4",
      "nome": "Kill the Shadow"
    },
    {
      "numero": 5,
      "url": "https://lightspeedst.net/s5/mp4/bleach-sennen-kessen-hen/hd/5.mp4",
      "nome": "Wrath as a Lightning"
    },
    {
      "numero": 6,
      "url": "https://lightspeedst.net/s5/mp4/bleach-sennen-kessen-hen/hd/6.mp4",
      "nome": "The Fire"
    },
    {
      "numero": 7,
      "url": "https://lightspeedst.net/s5/mp4/bleach-sennen-kessen-hen/hd/7.mp4",
      "nome": "Born in the Dark"
    },
    {
      "numero": 8,
      "url": "https://lightspeedst.net/s5/mp4/bleach-sennen-kessen-hen/hd/8.mp4",
      "nome": "The Shooting Star Project (Zero Mix)"
    },
    {
      "numero": 9,
      "url": "https://lightspeedst.net/s5/mp4/bleach-sennen-kessen-hen/hd/9.mp4",
      "nome": "The Drop"
    },
    {
      "numero": 10,
      "url": "https://lightspeedst.net/s5/mp4/bleach-sennen-kessen-hen/fhd/10.mp4",
      "nome": "The Battle"
    },
    {
      "numero": 11,
      "url": "https://lightspeedst.net/s5/mp4/bleach-sennen-kessen-hen/hd/11.mp4",
      "nome": "Everything But the Rain"
    },
    {
      "numero": 12,
      "url": "https://lightspeedst.net/s5/mp4/bleach-sennen-kessen-hen/hd/12.mp4",
      "nome": "Everything But the Rain \"June Truth\""
    },
    {
      "numero": 13,
      "url": "https://lightspeedst.net/s5/mp4/bleach-sennen-kessen-hen/hd/13.mp4",
      "nome": "The Blade Is Me"
    }
  ]
}