{
  "id": 269,
  "title": "Bleach (Dublado)",
  "title_jp": "BLEACH - ブリーチ -",
  "slug": "bleach-dublado",
  "type": "dublados",
  "format": "TV",
  "images": {
    "poster": "https://cdn.myanimelist.net/images/anime/1541/147774l.webp",
    "banner": "https://cdn.myanimelist.net/images/anime/1541/147774.jpg"
  },
  "trailer": "https://www.youtube-nocookie.com/embed/0yk5H6vvfG4?enablejsapi=1&wmode=opaque&autoplay=1",
  "synopsis": "Ichigo Kurosaki is an ordinary high schooler—until his family is attacked by a Hollow, a corrupt spirit that seeks to devour human souls. It is then that he meets a Soul Reaper named Rukia Kuchiki, who gets injured while protecting Ichigo's family from the assailant. To save his family, Ichigo accepts Rukia's offer of taking her powers and becomes a Soul Reaper as a result.\n\nHowever, as Rukia is unable to regain her powers, Ichigo is given the daunting task of hunting down the Hollows that plague their town. However, he is not alone in his fight, as he is later joined by his friends—classmates Orihime Inoue, Yasutora Sado, and Uryuu Ishida—who each have their own unique abilities. As Ichigo and his comrades get used to their new duties and support each other on and off the battlefield, the young Soul Reaper soon learns that the Hollows are not the only real threat to the human world.\n\n[Written by MAL Rewrite]",
  "score": 7.98,
  "genres": [
    "Action",
    "Adventure",
    "Supernatural"
  ],
  "episodes": [
    {
      "numero": 1,
      "url": "https://www.blogger.com/video.g?token=AD6v5dykZRdbBj2paRaH29--_CInECmFwGsPegJF3f5cm_obBJGj1rx32yoCHk9Iv0VZOkkbcZKo3CPzhBwS2OmXSfSDhwCSLWsSnReWdIkgMxMXfQ_IAc98xObMWc1NKMLuB7hkS7w-",
      "nome": "The Day I Became a Shinigami"
    },
    {
      "numero": 2,
      "url": "https://www.blogger.com/video.g?token=AD6v5dypes65YMMmO7oILZo9CgwHE6t2507lyCroRsSeNT0YiTc4Sgbd03f4riscc28Cq7dWwUzT0FU6yjZp7ou4YL64C6apVCAGRcWTfZtKc6a7TTtM4Ol53x8pXU8SlkcvjowuWTs",
      "nome": "A Shinigami's Work"
    },
    {
      "numero": 3,
      "url": "https://www.blogger.com/video.g?token=AD6v5dzfef7YhpWPxBu-N-qxp9fuIhB7QxFZ_T207IUNgZMptJ104Hp9GbC-VyZhJKjHQ0hMmbFxuKSYMsDRTnstoJa42_GEkwdPZk0fwPG9_f0YssR9WAtTzl78TcaL3m5kxURG2ss",
      "nome": "The Older Brother's Wish, the Younger Sister's Wish"
    },
    {
      "numero": 4,
      "url": "https://www.blogger.com/video.g?token=AD6v5dwjVYkUevHDEi5r9fF2ZM6RiCcolqGFofljRgBk9I5yoUKjgfUymce5IVPbzfoZ8lxp33-2ZgFnnVTK_YtuM46lYlVwnUeh786ellRqFgVAsS4fTkyuwTARQRdGyaVZW9guaCke",
      "nome": "Cursed Parakeet"
    },
    {
      "numero": 5,
      "url": "https://www.blogger.com/video.g?token=AD6v5dzutoMLTp8Fn0hYzcc8rV-kD75vkWIjp8nLwhb6_K1xalg4uVmFyUaeb4fFTGgmiDIXCRJlDyVVUD7PPcGek6QhknVv9LCZ3tHCojYZ-vR5at57zDS4fNAfXOli3OcWoeBpetI",
      "nome": "Beat the Invisible Enemy!"
    },
    {
      "numero": 6,
      "url": "https://www.blogger.com/video.g?token=AD6v5dyylVxck8MBpNYn96A-EnDluskbHDXwgrC_ZnFdxaLYwRYEWJpeyajMry8QE-cxEVtwhTpAdJuVjwp97oDzJEbEHmM8cczKSXkfarU2peJ7EQyY0oNxNJ3zmrWa36eSMBWIf_SB",
      "nome": "Fight to the Death! Ichigo vs. Ichigo"
    },
    {
      "numero": 7,
      "url": "https://www.blogger.com/video.g?token=AD6v5dwt4YTpNLpWgqpqvXuzvGYur0BGUAtyvdtnVKFEXZVAlekS3UMI7EFhgKBUOAhl7iLlLOvRVhhiKMUe9NdHX1q_KCrG3ysPURImxWYlep_FTgcBKoqPauTWW1E98tQqtds89IE",
      "nome": "Greetings from a Stuffed Lion"
    },
    {
      "numero": 8,
      "url": "https://www.blogger.com/video.g?token=AD6v5dyi9TPRCycVPIMaxWJcz8_THCbl1H7MVhB-Rdfcb_YCqVMcTQZM7xo7g9uZZVY4lCF3e5MFbxtdBI1XMHVjWViXVqsCkij2y32TjiWQ4apAAasZkNgm-_XtAnA61mo_zNVsllU",
      "nome": "June 17, Memories in the Rain"
    },
    {
      "numero": 9,
      "url": "https://www.blogger.com/video.g?token=AD6v5dyHcznPNhctO7teZZ6Q6CmNDqXzWjtSFdMHUnaAzTzAyPFNf_Pl0driX6WQtBwVLze9_YS6beaetUYAHb6mWJCZATtgGTHhL9wqYjQ35ZqBwOmsEwnoW0SYSdDo9prOl-Frvl4",
      "nome": "Unbeatable Enemy"
    },
    {
      "numero": 10,
      "url": "https://www.blogger.com/video.g?token=AD6v5dxUv8OFFU1dS1h1UPiH6Qbn-E2CzVtDoxfFrBqXsK2HKzQkpAdW4t82_CDMja8wLmorPogARfPGMQJAVZud28lRDV65WHRO1QM0auTYDhtx4BHtqrr1mCtsqyezZ6cEqVcT1kKr",
      "nome": "Assault on Trip at Sacred Ground!"
    },
    {
      "numero": 11,
      "url": "https://www.blogger.com/video.g?token=AD6v5dwBMPdKsvKOBUM8HTOy0EdH5nqxLxjKT_eneJjRhuRFxqoGR_N7SWYQUv1GhrhZEgfeHHW5epoE4YEpA6PQmYS6MW8DLcm-rS4CWGv-xDSZuZHgpSZZGEbtH4orfgYm2hljiW8",
      "nome": "The Legendary Quincy"
    },
    {
      "numero": 12,
      "url": "https://www.blogger.com/video.g?token=AD6v5dzq4tergC_MaVaRVNQlxV6K7jR_zbwZYoAXYDnuUlLfWpFqyUQhIeIJTV8sZDz40zaOjPLZ_oxz4UvhHpxHGMdP6F047yEASZ3PlrASrfxVPjksTezvwVAImaXWv0sSXZ4VmSk",
      "nome": "A Gentle Right Arm"
    },
    {
      "numero": 13,
      "url": "https://www.blogger.com/video.g?token=AD6v5dxy0T0DkME4WqaHYd3k1Xswv49Ee9vc3gltVh-gQDqAvZ4_Kc-9Khv9ABHo8mfC5P8X9IH0nkMngXhr_HaQy0EsyNdbh1iOIJ_xTnRGgBfMhaIwtFWnSIMlApMnNEP7Vv1t7OY",
      "nome": "Flower and Hollow"
    },
    {
      "numero": 14,
      "url": "https://www.blogger.com/video.g?token=AD6v5dw5YjO4dGOuKp2WnZuLr57tVMcE3oFM94tkM_z2h1fHoBkxLN9c8fEzjy1OhYKwnk0HeI6H0bWfmuEU0yLIHz94LO_YrxlcsRP1Z2RWd_5TtejEmAhZyFIetg2ir805HBnCJcI",
      "nome": "Back to Back, a Fight to the Death!"
    },
    {
      "numero": 15,
      "url": "https://www.blogger.com/video.g?token=AD6v5dzRkL8R2-wjzgurOyOvgVXtp4LVktSr4ziH4XXF1Yn-dbt_aVP6UkLyCccKAaCyRgZLSMG6ccEOy33lvR84m3o_BgbrlULI83DBFONdc17Q69uW_r0fGU41cYVPNGtxrmaWueaG",
      "nome": "Kon's Great Plan"
    },
    {
      "numero": 16,
      "url": "https://www.blogger.com/video.g?token=AD6v5dysGreD4IMlIkjKeXF7fJeTRWCN-jChZlZUxOlbbN5I4Zz2_zhbnmm9sPdlPhI8vln-z3DQ0uS-ISGLxpvNO4EQXAxpfn8bwnc1PCFDFNvwnA8x1EbADvuHxnNXL3rJ6CpcirY",
      "nome": "Encounter, Renji Abarai!"
    },
    {
      "numero": 17,
      "url": "https://www.blogger.com/video.g?token=AD6v5dx78qD5wtjoid0ce1YTFOjZWcoSEvTSw5nn_2smNQ1tlOVY1iHFnqqPX0LeJcGpbEogHYVonSa8UsaXNg8HEhKg1LPFYDa0RV7DC590xQG119ZuDgmmdpBWxPPFFL3waVK7dCc",
      "nome": "Ichigo Dies!"
    },
    {
      "numero": 18,
      "url": "https://www.blogger.com/video.g?token=AD6v5dzcKwdA4qxAYH0TZJe00fhrtE6GJYheTyroFWFPAfgaQnToHLrjwe-JDvClCyPbVtcfu0pUskEyHBqUUrubYItV3OUmo0qH-VBYHmDH988JmmS4iFavlZGN3fSZ_2YMU40Tcnne",
      "nome": "Reclaim! The Power of the Shinigami!"
    },
    {
      "numero": 19,
      "url": "https://www.blogger.com/video.g?token=AD6v5dzcKwdA4qxAYH0TZJe00fhrtE6GJYheTyroFWFPAfgaQnToHLrjwe-JDvClCyPbVtcfu0pUskEyHBqUUrubYItV3OUmo0qH-VBYHmDH988JmmS4iFavlZGN3fSZ_2YMU40Tcnne",
      "nome": "Ichigo Becomes a Hollow!"
    },
    {
      "numero": 20,
      "url": "https://www.blogger.com/video.g?token=AD6v5dwR-2EKtI2ChwOOML9sVftqY_NOReQrXnqyy329hvBsStg3mafW5CDhbfI3N2qFgd3PZIAy0BCA4QW6ZYbbx2zo4ctDQaQfrL-KBOiT8A9oVwoR_BWPp6ug-HjrkRPGnj9gMAeR",
      "nome": "Gin Ichimaru's Shadow"
    },
    {
      "numero": 21,
      "url": "https://www.blogger.com/video.g?token=AD6v5dylQs3iIChhiHsPZ2cgXWgdAIIx6iPaQc1JdXSNa6-7yA0a0xv4rfEKSq56XTj1mFqz7tHiBWwKndiNFuYgpy57Wq7lgXrAghfpe5ftV760rgKJINqo-cBYYcHDhRsxuH-X9hHc",
      "nome": "Enter! The World of the Shinigami"
    },
    {
      "numero": 22,
      "url": "https://www.blogger.com/video.g?token=AD6v5dwLsGBPbDKW84CmswI2FBMmu1j-WEwzdkIch3R7lGTLqvu6KyMp-IZTuPfyx6iGPpakg5TqbCTyeeAcGRfrFQrrqHD5wxvkle262kHj98USVQzBEvcv6kBZi8PcLg2ze51VdI8",
      "nome": "The Man Who Hates Shinigami"
    },
    {
      "numero": 23,
      "url": "https://www.blogger.com/video.g?token=AD6v5dzzrXkZRsxYnDZMADnOTwROSGQsX8XPUYZsF2U9xzjYri4kfpPS11BoCswgcHbOumO6XcBuSsm4JPtpMfmDznZY-Hud0csMbFiJZSIBgePNpVPcwtssKKL-bfi-ysHkK0qziNkG",
      "nome": "14 Days Before Rukia's Execution"
    },
    {
      "numero": 24,
      "url": "https://www.blogger.com/video.g?token=AD6v5dxy9LIksEnqeP7jeoM-wk754n5c789a_IdXQ-Bzt_LBI4PlD1d71Pg70GODNSuACN8uj6ZdmCGrS9iz_FCNXhvVJOUqfjo84q5eUxDpBLEaRWxHUGecSoOX3SqyChu003zhJQw",
      "nome": "Assemble! The 13 Divisions"
    },
    {
      "numero": 25,
      "url": "https://www.blogger.com/video.g?token=AD6v5dzYpp73bE8xrWWpf-jCg4TLXcV5cDza-eTu9isHUWXIn_ddkQjeuxxBymJZAoJZKdVqP5eWUIn33d8uNfWH5Sj-mqcqbbuN_XZ3u_Dbp_gls5tKQRPDijuizGRcJ3J0KhJUfZQ",
      "nome": "Penetrate the Center with an Enormous Bombshell?"
    },
    {
      "numero": 26,
      "url": "https://www.blogger.com/video.g?token=AD6v5dyLPgJX4yqEJX12Pe9IRn0Xe6tgy8Wn9QW5HydHAjZM-EvUoi2_DOImY5alrui92kyYDsCG1dx7IAnWvQst_gUQE43FlmmivkbJciavUL1KhNLB5Y0QmJJv9iy4XzAhz1kjjC8",
      "nome": "Formation! The Worst Tag"
    },
    {
      "numero": 27,
      "url": "https://www.blogger.com/video.g?token=AD6v5dwtLbJJF1ZF-CDSTlWROlJRK1Zh5mHlz3teIxAh2t-qtGDgAPee4Fsl3_vr1sNYo7LeghIsIx7Pwc8ziA-C56eHjQHqqmalVxr6lTFPIMq-A3JFD9Ia3pvEjlNs3Y5OD7eyLqx3",
      "nome": "Release the Death Blow!"
    },
    {
      "numero": 28,
      "url": "https://www.blogger.com/video.g?token=AD6v5dykqN_bnH4NOouR8luRXTAxPgeEGWmsBk70CTU9YjmLe8pvVQNGD11aroWnqNZj2tsvcvkI5Dgi4HH2slVygSU4HhTZTXoTJq3jn3Ot4TqcHRu3FWpQnQOBcYqg4y5ru7JSrg",
      "nome": "Orihime Targeted"
    },
    {
      "numero": 29,
      "url": "https://www.blogger.com/video.g?token=AD6v5dwy3fnLDNXzPQUOYRTyVmA1Zz-AeC7CY2H9ijfYZuwcIIyne1eXpiKqKL9-jm9jlqMgbddDVhRxmlvKNafBIliMAAHTtvFAMdUi5iM3bXsT1YNUNuZIICR486RnfsIu72_Lv77l",
      "nome": "Breakthrough! The Shinigami's Encompassing Net"
    },
    {
      "numero": 30,
      "url": "https://www.blogger.com/video.g?token=AD6v5dyPWj5eflnKXeAOOLloo6kHX1LX6tgKPXKwdf1FEQmMi2ZH8DuWssORteJYr4ET2MGM_NWwTBdvNtXTafz2Vnbx9P_hm0bYU5DvKu8WGL546Y6NKmRNuCWL9UwG_9VRF9aPjA",
      "nome": "Renji's Confrontation"
    },
    {
      "numero": 31,
      "url": "https://www.blogger.com/video.g?token=AD6v5dyNzoiJJgrZ0ORJkHbTFfntPacaPEL40lRhwiG41Wd1I44bI4mpqQAPkvTJhnqUWFCPey7EPg6mdFkkdAAiyBSVkvWye4iwr9YKLN4WbR7LCcOzbLybY2_5mmqubb8rAexbj-E",
      "nome": "The Resolution to Kill"
    },
    {
      "numero": 32,
      "url": "https://www.blogger.com/video.g?token=AD6v5dxVFQgpSaNCAJrmT2Xa6CR8kFTmiQo8GF_QdZAXxpOMAfPqxdJ-ZAeMjeFGelJfCIRaGhNwAFqYzMJD_55DSyPoh-bLatnzsdYNT-uuZbjdx8LwfJGVPVj6SHZ_jqALQKeeEepZ",
      "nome": "Stars and the Stray"
    },
    {
      "numero": 33,
      "url": "https://www.blogger.com/video.g?token=AD6v5dwKe15MQ50aRM09aYYjeEQDcwOp0SeIQuR_OkiAjj-fVIFJxtesL6ScM1SUASY0zkgtWLUxZJzSX-z2CrMz8jExWXN_LV8ooZu5e6cfJLMr2Rr8SH13Upznphj1qgeb3kjWqQQ",
      "nome": "Miracle! The Mysterious New Hero"
    },
    {
      "numero": 34,
      "url": "https://www.blogger.com/video.g?token=AD6v5dwnv2H6MjTBNf1Fz2DN0EoSpGVAjExvkqmmANqrrx95zFRGfgeartY3Z_CjlHLqY9DL-lT1ZdoonEj_bSH8EsBEDNy-i4GlRHGyhso2W0Vs9kD7bMVtEhK0l9wA4RLWi5WiTn4",
      "nome": "Tragedy of Dawn"
    },
    {
      "numero": 35,
      "url": "https://www.blogger.com/video.g?token=AD6v5dwCzmIXheuDECewHxHfbFCOri4ROvRAI9_4GQd_PaM2vPhRb5ROUWiN0ygQNRxvMyZU4bvEPmAHEfgrlnIUjINgi34IWnKOYOeO9k6lq6s-UhH45xHUXi8Vbw7Ivg7MkN4ClXZU",
      "nome": "Aizen Assassinated! The Darkness Which Approaches"
    },
    {
      "numero": 36,
      "url": "https://www.blogger.com/video.g?token=AD6v5dySbAEkXzhF1yoXA0ymb-nFv6jYm4seJz0Mw1i_5lx5crTvXj9-9ht8X-Ekd6zdhwB4_VPDn-3Rj0vMBrPORYtGyXYbJca1bex1vFQF4-UdzFOrHJbx4BSFG5mV8Ar2KzUJmvmY",
      "nome": "Kenpachi Zaraki Approaches!"
    },
    {
      "numero": 37,
      "url": "https://www.blogger.com/video.g?token=AD6v5dzZAPi_P2Q8eiF4BgP2k3U848OnI3BdiJoWi3Q3TuHHmdKUp211HvVUdIE3DeRAehZkCe-fcutMJuXFNIp7IbV10yZehzfA-WjGI1G7m-RMb8ExAHuVybsdKBTrvB2hmPsAEPp2",
      "nome": "Motive of the Fist"
    },
    {
      "numero": 38,
      "url": "https://www.blogger.com/video.g?token=AD6v5dyU_GLI68ErnUuoDNqQBLT199NtdGJz-OuA66i7BiQ0a8iUh2nMcrKG3Zl8zhbCg6vGKKh9y09nqqxtdrPCfIUgPIoHu3s1SCwe-kAuQoyoPpQd1Uneswvpavb83bu1TggugUQI",
      "nome": "Desperation! The Broken Zangetsu"
    },
    {
      "numero": 39,
      "url": "https://www.blogger.com/video.g?token=AD6v5dx3y1wLV2hseS2AOAt1g5d5OQAe5pnTfun9TnJg7zvOjzbfQNKJfJ-OZ05NCgqVWN6XJrXtfiNOXGYG_mE9fdlBVD3k0Z_9VNheFEGgcQsFN0lvUSuyUG_-5Xl7_geYTcu3rg",
      "nome": "The Immortal Man"
    },
    {
      "numero": 40,
      "url": "https://www.blogger.com/video.g?token=AD6v5dyjBleAYvGpYhH4UEW4ddbI_0MgHlHCl9_NrXdoPW32QcQDvuH0VA7xln92JtiyZ7HbUmWR2TmzPN4MlMzMWRAL5YVcJV1N4MXnqc3XWqIKTZJGuXIl-YpRxZPD5q_2vbx-Dt4",
      "nome": "The Shinigami whom Ganju Met"
    },
    {
      "numero": 41,
      "url": "https://www.blogger.com/video.g?token=AD6v5dyNAyT3iQZUvObP5xuTy8WCwSjfbZ9n3cVqAHnY_JSEMkA8D397YmlwMoTv0HlZ-ibDuLZGluQrLam8ajq4H0kDIQSSq6kiJwoYGUm-cdwFzHcXVvel8wYCWuD4Wq0j2aL_J0w",
      "nome": "Reunion, Ichigo and Rukia"
    },
    {
      "numero": 42,
      "url": "https://www.blogger.com/video.g?token=AD6v5dwl8W5g2_igDR53LtpuJFd88uQ9Q4p6BpkRiMwB6bIJ4QIg_rxN1yhFD6n6U09ZQy66ZAu3PNkxRw5e3JFyXCubt5bS6-cnH1NZVpA__2NGOailYu9k3NgUlfDdQtfguX7mMm7V",
      "nome": "Yoruichi, Goddess of Flash, Dances!"
    },
    {
      "numero": 43,
      "url": "https://www.blogger.com/video.g?token=AD6v5dxhUf7V8cGLKme4lT9URuB9CNpTZX8XLppcZDzonGjNS4gUkyaXSFiYIdWpO09XKi5PwbrtCUHMc9uRSODCn_ZYG0haskYEsC_jkNHQG55eU-xDhXrIZmFLS9gygnuaoyeDGpHb",
      "nome": "The Despicable Shinigami"
    },
    {
      "numero": 44,
      "url": "https://www.blogger.com/video.g?token=AD6v5dxMm4RkUhcWKYj-yBQj_ecV00GxyJ1P6qyPsXOyE7K8-dNcjEaF_hCAFUmSxMUOmKSMDXPdDBaZ2LRN-r49RfJG42gOQLThsthpofkuXAQRUwAQO7uTzfMBlkArTd69bC--eSA",
      "nome": "Ishida Ultimate Power!"
    },
    {
      "numero": 45,
      "url": "https://www.blogger.com/video.g?token=AD6v5dyH-5ssemNZVau60cHCAD_t9uwLg05uDW0LAQ-1Pjf0Pk-F41CitVQMdSdA6GyHhV0jHPmCu0Dtp2vHXD-tAflhYXineTyzbBXo-3XFcyc5Ii6QSXHDkFV2Bq3Oa2upliyCNZk",
      "nome": "Overcome Your Limits!"
    },
    {
      "numero": 46,
      "url": "https://www.blogger.com/video.g?token=AD6v5dz81zHiqibPKdoMOs-D3lZH6lsvrJag7q9V1ovWeLVzXBVz3Fi-2RAAeODTEkqx-ViKPRNBDD-cmEmMttB-pE8eBpBJqCI3ruUQulwGzMubN1Qh_M_qPw-Lf1awR31Bm06Qt6z3",
      "nome": "Authentic Records! School of Shinigami"
    },
    {
      "numero": 47,
      "url": "https://www.blogger.com/video.g?token=AD6v5dxcn-pg3W2Re3HnNiiS-E6bOz_Z41sWkavMeL1jVGGLfuhaZ5t1WTgPzLyP_LUqmlTF2Xx40MbtbIuMGVCcBlA86SV3AODhdtRJcBq2UeeNbZw4VlfPJX8lFmI57FQ9VW-myL3A",
      "nome": "The Avengers"
    },
    {
      "numero": 48,
      "url": "https://www.blogger.com/video.g?token=AD6v5dwGOzJjfoX4np5DW5q1a6GlVDKwRYLMo8qLU74SEYBY9Jk_IDfks14O2kqorKqcVOmI3PFcERxTYt19xJ_O-mOwzCtiGPJ9SDvub9_qo8aVL0xq0KrsaYJfjiWZtjNg3gv0K5ip",
      "nome": "Hitsugaya Roars!"
    },
    {
      "numero": 49,
      "url": "https://www.blogger.com/video.g?token=AD6v5dwJHqnQFh9CX-dlhISce6Q4GnUbnSXA3E-FiRMdsjTirsV3MW1SPhyrwLQ46mYJRQXVgpxXg_H_W4GjuH5J1nPfKl42JONGwUMm6L9r4N7P2YoQ9ca32diP7Xg2Crpb7ds_OY0f",
      "nome": "Rukia's Nightmare"
    },
    {
      "numero": 50,
      "url": "https://www.blogger.com/video.g?token=AD6v5dy0QLhgugUQzR2NNT_fdDGH08YAxAkxE8jMTXBwGC3TybyU4CedAh-_EAOt7s1VaTVSIvAFvkvQbSngaN9gqJXX9j97eWHMrBha1pFVz6sTumKTquranVZuiLkb_pUEb0PUG4rt",
      "nome": "The Reviving Lion"
    },
    {
      "numero": 51,
      "url": "https://www.blogger.com/video.g?token=AD6v5dzzwGuYHdIbZRIuzEhoMBSmkkGiymOL6n0Dxb3J6SME3yiBKZyWe7np3VMYEdTKuuoxr1ap25_6evYITM9z-xRy-shgYUObbtQrWXA9HM1eXMXojlwOKq-IudWh3NB8bv-0j4lL",
      "nome": "Morning of the Sentence"
    },
    {
      "numero": 52,
      "url": "https://www.blogger.com/video.g?token=AD6v5dxTYbyqmS-d_pZIb-xylgoKgF-o0QSIcYHpngpEN1tUtnO4ltxCgxHbaqInijaLIqQTHKHJqwmvpaq4S-LnihBh_3OkNjHJxyKCd7WIN79F4O6e70qUEm-33Wpj8D4OncNhGkE",
      "nome": "Renji, Oath of the Soul! Death Match with Byakuya"
    },
    {
      "numero": 53,
      "url": "https://www.blogger.com/video.g?token=AD6v5dzVcfgXucmRm5vvo5G2sw5KUJi6eH5gHNGy5rCthq3wp4sBlxjwQrzJVOpXYCzLN3sJW6IeZylIO5baZJup_WCnaGUHo8Fb5EvMfKe8ERPF77xYEj6tV4-0eUgXLdjqbhAgo2L5",
      "nome": "Gin Ichimaru's Temptation, Resolution Shattered"
    },
    {
      "numero": 54,
      "url": "https://www.blogger.com/video.g?token=AD6v5dyjLob52iou-Wx2aGcmE5zJNWUqhfyymhrQDlnNvTZSggFp49orYvtUme22Y7TbBhBIx2L0EpGk34E2zz5s0I6GmzlWySz8dXXPqJsrtqjBaw2PW4mv5tdtoCx3FYMfJmQBn0M",
      "nome": "An Accomplished Oath! Get Back Rukia!"
    },
    {
      "numero": 55,
      "url": "https://www.blogger.com/video.g?token=AD6v5dyyeS-6kJQdzqdF-Cj9kRo4aHsLAYpTnERFjUa-AAg6tBSd0BY85MfljKtfYURicqkHTYRm5EQtYHnBfc2lv15LscwzJUwaJrSKD6LvftctxfV7r9FybIp_YkiZYX735MDQbA",
      "nome": "The Strongest Shinigami! Ultimate Confrontation Between Teacher and Students"
    },
    {
      "numero": 56,
      "url": "https://www.blogger.com/video.g?token=AD6v5dwuqNbfzwVD6WkNxLDhE-4Tmb5SayVskdqlXBmjovpwLWfU_XgjHmhLv6Z_qim2Ae3GBEb7El0pSZcL93IwKYEe43MAEt0vX5zvDGE6A5lN5_Jh-JAD4AvTQaWqTthgFjp-Svs",
      "nome": "Supersonic Battle! Determine the Goddess of Battle"
    },
    {
      "numero": 57,
      "url": "https://www.blogger.com/video.g?token=AD6v5dxKKvK2eq_B0et0w6b9sjLpcTv8du-vXwqqjfpmaMEXPGA1YhlmWh7EDHXaqz3SllNJGAzZVtY1lZu6eE5IFeEUAD6J93zrK8kW--DWCahpMh2RGGDtJJa0NLqaRyDv_ivLok4",
      "nome": "Senbonzakura, Crushed! Zangetsu Thrusts Through the Sky"
    },
    {
      "numero": 58,
      "url": "https://www.blogger.com/video.g?token=AD6v5dxXJxaKVYRugv8jmpwSrmrJjw4Tzz_ZsGyl1fWyJPvb4QwcrA8B0QuYGKfYYwOHlsr3YpJI8DoLrkTFlocjaWDN4wIpsnU7IUy8y6ghseBQTFviUFoGcxDLeHYrzng_pw6v-Hs",
      "nome": "Unseal! The Black Blade, the Miraculous Power"
    },
    {
      "numero": 59,
      "url": "https://www.blogger.com/video.g?token=AD6v5dwcAvA1ps0eHEtwlMiXhd6MSkfQYWE9MYkZUDgxmt5OnNFFpLtsnjKSbGQxUNSQdhfUi7nYwzXSsrdYUMwMd6uu8GlqMWlH5rz-aCwATZN4fFLuAo-0puEcst4aqqlrO0mdVhk",
      "nome": "Conclusion of the Death Match! White Pride and Black Desire"
    },
    {
      "numero": 60,
      "url": "https://www.blogger.com/video.g?token=AD6v5dxMY6ffquWcP6XD9Kk4IGJUm0J7qZnLf9Kz1j6wtfflxFFEASoChTxs7A7YsYOX-TtW5FyQnBM9WUPyorzxE-5EDbDvbIMwuEa7cgmRPz0zZ7z0oRZ-yXNlRLkRw11Xgbt_Vg",
      "nome": "Reality of the Despair, the Assassin's Dagger is Swung"
    },
    {
      "numero": 61,
      "url": "https://www.blogger.com/video.g?token=AD6v5dxHd9PEMDEbak4hdeXDPwMo8dyAh_0wk0p7TCWVYdKByfaj0fEYx4Z-pjYeR7tFD-OR8VoZg7h7DNgiD5c51uPPzvbGQMq2HzKR2kCLzoYq5EqaGzKy54xTreMgz6mpILMfFiZu",
      "nome": "Aizen Stands! Horrible Ambitions"
    },
    {
      "numero": 62,
      "url": "https://www.blogger.com/video.g?token=AD6v5dwjFEsKpX42msjNxqZYcnS3B3zan2uuci32Di5DIwDIHg5W1EkAebuwkxIzK7O8btK11qq_MM3x5fOokXr3f4wdWtIGJtemmObrdUDhlRVQj7Tpv6kSRwe-HeDAwMEnQbVzSYR-",
      "nome": "Gather Together! Group of the Strongest Shinigami"
    },
    {
      "numero": 63,
      "url": "https://www.blogger.com/video.g?token=AD6v5dxZFDQdzTh-9M3q7lwTWMq6QjPFRqzc5ruJYeMMGlgAB88uYeXqmc2Fu3qmVv8gcT_mLLzIKNaaX72wtujdiGEEELiKHaOrcOnj1CP2JxOrqsZz63YXBW6t8Iei2aLzKzboMYY",
      "nome": "Rukia's Resolution, Ichigo's Feelings"
    },
    {
      "numero": 64,
      "url": "https://www.blogger.com/video.g?token=AD6v5dzLZ6HRxkG6L_1kz7r8p84p2sDwWV3XdGu5asZGEt87A9GnOXdpEDLIYNkk7WGNCsvOvUUDHGbFYNQ_pr1l0o_9vJ85c82DnbWE0I1kiO6rTai6MS1w0Xgtdfly3eAci4hUVv0",
      "nome": "New School Term, Renji Has Come to the Material World?!"
    },
    {
      "numero": 65,
      "url": "https://www.blogger.com/video.g?token=AD6v5dye0Vbm0ubD59c3bCllAzm8pTCZ4_G55QPciv2Zt6SHh1qe5fHgeyPTmrq7YTvcrcSJ-OTfEa_tva-euz7-iclM64jkbZq4k-Rhc1y7j49ltdyQ5F7lsEXY4qJ1Tjr7AGv-GCqT",
      "nome": "Creeping Terror, the Second Victim"
    },
    {
      "numero": 66,
      "url": "https://www.blogger.com/video.g?token=AD6v5dwwmm0t5niprjHDuXDz61L9RU8KVzDUho7jPLOQgc9TYMetg9E1tW2foaopG_qc7NFhYCPucAnaXzwZefW-NuBVftZcE-L-vi8dIcobo6ZHQk6KpfjljEMiPNU8JGI0ENElNc_X",
      "nome": "Breakthrough! The Trap Hidden in the Labyrinth"
    },
    {
      "numero": 67,
      "url": "https://www.blogger.com/video.g?token=AD6v5dy_TO-PyD_LTBK5u0ImNJzQTvMTePzHtnJKiRjlnW0GQI2Z55I6dV5UnHzzDQmgjDRu1Cs39HW0lwwaKJ-NwbWLIND75kwOgBNKQww_-C0RZuLb1vx4fHj7SLGNlwSRp-eNK1g",
      "nome": "Death Game! The Missing Classmate"
    },
    {
      "numero": 68,
      "url": "https://www.blogger.com/video.g?token=AD6v5dxCkLthnvIzezBjdvCj4_hqDVOMLNItp_K7Aw3muO9PeGGfOOc0hUBmjpYHRRClBpZZlybCcG7T2uyAaaKHdcm52mgNbbjLT7OTeJlZUBw5d4HQ1yff8WixxsmS52FNQG5pSg",
      "nome": "True Identity of the Devil, the Secret which Is Revealed"
    },
    {
      "numero": 69,
      "url": "https://www.blogger.com/video.g?token=AD6v5dz9UbhBk5c8ibJ8AtFjgBNNnD-fzdSpPWqNVR_DTUFyzJ1STK20_pnR3OAYJQwdMR4oXAnz0VUwwkDOkFha9mODJs8IdP5nDHdPFi4kJQ_Pj73wR7apwxD2VeE9kU_FWMAM1fw",
      "nome": "Bounts! The Soul Hunters!"
    },
    {
      "numero": 70,
      "url": "https://www.blogger.com/video.g?token=AD6v5dy5Kvy0mwkXYqdgdlEciHCxPA-BLjJyqzTQhRo4V0MLnzpOdKHWk4CuC-BUZmKXYXUjCGnqvYOReohev4WEP7r0l_mOti-Qvbz8FlwHwtyalNfLi3wvCmZqZabwCZM19pgs_1g",
      "nome": "Rukia's Return! Revival of the Substitute Team!"
    },
    {
      "numero": 71,
      "url": "https://www.blogger.com/video.g?token=AD6v5dwnX1BD_t5VOCm8_gL_43EFpCUwSrewr7ejbI8N-JAgrN1n4j70g0YXhHSeKlHlfcEPpSwaRpg98qLbnDjcLvkD1D7ji6iSfxbfgRy83IBH243rWWeWe_hHIk4UJsRHI1Y7QMGa",
      "nome": "The Moment of Collision! An Evil Hand Draws Near to the Quincy"
    },
    {
      "numero": 72,
      "url": "https://www.blogger.com/video.g?token=AD6v5dzwAEzwqy2dYVkK674HiZvQPPBnfbBRIGbUGsTFRjjlWxd4cqVbhE-iQFO4SX3l7eWMWMVSiZ4nNb-wjeMQPYAHlYbDgj5oYvXcUveWSz3TJhmy4zupZH1_FKovA65QQymsZGc",
      "nome": "Water Attack! Escape from the Shutdown Hospital"
    },
    {
      "numero": 73,
      "url": "https://www.blogger.com/video.g?token=AD6v5dxu2spOcxQDp4zimhlnc-VAtoTPTV5SlD8W73YqD9EfXkvf4oneXbNURyLMQXhZeO3g1rmbr3PeREhFNlIBqrRk2qpU3vElxGmsYwHrBVzngXs8Lut8iQAVMRI6kLvozsFNJGrF",
      "nome": "Gathering Bounts! The Man Who Makes His Move"
    },
    {
      "numero": 74,
      "url": "https://www.blogger.com/video.g?token=AD6v5dzavmV6PgZnYk7RAMLsjNAi3QZxtSIk-ylAa27bZEGHzqPCeDVobPBtLpsfk58fGYTLt4zUeIfhYF-610K7cPPlskmZoCt5L6_X8ymznloslpq9yp_KRX-fc4-2RQlGnzc1Mz0",
      "nome": "Memories of an Eternally Living Clan"
    },
    {
      "numero": 75,
      "url": "https://www.blogger.com/video.g?token=AD6v5dwPRuuYKms3pzJQaDNkq7s3Z-EI2fN52TyNxuX0S8GDH2VobLCw67wgPbqDd49OuU-VkGNO9F0GPsY7peE6awOZF8osYNc2wS8Vjk4UyTeeC_kYO--9bSwBoS3SAn8IxsViiU8J",
      "nome": "Earth-Shattering Event at 11th Squad! The Shinigami Who Rises Again"
    },
    {
      "numero": 76,
      "url": "https://www.blogger.com/video.g?token=AD6v5dycrt82p9MH1MYV2HVifAu1vEWb5_ArDYvEH2sIQTbiL11CVYk97UIz6TkPgKsa3Z30yVNR-zRzvmtsxQBItmpnUu5TB4T8bAPySh2odsY9rjJknj5lipr7Q115wWhgkDvfiOE6",
      "nome": "Crashing Force! Fried vs. Zangetsu"
    },
    {
      "numero": 77,
      "url": "https://www.blogger.com/video.g?token=AD6v5dxv-MYOsDnHXkOVd3uBSVRcq2Xt2e53u_a7q7tpwUaPheVh5kwjlFToX7QY6JNDGchmHUgqWI5MbcBQ976Jq_cEv-HEGiOc09PzTGuS5-0jSvnq8vGQA38GXqoqWdCMTbI_3Js",
      "nome": "Unfading Grudge! The Shinigami whom Kenpachi Killed"
    },
    {
      "numero": 78,
      "url": "https://www.blogger.com/video.g?token=AD6v5dwnTH_be0l7TwnAfalzRRhFwi_Mnxd53cXQVU729EA87AO7SgFTMDX3eDqcQ9C3ZKpynqBVquFQusKzWPRkK5xXi8VNQU1fiBkQRt1MbHT6WW_gQhFOV1RzwEvgARPme1XEjDQ",
      "nome": "Shocking Revelations for the 13 Divisions!! The Truth Buried in History"
    },
    {
      "numero": 79,
      "url": "https://www.blogger.com/video.g?token=AD6v5dzV-Ybn-CoPLDgV8ufXe5lUCukBDdM6INs_eiJz6Gk6L0duEAHhtjOsDzn3_vlnXe3SbnAEgN85C7vbgAJ1RpCq7r2H70nXxgA4fXbTFyo58uTEbdKQCvMxhkoP_RPQRVZ11J8",
      "nome": "Yoshino's Decision of Death"
    },
    {
      "numero": 80,
      "url": "https://www.blogger.com/video.g?token=AD6v5dxpD4e9VAka3zEyG6yj4qM--RKHjY-qlIeTYYBIz-_0ae7nslMHTdi86JLNEpEaAnWmbOSRdORylcl0pwVtqCwes2Dgfg83_MS39b0RGuZdh6vu0W27W-GQLL3PkE4u4K86r9A",
      "nome": "Assault from a Formidable Enemy! A Tiny Final Line of Defense?!"
    },
    {
      "numero": 81,
      "url": "https://www.blogger.com/video.g?token=AD6v5dx9MccIgh3jpBfvoMHgcHijw99RBe8YycC340L5MaYomz9P9VLXAmBYn1ynzIJuBD447o3yABw5pc3rVVLMBXdgSyr1ymR458z32dB73bvNri0ZL5ij42YDV3EXMwIh8JdRIu4",
      "nome": "Hitsugaya Moves! The Attacked City"
    },
    {
      "numero": 82,
      "url": "https://www.blogger.com/video.g?token=AD6v5dzE185ITTCBfIw2gf5rUdGz2TiFYFORDLSK_C5Bqpp4-h6iBlLZTyZ61AkSUimgsN-u14L5EHxnyCRvVOYUb0dg6dcVETKd7wfkZEHmr3DFLyetqaqYizrcONJP9zaRiIKq_aI",
      "nome": "Ichigo vs. Dalk! Appearance of the Faded Darkness"
    },
    {
      "numero": 83,
      "url": "https://www.blogger.com/video.g?token=AD6v5dz4zL15oJJ4t9QCvR9i2ZDTvb9KKTdnXBU1_27JRZc274sL_z4my_4GQoWkFgDCHnsb-wZ169OeJNWTBELEGEpCrpQKet6QyKI-8phghZP6VXtwV0y-OI-A9EVMiKSRnLrNX6g",
      "nome": "Grey Shadow, the Secret of the Dolls"
    },
    {
      "numero": 84,
      "url": "https://www.blogger.com/video.g?token=AD6v5dwuz-F-QzRmvaSxS-7cuJfhv31hA7zbgG8EQPwB0phOmEDihr_irwiGY9_PeVqWSC-86lpAruyE7mx8c3wIx7Fq1vG7pe_wgw-VBezBimLSmp59ik0ncSeifrKq4V_B423iAQS-",
      "nome": "Dissension in the Substitute Team? Rukia's Betrayal"
    },
    {
      "numero": 85,
      "url": "https://www.blogger.com/video.g?token=AD6v5dzZrJE1KIX3zjfumqg-YnZk_WAvVZpvxtDcMua4aGp3PB9QzCEopz0iWvM3LKskPTxSAcK9jPO6s75szA1OAnnvCxazIARaXhrWGV2qtS7BWJkivZ-uFEqbwfSCEf_sMvHCPlC8",
      "nome": "Deadly Battle of Tears! Rukia vs. Orihime"
    },
    {
      "numero": 86,
      "url": "https://www.blogger.com/video.g?token=AD6v5dziXmVOdBTCMNYMWK-J0QrOr8kqsi1q7NiDBwIyKvwW91WtGLj2ui3uF4A1X8XZF0gMSd8VbA-4f4ZtFjK152HRnzgVnCXxl58sliT1iA2VyffwxuCSPpt9_zbDUN_BNx1FOvI",
      "nome": "Rangiku Dances! Slice the Invisible Enemy!"
    },
    {
      "numero": 87,
      "url": "https://www.blogger.com/video.g?token=AD6v5dzIMmFtI2A0da_Bqsm7dGTOuxm5Hvl--vhvWViPBtsLhBn6W0Kh3lpKgiNRoS6L9ZW_IES9dSoIVs4tSfovS8s3SAmbiC_JXkw6HTV7uYBtPvPQQghLxl3GU9dTiR7-2rJMlyU",
      "nome": "Byakuya Is Summoned! The Gotei 13 Start to Move"
    },
    {
      "numero": 88,
      "url": "https://www.blogger.com/video.g?token=AD6v5dwEO4WbHKXgpOwL0KWKst1zDBqCHSqHgeUOQIuK781J1uX4dWilMg-nKgoRpzFQq5p6sEQMe0fDmpRVuKC5tiZX_aX8AGK67UEoNICV8ZPk8WxkAtn7l07YjGEXj0GJPdx-Ru1n",
      "nome": "Annihilation of the Lieutenants!? Trap in the Underground Cave"
    },
    {
      "numero": 89,
      "url": "https://www.blogger.com/video.g?token=AD6v5dwyGcq38aQFfu7AgEssh5cBcyzislANU8XBH64N6xkdJmXeNVtqL01P_SST7hoToZvk0n9EQeAES8x3_UAsz4kI-6eiSsQljelNwbnMvl2m2fs1ulX_e_9SdUbrXy0dUQx0odU",
      "nome": "Rematch?! Ishida vs. Nemu"
    },
    {
      "numero": 90,
      "url": "https://www.blogger.com/video.g?token=AD6v5dxOrVLgPTFDpcqmE31-O--EpugyDXhYCGDr8bnx68-lxgk5wkm7YPAiaX8iUb3Fd1Otr6C1iJOmPCGgPt1iltI2q_Fis0v2oyuWIdggiofKu0_omV3BwffgoeatOvY3uiVtOl8",
      "nome": "Renji Abarai, Bankai of the Soul!"
    },
    {
      "numero": 91,
      "url": "https://www.blogger.com/video.g?token=AD6v5dwNGvytQUpGu4fxdLSD1EpLQtJkaziWglRs9lbqM0OFYt61FWVS0Vb_HbH1AFeaLjJLMsNNHSlzSEgYjzx-ACxkKishW-J2X9AlswE1b1MSO-wJuNewef-fEsSTuUEf5KlKFxI",
      "nome": "Shinigami and Quincy, the Reviving Power"
    },
    {
      "numero": 92,
      "url": "https://www.blogger.com/video.g?token=AD6v5dwf92A6wXj63Qu0BEGpGZV96DwDganaxq2BhZNGblDPp1VsxqtCaQAD9IUxLiMCsRVscH_3yVkPVLLKSr65oelgHU-pznhXtXaj6HzGfGQ-LkhpvGme-4pBrp0NJyBSV9wQQRA",
      "nome": "Invasion of the Shinigami World, Again"
    },
    {
      "numero": 93,
      "url": "https://www.blogger.com/video.g?token=AD6v5dzHyjHVfyvP45TzI-d8s3ts-AKzl_ocpYwMKQwPhBUDWFhiFwtXWhkhuFjMvpnhoI-jJlT7wqj0G6gPAEDvdVMPNuvs7St2ztn1zZazpMgUwIcdfY6fQVhk6ML21ShqmF-If-o",
      "nome": "The Bount Assault! The Gotei 13 of Destructive Earthquake"
    },
    {
      "numero": 94,
      "url": "https://www.blogger.com/video.g?token=AD6v5dyIPWxWrHJHsjxH5YXaISZGzc260SWwex-VSKmzPGNvK3PXQ8v4H-TqZac9bw3SQ9pld1BBaIvN9Cg7zmAZ90eTAdoLfgHuJfCMu9zqgtQf2SPf9Z1zzLNJX-Yf2Q6VCt4Tm7vP",
      "nome": "Hitsugaya's Decision! The Clash Approaches"
    },
    {
      "numero": 95,
      "url": "https://www.blogger.com/video.g?token=AD6v5dycKJpzFksq628DhWPDn006z0GMZM331X0eBtVJjBmyjebdeuV6qLW3FGw4dQ2_JSFlpSApY5fY9NprR1j8ZShPn9WiX0yhk-Gz8t_BbXdi9fIAbxj8weE9nm0YGPx19kadgjRO",
      "nome": "Byakuya Takes the Field! Dance of the Wind-Splitting Cherry Blossoms"
    },
    {
      "numero": 96,
      "url": "https://www.blogger.com/video.g?token=AD6v5dwfx03WqRavi0KKj_TtBwBk4xRFoodZFh16BkU-vcvFBW97GUOvTvDxEl8yyK0gyue_052JyifiV5X6uPXeFqw0H9khkfElHxnYK3bZVHD5iSW5BnHVdzqayxzjWvxUfoSUC-NP",
      "nome": "Ichigo, Byakuya, Kariya, The Battle of the Three Extremes!"
    },
    {
      "numero": 97,
      "url": "https://www.blogger.com/video.g?token=AD6v5dxBtxHR9-iWxzSsg-9RYa_jZTb-xCB5LFsgGIAfuvh4dafoHyNJ5Z-jQ3pahlLSulyPEOqNYBau6mDDzFERwos2yHXWHaFXJe53cvwW6ocjl2roo_FdTFoUEKk4dX3cIZe6l9Q",
      "nome": "Hitsugaya Strikes! Slice the Enemy in the Middle of the Forest"
    },
    {
      "numero": 98,
      "url": "https://www.blogger.com/video.g?token=AD6v5dyPIw8AqTZCtTmBpjCZjUUvx1E6zWCwpYrNJPUgXYmsUK31GzcfuOnQ__9Gvj8pak1jo4xMzoHWP2O4Ltrmiv4KirsdrEKvUhsPp6pviF-STwePN8Zmr566XWS8ii6VqpIWUNIa",
      "nome": "Clash! Kenpachi Zaraki vs. Maki Ichinose"
    },
    {
      "numero": 99,
      "url": "https://www.blogger.com/video.g?token=AD6v5dwFJQHt8JFRaBiZ7hdpB-LYxQ0vPmWCYnvF0U9dfi2LXARfSDbNehHq7Y66iSHMqn6mC0HlhG2tEuvoaPCULz8WtVPbwySzF_gRFo2_zRFGNP0mcEme5OCPCxbn5X5KlmsUq2Rz",
      "nome": "Shinigami vs. Shinigami! The Uncontrollable Power"
    },
    {
      "numero": 100,
      "url": "https://www.blogger.com/video.g?token=AD6v5dx0wVmJchOnFwPLK7cCcTqDlon84Wtw8Ayqav9jR5pFLHgZq_5gUxVFQX-1N0lLiN4G-EFTER-sCknRzBKPw2X2sX49oSGPbGbhz0OxG3vheeQ2Q5ohcAcPeERQyAkOV5CEfEJk",
      "nome": "Sui-Feng Dies? The Last of the Special Forces"
    },
    {
      "numero": 101,
      "url": "https://www.blogger.com/video.g?token=AD6v5dywKupkq0dg4N1ZJhHKav6svFThthLNI8rONG_hEByEZavMwTIUMXpEezdaHv4zZ1KBkbyxDzfRBYykEoz7SsB4d04WNRPr6pUU-zesh8bJA-pymkSN-M8CR-djm-2MYo0j1dM",
      "nome": "Mayuri's Bankai!! Sawatari: Clash of the Demon"
    },
    {
      "numero": 102,
      "url": "https://www.blogger.com/video.g?token=AD6v5dw4frs9qV5wQHEHZSdoXHwnQXpSY5-TA6mnSQHF8wtsz6nFnC-fNs7Bvy6oCJ43ubAXKmchWUqLLZkwuWzNMvKHg4cxjZDxs7B37Xb3pDzJZNv_8jU4JkSO7vgXzc1rv8EdBPN7",
      "nome": "The Last Quincy! The Exploding Power"
    },
    {
      "numero": 103,
      "url": "https://www.blogger.com/video.g?token=AD6v5dzree37S-YKq7etM7d-3AiBhltnskrUS3YfT0WedQzuJopkyr806KFVEUjyJVmwCWfwRjU8fcJOUm7cGPU2OSW-Gj1ErkjGqEgv0di8x_om-53XWkPWArMZjegi3ifuAOapbTM",
      "nome": "Ishida, Exceeding the Limits to Attack!"
    },
    {
      "numero": 104,
      "url": "https://www.blogger.com/video.g?token=AD6v5dxlYr-mbrF4h3eut77kPKzt5oKAGGbkhd_xdcb4nXIVIMjQJQUyJSsTTxYq8XlDtqFg6wdMlwmvnFezemXqmyh2rHFTXwFc2Oaen5mOiqts_vVS1fBATCHGfyASgvA6s1F40z9d",
      "nome": "10th Division's Death Struggle! The Release of Hyorinmaru"
    },
    {
      "numero": 105,
      "url": "https://www.blogger.com/video.g?token=AD6v5dzXHZLrBmFa9DWZhSKJ9t_2IHqEmnj83G7N8qmekTaV5ThjhiEJ6xuJaeR5Szkx-3jTi6_txtOUCKPW3ye34O85aaAO6qgBzqu2BlNTiA1koCcf-a-Uvzk5Np2wn9DanakSMrMj",
      "nome": "Kariya! Countdown to the Detonation"
    },
    {
      "numero": 106,
      "url": "https://www.blogger.com/video.g?token=AD6v5dweVzt65v0bmJ-S0LlVrLYK-7ZlJKnd8oopWIXjkow_mwflxQlvXyC2FP8_vfUHl7aeQpz0n9pWv-bT4P2fMr3cMW0XcDodZWapHDM8nydQDJ1VWLq5lXjVyrff2F-2BwJBiE35",
      "nome": "Life and Revenge! Ishida, the Ultimate Choice"
    },
    {
      "numero": 107,
      "url": "https://www.blogger.com/video.g?token=AD6v5dwfqzJVNthtE463l4P4n6pRRkrfWdVMok392Tq3l8PChiqd9zlHzF0OdLUJspe3OgbSZ9knCNQhTd_mDXw22ubdw1HKgUGf03kNBpkr8TQANYeTZjrOkZtnv-kpvNT0klO_e3eu",
      "nome": "The Swung-Down Edge! The Moment of Ruin"
    },
    {
      "numero": 108,
      "url": "https://www.blogger.com/video.g?token=AD6v5dxt0Q0mYpyKaFTGhTuIq6iOxcWkGOcDkbItSuv8UWG5FLu1aVqOsQbUDBMPyXRrbPsIp0YWJFbeM01gNmLIQ0arBSMRlt4zXZyrf3kcf8u6SbgQ-Lr9_Mc6D85X06Aux84aVys",
      "nome": "The Wailing Bount! The Last Clash"
    },
    {
      "numero": 109,
      "url": "https://www.blogger.com/video.g?token=AD6v5dydq2JwVe2IUJH1Xb8Gvj_0m8Q9aOKnqkmIitcnvNN__VHW4S9rZlQIKG13ZWOln8dtvgSGrhubtttxyvm9fDy6tCTe1r_Qae_vR3vcZ_y_GNAD0w26CvLqX4ezkqW-px5SADIf",
      "nome": "Ichigo and Rukia, Thoughts in the Revolving Around Heaven"
    },
    {
      "numero": 110,
      "url": "https://www.blogger.com/video.g?token=AD6v5dxl0uxwSJmdcWQs1h_Z9l3oQKFMAfQfcYyHA0jE_yPIGm3cikYdh7--Bq8Ok1Tuf3QGcggyGaLdcUb5b5pky6YFBcNJpkn376FUYa07xWOPSM8MmD--SARHq1kO7gRy6i3RhO0",
      "nome": "Reopening of the Substitute Business! The Terrifying Transfer Student"
    },
    {
      "numero": 111,
      "url": "https://www.blogger.com/video.g?token=AD6v5dwa6JLX2Lq8ydLZf6CLHVijSgZPW63SSPTDOEoCCBUBhwnMQK8E2vw9D3xAh5GdfA0OnX3FhWGArLJDB34UE3AWf9xp5h0A56dEUB-LU19T9JllZIHknYFYGPGZIkW_ZlEs0NOu",
      "nome": "Shock! The Father's True Identity"
    },
    {
      "numero": 112,
      "url": "https://www.blogger.com/video.g?token=AD6v5dwYyVDry8McJUMZwntLpdXxtEPHDBuiboI-DSey4bthBmoZTLnvvKX9IZ4WGxWgx86wkkdJCgj5swMH57kLPbWoNPU57I4YqbxgPl50WNXEeLm0ZlRdDK-UzeozktVpIunTgY6s",
      "nome": "The Commencement of War, Vizards and the Arrancars"
    },
    {
      "numero": 113,
      "url": "https://www.blogger.com/video.g?token=AD6v5dz8ubJUIGfltFX-ajh1zVjsiogyC69yEH_gQWNFhEsiAp39CoHt4ZTehPk8kv0Hl5ukRH9SFaGmq7AJyvuGsbttQsG69eTMXQ0AwE-Wlgt-v2y2UN_g0qRx2Eff1QLbHFMXsQ",
      "nome": "Prelude to the Apocalypse, The Arrancar's Offensive"
    },
    {
      "numero": 114,
      "url": "https://www.blogger.com/video.g?token=AD6v5dwUKmKX7xQdzWMnX_VcaKxQkk5fbPMiJCO_EGAUzDEEbzfx9txsJ3CMv_2AnXltWJIvY9XA1Hqq9niclXue8Z4wlOEadlczW8a3bbScUmUrc9gMfe7oXTUfld_0pzKejeG6iuog",
      "nome": "Reunion, Ichigo and Rukia and Soul Reapers"
    },
    {
      "numero": 115,
      "url": "https://www.blogger.com/video.g?token=AD6v5dwWyzB0cXrgkBfXxahIbU9ATBGWO7B-BQhG-VoctRYnXfYkT0WXIKNY7tVTIPzHCrEdkEuZyWOWZuvJbeAswu7syifanj7-Xfdh4CQe74jh2dlnvuhy3fbt6wg-e9Tia_-FfEM",
      "nome": "Mission! The Soul Reapers Have Come"
    },
    {
      "numero": 116,
      "url": "https://www.blogger.com/video.g?token=AD6v5dyg-4-VnwozaMmrefgjj9IUrPCZvhrIUvHlKpk2uHd_VXPqfjkL0oL7103VpI_95Yus5aUp1fR-vXvbLskfSgWkXqzli5p6eM68SLoRjP65EPbqnW_shsccN8uyPxNZusQ8idc",
      "nome": "The Evil Eye, Aizen Returns"
    },
    {
      "numero": 117,
      "url": "https://www.blogger.com/video.g?token=AD6v5dypRI9DgbvAJOuYEbqOb96e6iqGg-LqGrb9BbDeX0mGl3vlAnlvsF0EnImBH_vAoy1c3WC0PNSesuQLH2KlyIdmsgcK3FXwULJPFxJahJOz_ck53T8ZHW3b8OunDlo5bNHhXg",
      "nome": "Rukia's Battle Commences! The Freezing White Blade"
    },
    {
      "numero": 118,
      "url": "https://www.blogger.com/video.g?token=AD6v5dx3RPMlVoXNTT4S8xsA-krt13Od9hps-SLStUFqvKlT-BrZ6RrGV1lH0TCHyiIjslPEwpEzbE4T71vsHtTYASCkEpXdRQv7NIqvU8jnz5Nq7RVH8fivKiL5RQXPECclPQjBmPY5",
      "nome": "Ikkaku's Bankai! The Power That Breaks Everything"
    },
    {
      "numero": 119,
      "url": "https://www.blogger.com/video.g?token=AD6v5dxF9r4mL5dRuuZZxICAOhhxa7Xn9-b4Fz6WvNQekpa76wOJl8e3XmW83wkRHN7o62OI9J1JZNW9Wz-ywmoU1XOS0Q4p4Sm0JfUWNm1HmZrvTOg6tAik-fHjsWOESTxGjTSTpzCA",
      "nome": "Zaraki Division's Secret Story! The Lucky Men"
    },
    {
      "numero": 120,
      "url": "https://www.blogger.com/video.g?token=AD6v5dz9mQAuGxdhLMWhwbAbCXJ467z-YLvF5zbAx1elPFsbqccNupQZLS8V92jtmj5yppsp6HA7VdLBai1yeur_WxmTz02oYB57kaGlZUAnkZqzrtcO2czs7E4uhHcQMvcoJVm8ew3U",
      "nome": "Hitsugaya Scatters! The Broken Hyorinmaru"
    },
    {
      "numero": 121,
      "url": "https://www.blogger.com/video.g?token=AD6v5dwmLsUBco3lRcdzJifUcTUOxvKdR2Aor9RDfFqx8bUCDymAdR9VdlrAauD1xerMrgFwee1RyMV0ce1vaFwHxdMhHIWqHheNa6LxqVEFPBqo549Q4oMgRFSl6-OGKhFBHguZMKc",
      "nome": "Clash! The Protector vs. The Bearer"
    },
    {
      "numero": 122,
      "url": "https://www.blogger.com/video.g?token=AD6v5dyIuyWb7YhBoIeJ6am5MDkQ-xxPRVIC9KuKtALbl1D6V593m6GaaOjhQ2o9tQAmcBxaiEt_UJpgblWeZ0rJdF_KJ4iyGH4i1FI8qXlABNh-xq-xuExJmHiX_rfwuOl-VxZ8j_Cu",
      "nome": "Vizard! The Power of the Awakened"
    },
    {
      "numero": 123,
      "url": "https://www.blogger.com/video.g?token=AD6v5dxTKlVnO4YCxwX1r31CGy8Ys2eaYUF-dqdz5vig2EwYM8MHv02x_X_tx6ioj7oyj4tUjP1gIUVRvProrqvPzQuCc4EURuKD0KLqyIBjLhN8v7fMYLC5Jd3QbmazpheMIZ1Jww",
      "nome": "Ichigo, Complete Hollowification!?"
    },
    {
      "numero": 124,
      "url": "https://www.blogger.com/video.g?token=AD6v5dw5YSYjwcL6FxDz6xWz6mdAUL8ClAPMMrqHImA5HEWGUWccQ2eNBmFkHJCVlEDhlQZ4LJkc-_KgwRRpTSwnwl9FlpLB5jxqSk0ImqS_pXb3TWlXQ4yKiny2OLJgeaPXA6rV7tvI",
      "nome": "Collision! Black Bankai and the White Bankai"
    },
    {
      "numero": 125,
      "url": "https://www.blogger.com/video.g?token=AD6v5dzOG2snGGEZ6gp-QAU5of4E8z4PYGob-MjL4WhKzWep3IBH848XezFYx88oYcePR2eu80gWyxVnyBBjPFjBhsIKQ1CoIrlSy0e2kL3t6KqzBSU7wNdKlRNM6RmGX9pr42vdpuRD",
      "nome": "Urgent Report! Aizen's Terrifying Plan!"
    },
    {
      "numero": 126,
      "url": "https://www.blogger.com/video.g?token=AD6v5dy2mhVJZQKaEcah4fO2CE5XHzPGVR-94NpgAFs7RMeaa3yqEJ58iWy5US6cAzyPcf0hI7n7FP6vBDlPOne9y_cf1x1L4LnBeQypOuEOqzMxFNskkX78jtYe84J3rlNEY2lCMRw",
      "nome": "Uryu vs. Ryuken! Clash of the Parent-Child Quincys"
    },
    {
      "numero": 127,
      "url": "https://www.blogger.com/video.g?token=AD6v5dxOSDeKXtMRd6Odtvn5BDaXqgBp0W-5BaZhw3qsHNMSyLrLKyZaAgnrPWB5gU2apn9-XjaWAmc9ztYS-vMeLTd7hp3Nij0ioE9izblEnBA6_IBvo6nJjhIIvX_oNNkZWjQLJTI",
      "nome": "Urahara's Decision, Orihime's Thoughts"
    },
    {
      "numero": 128,
      "url": "https://www.blogger.com/video.g?token=AD6v5dy4P1jtnLt5HiEolbrRS4kWbdAqyA6uV5-TBGgajY5lWjtOUrdojLufPyUELRf1WSM876kQsN_cZZPQrmu3BIDn4kyUMWhQyqyOuwfmFCcmxjTUYj9R5T12qnyd4yt61rslNyf_",
      "nome": "The Nightmare Arrancar! Team Hitsugaya moves out"
    },
    {
      "numero": 129,
      "url": "https://www.blogger.com/video.g?token=AD6v5dxiosi1MO1mBGROmmb4D0yHnaWyTTlhIxW-5OzltbtkCbOYy8eEcyZ1zfjkjUq_Wc41OfFHBqJJAHQSAi6fdd0voQPX2lei3Zp68UMtKjgIbGVIv2NFBhnMkezPY1_JQ0WcjnN2",
      "nome": "The Swooping Descent of the Dark Emissary! The Propagation of Malice"
    },
    {
      "numero": 130,
      "url": "https://www.blogger.com/video.g?token=AD6v5dy04BcG3pJANb70gtdZlL-v3RxVr8EQQ6zzbq2ZLGlD5aBTzdmMpSaM1Wr9umLo3xcYwGrUOO1H2_NxB8OJmojEPznaPt6CVpTW_MCRwMFmuuXdZCEvRbB9Oyfay__mIhoafJM",
      "nome": "The Invisible Enemy! Hitsugaya's Merciless Decision"
    },
    {
      "numero": 131,
      "url": "https://www.blogger.com/video.g?token=AD6v5dzjpD8nFYNhiVBR54Im3lbLhdTMayoNsRzNVcD4qN3VGAVZYXRPfHM8PUNcf2WDHNujGxPepJrUowF2ka8Pamka-8vqXdZqKv6B1JW1gZbhnxNCi6HeXHM2axUkOQZyF6Lg0xs",
      "nome": "Rangiku's Tears, the Sorrowful Parting of Brother and Sister"
    },
    {
      "numero": 132,
      "url": "https://www.blogger.com/video.g?token=AD6v5dw10Lh6EajxbN-5b6S6o8TO8DvaXpujQGBBpS6A4-zyWLvkjPxiVsd5BsD9PtrW6tQAbTHRXR9KZZRYYP8UnlDqENpeDID16ut0YR9u340YK2p4wLCEmeORXry6d_BMqk3K1w",
      "nome": "Hitsugaya, Karin, and Soccer Ball"
    },
    {
      "numero": 133,
      "url": "https://www.blogger.com/video.g?token=AD6v5dzaWZIscdennVTj5vpWJ5u2UL4XAX8nLU8-ofXYOP1xmAxPg-zF4XQ7RUgWmt9gpEzLHYdeEWOHtZ6pCWEFd4RXMojtRvNdL2Z1AlGHd3QQ66FGeaeWe8f8tzpEYtwKbJ9IE8I",
      "nome": "Ikkaku: The Hot-Blooded Kendo Tale"
    },
    {
      "numero": 134,
      "url": "https://www.blogger.com/video.g?token=AD6v5dzWq-WDHdOkUw5INqVkpflnNhpTDGEnP6uwtcrcQ9QB3PL2fjEO1IEXlWNlDBFJ02eq7_1fkpr-zRqSMxe3bX9Di9oL8i5zn7HxKfyIJYpD-WZz3cpOLmwMN2Hr-2pqw9F-5BC0",
      "nome": "The Beautiful Patissier, Yumichika!"
    },
    {
      "numero": 135,
      "url": "https://www.blogger.com/video.g?token=AD6v5dy4FfWtv-j03GFNnsGCbZsW9H8yq5ET3GAsCc7CRl2qgreLVu8YUyG7_ZL4ZomI8hupB0WvM99BxZ4EqRz1Wxbb2SCP5WDP0km14dNOVApKdWeELUNCC-zB4YvaSPvWGZT1Mf0",
      "nome": "Kon is Deceived! Rangiku on the Lookout..."
    },
    {
      "numero": 136,
      "url": "https://www.blogger.com/video.g?token=AD6v5dzVsIof3qVNLCoApdmzCRjc5nymp3dvu7jGHyfLA8A95ZWdphsNbzT7K9Weg5bXDr9_MfVUINiW-YMBJdDWqubfDUkWkgFMKTTs5LeZ-XDxSPMYTUFe5vA-jstpAuzuP97cDkaa",
      "nome": "Civil War in Hueco Mundo! Ulquiorra's Death"
    },
    {
      "numero": 137,
      "url": "https://www.blogger.com/video.g?token=AD6v5dxqYmA3rDCu-vGPwks6iPxl4jrvLXycIiyFG5JA_xnq1PiFhAAKvSnYKBeeWEvJ1narXtLmnHtEwkOJemh1Ah0ZpZr7dds7Y1cdFHLUf4g86EoQxz0-xiB3sEorgU4OAC7XXIs",
      "nome": "The Malicious Battle, Aizen's Trap"
    },
    {
      "numero": 138,
      "url": "https://www.blogger.com/video.g?token=AD6v5dwR3Cwxp2ahNWdfc5Ars5T6Eirl9635jLHcSwqlEL5mjhfRm--zAy9amWk21Azf32tPcB0ZN0vWMorwPBw2nHK-MJsYDuBRG4PFPv0RPMRtaf35y7fX2By1v8KQnnIHA0fSnsXx",
      "nome": "Hueco Mundo moves again! Hitsugaya vs. Yammy"
    },
    {
      "numero": 139,
      "url": "https://www.blogger.com/video.g?token=AD6v5dxGiy12Jf9J0rU9WEbY4gEY0apNmnOwDWAml6haexMH9CkZ-Tjlk_HETHKd15KsBtCN56YYnQpj4FRSKEnXz8gY7_qaDn6-WkogQATMOOwchG21IcxBNsupOzCtkk-fgLFwqPQ",
      "nome": "Ichigo vs. Grimmjow, the 11-second battle!"
    },
    {
      "numero": 140,
      "url": "https://www.blogger.com/video.g?token=AD6v5dxZuN64bOslHIB7Hf4jIv1t0lMwofokgOUvM1D2JSAVR4fGjhJ2Aoju3BnnjqC2F8d2M9uGqiN7R4It4ZIyP2ZNCGwoigXZ-tjS_ZQZzkgV4W7WjPPGLmzBGfLeooWFyWfD_7A",
      "nome": "Ulquiorra's Scheme, the Moment when the Sun Sets!"
    },
    {
      "numero": 141,
      "url": "https://www.blogger.com/video.g?token=AD6v5dzC3eQo98vLKRpYHEjPYYbMqGc9fd0QAYOqD_jRR8vpfnTZLDP13ky5FsQxiyr__RnHsuy2k73xzuRFnVA69dw4XMka-JQMniVETLymKMDhQue39f86nFGnkU5m83Z5RMnXef4",
      "nome": "Goodbye..., Kurosaki!"
    },
    {
      "numero": 142,
      "url": "https://www.blogger.com/video.g?token=AD6v5dykvtonT1F3lg1597hOR10rZQ5KLK4mLvHCQYK43vT3UFaYEt6w5s1WRv52BHa8QrPD4FOSt8cS468kcBmt606a2fqLoo2OdzEUmDNs_yyltHpDe-9epIt_w0sNarYYqvMTsPcg",
      "nome": "Strict Order! The Forbidden Rescue of Orihime Inoue"
    },
    {
      "numero": 143,
      "url": "https://www.blogger.com/video.g?token=AD6v5dx_ztlzsGF-GOFh1XH3A8V5OpI1ARjlABtFmaMi9sMKiedq2c45o27NGkRD7lQe00TG3Eqk-2PHgvSPSgtV_DAk7XiWd6NTVtlmUg0WURJhIAY6CQPjbga-TDb0L5du8-HiJ6vo",
      "nome": "Grimmjow Revived"
    },
    {
      "numero": 144,
      "url": "https://www.blogger.com/video.g?token=AD6v5dwjMSHWR7iMLwiGlv1zoK5FKPae_AElv-EFr0nNwFyUW2ltmlgJSfYFVGKMuZURvsJ_Xkb81AB7iy7iWEdSDBwdF8Pvd-NQGT9b7NLfPS27UrROdHTQ5TjvVGdsK30_Iqznzq8n",
      "nome": "Ishida and Chad, The Quickening of a New Power"
    },
    {
      "numero": 145,
      "url": "https://www.blogger.com/video.g?token=AD6v5dzMqylOJmmejKHpZVEF6-H4htwAU9vaxKc_TbCIpvp1k77Xu9rBQimy6KF-v6BO4S4nPHqUjNzbbTEqlcs4tyTs0qhLvVqG-ctu_74gTtewaV3pw5p16uCenDezIHIg3WnksjAv",
      "nome": "The Espada Gather! Aizen's Royal Assembly"
    },
    {
      "numero": 146,
      "url": "https://www.blogger.com/video.g?token=AD6v5dxn6nuKDbSJsQtQf99sXv43LFkwaYql_FnZd9_OewqEIQmxpScO-u8tHVabdbW_nVSINnzXk1MiDkEPYWABZgRXodZu-vus-Iyx7SK1wxJfxUrN1uWHYy9zpmRVhxV5gvlN7Sev",
      "nome": "The Name's Nel! The Appearance of a Strange Arrancar"
    },
    {
      "numero": 147,
      "url": "https://www.blogger.com/video.g?token=AD6v5dxqMj1Uhu_9xruSt17vtLK59kIjTzGKTszAjf-LDPNd7Gr4ivr5U4Saf4CJr-cUX7ljToD4VgXmipbnp3XKKvbraZtDq2b0iN49kTP5P8mFziSU3WMckiX6S04ww-pfSgolvHM",
      "nome": "Forest of Menos! Search for the Missing Rukia"
    },
    {
      "numero": 148,
      "url": "https://www.blogger.com/video.g?token=AD6v5dyjXJjUsLefels-08Zio7N18dn4gCRdmAQHKnf4e-MP1C19jPxGgwb0q9yNQJhs3bSECStAdr0UcRT3GLKN304qQUWc6GDiZX-ERpKaZ4Tm3nutzNVZ8qwmBin9BOTLj-Mrx5E",
      "nome": "Ashido, The Soul Reaper Who Came from the Past"
    },
    {
      "numero": 149,
      "url": "https://www.blogger.com/video.g?token=AD6v5dxZcJpIqWrC2XMZvkinWnoMA_6Cw_a5E5QOgBt66dtECYB3cZmlJjjwCyRh-o-JSNczZG0Q2eWuiPdRbvra6Bf-ESF3OoRXe3eAkLO58DrBSXP-6taycupgT3tNRyYMiAX1bfny",
      "nome": "Through the Crumbling Forest, a Million Menos"
    },
    {
      "numero": 150,
      "url": "https://www.blogger.com/video.g?token=AD6v5dxH1WTDvBtME0ir9jZgXHuaXdsHS9NalmvJFzpBCf2so8hSGz0fAC0Dp-6zMtDQtbLmK8FJ1T8_ip2LaYgmU_lpMaUmhU0EYGzhiR7IrxB4D_-zhnd0vLQW2fD5Bf13UHZEbdg",
      "nome": "Oath! Back Here Alive Again"
    },
    {
      "numero": 151,
      "url": "https://www.blogger.com/video.g?token=AD6v5dwhpwnfpEZGd_NRKih0r4QHMO542FyBakB7Jb7suS7VFKieF2VUH_QxRKHYPyjVhhD51YTWwI1dZ9GVfispqkcQo4bXrv0wuCZU78dyWNSEx7Z-1qvYI7pCmcdgIn-9JnIKiSyO",
      "nome": "The Raging Storm! Encounter with the Dancing Arrancar"
    },
    {
      "numero": 152,
      "url": "https://www.blogger.com/video.g?token=AD6v5dwM7-U6aDv95smY810MLZfcAJK4n0bcsJUFclQN065gxQuqAw-OX7zYevtj6cbXoyB6lOyq9lj6S6asOWx1S4eEDXQoTHFAHoqZIdG35VQtN3G0pFJj8b4gfavYt96Dd0HSbO19",
      "nome": "Ichigo Strikes Back! This Is My Bankai"
    },
    {
      "numero": 153,
      "url": "https://www.blogger.com/video.g?token=AD6v5dzaikSHooEKDWGfLht90XIbBh1SftPNTBimqEte45-dXIEbMefFnWteQHJxXfoZ2_7eF_vOxOMaCS7LjUhjnH0XgO4z181iQ6R8x8OOZ_khibuqgAiVxA1Y0y-O9_sTlws0fB0",
      "nome": "The Devilish Research! Szayel Aporro's Plan"
    },
    {
      "numero": 154,
      "url": "https://www.blogger.com/video.g?token=AD6v5dyQ75a1lr0xL69aIt7os8XVU8Ab_Rx2LX-1_DCGPW-o4KVYua7pusA8zM2YT6tAfcnFW9VMXPvmd81c37tljEyJIydivUNK0vj_MAUnVfa-3aF4OztCsdqTZAmCEljDKcAAh3gD",
      "nome": "Rukia and Kaien, the Sorrowful Reunion"
    },
    {
      "numero": 155,
      "url": "https://www.blogger.com/video.g?token=AD6v5dwo1uxxhQYZSHbFXEC-dvs_bSmjcwY8H0Y0RaeMDnvv8pXS0EQ9copWEdbE3j_kvEjTPpz6oFueFNuia6Rp1NdPnqEhqBixcEdiyW3wKq64kLU3vUUVLV-tT-TczLDyhx59kr1r",
      "nome": "Rukia Retaliates! Release the Desperate Kido"
    },
    {
      "numero": 156,
      "url": "https://www.blogger.com/video.g?token=AD6v5dzKOjpQpFux8KqzHAxZQQ9YXdHBLJL7RBWbSs7Dsm5QxAtKI1JFe_3V2JBzAg930IqbNpKBXezE99Rn1TRoWaL6TWi3rsDOX3yHw8Spen1dhpqN-qu7r4-TSzy6fwst4Ws-2oA",
      "nome": "Ishida & Pesche, the United Attack of Friendship"
    },
    {
      "numero": 157,
      "url": "https://www.blogger.com/video.g?token=AD6v5dyByY-7AxM_PcIYksAl_iAmEIxcOISQXN-NtZ6BSpmPPjGbPx9XJdnUM6j1RjHbyV63-7vqargC39KyQaxhGEZUpWPv3PRxHyIPwQO06gb5J5VvQ3bOdI6pET5IhyLFLzSHeigl",
      "nome": "Ishida's Trump Card, Seele Schneider"
    },
    {
      "numero": 158,
      "url": "https://www.blogger.com/video.g?token=AD6v5dy4h5oyt-MbJeG_V9IusqBzjwTT_eFpshSmcpBK12eb34EipdhO3kMEv_ONsA7IviyUOGsAdAdNkjGI5J9banXu8jkjOuWIaT-nQwkqx5kQo1pYwKYaSOUhby_orIdZg1ywpek",
      "nome": "Right Arm of the Giant, Left Arm of the Devil"
    },
    {
      "numero": 159,
      "url": "https://www.blogger.com/video.g?token=AD6v5dwA02MIwlN3mUTs9_jq4jkm2YgglnLGDw4N_0Xy1u709WGPpuNE7ik-iIsQXrWdRnaEAnbhFCKRPkBZvY2ExdGWKV0BPOZ6ah3xPSA4L0iphu42_-g02KDQMMrBqExvEF3W_XQ",
      "nome": "Yasutora Sado Dies! Orihime's Tears"
    },
    {
      "numero": 160,
      "url": "https://www.blogger.com/video.g?token=AD6v5dwLrQZovJL-E0BA4WFK1RhqUFUvNt9vXJNaCVp6F4cFvYjNH5uHmBKwHuynPFcOzE4aRl9p3APGy0La_MBNN_8dFolfYULw3pxWR-HSPItZCp26bW4A9nIHEDIvGtP2jw539vIM",
      "nome": "Testament, Your Heart is Right Here..."
    },
    {
      "numero": 161,
      "url": "https://www.blogger.com/video.g?token=AD6v5dyznyljNMaFqbWbAhmal_mdIS3WzjgNBIsFLfCh9wpow9AhQKCpomKnTgbo-KKpaVIfmHonT97h8Rdxs5X6iYmHMvB42iZ19zIJn-iqDXgM50bwcUtSDoYhrlZpMRvB-2xiiMo",
      "nome": "The Cruel Arrancar, Ulquiorra's Provocation"
    },
    {
      "numero": 162,
      "url": "https://www.blogger.com/video.g?token=AD6v5dwK98XG5mhaaZ7PeWGKgOq9DeyH0hc5ujD3-sD8Pu6khwiUIY63eicfoKwn8AEC1BMOH9FcWP_WyZXx3z9CQwCqSL6WMIGC4jAVs8qJGXTc_eb-vCpXtTNd8cPk1y_SQ7lzvF8q",
      "nome": "Szayel Aporro Laughs, The Net Trapping Renji is Complete"
    },
    {
      "numero": 163,
      "url": "https://www.blogger.com/video.g?token=AD6v5dy54MXQT6hyXeCz52KIdmZuMZwj8LtSRY25eiUePd507RP-p_AaW_nyPGKOWzzBIDrW7N09Svuqe-jnF5Ds126eZB8F4mMYCYUjLchvgeT2XnZhVVJTgmYqN2gOIm4TqyhcSc8",
      "nome": "Shinigami and Quincy, The Battle with Madness"
    },
    {
      "numero": 164,
      "url": "https://www.blogger.com/video.g?token=AD6v5dyOsfX-Rr2dAcPQR9lQguGvR899dsWmVyACvol0zgpeafE7pWoN36hwWDhc0GazI8PEHYfiVZW8ggFWkpJDF15xi9IB1l3yGWQ3CjoJHtq-OXvPF-lhgoWo6Rlli8F9KdjTa5N9",
      "nome": "Ishida's Strategy, 20-Second Offense and Defense"
    },
    {
      "numero": 165,
      "url": "https://www.blogger.com/video.g?token=AD6v5dy1tUsDy9EM6s2Hsv4T-w3Y0nzF8VBNl_VWP4DUVHvqEFKPD9n7xWXZFEgBhcs88-ggIX7L_-H0AGazG2byvHuOygnGkRciyqfSBVIvr7ROE2PK2oa9Sewg8xYQOJnR18NZUfc",
      "nome": "The Murderous Intent Boils! The Joyful Grimmjow"
    },
    {
      "numero": 166,
      "url": "https://www.blogger.com/video.g?token=AD6v5dz_C7ceVc3uKbOoPs-Uz2QLuA_yAxR4NceYhBLZHC9DhHdNPa5lycV3hHvQvZQDGhfZ_baZKphOgn9ML3hFj5o5zEfEeazQb95Jhy2-K_a54VVLXsjMxWBjM1gdGo4LdqC0cqE",
      "nome": "Desperate Effort vs. Desperate Effort! Hollowfied Ichigo"
    },
    {
      "numero": 167,
      "url": "https://www.blogger.com/video.g?token=AD6v5dwwrNjMrwDuHwvAIlgf1x0G0PvgZ8PO3paj9R-ZsQlonMQVH7-ASV3so3V1i-DmyMLjDTC8J8rEGe2zLp7vsihKfndgdWfoQPacnebloV4XTK8TQoGSW8uVYA0xJYmjY96H37g",
      "nome": "The Moment of Conclusion, The End of Grimmjow"
    },
    {
      "numero": 168,
      "url": "https://www.blogger.com/video.g?token=AD6v5dz3LFCDndKtZFNEM9slxpSnaCGuJpePELz5FWBZIOwLDFYE6ql-0vrGgsuazwCIejzwpf7H5V9hlPVh8y1bf_QmF4CKEKDeCAPkcOEUqgTGFgLlO7KSPCsVxGp5YnBJHaCGIA",
      "nome": "The New Captain Appears! His Name Is Shusuke Amagai"
    },
    {
      "numero": 169,
      "url": "https://www.blogger.com/video.g?token=AD6v5dxumZUX8l_Gj1jQWqwUeuO7fpZ2oVMFL96qgD-b3ul9rlejTkwJ9svUAb14YqwqUDePtonEOiH7bUg1tuHIc6a8-G46-E47OZDdeBDW3hnZT7VwI47djMWhRT-MTmd08936Nps",
      "nome": "New Development, the Dangerous Transfer Student Appears!"
    },
    {
      "numero": 170,
      "url": "https://www.blogger.com/video.g?token=AD6v5dyFoUJa5XMor-QLuzuaY4egWsEYPgZC2KDw3QEQoAinYOlkCF2tdWiLoq9qETIc1wU-A413bc-WRvoM-HEQDtk4bGzJNkjy01q-cUoC_wVcH0SCobWPzsCyJK8HZA56cvDcHVA",
      "nome": "Desperate Struggle Under the Moonlit Night, the Mysterious Assassin and Zanpakuto"
    },
    {
      "numero": 171,
      "url": "https://www.blogger.com/video.g?token=AD6v5dxC6VqBmcbl2QPJuoImq0CnSRgjl-tg5HkeokoEpQQfmaifao4RU5iOgM2tFaNp1Q_LIOIQTNtsFg95KBbj9T7mg5WckGmMMHaxBQ644JRUUK2YSh-9ArUJ2zPU7ApskLDm73k",
      "nome": "Kenryu, the Profusion of Blooming Crimson Flowers"
    },
    {
      "numero": 172,
      "url": "https://www.blogger.com/video.g?token=AD6v5dyrmUX99OiJFhuZjnrQTm_JqQ4PbtqVxOKOp8Qe_oyexCva4vvCqpBkDm2OXXLccaIb81ZGNoyN98_BSslY0cBI5s-_uHZzNFBYvphme99ySeM1_FgDpcSMl97DR_b6W-w2hQE",
      "nome": "Kibune Goes to War! The Violent Wind that Rages"
    },
    {
      "numero": 173,
      "url": "https://www.blogger.com/video.g?token=AD6v5dyXWEO8q9Z9ulgfBKRG8ySNA2vVtx4qW32Y3LeHSTbWmeVcjokMPUxyBFpKRCqBu6Oy7S4lmUJQhuuXGE19rSwZguf8TtUKyQOg4wPLV5TAck2xDaieoi0Nq31fR3fWaMmIHFo",
      "nome": "The Appearance of the Great Evil! The Darkness in the House of Kasumioji"
    },
    {
      "numero": 174,
      "url": "https://www.blogger.com/video.g?token=AD6v5dxdUh4raLp-9bOR6ZN6nL4LmuMQp2_rJmBpr8rOdY3ckrtfGW2BZK0Sq_5S0itkqAia2oL31sDOGQ-80ekQaHAWYmd6F3j9kGwDU3Pr4YzhMbMwhPUZ1flpbH7MRjNOdFiEXTP0",
      "nome": "Break the Mirror's Boundary! Ichigo's Captivity"
    },
    {
      "numero": 175,
      "url": "https://www.blogger.com/video.g?token=AD6v5dyzrXaBvloGmQCjxLbERVokkWcOMybKLliNd8Uyl3HgVRfu6Xd5tOISEzHBFb1Ezoy147hoMRQIWEuM7cqtFng3irAsR-PHTej0dTzIb0-iPd_t3Q4JkazgZEF3i2PfnQz3pzaE",
      "nome": "The Revenging Assassin, Ichigo is Targeted"
    },
    {
      "numero": 176,
      "url": "https://www.blogger.com/video.g?token=AD6v5dy2tCBp0qEubxNE5pHCBvc-yv6A-BZakgHXIJRddb9JiSGv622NTRlSK9AXnh-oSmk3grzUnlC9OYXUFcO18K_rEGsFD57Rz-j0wG8eQnE0wRJC9DaT4elTFS0dVwvylBDteqjX",
      "nome": "Mystery! The Sword-Consuming Assassin"
    },
    {
      "numero": 177,
      "url": "https://www.blogger.com/video.g?token=AD6v5dwbKpaLqzm8rJPT8don5_Vp11DJewrwohE4JLVnMfs3vJjmJSXX_CseBJbj7AuFMLM47wkylOd_oNm6a5HeA6Yrxmh2cMi0XdtkKHjnmsvcIYeI_uPfKlZ9oSWS56duVr7GO0Q",
      "nome": "The Reversal of Rukia! The Rampaging Blade"
    },
    {
      "numero": 178,
      "url": "https://www.blogger.com/video.g?token=AD6v5dxR43iuD02jyeXzDRKZ3OSMMI7vGWtHCLve46UaOpeuENzV_MeYfzsHnxP2qiJnXhNlNlUMT87xnqutfsELbh22KdVsQTeQi6osxk2KO0gUVyrJXEh2shcR_5Q2ClG7kO8EOTUX",
      "nome": "The Nightmare Which is Shown, Ichigo's Inside the Mirror"
    },
    {
      "numero": 179,
      "url": "https://www.blogger.com/video.g?token=AD6v5dwIWD3VBr3rPu9FlMRo4d45_WuOCNgBl2mG_i-cq6_yIr9vhy_lFrrnIRHhNQYfMz0efGrUVi5ijfy6gPCPHDnf4bWbvVwZibxvehGJN8oBEOeK6S4eACa8VO8b0ZhDteYblICH",
      "nome": "Confrontation!? Amagai vs. Gotei 13"
    },
    {
      "numero": 180,
      "url": "https://www.blogger.com/video.g?token=AD6v5dzXm3HB41o7W-hOh0kVPbiIQYD6X77H56GvLbw11k20-k5sY9IFNJ0t1UOOsv0BQZK8fWJBYCnEw6UITm-eq20UO5JHUDari-ibBfrSVwEZfJfldDubIj4HFUrmlXTV7j78sEM",
      "nome": "The Princess's Decision, the Sorrowful Bride"
    },
    {
      "numero": 181,
      "url": "https://www.blogger.com/video.g?token=AD6v5dxjY78ns5XhZTPdgd2tBE1WYe3XTd3XuLsT_lowhnKprFgV_eQ_DUfRsRKxg8_dGcO-2z716iDYNYu0ZrnkjsuTI_G4MVJAX5HjDsWUaZecXGNd-r-dvXp9XLnv10vIOhe5agc",
      "nome": "The 2nd Division Sorties! Ichigo is Surrounded"
    },
    {
      "numero": 182,
      "url": "https://www.blogger.com/video.g?token=AD6v5dzaPImi400sPJTIigsBx462lWHoTMMV3wrKhUdBLRjm3Qz4MBQ3aW9U9qlv69MISBhSRPH-Bv3vi123Ytitpbhlw8F8E85Ye7dtGx2ao8P7boNvbGrfn75tWWRb__I_bKF1-3s",
      "nome": "Amagai's True Strength, the Released Zanpakuto!"
    },
    {
      "numero": 183,
      "url": "https://www.blogger.com/video.g?token=AD6v5dxVEJbKtTgIbkGvitcKNa8Cf4bYSQxbYDj40P15ZabFIS74O4iPcyssZbJ7nPTNkkeLOCOzirLQitKqyud9xxtxuNCCZxoKTZQchCEuh1qJeReJjHtQ7woBLJNIC3KO26qGM20",
      "nome": "The Darkness Which Moves! Kibune's True Colors"
    },
    {
      "numero": 184,
      "url": "https://www.blogger.com/video.g?token=AD6v5dxp9IosAgGpxdNWkq34Qn11IgMeky0TL0_fKSzOHKmwodnEs_GgrNZTH1zhPs63pWlFtHN_CEzel7g5uHlP0VyFodnJo4dXbggqpGVsXfHIIy5WkiUVThkH7KC1A9nPGih0VsCL",
      "nome": "Kira and Kibune, Offense and Defense of the 3rd Division"
    },
    {
      "numero": 185,
      "url": "https://www.blogger.com/video.g?token=AD6v5dx9soa5JXi1tPq09YgJB8XsLfJEeWvVhKzRbl-Adsn9cTmzx6qgjbELXdW8HOH7rRy0kiXzG-2cvN2c4aFhbwe3cLSwxJZO-Qz2hoxZnqu_LHjgy5Bl0F_Cc-LuSYIeF5PzFGpm",
      "nome": "Ice and Flame! Fierce Fight of Amagai vs. Hitsugaya"
    },
    {
      "numero": 186,
      "url": "https://www.blogger.com/video.g?token=AD6v5dxoRSfoqMzuxp2ij5MYGf1mD8VmBBAlikxnFbDmrWm34QsLBIVLCfjQT4dPU2UYkA09y6XfilmgUkpGf9rbodsiRMoA8wZkCISKmoOhnSidslGSxrOnBEtarfI577cn9Bve1FHu",
      "nome": "Sortie Orders! Suppress the House of Kasumioji"
    },
    {
      "numero": 187,
      "url": "https://www.blogger.com/video.g?token=AD6v5dwKkng5SbGGL6Ft9p_iYZCXBsz1w0o-nE7pR6fVTH0lq7qEkkqqrgXQiemO-yHZ0zbGBvvkcEVo2c8Fg2_m9eiWkwzL_qk-n6TFqAR1Dg5vVpO8hprYLnmcOP9m83HZ_1GYpzwu",
      "nome": "Ichigo Rages! The Assassin's Secret"
    },
    {
      "numero": 188,
      "url": "https://www.blogger.com/video.g?token=AD6v5dztSCPN2wlc4iLU8nfryyjqhiIeEam23Teaf9UBH0vW29D5i2uYGwamdJe1oAFyt8SBKH13N5B5KMAafpxA9lDqMVcOaWO-8ssZVIEOroqc5sPKlteo1ix5uUsAveFsZ6bQI_4",
      "nome": "Duel! Amagai vs. Ichigo"
    },
    {
      "numero": 189,
      "url": "https://www.blogger.com/video.g?token=AD6v5dwRno8qDACmy8A8WyRT8rZdgauO0ZOuSsW48AtrwuIDMGmAy4WkiV4lJH2_9NVw9PgSwEstCt08k7sXGsgtIs73wI4mwYdo4zubQaxKj68IQwBq9e8PPqByZe6TQyPy3-ySnA",
      "nome": "The Fallen Shinigami's Pride"
    },
    {
      "numero": 190,
      "url": "https://www.blogger.com/video.g?token=AD6v5dywxODR3hmAFs3ilxWkjTKHGlwmqPlE4smyixiOs3ktoe9BHjSOK7MQF71OiSOOaCZzPjZJ42Yk2_314L-YkGuXzCF5XwBYTx0gE3GyA4TSVx_DW1txdFKMBdFxRc5BrMQcFXY",
      "nome": "Hueco Mundo Chapter, Restart!"
    },
    {
      "numero": 191,
      "url": "https://www.blogger.com/video.g?token=AD6v5dySRpAsNE0fC-EZ5CPkhjHDjkIMIN1nRFBr8q6RcqnMdwlDUTgV09v0svXSvvhaU2UM_WAtevjeWfas0oLCT_FZhI9w1RzmxrSd2AiMxBxEYomMMb10fqMH59Qz_JqenC4ZRtm-",
      "nome": "The Frightening Banquet, Szayel Aporro Theater"
    },
    {
      "numero": 192,
      "url": "https://www.blogger.com/video.g?token=AD6v5dx8zKr9QAfdHuHo429b2IsJXoenKoRTfOny8KG0iGL9yHTWKfB24BqHsxTtAsL7aIJNv9jrNvqnVke3OGt2Ra84g4LIuBPx9tILihV27eY2ZYeA-hjpBYe4L0MDdeEBVL3Sgy18",
      "nome": "Nel's Secret, A Busty Beauty Joins the Battle!?"
    },
    {
      "numero": 193,
      "url": "https://www.blogger.com/video.g?token=AD6v5dw-gj4P-QFzvloWYth-x9pHQSa7ZiSezo2Q4ji3czgMHOlAzfjW122xxBR0hR1xk5xYe7YhrbuMFQodGJk-iPpa3nitDsEujlfy-A-KGucitaVgwK_TnnRg_AfRPcSkGNe1iSg",
      "nome": "Irresistible, Puppet Show of Terror"
    },
    {
      "numero": 194,
      "url": "https://www.blogger.com/video.g?token=AD6v5dy0j9KLOnORt0-HM_HrEJF6bN8DNreOwzOHwiN86FcxDcKDcZIvFqXNg-o6ziB5O5DWINGQ4kI9NxrbpNUIR-hhE08D9cEbjsbmPRlLovy8-5rS__7m4Zb5ehJVo4RGq0CrWjs",
      "nome": "Neliel's Past"
    },
    {
      "numero": 195,
      "url": "https://www.blogger.com/video.g?token=AD6v5dyUbs_wxesXUIpMhPA1jEZ2qqO-84MKsGlG8rOJ4oWnUsfYYHAlEOYYHztWv_Y0h2Hp1gd0HZiKA2qBr9igXcowC_-10JxSbQKvMmDjcbFN2UccMbxNrCgYaM6zyN3IUAprXw",
      "nome": "The Ultimate Union! Pesche's Seriousness"
    },
    {
      "numero": 196,
      "url": "https://www.blogger.com/video.g?token=AD6v5dz-N5e6_hZVS4RW9n8BKILJ7xdGuak2gclmlnM47cNkQAGonHXVEEm3EMGsnXU3HP0cbHRJsMYMemD2iE3EBYYkzhP_WQNbUItIsskv9vxqvpfbmLrBrN9iW1QdM7rz8ZyomcI",
      "nome": "Joining the Battle! The Strongest Soul Reaper Army Appears"
    },
    {
      "numero": 197,
      "url": "https://www.blogger.com/video.g?token=AD6v5dynb07s7CNiZjfv_yRTSuAWL3_aC4QdNm7P0soyDs6WFTMsXkM7XkOjy1mxnUGJvG-wLAEyTsQQKw8ET1Vwy9PMDn9r9Nob9qF_-YXBGGbCLjGhlwjYrgfA8TYkQ6vJ_8dz8vZu",
      "nome": "Byakuya's Bankai, The Quiet Anger"
    },
    {
      "numero": 198,
      "url": "https://www.blogger.com/video.g?token=AD6v5dzAR66kRO5U9ZA15fja8uGO-MaT5Crl1m7UA4h3f6GxupkI7utaCcBKHh6qnARtN37XjM6wQSPAwskwU8RtzZmYxRB3zcuRoHDpfAPhg3cPWjnj9nYwMOzRAZuXFOR7vy5DerM",
      "nome": "The Two Scientists, Mayuri's Trap"
    },
    {
      "numero": 199,
      "url": "https://www.blogger.com/video.g?token=AD6v5dwmNC0ekMNtQusLzOOOS3XiIKTvdXXt3drwHyasEseNJYklWSrS3RPCIEaGXIAbSHg7fwvid9DsURygwg9NoS6dEmsAFo7VOVy0Pwjb5FKb_Kov0PFk_JEwhIiuJYSK000APtw",
      "nome": "Holy Birth, The Resurrected Szayel Aporro"
    },
    {
      "numero": 200,
      "url": "https://www.blogger.com/video.g?token=AD6v5dymu1vNyfPcw3OjNjA1E6QrkcD26rLvi2_CnD-CEOpl0J6Noi0pJ9YjZAYpP7800_SzPoPCCcc9rUbpeLPc59IZJeMbfP9n6-QEzgFn418xrvpPp-UYo9LjZtqQo4gnOzCpZ_I",
      "nome": "The Hardest Body!? Cut Down Nnoitra"
    },
    {
      "numero": 201,
      "url": "https://www.blogger.com/video.g?token=AD6v5dx34CwOcrd6QCYOWEapLLE3wns4q-CoEotx30e-0laWG9FeVZuIZ4VjUjuMUQ9S9FpGWgucteFtvZGnJjcqkk-mkYsNQZbnDENVK6dXAislaoO4Q_GHu2DLgGfrhVG8sQ_NU4GR",
      "nome": "Nnoitra Released! Multiplying Arms"
    },
    {
      "numero": 202,
      "url": "https://www.blogger.com/video.g?token=AD6v5dyfVKACPusCjpVNkymi-8wJT6jpnaS78HQg94Re7hxmgn2TqVZ8Hn83kALYWoH4Zl_CTP-7u69-h7jG1SM5yJWmf0eI9tU0dv5GvEhTXqK4k9FHjo2NQfi3fewY51KrGVlE-74",
      "nome": "Fierce Fighting Conclusion! Who's the Strongest?"
    },
    {
      "numero": 203,
      "url": "https://www.blogger.com/video.g?token=AD6v5dzFlCJ5arbyDcFMKRWLWpFkLL99YwKugjQCDEF6kj6IfEfEO4q5wUBW2rcw-DASpz6dH0LyZyPpDy2zQTfvgJpusFCPPkME0IpXLXQI45Tr1q1g70yp5u63k5PvTQWb3pXhgId-",
      "nome": "Karakura Town Gathers! Aizen Versus the Soul Reapers"
    },
    {
      "numero": 204,
      "url": "https://www.blogger.com/video.g?token=AD6v5dxPK61bRwQ3JItKsZNnFiVp0HDqcxO3sz_DCS4d9R_ncEbKKZ51koQ3798Qrf-BCJnhpTFddEKDfQaZjedo5ZAUA6eoQkdHfAOdnpj2X-P-DUo57VO5jHfa5EFmNitLHF4xFhw",
      "nome": "Ichigo's Seppuku Persuasion Strategy ☆"
    },
    {
      "numero": 205,
      "url": "https://www.blogger.com/video.g?token=AD6v5dwt0bAXfqsCWLbPVuFlMS9G07fpdvDganYfhe-lqmq48eO2vE2fo5zS4o_qBZL2hD4YnNPzfbqNPMS_iBp_okJU0k1XA1Vxu4aq3uJPuPQt0UhUwWDYrGwNEA9C2RXr2RX5xg",
      "nome": "Thump! A Kemari Tournament Filled with Hollows"
    },
    {
      "numero": 206,
      "url": "https://www.blogger.com/video.g?token=AD6v5dzQL0GclyEhDkAgqm4Vcx5NOTsbMXfS-S8aCgw37Z1tqy9CEAQ6FWTWGnaOrVwsnidVTXH_7lE0Ythogcz4wR_pPCIVDYjN78xVJUf84j_IwBYMMUVh7kIWtP5m067_IMDhDR34",
      "nome": "The Past Chapter Begins! The Truth from 110 Years Ago"
    },
    {
      "numero": 207,
      "url": "https://www.blogger.com/video.g?token=AD6v5dz_fPNxCfmjI7Zn9P0XGnOVWjY-JkMRZobPUnMATxDDejddiTnMa9bLmwelwHBf0dozG9FCv6HgFvZqpcs_g6i5cM-zzmbhDLws6OVV8lU6aiLdleHybPlBbvXmJsWcnDuao0fJ",
      "nome": "12th Division's New Captain, Kisuke Urahara"
    },
    {
      "numero": 208,
      "url": "https://www.blogger.com/video.g?token=AD6v5dzOnhCsY7yp1SVHXFXSbmqHWdEsOqO-Krk6xHDw1elyZSJyTtSgMg7peKfPjQFdj92HIVJr0SWxG9fEnabrSYVFzbnQobUceYnDrOO3Il9OvCXADQtHe3-Tdto9P85NnVph1n_K",
      "nome": "Aizen and the Genius Boy"
    },
    {
      "numero": 209,
      "url": "https://www.blogger.com/video.g?token=AD6v5dywacxBYaAbhpWi5xP2_gN7hhG4uTDb4LCq5sjgUcrHlRu0haxYHDXRerThO0AW9XNSU2zWcZB2ZV_rYvb9NZz-WI7PmAmrXQt7Q8YiYU9dcJQYV9zuuPa_j-bGppjqS2fkaKGJ",
      "nome": "Muguruma 9th Division, Moves Out"
    },
    {
      "numero": 210,
      "url": "https://www.blogger.com/video.g?token=AD6v5dxm67hXTW2wSf_XZFUOZYqNqITgA2ifX7EPA0QB0V-mjmeeM9QCfc7p70lRlLei89JxsuAR3RhNPA1eMBT0Cpa4zn7vwQPmqp_IWBmct7nV03zMyKtyQaJh9fgy5tUXQhppBAOV",
      "nome": "Hiyori Dies? The Beginning of Tragedy"
    },
    {
      "numero": 211,
      "url": "https://www.blogger.com/video.g?token=AD6v5dxsw6Q-TPc87h4jU6yYkHrgRjkOGxNDcUgeid7gZRHLrckKHR1EuS0oRokV7c1totWMQnyNuTbeeW3ghnxz0bIoguMRZZPNIg6Pci0QopmKw7pIGF0nhDNty4oY0VAEeg7lRvJ4",
      "nome": "Betrayal! Aizen's Secret Maneuvers"
    },
    {
      "numero": 212,
      "url": "https://www.blogger.com/video.g?token=AD6v5dyUwDvSwT6czpEvMwZ73UupHGM5lUV0VWSnd_4iEsCYNJPufRxgMcC3yVLdPto9Rl-B44ZgcgEI2Q3rBBc-6CrRqqU-t29YJK4H9KwVhUhVSf0rlS42ym7poGu_Mnlf-MyJ0b1G",
      "nome": "Rescue Hirako! Aizen vs. Urahara"
    },
    {
      "numero": 213,
      "url": "https://www.blogger.com/video.g?token=AD6v5dzlM5-TU_x3chABX8U7o7yFqldAU903jqvCb_8CSCyxgzURop4qiDpR2-elqcAeWT36ztsNZ93xD22J8ZbqdVkExwDrxm_eHY5EX6nJpCxY8guNPfRb5hkTQqOHxBNEfzitFWs",
      "nome": "The Konso Cop Karakuraizer is Born"
    },
    {
      "numero": 214,
      "url": "https://www.blogger.com/video.g?token=AD6v5dy8mTQyAAlzXUHbJEQwjLJBj-DUqAZLkjHBRSYOpVGxA-q0mnYPQDoTvmdlNZ1N9gexGIOQiuCv5LTXDIcgj-7w-2B-jyzL3pjGE6MXcW_aEGNDM4ScfrOoiruuT_4lvvMSUWc",
      "nome": "Karakuraizer's Last Day"
    },
    {
      "numero": 215,
      "url": "https://www.blogger.com/video.g?token=AD6v5dzj2Sp1iq28q4vaRMtwABZm8t9K5RX5oaRNEQvuCRQ-4nlTEUF7EavIjoILyLUwCffDCpPtnpCZduqj_QGmdq1VMCmONz_NnXPCgxltaFDmw9Q4TehPHv1_gx_85s5_YzsbRCc",
      "nome": "Defend Karakura Town! Entire Appearance of the Shinigami"
    },
    {
      "numero": 216,
      "url": "https://www.blogger.com/video.g?token=AD6v5dxCS9wFhPrDor_q5dwdjJBiN_nDwO9zSmatvlCiXjIySBB7X6lc00DGaBAzf4wxg3VAVPVhgSs5PCAFBl25CYsZB4NV38-mG6at7mXIAMtrCcft1i0UrnKO_mGoG7hsCDRRwV_t",
      "nome": "Elite! The Four Shinigami"
    },
    {
      "numero": 217,
      "url": "https://www.blogger.com/video.g?token=AD6v5dwpIXYSwlrtx-w8avDMinlY_PVp9xG3DtkjE3tlKU5sHH8RiMjQEEu_IetLsoVXRZ8XdNhFQwWbLFT6dH_PCxDwOJWfp8guTm1_KvEx7D7gF3BFQPa035222TlZygQp4P4E_I05",
      "nome": "Beautiful Little Devil Charlotte"
    },
    {
      "numero": 218,
      "url": "https://www.blogger.com/video.g?token=AD6v5dyGu3dmanrlOhSBV4IgChfznl6wr25sw8SF23DJPbcLsEyjj5TBujoP9hv1u2ZSZ2IQtGaGMCIm4W7wyFyuw-aIlerAEtwHddaP4lubL4x7LPryewwQ6M6y6XD9GPLVPNpN",
      "nome": "Kira, The Battle Within Despair"
    },
    {
      "numero": 219,
      "url": "https://www.blogger.com/video.g?token=AD6v5dyVOoK1-s7L8_3J5eff55gYjHn_dsoj73yZbgeTSlOsOtJ0DpbtieVbJjK4vAiUtvdAnZFuRZcako7ShmNJNinMjvSHdC3kJvdBZ43y6vFSpa6935w0v8vjflFhzpenugoZGfC5",
      "nome": "Hisagi's Shikai! The Name is..."
    },
    {
      "numero": 220,
      "url": "https://www.blogger.com/video.g?token=AD6v5dypdVkXaoJwtGUHy_eWS7Lh8RBqeClLxsvAgL8RKHMFCNZacKLrqRCftUlvtf4wjX2awmadX4vTPDshZ0hNU2sBCbchP5WWn1Dm2ea3aO0rY1S0WE2TycmQVN-NtakcDsdKQHgj",
      "nome": "Ikkaku Falls! The Shinigami's Crisis"
    },
    {
      "numero": 221,
      "url": "https://www.blogger.com/video.g?token=AD6v5dzgs5ii4SzllfJuIyb3mA0mn8A5O84KtISjBwtjiPCC8KE1-YZCR9_1-_NNW3jacHrtpb6SusMUn_2iDG3yovM11TtKC6rFwrVAvJCLcXaxH-3hOc3J-VNVzzj3qIMss4q9N3L6",
      "nome": "The Full Showdown! Soul Reapers vs. Espada"
    },
    {
      "numero": 222,
      "url": "https://www.blogger.com/video.g?token=AD6v5dxQNBo1MUjCX9iNE4HUTr4uknKjXaooYOMXX7zs-xuOxTSLYgRpuWt4hKdIfhIe70wQwXiF2_tdWUD8jljEvikd4j6ueBJ8Hua6tbdRNLHVKjW6oyCYqIDzSAnggXeeK62-C5c",
      "nome": "The Most Evil Tag!? Sui-Feng & Omaeda"
    },
    {
      "numero": 223,
      "url": "https://www.blogger.com/video.g?token=AD6v5dybQs0vMSQk8nUJUgNztP-Y1npjtzx3hssFFtT84MC_a8vyN6zfIsHcxOGXXTcCifcYlnDTmGn6J5fiibFqbmqeRwyE5n2apxm0tXW2iqrJF3ExS_LcHh7s-UJWHtK5XyG1cWoo",
      "nome": "A Miraculous Body! Ggio Releases"
    },
    {
      "numero": 224,
      "url": "https://www.blogger.com/video.g?token=AD6v5dzJOQ8Vc5Vv3vfQpfLc9lnTBTGMNwGLOazu59i501m9qWelODnjjue0rC9QFD9evH4fBUjT8BRxR27_kWWbpxJMKvS-tsiKy8_OIh7geyh0-okAmhyn_Bh7kVx5wiQHOeg0yIcL",
      "nome": "3 vs. 1 Battle! Rangiku's Crisis"
    },
    {
      "numero": 225,
      "url": "https://www.blogger.com/video.g?token=AD6v5dyKdwj4Xe-fcPUweOqYx6KpCJwcp3tklaD7RIm2mjVLOsUfgDjXA_D8un_YLTEeEt17PkP4VAyPnEbsjqNJ2lSFfUhdsphTPEqGnQCdQftfc1qeKVFTxPwq7_bLjStHa9PhLuM",
      "nome": "Vice-Captains Annihilated! The Terrifying Demonic Beast"
    },
    {
      "numero": 226,
      "url": "https://www.blogger.com/video.g?token=AD6v5dwuBz3X17j9zkkzAeABDgj-eRH4J_qjUcAAr8d8AY2xZtRG9iqlhSUNHdyJGgidWEuvZeykcfhV6tsmeXX9-87pOH-5cN77tvuJDSkTYS8u8LmB3vs18poHKmea8t1Bovp7nYI",
      "nome": "Fierce Fighting Concludes? Towards a New Battle!"
    },
    {
      "numero": 227,
      "url": "https://www.blogger.com/video.g?token=AD6v5dx7OdPBiLhhw17h1g3-jwGpseF-zacp1K_rEgCk4ScG0GIxaWPAMLBFreIW8OrFyTgff8PRrJaRW7T6zSMSf14LQcJsP17_SR6_pDSYlyfSHBDGfcNMI5i8lTOzpYa1NzUs7OmR",
      "nome": "Wonderful Error"
    },
    {
      "numero": 228,
      "url": "https://www.blogger.com/video.g?token=AD6v5dzw615axdkWL6zHpXzaRf9BwO2pk2PcJpd4Matq0_beedE-OUDueZiIZbrONAzqv7SSGRTY_5g37bluJfYPochSKQ3lzNijLVe6ilSq24p1iMjy4VuSqrXBUAxKd0Dl8nT4GJaI",
      "nome": "Summer! Sea! Swimsuit Festival!!"
    },
    {
      "numero": 229,
      "url": "https://www.blogger.com/video.g?token=AD6v5dx1VVvFVFwjR8OpRuEuBwJt8pGhQ9GTCFMzEqejheL4MScNWT81dLhKZSkjfnF9RfwLYOTvjwhjVIbz16497YkuDZrDG2or2TFCIYTPNy0WHA2CWU7CGlZih1u58omgN95Pz3w",
      "nome": "Cry of the Soul? The Rug Shinigami is Born!"
    },
    {
      "numero": 230,
      "url": "https://lightspeedst.net/s5/mp4/bleach-dublado/fhd/230.mp4",
      "nome": "A New Enemy! The Materialization of Zanpakuto"
    },
    {
      "numero": 231,
      "url": "https://lightspeedst.net/s5/mp4/bleach-dublado/fhd/231.mp4",
      "nome": "Byakuya, Disappearing with the Cherry Blossoms"
    },
    {
      "numero": 232,
      "url": "https://lightspeedst.net/s5/mp4/bleach-dublado/fhd/232.mp4",
      "nome": "Sode no Shirayuki vs. Rukia! Confused Heart"
    },
    {
      "numero": 233,
      "url": "https://lightspeedst.net/s5/mp4/bleach-dublado/fhd/233.mp4",
      "nome": "Zangetsu Becomes an Enemy"
    },
    {
      "numero": 234,
      "url": "https://lightspeedst.net/s5/mp4/bleach-dublado/fhd/234.mp4",
      "nome": "Renji Surprised?! The Two Zabimarus"
    },
    {
      "numero": 235,
      "url": "https://lightspeedst.net/s5/mp4/bleach-dublado/fhd/235.mp4",
      "nome": "Clash! Hisagi vs. Kazeshini"
    },
    {
      "numero": 236,
      "url": "https://lightspeedst.net/s5/mp4/bleach-dublado/fhd/236.mp4",
      "nome": "Release! The New Getsuga Tensho"
    },
    {
      "numero": 237,
      "url": "https://lightspeedst.net/s5/mp4/bleach-dublado/fhd/237.mp4",
      "nome": "Sui-Feng, Surrounding the Zanpakuto"
    },
    {
      "numero": 238,
      "url": "https://lightspeedst.net/s5/mp4/bleach-dublado/fhd/238.mp4",
      "nome": "Friendship? Hatred? Haineko & Tobiume"
    },
    {
      "numero": 239,
      "url": "https://lightspeedst.net/s5/mp4/bleach-dublado/fhd/239.mp4",
      "nome": "The Awakening Hyorinmaru! Hitsugaya's Fierce Fight"
    },
    {
      "numero": 240,
      "url": "https://lightspeedst.net/s5/mp4/bleach-dublado/fhd/240.mp4",
      "nome": "Byakuya's Betrayal"
    },
    {
      "numero": 241,
      "url": "https://lightspeedst.net/s5/mp4/bleach-dublado/fhd/241.mp4",
      "nome": "For the Sake of Pride! Byakuya vs. Renji"
    },
    {
      "numero": 242,
      "url": "https://lightspeedst.net/s5/mp4/bleach-dublado/hd/242.mp4",
      "nome": "Shinigami and Zanpakuto, Total Sortie"
    },
    {
      "numero": 243,
      "url": "https://lightspeedst.net/s5/mp4/bleach-dublado/fhd/243.mp4",
      "nome": "One-to-One Fight! Ichigo vs. Senbonzakura"
    },
    {
      "numero": 244,
      "url": "https://lightspeedst.net/s5/mp4/bleach-dublado/fhd/244.mp4",
      "nome": "The Long Awaited... Kenpachi Appears!"
    },
    {
      "numero": 245,
      "url": "https://lightspeedst.net/s5/mp4/bleach-dublado/fhd/245.mp4",
      "nome": "Pursue Byakuya! The Confused Gotei Divisions"
    },
    {
      "numero": 246,
      "url": "https://lightspeedst.net/s5/mp4/bleach-dublado/hd/246.mp4",
      "nome": "Special Mission! Rescue Captain Commander Yamamoto!"
    },
    {
      "numero": 247,
      "url": "https://lightspeedst.net/s5/mp4/bleach-dublado/fhd/247.mp4",
      "nome": "Deceived Shinigami! The World Collapse Crisis"
    },
    {
      "numero": 248,
      "url": "https://lightspeedst.net/s5/mp4/bleach-dublado/fhd/248.mp4",
      "nome": "Dragon of Ice and Dragon of Flame! The Strongest Showdown!"
    },
    {
      "numero": 249,
      "url": "https://lightspeedst.net/s5/mp4/bleach-dublado/hd/249.mp4",
      "nome": "Senbonzakura's Bankai! Offense and Defense of the Living World"
    },
    {
      "numero": 250,
      "url": "https://lightspeedst.net/s5/mp4/bleach-dublado/fhd/250.mp4",
      "nome": "That Man, for the Sake of the Kuchiki"
    },
    {
      "numero": 251,
      "url": "https://lightspeedst.net/s5/mp4/bleach-dublado/fhd/251.mp4",
      "nome": "Dark History! The Worst Shinigami Is Born"
    },
    {
      "numero": 252,
      "url": "https://lightspeedst.net/s5/mp4/bleach-dublado/fhd/252.mp4",
      "nome": "Byakuya, the Truth Behind His Betrayal"
    },
    {
      "numero": 253,
      "url": "https://lightspeedst.net/s5/mp4/bleach-dublado/fhd/253.mp4",
      "nome": "Muramasa's True Identity Revealed"
    },
    {
      "numero": 254,
      "url": "https://lightspeedst.net/s5/mp4/bleach-dublado/fhd/254.mp4",
      "nome": "Byakuya and Renji, the 6th Division Returns"
    },
    {
      "numero": 255,
      "url": "https://lightspeedst.net/s5/mp4/bleach-dublado/hd/255.mp4",
      "nome": "Final Chapter: Zanpakuto The Alternate Tale"
    },
    {
      "numero": 256,
      "url": "https://lightspeedst.net/s5/mp4/bleach-dublado/fhd/256.mp4",
      "nome": "The Angered Byakuya! The Collapse of the Kuchiki House"
    },
    {
      "numero": 257,
      "url": "https://lightspeedst.net/s5/mp4/bleach-dublado/fhd/257.mp4",
      "nome": "A New Enemy! The True Nature of the Sword Beasts"
    },
    {
      "numero": 258,
      "url": "https://lightspeedst.net/s5/mp4/bleach-dublado/hd/258.mp4",
      "nome": "Stray Snake, Tortured Monkey"
    },
    {
      "numero": 259,
      "url": "https://lightspeedst.net/s5/mp4/bleach-dublado/hd/259.mp4",
      "nome": "Terror! The Monster That Lurks Underground"
    },
    {
      "numero": 260,
      "url": "https://lightspeedst.net/s5/mp4/bleach-dublado/fhd/260.mp4",
      "nome": "Conclusion!? Hisagi vs. Kazeshini"
    },
    {
      "numero": 261,
      "url": "https://lightspeedst.net/s5/mp4/bleach-dublado/fhd/261.mp4",
      "nome": "The Person with the Unknown Ability! Orihime Is Targeted"
    },
    {
      "numero": 262,
      "url": "https://lightspeedst.net/s5/mp4/bleach-dublado/fhd/262.mp4",
      "nome": "Haineko Cries! The Tragic Sword Beast!"
    },
    {
      "numero": 263,
      "url": "https://lightspeedst.net/s5/mp4/bleach-dublado/hd/263.mp4",
      "nome": "Imprisonment?! Senbonzakura & Zabimaru"
    },
    {
      "numero": 264,
      "url": "https://lightspeedst.net/s5/mp4/bleach-dublado/hd/264.mp4",
      "nome": "Battle of the Females? Katen Kyokotsu vs. Nanao!"
    },
    {
      "numero": 265,
      "url": "https://lightspeedst.net/s5/mp4/bleach-dublado/fhd/265.mp4",
      "nome": "Evolution?! The Menace of the Final Sword Beast"
    },
    {
      "numero": 266,
      "url": "https://lightspeedst.net/s5/mp4/bleach-dublado/fhd/266.mp4",
      "nome": "Ichigo vs. Ulquiorra, Resume"
    },
    {
      "numero": 267,
      "url": "https://lightspeedst.net/s5/mp4/bleach-dublado/fhd/267.mp4",
      "nome": "Connected Hearts! The Left Fist of Certain Death"
    },
    {
      "numero": 268,
      "url": "https://lightspeedst.net/s5/mp4/bleach-dublado/hd/268.mp4",
      "nome": "Hatred and Jealousy, Orihime's Dilemma"
    },
    {
      "numero": 269,
      "url": "https://lightspeedst.net/s5/mp4/bleach-dublado/fhd/269.mp4",
      "nome": "Ichigo and Uryu, Bonded Back to Back"
    },
    {
      "numero": 270,
      "url": "https://lightspeedst.net/s5/mp4/bleach-dublado/fhd/270.mp4",
      "nome": "Beginning of Despair... Ichigo, the Unreachable Blade"
    },
    {
      "numero": 271,
      "url": "https://lightspeedst.net/s5/mp4/bleach-dublado/hd/271.mp4",
      "nome": "Ichigo Dies! Orihime, the Cry of Sorrow!"
    },
    {
      "numero": 272,
      "url": "https://lightspeedst.net/s5/mp4/bleach-dublado/fhd/272.mp4",
      "nome": "Ichigo vs. Ulquiorra, Conclusion!"
    },
    {
      "numero": 273,
      "url": "https://lightspeedst.net/s5/mp4/bleach-dublado/fhd/273.mp4",
      "nome": "Fury of the Shark! Halibel's Release"
    },
    {
      "numero": 274,
      "url": "https://lightspeedst.net/s5/mp4/bleach-dublado/fhd/274.mp4",
      "nome": "Hitsugaya, the Desperate Hyoten Hyakkaso!"
    },
    {
      "numero": 275,
      "url": "https://lightspeedst.net/s5/mp4/bleach-dublado/fhd/275.mp4",
      "nome": "The Approaching Breath of Death, the King Who Rules Over Death!"
    },
    {
      "numero": 276,
      "url": "https://lightspeedst.net/s5/mp4/bleach-dublado/fhd/276.mp4",
      "nome": "One Hit Kill, Sui-Feng, Bankai!"
    },
    {
      "numero": 277,
      "url": "https://lightspeedst.net/s5/mp4/bleach-dublado/fhd/277.mp4",
      "nome": "Climax! Kyoraku vs. Starrk!"
    },
    {
      "numero": 278,
      "url": "https://lightspeedst.net/s5/mp4/bleach-dublado/hd/278.mp4",
      "nome": "The Nightmare Returns... Revival of the Espada"
    },
    {
      "numero": 279,
      "url": "https://lightspeedst.net/s5/mp4/bleach-dublado/fhd/279.mp4",
      "nome": "Hirako and Aizen...the Reunion of Fate!"
    },
    {
      "numero": 280,
      "url": "https://lightspeedst.net/s5/mp4/bleach-dublado/fhd/280.mp4",
      "nome": "Hisagi and Tosen, the Moment of Parting"
    },
    {
      "numero": 281,
      "url": "https://lightspeedst.net/s5/mp4/bleach-dublado/hd/281.mp4",
      "nome": "Crown of Lies, Baraggan's Grudge"
    },
    {
      "numero": 282,
      "url": "https://lightspeedst.net/s5/mp4/bleach-dublado/fhd/282.mp4",
      "nome": "Power of the Soul! Los Lobos, Attack!"
    },
    {
      "numero": 283,
      "url": "https://lightspeedst.net/s5/mp4/bleach-dublado/hd/283.mp4",
      "nome": "Starrk, the Lone Battle"
    },
    {
      "numero": 284,
      "url": "https://lightspeedst.net/s5/mp4/bleach-dublado/fhd/284.mp4",
      "nome": "Chain of Sacrifice, Halibel's Past"
    },
    {
      "numero": 285,
      "url": "https://lightspeedst.net/s5/mp4/bleach-dublado/fhd/285.mp4",
      "nome": "The Hundred-Year Grudge! Hiyori's Revenge"
    },
    {
      "numero": 286,
      "url": "https://lightspeedst.net/s5/mp4/bleach-dublado/fhd/286.mp4",
      "nome": "Ichigo's Return! Protect Karakura Town"
    },
    {
      "numero": 287,
      "url": "https://lightspeedst.net/s5/mp4/bleach-dublado/fhd/287.mp4",
      "nome": "Side Story! Ichigo and the Magic Lamp"
    },
    {
      "numero": 288,
      "url": "https://lightspeedst.net/s5/mp4/bleach-dublado/hd/288.mp4",
      "nome": "The Final Trump Card! Ichigo, Towards the Decisive Battle"
    },
    {
      "numero": 289,
      "url": "https://lightspeedst.net/s5/mp4/bleach-dublado/fhd/289.mp4",
      "nome": "Byakuya vs. Kenpachi?! The Melee Commences"
    },
    {
      "numero": 290,
      "url": "https://lightspeedst.net/s5/mp4/bleach-dublado/fhd/290.mp4",
      "nome": "For the Sake of Justice?! The Man Who Deserted the Shinigami"
    },
    {
      "numero": 291,
      "url": "https://lightspeedst.net/s5/mp4/bleach-dublado/hd/291.mp4",
      "nome": "Desperate Struggle with Aizen! Hirako, Shikai!"
    },
    {
      "numero": 292,
      "url": "https://lightspeedst.net/s5/mp4/bleach-dublado/hd/292.mp4",
      "nome": "All Out War! Aizen vs. Shinigami"
    },
    {
      "numero": 293,
      "url": "https://lightspeedst.net/s5/mp4/bleach-dublado/fhd/293.mp4",
      "nome": "Hitsugaya, Enraged! Blade of Hatred!"
    },
    {
      "numero": 294,
      "url": "https://lightspeedst.net/s5/mp4/bleach-dublado/hd/294.mp4",
      "nome": "Impossible to Attack? The Sealed Genryusai!"
    },
    {
      "numero": 295,
      "url": "https://lightspeedst.net/s5/mp4/bleach-dublado/fhd/295.mp4",
      "nome": "It's All a Trap... Engineered Bonds!"
    },
    {
      "numero": 296,
      "url": "https://lightspeedst.net/s5/mp4/bleach-dublado/fhd/296.mp4",
      "nome": "The Shocking Truth...The Mysterious Power Within Ichigo!"
    },
    {
      "numero": 297,
      "url": "https://lightspeedst.net/s5/mp4/bleach-dublado/fhd/297.mp4",
      "nome": "The Extending Blade?! Ichigo vs. Gin!"
    },
    {
      "numero": 298,
      "url": "https://lightspeedst.net/s5/mp4/bleach-dublado/fhd/298.mp4",
      "nome": "Film! Festival! Shinigami Film Festival!"
    },
    {
      "numero": 299,
      "url": "https://lightspeedst.net/s5/mp4/bleach-dublado/fhd/299.mp4",
      "nome": "Theatre Opening Commemoration! The Hell Verse: Prologue"
    },
    {
      "numero": 300,
      "url": "https://lightspeedst.net/s5/mp4/bleach-dublado/fhd/300.mp4",
      "nome": "Urahara Appears! Stop Aizen!"
    },
    {
      "numero": 301,
      "url": "https://lightspeedst.net/s5/mp4/bleach-dublado/fhd/301.mp4",
      "nome": "Ichigo Loses His Fighting Spirit!? Gin's Expectation!"
    },
    {
      "numero": 302,
      "url": "https://lightspeedst.net/s5/mp4/bleach-dublado/fhd/302.mp4",
      "nome": "The Final Getsuga Tensho!? Ichigo's Training!"
    },
    {
      "numero": 303,
      "url": "https://lightspeedst.net/s5/mp4/bleach-dublado/fhd/303.mp4",
      "nome": "Real World and Shinigami! The New Year Special!"
    },
    {
      "numero": 304,
      "url": "https://lightspeedst.net/s5/mp4/bleach-dublado/fhd/304.mp4",
      "nome": "Another Side Story! This Time's Enemy Is a Monster!?"
    },
    {
      "numero": 305,
      "url": "https://lightspeedst.net/s5/mp4/bleach-dublado/fhd/305.mp4",
      "nome": "Delusion Roars! Hisagi, Towards the Hot Springs Inn!"
    },
    {
      "numero": 306,
      "url": "https://lightspeedst.net/s5/mp4/bleach-dublado/fhd/306.mp4",
      "nome": "For the Sake of Protecting! Ichigo vs. Tensa Zangetsu!"
    },
    {
      "numero": 307,
      "url": "https://lightspeedst.net/s5/mp4/bleach-dublado/fhd/307.mp4",
      "nome": "Emergency Situation! Aizen, New Evolution!"
    },
    {
      "numero": 308,
      "url": "https://lightspeedst.net/s5/mp4/bleach-dublado/hd/308.mp4",
      "nome": "Goodbye...Rangiku"
    },
    {
      "numero": 309,
      "url": "https://lightspeedst.net/s5/mp4/bleach-dublado/fhd/309.mp4",
      "nome": "Fierce Fighting Conclusion! Release, the Final Getsuga Tensho!"
    },
    {
      "numero": 310,
      "url": "https://lightspeedst.net/s5/mp4/bleach-dublado/fhd/310.mp4",
      "nome": "Ichigo's Resolution! The Price of the Fierce Battle"
    },
    {
      "numero": 311,
      "url": "https://lightspeedst.net/s5/mp4/bleach-dublado/fhd/311.mp4",
      "nome": "The Soul Detective: Karakuraizer Takes Off Again!"
    },
    {
      "numero": 312,
      "url": "https://lightspeedst.net/s5/mp4/bleach-dublado/fhd/312.mp4",
      "nome": "Inauguration! The Brand New 2nd Division Captain!"
    },
    {
      "numero": 313,
      "url": "https://lightspeedst.net/s5/mp4/bleach-dublado/fhd/313.mp4",
      "nome": "The Man Who Risks His Life in the 11th Division!"
    },
    {
      "numero": 314,
      "url": "https://lightspeedst.net/s5/mp4/bleach-dublado/fhd/314.mp4",
      "nome": "Kon Saw It! The Secret of a Beautiful Office Lady"
    },
    {
      "numero": 315,
      "url": "https://lightspeedst.net/s5/mp4/bleach-dublado/fhd/315.mp4",
      "nome": "Yachiru's Friend! The Shinigami of Justice Appears!"
    },
    {
      "numero": 316,
      "url": "https://lightspeedst.net/s5/mp4/bleach-dublado/fhd/316.mp4",
      "nome": "Toshiro Hitsugaya's Holiday!"
    },
    {
      "numero": 317,
      "url": "https://lightspeedst.net/s5/mp4/bleach-dublado/fhd/317.mp4",
      "nome": "Unusual Incident in Seireitei?! Gotei 13 Invading Army Arc!"
    },
    {
      "numero": 318,
      "url": "https://lightspeedst.net/s5/mp4/bleach-dublado/fhd/318.mp4",
      "nome": "Renji vs. Rukia?! Battle With Comrades!"
    },
    {
      "numero": 319,
      "url": "https://lightspeedst.net/s5/mp4/bleach-dublado/fhd/319.mp4",
      "nome": "Ichigo's Capture Net! Escape From Soul Society!"
    },
    {
      "numero": 320,
      "url": "https://lightspeedst.net/s5/mp4/bleach-dublado/fhd/320.mp4",
      "nome": "Gotei 13, Gathering in the Real World!"
    },
    {
      "numero": 321,
      "url": "https://lightspeedst.net/s5/mp4/bleach-dublado/fhd/321.mp4",
      "nome": "Showdown of Mutual Self, Ikkaku vs. Ikkaku!"
    },
    {
      "numero": 322,
      "url": "https://lightspeedst.net/s5/mp4/bleach-dublado/fhd/322.mp4",
      "nome": "Clash! Rukia vs. Rukia!"
    },
    {
      "numero": 323,
      "url": "https://lightspeedst.net/s5/mp4/bleach-dublado/fhd/323.mp4",
      "nome": "Protect Ichigo! Nozomi's Determination"
    },
    {
      "numero": 324,
      "url": "https://lightspeedst.net/s5/mp4/bleach-dublado/fhd/324.mp4",
      "nome": "Recapture Seireitei! The Captains Move!"
    },
    {
      "numero": 325,
      "url": "https://lightspeedst.net/s5/mp4/bleach-dublado/fhd/325.mp4",
      "nome": "For the Sake of the Believers! Byakuya vs. Hitsugaya!"
    },
    {
      "numero": 326,
      "url": "https://lightspeedst.net/s5/mp4/bleach-dublado/fhd/326.mp4",
      "nome": "The Two Hinamori, Hitsugaya's Resolution"
    },
    {
      "numero": 327,
      "url": "https://lightspeedst.net/s5/mp4/bleach-dublado/fhd/327.mp4",
      "nome": "Pride of the Kuchiki Family! Byakuya vs. Byakuya!"
    },
    {
      "numero": 328,
      "url": "https://lightspeedst.net/s5/mp4/bleach-dublado/fhd/328.mp4",
      "nome": "Defeat Kageroza! Shinigami, All-Out War!"
    },
    {
      "numero": 329,
      "url": "https://lightspeedst.net/s5/mp4/bleach-dublado/fhd/329.mp4",
      "nome": "The Forbidden Research...Nozomi's Hidden Secret!"
    },
    {
      "numero": 330,
      "url": "https://lightspeedst.net/s5/mp4/bleach-dublado/fhd/330.mp4",
      "nome": "I Want to Live...! Nozomi's Zanpakuto"
    },
    {
      "numero": 331,
      "url": "https://lightspeedst.net/s5/mp4/bleach-dublado/fhd/331.mp4",
      "nome": "For the Sake of Fighting! The Awakened Nozomi!"
    },
    {
      "numero": 332,
      "url": "https://lightspeedst.net/s5/mp4/bleach-dublado/fhd/332.mp4",
      "nome": "The Most Evil Reigai, Appearing in the Real World!"
    },
    {
      "numero": 333,
      "url": "https://lightspeedst.net/s5/mp4/bleach-dublado/fhd/333.mp4",
      "nome": "Destroy Nozomi!? Genryusai's Decision!"
    },
    {
      "numero": 334,
      "url": "https://lightspeedst.net/s5/mp4/bleach-dublado/fhd/334.mp4",
      "nome": "The Depleting Reiatsu! Ichigo, Death Struggle of the Soul!"
    },
    {
      "numero": 335,
      "url": "https://lightspeedst.net/s5/mp4/bleach-dublado/fhd/335.mp4",
      "nome": "Hiding in the Dangai? Another Ichigo?!"
    },
    {
      "numero": 336,
      "url": "https://lightspeedst.net/s5/mp4/bleach-dublado/fhd/336.mp4",
      "nome": "Pursue Kageroza! Technological Development Department, Infiltration!"
    },
    {
      "numero": 337,
      "url": "https://lightspeedst.net/s5/mp4/bleach-dublado/hd/337.mp4",
      "nome": "The Developer of the Modified Souls"
    },
    {
      "numero": 338,
      "url": "https://lightspeedst.net/s5/mp4/bleach-dublado/fhd/338.mp4",
      "nome": "Kon's Thoughts, Nozomi's Thoughts"
    },
    {
      "numero": 339,
      "url": "https://lightspeedst.net/s5/mp4/bleach-dublado/fhd/339.mp4",
      "nome": "Protect Ichigo! The Bonds of Friends!"
    },
    {
      "numero": 340,
      "url": "https://lightspeedst.net/s5/mp4/bleach-dublado/fhd/340.mp4",
      "nome": "Reigai vs. Original, The Fierce Fighting for Gambled Pride!"
    },
    {
      "numero": 341,
      "url": "https://lightspeedst.net/s5/mp4/bleach-dublado/fhd/341.mp4",
      "nome": "Invading Army Arc, Final Conclusion!"
    },
    {
      "numero": 342,
      "url": "https://lightspeedst.net/s5/mp4/bleach-dublado/fhd/342.mp4",
      "nome": "Thank You"
    },
    {
      "numero": 343,
      "url": "https://lightspeedst.net/s5/mp4/bleach-dublado/fhd/343.mp4",
      "nome": "3rd Year High School Student! Dressed Up, and a New Chapter Begins!"
    },
    {
      "numero": 344,
      "url": "https://lightspeedst.net/s5/mp4/bleach-dublado/fhd/344.mp4",
      "nome": "A Dispute in School!? Ichigo and Uryu, Fight Together!"
    },
    {
      "numero": 345,
      "url": "https://lightspeedst.net/s5/mp4/bleach-dublado/fhd/345.mp4",
      "nome": "Uryu is Attacked, A Threat Draws Near the Friends!"
    },
    {
      "numero": 346,
      "url": "https://lightspeedst.net/s5/mp4/bleach-dublado/fhd/346.mp4",
      "nome": "The Man with the Fullbring Ability: Kugo Ginjo"
    },
    {
      "numero": 347,
      "url": "https://lightspeedst.net/s5/mp4/bleach-dublado/fhd/347.mp4",
      "nome": "A Crisis Sneaking up on the Kurosaki Family!? Ichigo's Confusion!"
    },
    {
      "numero": 348,
      "url": "https://lightspeedst.net/s5/mp4/bleach-dublado/fhd/348.mp4",
      "nome": "Power of the Substitute Badge, Ichigo's 'Pride'!"
    },
    {
      "numero": 349,
      "url": "https://lightspeedst.net/s5/mp4/bleach-dublado/fhd/349.mp4",
      "nome": "Next Target, The Devil's Hand Aims at Orihime!"
    },
    {
      "numero": 350,
      "url": "https://lightspeedst.net/s5/mp4/bleach-dublado/fhd/350.mp4",
      "nome": "The Man Who Killed the Shinigami Substitute!? Tsukishima Makes His Move"
    },
    {
      "numero": 351,
      "url": "https://lightspeedst.net/s5/mp4/bleach-dublado/fhd/351.mp4",
      "nome": "Fullbring, The Detested Power!"
    },
    {
      "numero": 352,
      "url": "https://lightspeedst.net/s5/mp4/bleach-dublado/fhd/352.mp4",
      "nome": "Tsukishima Attacks! The Training Has Been Thwarted"
    },
    {
      "numero": 353,
      "url": "https://lightspeedst.net/s5/mp4/bleach-dublado/fhd/353.mp4",
      "nome": "Ichigo, Mastering the Fullbring!"
    },
    {
      "numero": 354,
      "url": "https://lightspeedst.net/s5/mp4/bleach-dublado/fhd/354.mp4",
      "nome": "Ichigo vs. Ginjo! To the Game's Space"
    },
    {
      "numero": 355,
      "url": "https://lightspeedst.net/s5/mp4/bleach-dublado/fhd/355.mp4",
      "nome": "Shinigami at War! New Year in Seireitei Special!"
    },
    {
      "numero": 356,
      "url": "https://lightspeedst.net/s5/mp4/bleach-dublado/fhd/356.mp4",
      "nome": "Friend or Foe!? Ginjo's True Intentions!"
    },
    {
      "numero": 357,
      "url": "https://lightspeedst.net/s5/mp4/bleach-dublado/fhd/357.mp4",
      "nome": "Tsukishima's Ability, the Danger is Drawing Near!"
    },
    {
      "numero": 358,
      "url": "https://lightspeedst.net/s5/mp4/bleach-dublado/fhd/358.mp4",
      "nome": "Clash!? Xcution attacks Ginjo"
    },
    {
      "numero": 359,
      "url": "https://lightspeedst.net/s5/mp4/bleach-dublado/fhd/359.mp4",
      "nome": "The Sorrowful Battle! Ichigo vs. Sado & Orihime"
    },
    {
      "numero": 360,
      "url": "https://lightspeedst.net/s5/mp4/bleach-dublado/fhd/360.mp4",
      "nome": "Ichigo vs Uryu!? Who is the Traitor!?"
    },
    {
      "numero": 361,
      "url": "https://lightspeedst.net/s5/mp4/bleach-dublado/fhd/361.mp4",
      "nome": "A New Appearance! The Gotei 13, Arrives!"
    },
    {
      "numero": 362,
      "url": "https://lightspeedst.net/s5/mp4/bleach-dublado/fhd/362.mp4",
      "nome": "Revival! Substitute Shinigami: Ichigo Kurosaki!"
    },
    {
      "numero": 363,
      "url": "https://lightspeedst.net/s5/mp4/bleach-dublado/fhd/363.mp4",
      "nome": "Fierce Fight! Shinigami vs. XCUTION!"
    },
    {
      "numero": 364,
      "url": "https://lightspeedst.net/s5/mp4/bleach-dublado/fhd/364.mp4",
      "nome": "Desperate Struggle!? Byakuya's Troubled Memories"
    },
    {
      "numero": 365,
      "url": "https://lightspeedst.net/s5/mp4/bleach-dublado/fhd/365.mp4",
      "nome": "Ichigo vs. Ginjo! Secret of the Substitute Badge"
    },
    {
      "numero": 366,
      "url": "https://lightspeedst.net/s5/mp4/bleach-dublado/fhd/366.mp4",
      "nome": "Changing History, Unchanging Heart"
    }
  ]
}