{
  "id": 35118,
  "title": "Bleach Colorful!: Gotei Juusan Yatai Daisakusen!",
  "title_jp": "BLEACH カラブリ！護廷十三屋台大作戦！",
  "slug": "bleach-colorful-gotei-juusan-yatai-daisakusen",
  "type": "legendados",
  "format": "OVA",
  "images": {
    "poster": "https://cdn.myanimelist.net/images/anime/1826/137751l.webp",
    "banner": "https://cdn.myanimelist.net/images/anime/1826/137751.jpg"
  },
  "trailer": null,
  "synopsis": "An animated adaptation of several chapters of Colourful Bleach. Release with the \"TV Animation BLEACH 5th Anniversary Box.\"",
  "score": 6.61,
  "genres": [
    "Comedy"
  ],
  "episodes": [
    {
      "numero": 1,
      "url": "https://www.blogger.com/video.g?token=AD6v5dy2T0Bn25zlh5w11wsvaiiLDrryyI2XVjl2ibOVelZFbbNNUL57m21QFOvBee6bUfwx_S_YHcwfq2mojJ2_1hXfjMlsCIT6DoIIJGQifRtbpSq_dnN6oIZA7tKKbsJuWHVXMOAK"
    }
  ]
}