{
  "id": 53998,
  "title": "Bleach: Sennen Kessen-hen - Ketsubetsu-tan (Dublado)",
  "title_jp": "BLEACH 千年血戦篇-訣別譚-",
  "slug": "bleach-sennen-kessen-hen---ketsubetsu-tan-dublado",
  "type": "dublados",
  "format": "TV",
  "images": {
    "poster": "https://cdn.myanimelist.net/images/anime/1164/138058l.webp",
    "banner": "https://cdn.myanimelist.net/images/anime/1164/138058.jpg"
  },
  "trailer": "https://www.youtube-nocookie.com/embed/m_i2PinZ_X4?enablejsapi=1&wmode=opaque&autoplay=1",
  "synopsis": "After a brutal surprise attack by the forces of Quincy King Yhwach, the resident Reapers of the Soul Society lick their wounds and mourn their losses. Many of the surviving Soul Reaper captains train to battle without their Bankai, the ultimate technique wielded by the fiercest warriors.\n\nIn the previous assault, Ichigo Kurosaki narrowly managed to help fend off Yhwach's fearsome wrath. However, to ultimately defeat his godly adversary and save his allies, Ichigo must now undergo severe training that will push him beyond his physical, emotional, and mental limits.\n\nThough Yhwach already holds the upper hand in this ongoing blood feud, he also successfully recruits Uryuu Ishida, Ichigo's close friend and rival, to be his successor. Yhwach strikes out once again at the weakened Soul Society, intent on finally obliterating his long-standing enemies. As Ichigo struggles to attain new power, the Soul Reaper captains fight for survival and borrowed time.\n\n[Written by MAL Rewrite]",
  "score": 8.7,
  "genres": [
    "Action",
    "Adventure",
    "Supernatural"
  ],
  "episodes": [
    {
      "numero": 1,
      "url": "https://lightspeedst.net/s6/mp4/bleach-sennen-kessen-hen---ketsubetsu-tan-dublado/fhd/1.mp4",
      "nome": "The Last 9 Days"
    },
    {
      "numero": 2,
      "url": "https://lightspeedst.net/s6/mp4/bleach-sennen-kessen-hen---ketsubetsu-tan-dublado/fhd/2.mp4",
      "nome": "Peace from Shadows"
    },
    {
      "numero": 3,
      "url": "https://lightspeedst.net/s6/mp4/bleach-sennen-kessen-hen---ketsubetsu-tan-dublado/fhd/3.mp4",
      "nome": "The Fundamental Virulence"
    },
    {
      "numero": 4,
      "url": "https://lightspeedst.net/s6/mp4/bleach-sennen-kessen-hen---ketsubetsu-tan-dublado/fhd/4.mp4",
      "nome": "Heart of Wolf"
    },
    {
      "numero": 5,
      "url": "https://lightspeedst.net/s6/mp4/bleach-sennen-kessen-hen---ketsubetsu-tan-dublado/fhd/5.mp4",
      "nome": "Rages at Ringside"
    },
    {
      "numero": 6,
      "url": "https://lightspeedst.net/s6/mp4/bleach-sennen-kessen-hen---ketsubetsu-tan-dublado/fhd/6.mp4",
      "nome": "The White Haze"
    },
    {
      "numero": 7,
      "url": "https://lightspeedst.net/s6/mp4/bleach-sennen-kessen-hen---ketsubetsu-tan-dublado/fhd/7.mp4",
      "nome": "I Am The Edge"
    },
    {
      "numero": 8,
      "url": "https://lightspeedst.net/s6/mp4/bleach-sennen-kessen-hen---ketsubetsu-tan-dublado/fhd/8.mp4",
      "nome": "The Headless Star"
    },
    {
      "numero": 9,
      "url": "https://lightspeedst.net/s6/mp4/bleach-sennen-kessen-hen---ketsubetsu-tan-dublado/fhd/9.mp4",
      "nome": "Marching Out The Zombies"
    },
    {
      "numero": 10,
      "url": "https://lightspeedst.net/s6/mp4/bleach-sennen-kessen-hen---ketsubetsu-tan-dublado/hd/10.mp4",
      "nome": "Marching Out The Zombies 2"
    },
    {
      "numero": 11,
      "url": "https://lightspeedst.net/s6/mp4/bleach-sennen-kessen-hen---ketsubetsu-tan-dublado/fhd/11.mp4",
      "nome": "Too Early To Win Too Late To Know"
    },
    {
      "numero": 12,
      "url": "https://lightspeedst.net/s6/mp4/bleach-sennen-kessen-hen---ketsubetsu-tan-dublado/hd/12.mp4",
      "nome": "The Master"
    },
    {
      "numero": 13,
      "url": "https://lightspeedst.net/s6/mp4/bleach-sennen-kessen-hen---ketsubetsu-tan-dublado/fhd/13.mp4",
      "nome": "Black"
    }
  ]
}