{
  "id": 34618,
  "title": "Blend S",
  "title_jp": "ブレンド・S",
  "slug": "blend-s",
  "type": "legendados",
  "format": "TV",
  "images": {
    "poster": "https://cdn.myanimelist.net/images/anime/6/88286l.webp",
    "banner": "https://cdn.myanimelist.net/images/anime/6/88286.jpg"
  },
  "trailer": "https://www.youtube-nocookie.com/embed/GwD3Ihd4j9w?enablejsapi=1&wmode=opaque&autoplay=1",
  "synopsis": "Wishing to be independent, 16-year-old Maika Sakuranomiya is desperate to nail down a part-time job so that she can afford to study abroad. Unfortunately, her applications are constantly rejected due to the menacing look she unintentionally makes whenever she smiles, despite her otherwise cheerful disposition.\n\nAfter yet another failed interview, she chances upon Café Stile, a coffee shop where the servers interact with the customers while roleplaying distinctive characteristics. The Italian store manager, Dino, becomes infatuated with Maika's cuteness at first sight, and offers her a job as a waitress with a sadistic nature. Coupled with her inherent clumsiness, she successfully manages to serve a pair of masochistic customers in accordance with her new, ruthless persona. Alongside Kaho Hinata as the tsundere and Mafuyu Hoshikawa as the younger sister, Maika decides to make the most out of her unique quirk and cements her position in the cafe with merciless cruelty!\n\n[Written by MAL Rewrite]",
  "score": 7.24,
  "genres": [
    "Comedy"
  ],
  "episodes": [
    {
      "numero": 1,
      "url": "https://www.blogger.com/video.g?token=AD6v5dx3-2_0SRH9ZlaAcvKFkmrcvTqFRy2d5OtlOjW6_FOfsrk4n84LJYyA8w1RKQt_LcjCvGpm7YHrdfuqxVKAsU5wfHV1mzYCAdN7fC3Q2vY0l4wI2IK6zRwWG3hVrXFWawcLv88",
      "nome": "First-Time Super Sadist"
    },
    {
      "numero": 2,
      "url": "https://www.blogger.com/video.g?token=AD6v5dweBhUPDCZMF-3tsK_Btk2Mm-TeGv7XvUK2MvRC9GAN1AQYBB1hNfs4z8DTyjfdpXz0anP7DxAvmh8GWFVhxiMXniZGuZ44WpVbcY9u_7ijPd6ywNSWxov6WfPviPlssIp_5g2p",
      "nome": "Sweets Without Honor"
    },
    {
      "numero": 3,
      "url": "https://www.blogger.com/video.g?token=AD6v5dzVnKQoCgfVQvf7mi2_5kuvvRMMh6_9TmWezCSlvPN-rz78lOlFDxnZX_6TrEA9507jU_P95BYysOGnN-P6n9Aby0W76ZSdKqmEK6OC2LZiUH0cSiK2Z8GI2gmsB3gob09z1Q",
      "nome": "After the Date, Rated R"
    },
    {
      "numero": 4,
      "url": "https://www.blogger.com/video.g?token=AD6v5dyHc77WVaA2_c4hZAWmeORUAMl1SPGGAQ0k0MZqdxjHoputhyTSrT_Daflqx7gz1sOlpuY62Q0yvaWeOtDkGdoU9KYUQ5w1ftKciOWAv1mFCzEz6XmJqY6Y279h9hLojtrZrYvy",
      "nome": "The New Girl is a Big Sister"
    },
    {
      "numero": 5,
      "url": "https://www.blogger.com/video.g?token=AD6v5dzcKfDBw65aNNw7pC0a-Y_aBw-qy3vP10xIJKJOe5BylnqgL-TN_gYNC4enWjBLllmQ83wUWWDbAaf0ErR6BzuP_4SgUgKqsxHN1oM4rZ9HC9ei5SHM8ENphLgfZxGqa0zTfY0A",
      "nome": "Rainy and Then Windy"
    },
    {
      "numero": 6,
      "url": "https://www.blogger.com/video.g?token=AD6v5dzgRMVnnN7-3GFDjIpQLgDRpWJK_85y-qVaC9s5djLlDVpN6WcPsWgHkiGzxpt5JMO_yuFbf2g0ilr05nmFE-JydiN-NbOXHOt7OvephPdAqlqNz5OTH-0SFWDZnUtvipF_DG8m",
      "nome": "By the Waterfront Et Cetera (For Adults)"
    },
    {
      "numero": 7,
      "url": "https://www.blogger.com/video.g?token=AD6v5dwD31fll_T1OCsjFZMtz_wIcjeVIs-yuC6g75Bpm-4zVg-dseeVI_fMmbzWpClyj0L2VFuMuL5vr-XJxmbyPwmQkFzA-wpQgka9min9hSJR9kjL1jfMhC8nIDvdUz-eFuLGNRs",
      "nome": "Busy with Bananas and Strawberries"
    },
    {
      "numero": 8,
      "url": "https://www.blogger.com/video.g?token=AD6v5dzQc-iy3KAzFPygC4Ron8qaC7MYbXM_tCZJX0xHYYi2cSVl-tfwDbhdsdT0zlLqlP2vcDW9HodZzccp0nlkmlCb25l66JwCWfQRBwsa0uNryvhzUHhz4aX2un-L9mdy1F8MKneW",
      "nome": "An Idol Character, Too"
    },
    {
      "numero": 9,
      "url": "https://www.blogger.com/video.g?token=AD6v5dx2LxAfD23xdyTonfj_SPUt25HeqdmBw_9WJVIdrr6iz-Yqql4kQMj-limRJBf4gbxbI4xhnl2LVbDYv4cI9RfJQUdROT-VaDD2B3NJSybg5p-NokomX-1EorL6qcg06HGsgO7h",
      "nome": "Owner Inauguration, Sister Attack"
    },
    {
      "numero": 10,
      "url": "https://www.blogger.com/video.g?token=AD6v5dxVj-ZCl0LK9cTmkVEN1SYBFzmrXbbpX5_hA5IIBYbWAK_NanwYA65n9AFzoMrPFfVyqcQFE-g23NejArWyk4wphNPfVz6suOf4cxPao3QMXI3SUpsMuHBCkZsoW7HWc2MNn891",
      "nome": "I'll Teach You"
    },
    {
      "numero": 11,
      "url": "https://www.blogger.com/video.g?token=AD6v5dziQt0YV6aqGIEIM1ywXGawUon59OOXwX9HCYIkyx-AVeQrF_09cGN2oHjBECd4WZPMRa88ornwk-rmwU4wLGudRtAnrFB4Gvuvmz4Px5N1Di_T92lFui6t02SfQdckjBUt76PN",
      "nome": "Good at Tsundere, Bad at Cornering"
    },
    {
      "numero": 12,
      "url": "https://www.blogger.com/video.g?token=AD6v5dwSjO4z3IUFRoFxcLTSD3Um9KnQmiq0Yb83_HuMCeS2ulfFBd-xIv3F5tfzkbZDPpfTk_6drMd9R1sU2X5d3C1YIxMMPmLBYIBl417i-G5o8oo0I59arxILkWmYj8AG6BLOR-4",
      "nome": "I Love You!"
    }
  ]
}