{
  "id": 11633,
  "title": "Blood Lad",
  "title_jp": "ブラッドラッド",
  "slug": "blood-lad",
  "type": "legendados",
  "format": "TV",
  "images": {
    "poster": "https://cdn.myanimelist.net/images/anime/11/47677l.webp",
    "banner": "https://cdn.myanimelist.net/images/anime/11/47677.jpg"
  },
  "trailer": "https://www.youtube-nocookie.com/embed/gLuvPaWfBnE?enablejsapi=1&wmode=opaque&autoplay=1",
  "synopsis": "Staz Charlie Blood is a powerful vampire who rules the Eastern district of Demon World. According to rumors, he is a bloodthirsty and merciless monster, but in reality, Staz is just an otaku obsessed with Japanese culture and completely uninterested in human blood. Leaving the management of his territory to his underlings, Staz spends his days lazing around, indulging in anime, manga, and games.\n\nWhen Fuyumi Yanagi, a Japanese girl, accidentally wanders through a portal leading into the demon world, Staz is overjoyed. But just as he is starting to feel an unusual attraction to her, his territory is attacked, resulting in Fuyumi's untimely death. She turns into a wandering ghost and the crestfallen Staz vows to resurrect her as this would mean being able to travel to the human world, something he has always dreamed of.\n\nBlood Lad follows Staz and Fuyumi, soon joined by the spatial magician Bell and the half-werewolf Wolf, as they travel to find a magic that can bring humans back to life.\n\n[Written by MAL Rewrite]",
  "score": 7.23,
  "genres": [
    "Action",
    "Comedy",
    "Fantasy"
  ],
  "episodes": [
    {
      "numero": 1,
      "url": "https://www.blogger.com/video.g?token=AD6v5dxWilIHkl8Uh5vDyZ3O_H8AMYdkniNVaq0okwn_rpAeBuLodq6wggpPdNAKVFNJZrRa1N5EjsHlKfIiRV77yy2QgPY09LrOWAhV9r1wNcjUKEThAhsjxxki7Ra2AQPIYIkLrltK",
      "nome": "She's a Skeleton Now"
    },
    {
      "numero": 2,
      "url": "https://www.blogger.com/video.g?token=AD6v5dwzpct2r5BjiYsb94bYWHmV-_Ts0IVEglRw8TbejDSW4QMj9m58YSq5LSE7s3J1cMwWd2b4YA3lAjFYLffg-0lsi44_nO7PiPEab_3rcemidgFW2GvS-ioOLG3Q28OXU1p_9Dwl",
      "nome": "Back Home, But Not Really"
    },
    {
      "numero": 3,
      "url": "https://www.blogger.com/video.g?token=AD6v5dxysK0rA5GwpL5ysqKefTlx9t7QPGyleFcEhLEhN-3FXR6ta7HLkJpblf6W8FknkJSYr_ecgBIqN3yIYFfWx0raMps8zYP2iHfTRAG8usd7AIu0oOAjgsW_rL6ypQcWQLDRAf6i",
      "nome": "You Had It All Along"
    },
    {
      "numero": 4,
      "url": "https://www.blogger.com/video.g?token=AD6v5dwTqdWLt3EtXgg0hcH4qryQqhRCA5A1U-3O6IzgDymggJKUMMxEVzu-qLq7G_r0AE6B4vWvsaCCZCa28_qNmlKKttYBe54fPXIBGjU0cYeYC-Ly3lvWi2akH7X7_KXFmpOTWSU",
      "nome": "To Demon World Acropolis"
    },
    {
      "numero": 5,
      "url": "https://www.blogger.com/video.g?token=AD6v5dzj27aUySVcGzSt9MDAiAK1-qyYFlGY3J4MNbARniTKf8MggbvCqLGDpD3QOMBUZ3TsfdrwHBfyJCKTyinWcJoa_xSjIWGQ8HOc7w2ekFjyqMQNvarhHRzhpNM2QD_c3dYAxg",
      "nome": "Unidentified Demon Object"
    },
    {
      "numero": 6,
      "url": "https://www.blogger.com/video.g?token=AD6v5dwhgU9Z1UddxINbSOG275eRznCrsTMCUUREkpxunhOicmgXZOqDRg2rAPzQfc8dML7DDyYF7LaBheJFiD5F21hGig1itIg1gw-nOJTpIl5cAKokZ1kqZ1f__kBd0M7d9gsfBA",
      "nome": "That's Friendship"
    },
    {
      "numero": 7,
      "url": "https://www.blogger.com/video.g?token=AD6v5dzQPhICvf1hOTYG2Bc04bUavDW6JEBtHs7pxyXHY9Am6dhPw2dg9OglSbp0eHPx5vJN9pzF0wJjHyjNhaJcwY3cayUeHygm1HF-eY9mZatLmRlTIjuaIlxf12e1x8NUv1yRQ48",
      "nome": "Liz, for the First Time"
    },
    {
      "numero": 8,
      "url": "https://www.blogger.com/video.g?token=AD6v5dx_9TQsnLoe451YJ38ghmYiPHT-R2yEeSkd0iCFvFfJELY6XsGJiMbG2vtLEo_2VXg1FNZ3czlp6fvhqR57cREhy_yIWR8QAwKUC4uK2AwJ0whW9OTDCFowNEkkPASG5cNJ1pA",
      "nome": "Two Is a Treasure"
    },
    {
      "numero": 9,
      "url": "https://www.blogger.com/video.g?token=AD6v5dxud_JQ_2ZymMoPtznLPRrvSMS4f-W5UkZhS6ysLGqz4l4syRukcjJcMoQDoflz0E3oejtWTAi8oxB_60FBDUS8rPJmcr83ynY_AF-DEEjrFnQyP3XcgLPmZvpoYn22x9vgqAQ",
      "nome": "Sins of the Eye Glasses"
    },
    {
      "numero": 10,
      "url": "https://www.blogger.com/video.g?token=AD6v5dwnRoFutphO1QwgBUjici3xl-Oh0pyaS5FKPF5HE2SPuRNWfwV9HlbWABBgMyb1ot-KoYvdDDl5dRViVZOCf5MNteuJ8IhI1-XqJ1C5AQLQJWhkMrG7-nGVmzmsuni44frpkck",
      "nome": "The Dark Hero Rises"
    }
  ]
}