{
  "id": 10490,
  "title": "Blood-C",
  "title_jp": "ブラッドシー",
  "slug": "blood-c",
  "type": "legendados",
  "format": "TV",
  "images": {
    "poster": "https://cdn.myanimelist.net/images/anime/1691/140716l.webp",
    "banner": "https://cdn.myanimelist.net/images/anime/1691/140716.jpg"
  },
  "trailer": null,
  "synopsis": "Peaceful schoolgirl by day, fearsome monster slayer by night, Saya Kisaragi is leading a split life. Equipped with a ceremonial sword given to her by her father for sacred tasks, she vanquishes every monster who dares threaten her quiet little village. But all too soon, Saya's reality and everything she believes to be true is tested, when she overhears the monsters speak of a broken covenant—something she knows nothing about. And then, unexpectedly, a strange dog appears; it asks her to whom she promised to protect the village, curious as to what would happen if she were to break that promise. Tormented by unexplainable visions and her world unraveling around her, we travel with Saya through her struggle to find a way to the truth in a village where nothing is as it seems.\n\n[Written by MAL Rewrite]",
  "score": 6.53,
  "genres": [
    "Action",
    "Horror",
    "Mystery",
    "Supernatural"
  ],
  "episodes": [
    {
      "numero": 1,
      "url": "https://www.blogger.com/video.g?token=AD6v5dyDKk2k6C6QlU8uDnmnJh3CkD9AHu8FVtIL02Yt2uE9W7YWerCB4N7h_x1r7i5OXiMA257upOerh0eARP_AqbkH4g9Yy0f05cUcYlVp3-6zheON5Eri5BX6Y5kWbxH37EJG64I",
      "nome": "O Ye Winds of Heaven"
    },
    {
      "numero": 2,
      "url": "https://www.blogger.com/video.g?token=AD6v5dyiSz4b57N89WiQ0iV3CL13TgvIJEk_Q0cADlZrpEEtvDNAN5drgUtfghZhrXknYpJYIvWVra_AQtg25tBNyJq0d_RgmoRgniRUvxDl7HsJpS0vJs-oW4WPALxfgtTeIuF7PHM",
      "nome": "It Is for Thy Sake"
    },
    {
      "numero": 3,
      "url": "https://www.blogger.com/video.g?token=AD6v5dy4-CJ3VCUjZ180jqNPZVlPGBhzF_9QvQyw0Xkd5_AMthkMWBjxIxQ4-_oj8FXT65c0BZqlWc_es4SRbmBvSS1vX-LsrlV67eYL5ul1HJfsLhee8wek7rgPLKOM82UCYYp6ANE",
      "nome": "As for Man"
    },
    {
      "numero": 4,
      "url": "https://www.blogger.com/video.g?token=AD6v5dx_-RYW3BMv_O1wmSdSQytupE16zHGVB9CnYn9urIrlTBjodueumwlj3Bi51ZijP6SqnbH9URKQabeAdOZ7phoKcVOHvGWJxTdFIWuDbRMpsbFa3oY0H0Og3dAw5dJLrwIkUCnQ",
      "nome": "That Has Made Me Sad"
    },
    {
      "numero": 5,
      "url": "https://www.blogger.com/video.g?token=AD6v5dzY4B2Tp0eOPHzbLHpPwgXDWVKE3lI0uM44xCQ_Khn7qdgRmhzvV_ySM0otWbg_4ybEGZe4PQ-VZ9SUjZ7VRWcki6ldWDYIyONmen1MhANtLJpjs-fDF47KuSmW9hxEM18E0b9u",
      "nome": "Meeting in the Way"
    },
    {
      "numero": 6,
      "url": "https://www.blogger.com/video.g?token=AD6v5dxRAqW3wBXSUsAic0_Lo1jKHlor8o4P2drY5L5YXabb2Vhox6mqTYBP8cIWr8r57yNMi0KQLfZ_q_OV8PsqpQnqp55GExWnbTlrXYeWdRW63iW54KWxnCWg6jUUSGR1RM9JqAA",
      "nome": "Dashed by Fierce Winds"
    },
    {
      "numero": 7,
      "url": "https://www.blogger.com/video.g?token=AD6v5dyaTVxQvy_ZUOCsooZJeVSwSaj2kJuNXeaIc_LBhszdfXjncsj96FplGKhYB-tfSZMJCpb1s1h6ysxTqpRdQ3BCqEUdnj-tUVGg8z3_gMfR-lJ6TK0vFDt7u7lXAsa_qIYCtkQ",
      "nome": "As Pitiless as the Storms"
    },
    {
      "numero": 8,
      "url": "https://www.blogger.com/video.g?token=AD6v5dwJpWL2ajoMz4dPSuzA3XTh6GA56e7ZNfGQk3XRNM1jTzFDgNMTH2BmslP-59R8Ju2h4Z2bpuJ-L2cC6eQvRNYDrNoWuYsPIH499JByYG5JjY9Kw14xQnKejeM6Uq_XI9HAgeM1",
      "nome": "Within the World"
    },
    {
      "numero": 9,
      "url": "https://www.blogger.com/video.g?token=AD6v5dxp3MugiBNRgGjeKgFS9eJ6YesfiNjFWE2W9adboO-i8GZiWBY2PkNbFDasuBJ_XGno4EbGP_LHn3W2TYgxKUGI0d3qmCqS4g1aXUL6lr0HDv9QLagLM6Gfk92w_OLn0GzzB4AH",
      "nome": "Against My Wish"
    },
    {
      "numero": 10,
      "url": "https://www.blogger.com/video.g?token=AD6v5dxH4-orFuQrjBt-RitLO7T7zfaOrb_qRbcPe5NUlDtJGhG1qqOXANIyPuDbrXVURTu7AAyat3jCagtgQEXph5JsVAcHqZMSuZ7bNMD-nSDTCkhw0nkSQfnNN0WtuoES9Crd8w",
      "nome": "Since 'Tis by Its Breath"
    },
    {
      "numero": 11,
      "url": "https://www.blogger.com/video.g?token=AD6v5dzIgOOpaoIVtQGcQt2tnf3rCHZbAQvB2pmCAmf6dM69dOJj4CnbAEl1J-UG3ohTzsZEvyYOrvRYs1PIr3Eb-AQnMhH7PsgQgVq58YLo-fue6OzSS5LuiwdNM2bYSw7zKsmiuPBd",
      "nome": "Whom Then Are There Now"
    },
    {
      "numero": 12,
      "url": "https://www.blogger.com/video.g?token=AD6v5dwHO-kmpGuyaIrr_ZWTy2D_RLDndHl5rkomWuJhTDE0TARclI5IvCsYrka4-kWteclGrRZJHIzA5fwdfDmF-HiXF1QZ2bEY4ZceMdiFGKvKOkZefir6NVGJZJ2lKm3euaOQ0Q",
      "nome": "If Remembering Me"
    }
  ]
}