{
  "id": 150,
  "title": "Blood+ (Dublado)",
  "title_jp": "ブラッドプラス",
  "slug": "blood-dublado",
  "type": "dublados",
  "format": "TV",
  "images": {
    "poster": "https://cdn.myanimelist.net/images/anime/10/10183l.webp",
    "banner": "https://cdn.myanimelist.net/images/anime/10/10183.jpg"
  },
  "trailer": "https://www.youtube-nocookie.com/embed/mjJ1W08vCKM?enablejsapi=1&wmode=opaque&autoplay=1",
  "synopsis": "Saya Otonashi is a seemingly ordinary girl living a mundane life with her adoptive family in Okinawa City. In fact, her only peculiarities are suffering from anemia and being unable to remember any of her life beyond the previous year.\n\nHowever, Saya's forgotten past quickly comes back to haunt her—one night, she is attacked at school by a creature that feeds on human blood. Just when all hope seems lost, a mysterious man named Haji appears and fends off the creature temporarily. But when her rescuer forces her to drink his blood, Saya suddenly enters a trance and slays the monster with ease, using her own blood as a catalyst. \n\nSaya then learns of an organization named Red Shield, founded for the sole purpose of defeating the hellish beasts. Now Saya and Haji must work together with Red Shield to fight these fearsome monsters and unlock the secrets to the girl's past.\n\n[Written by MAL Rewrite]",
  "score": 7.6,
  "genres": [
    "Action",
    "Drama",
    "Horror",
    "Mystery",
    "Supernatural"
  ],
  "episodes": [
    {
      "numero": 1,
      "url": "https://lightspeedst.net/s3/mp4/blood-dublado/sd/1.mp4",
      "nome": "First Kiss"
    },
    {
      "numero": 2,
      "url": "https://lightspeedst.net/s3/mp4/blood-dublado/sd/2.mp4",
      "nome": "Magic Words"
    },
    {
      "numero": 3,
      "url": "https://lightspeedst.net/s3/mp4/blood-dublado/sd/3.mp4",
      "nome": "The Place Where it All Began"
    },
    {
      "numero": 4,
      "url": "https://lightspeedst.net/s3/mp4/blood-dublado/sd/4.mp4",
      "nome": "Dangerous Boy"
    },
    {
      "numero": 5,
      "url": "https://lightspeedst.net/s3/mp4/blood-dublado/sd/5.mp4",
      "nome": "Beyond the Dark Forest"
    },
    {
      "numero": 6,
      "url": "https://lightspeedst.net/s3/mp4/blood-dublado/sd/6.mp4",
      "nome": "My Father's Hands"
    },
    {
      "numero": 7,
      "url": "https://lightspeedst.net/s3/mp4/blood-dublado/sd/7.mp4",
      "nome": "I Must Do It"
    },
    {
      "numero": 8,
      "url": "https://lightspeedst.net/s3/mp4/blood-dublado/sd/8.mp4",
      "nome": "Phantom of the School"
    },
    {
      "numero": 9,
      "url": "https://lightspeedst.net/s3/mp4/blood-dublado/sd/9.mp4",
      "nome": "Rainbow for Each"
    },
    {
      "numero": 10,
      "url": "https://lightspeedst.net/s3/mp4/blood-dublado/sd/10.mp4",
      "nome": "I Want to See You"
    },
    {
      "numero": 11,
      "url": "https://lightspeedst.net/s3/mp4/blood-dublado/sd/11.mp4",
      "nome": "After the Dance"
    },
    {
      "numero": 12,
      "url": "https://lightspeedst.net/s3/mp4/blood-dublado/sd/12.mp4",
      "nome": "Lured by the White Mist"
    },
    {
      "numero": 13,
      "url": "https://lightspeedst.net/s3/mp4/blood-dublado/sd/13.mp4",
      "nome": "Jungle Paradise"
    },
    {
      "numero": 14,
      "url": "https://lightspeedst.net/s3/mp4/blood-dublado/sd/14.mp4",
      "nome": "The Last Sunday"
    },
    {
      "numero": 15,
      "url": "https://lightspeedst.net/s3/mp4/blood-dublado/sd/15.mp4",
      "nome": "I Want to Pursue!"
    },
    {
      "numero": 16,
      "url": "https://lightspeedst.net/s3/mp4/blood-dublado/sd/16.mp4",
      "nome": "Siberian Express"
    },
    {
      "numero": 17,
      "url": "https://lightspeedst.net/s3/mp4/blood-dublado/sd/17.mp4",
      "nome": "Do you Remember the Promise?"
    },
    {
      "numero": 18,
      "url": "https://lightspeedst.net/s3/mp4/blood-dublado/sd/18.mp4",
      "nome": "Moon Over Ekaterinburg"
    },
    {
      "numero": 19,
      "url": "https://lightspeedst.net/s3/mp4/blood-dublado/sd/19.mp4",
      "nome": "Broken Heart"
    },
    {
      "numero": 20,
      "url": "https://lightspeedst.net/s3/mp4/blood-dublado/sd/20.mp4",
      "nome": "Chevalier"
    },
    {
      "numero": 21,
      "url": "https://lightspeedst.net/s3/mp4/blood-dublado/sd/21.mp4",
      "nome": "Sour Grapes"
    },
    {
      "numero": 22,
      "url": "https://lightspeedst.net/s3/mp4/blood-dublado/sd/22.mp4",
      "nome": "The Zoo"
    },
    {
      "numero": 23,
      "url": "https://lightspeedst.net/s3/mp4/blood-dublado/sd/23.mp4",
      "nome": "Two Chevaliers"
    },
    {
      "numero": 24,
      "url": "https://lightspeedst.net/s3/mp4/blood-dublado/sd/24.mp4",
      "nome": "Airy Singing Voice"
    },
    {
      "numero": 25,
      "url": "https://lightspeedst.net/s3/mp4/blood-dublado/sd/25.mp4",
      "nome": "The Red Shield"
    },
    {
      "numero": 26,
      "url": "https://lightspeedst.net/s3/mp4/blood-dublado/sd/26.mp4",
      "nome": "Those Who Serve Saya"
    },
    {
      "numero": 27,
      "url": "https://lightspeedst.net/s3/mp4/blood-dublado/sd/27.mp4",
      "nome": "Paris, Je t'Aime"
    },
    {
      "numero": 28,
      "url": "https://lightspeedst.net/s3/mp4/blood-dublado/sd/28.mp4",
      "nome": "Limited Existence"
    },
    {
      "numero": 29,
      "url": "https://lightspeedst.net/s3/mp4/blood-dublado/sd/29.mp4",
      "nome": "Cursed Blood"
    },
    {
      "numero": 30,
      "url": "https://lightspeedst.net/s3/mp4/blood-dublado/sd/30.mp4",
      "nome": "Joel's Diary"
    },
    {
      "numero": 31,
      "url": "https://lightspeedst.net/s3/mp4/blood-dublado/sd/31.mp4",
      "nome": "Breaking Shield"
    },
    {
      "numero": 32,
      "url": "https://lightspeedst.net/s3/mp4/blood-dublado/sd/32.mp4",
      "nome": "Boy Meets Girl"
    },
    {
      "numero": 33,
      "url": "https://lightspeedst.net/s3/mp4/blood-dublado/sd/33.mp4",
      "nome": "The Power of Believing"
    },
    {
      "numero": 34,
      "url": "https://lightspeedst.net/s3/mp4/blood-dublado/sd/34.mp4",
      "nome": "World Where We Exist"
    },
    {
      "numero": 35,
      "url": "https://lightspeedst.net/s3/mp4/blood-dublado/sd/35.mp4",
      "nome": "Tomorrow Without Hope"
    },
    {
      "numero": 36,
      "url": "https://lightspeedst.net/s3/mp4/blood-dublado/sd/36.mp4",
      "nome": "Mismatched Feelings"
    },
    {
      "numero": 37,
      "url": "https://lightspeedst.net/s3/mp4/blood-dublado/sd/37.mp4",
      "nome": "To the Sheer Level of Madness"
    },
    {
      "numero": 38,
      "url": "https://lightspeedst.net/s3/mp4/blood-dublado/sd/38.mp4",
      "nome": "The Showdown Island"
    },
    {
      "numero": 39,
      "url": "https://lightspeedst.net/s3/mp4/blood-dublado/sd/39.mp4",
      "nome": "The Magic Words, Once More"
    },
    {
      "numero": 40,
      "url": "https://lightspeedst.net/s3/mp4/blood-dublado/sd/40.mp4",
      "nome": "Dreams That Chevaliers Dream"
    },
    {
      "numero": 41,
      "url": "https://lightspeedst.net/s3/mp4/blood-dublado/sd/41.mp4",
      "nome": "The Place Where I Belong"
    },
    {
      "numero": 42,
      "url": "https://lightspeedst.net/s3/mp4/blood-dublado/sd/42.mp4",
      "nome": "Soprano of Miracles"
    },
    {
      "numero": 43,
      "url": "https://lightspeedst.net/s3/mp4/blood-dublado/sd/43.mp4",
      "nome": "Confused Heart"
    },
    {
      "numero": 44,
      "url": "https://lightspeedst.net/s3/mp4/blood-dublado/sd/44.mp4",
      "nome": "Into the Light"
    },
    {
      "numero": 45,
      "url": "https://lightspeedst.net/s3/mp4/blood-dublado/sd/45.mp4",
      "nome": "Turn the Palm of Your Hand Toward the Sun"
    },
    {
      "numero": 46,
      "url": "https://lightspeedst.net/s3/mp4/blood-dublado/sd/46.mp4",
      "nome": "May Tomorrow Be a Clear Day"
    },
    {
      "numero": 47,
      "url": "https://lightspeedst.net/s3/mp4/blood-dublado/sd/47.mp4",
      "nome": "Beyond All Blood"
    },
    {
      "numero": 48,
      "url": "https://lightspeedst.net/s3/mp4/blood-dublado/sd/48.mp4",
      "nome": "Skyscraper Opera"
    },
    {
      "numero": 49,
      "url": "https://lightspeedst.net/s3/mp4/blood-dublado/sd/49.mp4",
      "nome": "Two Queens"
    },
    {
      "numero": 50,
      "url": "https://lightspeedst.net/s3/mp4/blood-dublado/sd/50.mp4",
      "nome": "Nan-kuru-nai-sah"
    }
  ]
}