{
  "id": 33985,
  "title": "Bloodivores",
  "title_jp": "BLOODIVORES",
  "slug": "bloodivores",
  "type": "legendados",
  "format": "TV",
  "images": {
    "poster": "https://cdn.myanimelist.net/images/anime/11/82233l.webp",
    "banner": "https://cdn.myanimelist.net/images/anime/11/82233.jpg"
  },
  "trailer": null,
  "synopsis": "60 years ago, a strange case of insomnia struck the population, forcing them to stay awake for more than a full week. The victims, completely sleep deprived, all went mad. To cure this illness, a new medicine was produced, but the side effects turned the patients into vampires. Humanity went to war against this new species and triumphed, but some of the vampires managed to survive. Born from a Human and a Vampire, the main character Mi Liu, \"The Child of Hope,\" is to represent the new hope that will connect the two species. Ringleader of a bank robbery, Mi Liu is arrested and transferred to a special prison of the National Defense Agency that monitors Vampires. Trying to break free with Anji, Mi Liu is attacked by strange monsters and he finds out that the prison location corresponds to the birthplace of Vampires, the old capital \"Blue Town.\" Why are Vampires trapped in Blue Town? What are those strange monsters attacking them? Our heroes must fight to solve those mysteries.\n\n(Source: Emon via ANN)",
  "score": 5.47,
  "genres": [
    "Action",
    "Mystery",
    "Supernatural"
  ],
  "episodes": [
    {
      "numero": 1,
      "url": "https://www.blogger.com/video.g?token=AD6v5dyMFkDkQv1I6qJ19mRL7nMopRh2rXMG2yZ6MRAxE621lUL46_8IcVwZk0b5e1JnVjxG_2tFldl88VKs9frtzAaoQ_TGrbJAGwf9yMRtFEvCZFPRJAoCu9hgG9AEeYDcWxkwFXIO",
      "nome": "Bloodivores"
    },
    {
      "numero": 2,
      "url": "https://www.blogger.com/video.g?token=AD6v5dwcT2sNM0ElnG7AvfEr9FdLiQxjzTqEaEtIKHyJ9C_33Fcw6fntjETFppE7c2aWppcZZGOLy6mVNoPE6hn40aPtxExULGlnKG9OUJsewZ8EBC72J76xOXUTgEoeNmDWA7M0LIMd",
      "nome": "Awakening"
    },
    {
      "numero": 3,
      "url": "https://www.blogger.com/video.g?token=AD6v5dxOJ8sWbqvHMCOMpriaZQmYBdkGMDgbdclSY89cgJR7Jnk28xizVK8_XffwY1fZQQdmucCQnMA6Jd5xk3-sV_j7WsUxxhWdjLiSbYdo5CGtgcIEKn1adUVAwF9otkuRCtR6",
      "nome": "Hemomancy"
    },
    {
      "numero": 4,
      "url": "https://www.blogger.com/video.g?token=AD6v5dzs_9UHemXubofWp3JyZXRfS9vgHSxHZcGXIcOhiRQNiXlRWAxaG6llhLLvKaShXZWyG4sBUVcLcZH5g83gJmpsusFW05Vl4GtejqTEmNGpwIH0k1OnWwTJC7u7rDMAYH_msns",
      "nome": "Sacrifice"
    },
    {
      "numero": 5,
      "url": "https://www.blogger.com/video.g?token=AD6v5dwDbsH6n1fUBcvtdUf6ZHvwZW9c2qXOV80USzsd2j8WkOp_-ZQben7D23eHxT1Et4-oJ3N7Q27dNB6vXIUu-DVd2kyTcV1Lxq-IMr1HfzRXRWP0J2OjMuHb1BlxwXebrWMXFpt4",
      "nome": "Sapphire"
    },
    {
      "numero": 6,
      "url": "https://www.blogger.com/video.g?token=AD6v5dyH8lTCBtm6Cp83YrmuoVwGgMnWSC6CiVVXWPhAjJ_XObdvPz9moCLTe6t3MCUO7En3wT_pp44uzdRxXvKBtnSSpKr_zwG2PFGobJo91vJE_u7L-VAKcmAYfLFAQPsuArj-7J4G",
      "nome": "Choices"
    },
    {
      "numero": 7,
      "url": "https://www.blogger.com/video.g?token=AD6v5dyi9grl28hyvfz_h3bhAMG5EsdIkQf4fxPMStjxGPMGsULpPsNkfJzi8DgsEKfTAP4UNA8-Z8t2Y97N2A9_ACCaNRNemoEr3l87zhFXqrcxf81xnbbS2GcfoF2VBvEtrZU-T-ha",
      "nome": "Reunion"
    },
    {
      "numero": 8,
      "url": "https://www.blogger.com/video.g?token=AD6v5dx4_KEA4HLY5ojKRd3ViD8XrYuL50RkXILE6BWofTizneA9-cRH5zNs9mqQhbbtOoURQ4A2WN3wccwVt1ZrHwAywDIA44-uBkeAm4qM7mQbDbD7bCPpdMAVGGlK-TeN8pQYeBA",
      "nome": "Countdown"
    },
    {
      "numero": 9,
      "url": "https://www.blogger.com/video.g?token=AD6v5dxWcZlpE7Mm6_WcdmANeKXrX-qxW0EIvWUgMXJavqE6mXK8A4gEc1oNO05rTD8rd8SeGDIYTY-g0kl_vdz10vxAV0wb0JPR_wV93qdKyZGwtGfEK3p4Mi3V_HYdy43LpjPwAs-z",
      "nome": "Meeting"
    },
    {
      "numero": 10,
      "url": "https://www.blogger.com/video.g?token=AD6v5dz03OWyqbvE0tCtZwkFhOX2SSzPZhQtXqs2WMBI1tUUrnvodamOE3ZwCA2uKddE3WzxfwS0kDEjL6glq9wgk4lxBglk3BUg3tm49DXA6G0A3Ld1FD6omjeYi792bqwr6v-RTThA",
      "nome": "Plan"
    },
    {
      "numero": 11,
      "url": "https://www.blogger.com/video.g?token=AD6v5dwsEKytFGX0vW9_FxkrPQ5tptCZKf8DO4_na54-0-5unbrYHZ66ZL_uF75CqO15MaJqtEjNUh28g6O_2IuEtFleDPZ1A91OBuv8CBKtmk-v00xB8CMaaYu4f6BO6LMmtGIwOFSQ",
      "nome": "Boom"
    },
    {
      "numero": 12,
      "url": "https://www.blogger.com/video.g?token=AD6v5dxu6MIgNM-dL_b_YxUuLbullVcV4mn5e5x3fTCZ4EgzYCiwTYlElCZeONV4XwHPVSm3p2Wi4H82tKlV_W4K0qT1l_Z8TSkNmslbrwj9pyoWVZauQFmOc_p6aaCocn7goQUhUkB5",
      "nome": "Counterattack"
    }
  ]
}