{
  "id": 58,
  "title": "Blue Gender",
  "title_jp": "BLUE GENDER",
  "slug": "blue-gender",
  "type": "legendados",
  "format": "TV",
  "images": {
    "poster": "https://cdn.myanimelist.net/images/anime/1/2023l.webp",
    "banner": "https://cdn.myanimelist.net/images/anime/1/2023.jpg"
  },
  "trailer": "https://www.youtube-nocookie.com/embed/AWqlHQCaTgU?enablejsapi=1&wmode=opaque&autoplay=1",
  "synopsis": "Blue Gender takes place in the not too distant future in a world where things have gone terribly wrong for humanity. Humans have been replaced at the top of the food chain by the Blue, a race of bug-like aliens that have colonized Earth and pushed humans aside. A space station, Second Earth, has been constructed as a safe haven for humans, with the hope of one day reclaiming the Earth once more.\n\nYuji Kaido was cryogenically frozen, having been suffering from a disease known as B-Cells. Once awakened, he joins a team of soldiers that have come to Earth to extract him. Unfortunately, nothing goes according to plan as they make their way back to Second Earth.\n\nYuji will have to deal with the horrors of fighting a bloody war as he and the fighters from Second Earth look to survive. Will they be able to win back Earth without losing their humanity?",
  "score": 7.01,
  "genres": [
    "Adventure",
    "Drama",
    "Horror",
    "Sci-Fi"
  ],
  "episodes": [
    {
      "numero": 1,
      "url": "https://lightspeedst.net/s3/mp4/blue-gender/sd/1.mp4",
      "nome": "One Day"
    },
    {
      "numero": 2,
      "url": "https://lightspeedst.net/s3/mp4/blue-gender/sd/2.mp4",
      "nome": "Cry"
    },
    {
      "numero": 3,
      "url": "https://lightspeedst.net/s3/mp4/blue-gender/sd/3.mp4",
      "nome": "Trial"
    },
    {
      "numero": 4,
      "url": "https://lightspeedst.net/s3/mp4/blue-gender/sd/4.mp4",
      "nome": "Agony"
    },
    {
      "numero": 5,
      "url": "https://lightspeedst.net/s3/mp4/blue-gender/sd/5.mp4",
      "nome": "Priority"
    },
    {
      "numero": 6,
      "url": "https://lightspeedst.net/s3/mp4/blue-gender/sd/6.mp4",
      "nome": "Relation"
    },
    {
      "numero": 7,
      "url": "https://lightspeedst.net/s3/mp4/blue-gender/sd/7.mp4",
      "nome": "Sympathy"
    },
    {
      "numero": 8,
      "url": "https://lightspeedst.net/s3/mp4/blue-gender/sd/8.mp4",
      "nome": "Oasis"
    },
    {
      "numero": 9,
      "url": "https://lightspeedst.net/s3/mp4/blue-gender/sd/9.mp4",
      "nome": "Confirm"
    },
    {
      "numero": 10,
      "url": "https://lightspeedst.net/s3/mp4/blue-gender/sd/10.mp4",
      "nome": "Tactics"
    },
    {
      "numero": 11,
      "url": "https://lightspeedst.net/s3/mp4/blue-gender/sd/11.mp4",
      "nome": "Go Mad"
    },
    {
      "numero": 12,
      "url": "https://lightspeedst.net/s3/mp4/blue-gender/sd/12.mp4",
      "nome": "Progress"
    },
    {
      "numero": 13,
      "url": "https://lightspeedst.net/s3/mp4/blue-gender/sd/13.mp4",
      "nome": "Heresy"
    },
    {
      "numero": 14,
      "url": "https://lightspeedst.net/s3/mp4/blue-gender/sd/14.mp4",
      "nome": "Set"
    },
    {
      "numero": 15,
      "url": "https://lightspeedst.net/s3/mp4/blue-gender/sd/15.mp4",
      "nome": "Calm"
    },
    {
      "numero": 16,
      "url": "https://lightspeedst.net/s3/mp4/blue-gender/sd/16.mp4",
      "nome": "A Sign"
    },
    {
      "numero": 17,
      "url": "https://lightspeedst.net/s3/mp4/blue-gender/sd/17.mp4",
      "nome": "Eclosion"
    },
    {
      "numero": 18,
      "url": "https://lightspeedst.net/s3/mp4/blue-gender/sd/18.mp4",
      "nome": "Chaos"
    },
    {
      "numero": 19,
      "url": "https://lightspeedst.net/s3/mp4/blue-gender/sd/19.mp4",
      "nome": "Collapse"
    },
    {
      "numero": 20,
      "url": "https://lightspeedst.net/s3/mp4/blue-gender/sd/20.mp4",
      "nome": "Versus"
    },
    {
      "numero": 21,
      "url": "https://lightspeedst.net/s3/mp4/blue-gender/sd/21.mp4",
      "nome": "Joker"
    },
    {
      "numero": 22,
      "url": "https://lightspeedst.net/s3/mp4/blue-gender/sd/22.mp4",
      "nome": "Dogma"
    },
    {
      "numero": 23,
      "url": "https://lightspeedst.net/s3/mp4/blue-gender/sd/23.mp4",
      "nome": "Soliste"
    },
    {
      "numero": 24,
      "url": "https://lightspeedst.net/s3/mp4/blue-gender/sd/24.mp4",
      "nome": "Compass"
    },
    {
      "numero": 25,
      "url": "https://lightspeedst.net/s3/mp4/blue-gender/sd/25.mp4",
      "nome": "Adagio"
    },
    {
      "numero": 26,
      "url": "https://lightspeedst.net/s3/mp4/blue-gender/sd/26.mp4",
      "nome": "Let Me"
    }
  ]
}