{
  "id": 999,
  "title": "Blue Seed 2",
  "title_jp": "ブルーシード 2",
  "slug": "blue-seed-2",
  "type": "legendados",
  "format": "OVA",
  "images": {
    "poster": "https://cdn.myanimelist.net/images/anime/7/2871l.webp",
    "banner": "https://cdn.myanimelist.net/images/anime/7/2871.jpg"
  },
  "trailer": null,
  "synopsis": "A renegade scientist in San Francisco has found a way to create a new creature called a Neo-Aragami without the power of Susanoo. When these monsters start to terrorize California, the U.S. turns to the old members of the Terrestrial Administration Center (TAC) for help. \n\n(Source: ANN)",
  "score": 6.4,
  "genres": [
    "Action",
    "Adventure",
    "Drama",
    "Horror",
    "Mystery",
    "Supernatural"
  ],
  "episodes": [
    {
      "numero": 1,
      "url": "https://lightspeedst.net/s2/mp4/blue-seed-2/sd/1.mp4",
      "nome": "Mission: Eradicate Kushinada, Operation Mitama, Phase I"
    }
  ]
}