{
  "id": 998,
  "title": "Blue Seed",
  "title_jp": "ブルーシード",
  "slug": "blue-seed",
  "type": "legendados",
  "format": "TV",
  "images": {
    "poster": "https://cdn.myanimelist.net/images/anime/1151/117019l.webp",
    "banner": "https://cdn.myanimelist.net/images/anime/1151/117019.jpg"
  },
  "trailer": null,
  "synopsis": "Momiji is an average girl until the day she finds she is the descendant of the great Kushinada family. Only she, with her Kushinada blood, can stop the Aragami, demonic plant-like monsters threatening to destroy Japan. Along to help her is the TAC, and a possible love interest in a young man named Kusanagi.\n\n(Source: ANN)",
  "score": 6.98,
  "genres": [
    "Action",
    "Adventure",
    "Drama",
    "Horror",
    "Mystery",
    "Romance",
    "Supernatural"
  ],
  "episodes": [
    {
      "numero": 1,
      "url": "https://lightspeedst.net/s3/mp4/blue-seed/sd/1.mp4",
      "nome": "Princess Kushinada"
    },
    {
      "numero": 2,
      "url": "https://lightspeedst.net/s3/mp4/blue-seed/sd/2.mp4",
      "nome": "It's Cruel! It's Mysterious! It's My Destiny!"
    },
    {
      "numero": 3,
      "url": "https://lightspeedst.net/s3/mp4/blue-seed/sd/3.mp4",
      "nome": "It's Spring! It's the Capital! I'll Do My Best!"
    },
    {
      "numero": 4,
      "url": "https://lightspeedst.net/s3/mp4/blue-seed/sd/4.mp4",
      "nome": "More Bad Luck? Why Does This Always Happen to Me?"
    },
    {
      "numero": 5,
      "url": "https://lightspeedst.net/s3/mp4/blue-seed/sd/5.mp4",
      "nome": "Surprise! She's the Mother of Science!"
    },
    {
      "numero": 6,
      "url": "https://lightspeedst.net/s3/mp4/blue-seed/sd/6.mp4",
      "nome": "Complicated and Hard to Understand! Being a Man Puts You Into Such a Difficult Position!"
    },
    {
      "numero": 7,
      "url": "https://lightspeedst.net/s3/mp4/blue-seed/sd/7.mp4",
      "nome": "I'm Fired Up! I'll Do It! Because I'm the Kushinada!"
    },
    {
      "numero": 8,
      "url": "https://lightspeedst.net/s3/mp4/blue-seed/sd/8.mp4",
      "nome": "What? How Strange! A Rival Appears!"
    },
    {
      "numero": 9,
      "url": "https://lightspeedst.net/s3/mp4/blue-seed/sd/9.mp4",
      "nome": "Are You Serious? Is This a Dream? An Exciting Date!"
    },
    {
      "numero": 10,
      "url": "https://lightspeedst.net/s3/mp4/blue-seed/sd/10.mp4",
      "nome": "Innocence! Love! My First Kiss?!"
    },
    {
      "numero": 11,
      "url": "https://lightspeedst.net/s3/mp4/blue-seed/sd/11.mp4",
      "nome": "Irritating! Jealous?! Unbelievable!"
    },
    {
      "numero": 12,
      "url": "https://lightspeedst.net/s3/mp4/blue-seed/sd/12.mp4",
      "nome": "Can You Feel It? I Can't Ignore It! An Ominous Premonition of Catastrophe!"
    },
    {
      "numero": 13,
      "url": "https://lightspeedst.net/s3/mp4/blue-seed/sd/13.mp4",
      "nome": "I Love You! This is Extreme! It's Time to Confess!"
    },
    {
      "numero": 14,
      "url": "https://lightspeedst.net/s3/mp4/blue-seed/sd/14.mp4",
      "nome": "A Chase Down Yamato Highway! Love Under Fire!!!"
    },
    {
      "numero": 15,
      "url": "https://lightspeedst.net/s3/mp4/blue-seed/sd/15.mp4",
      "nome": "Lost and Trembling on a Trip to Michinoku!"
    },
    {
      "numero": 16,
      "url": "https://lightspeedst.net/s3/mp4/blue-seed/sd/16.mp4",
      "nome": "Japan is a Paradise! Tears in Wakasa!"
    },
    {
      "numero": 17,
      "url": "https://lightspeedst.net/s3/mp4/blue-seed/sd/17.mp4",
      "nome": "Let It Bloom, Japan! A Blizzard of One-Sided Love!!"
    },
    {
      "numero": 18,
      "url": "https://lightspeedst.net/s3/mp4/blue-seed/sd/18.mp4",
      "nome": "Geez! Oh, Man! Sakura's Not Good Enough?!"
    },
    {
      "numero": 19,
      "url": "https://lightspeedst.net/s3/mp4/blue-seed/sd/19.mp4",
      "nome": "Heat Haze! Love, Start on a Journey! I Won't Be Far From You!"
    },
    {
      "numero": 20,
      "url": "https://lightspeedst.net/s3/mp4/blue-seed/sd/20.mp4",
      "nome": "I'm Home! Izumo! The Prologue of Hope!"
    },
    {
      "numero": 21,
      "url": "https://lightspeedst.net/s3/mp4/blue-seed/sd/21.mp4",
      "nome": "Goodbye? No Way! A Tearful Farewell?"
    },
    {
      "numero": 22,
      "url": "https://lightspeedst.net/s3/mp4/blue-seed/sd/22.mp4",
      "nome": "Sadness! Fate! Momiji Kushinada!"
    },
    {
      "numero": 23,
      "url": "https://lightspeedst.net/s3/mp4/blue-seed/sd/23.mp4",
      "nome": "Meeting Again! Starting the Journey! I Won't Lose!"
    },
    {
      "numero": 24,
      "url": "https://lightspeedst.net/s3/mp4/blue-seed/sd/24.mp4",
      "nome": "The Setting Sun! The Coming Day! A Private Time for Each of Us!"
    },
    {
      "numero": 25,
      "url": "https://lightspeedst.net/s3/mp4/blue-seed/sd/25.mp4",
      "nome": "All or Nothing! Decision! My Fate!"
    },
    {
      "numero": 26,
      "url": "https://lightspeedst.net/s3/mp4/blue-seed/sd/26.mp4",
      "nome": "New Soul"
    }
  ]
}