{
  "id": 49596,
  "title": "Blue Lock (Dublado)",
  "title_jp": "ブルーロック",
  "slug": "blue-lock-dublado",
  "type": "dublados",
  "format": "TV",
  "images": {
    "poster": "https://cdn.myanimelist.net/images/anime/1258/126929l.webp",
    "banner": "https://cdn.myanimelist.net/images/anime/1258/126929.jpg"
  },
  "trailer": "https://www.youtube-nocookie.com/embed/w4V_e3iRxds?enablejsapi=1&wmode=opaque&autoplay=1",
  "synopsis": "Yoichi Isagi was mere moments away from scoring a goal that would have sent his high school soccer team to the nationals, but a split-second decision to pass the ball to his teammate cost him that reality. Bitter, confused, and disappointed, Isagi wonders if the outcome would have been different had he not made the pass. When the young striker returns home, an invitation from the Japan Football Union awaits him. Through an arbitrary and biased decision-making process, Isagi is one of three hundred U-18 strikers selected for a controversial project named Blue Lock. \n\nThe project's ultimate goal is to turn one of the selected players into the star striker for the Japanese national team. To find the best participant, each diamond in the rough must compete against others through a series of solo and team competitions to rise to the top. Putting aside his ethical objections to the project, Isagi feels compelled to fight his way to the top, even if it means ruthlessly crushing the dreams of 299 aspiring young strikers.\n\n[Written by MAL Rewrite]",
  "score": 8.14,
  "genres": [
    "Sports"
  ],
  "episodes": [
    {
      "numero": 1,
      "url": "https://lightspeedst.net/s5/mp4/blue-lock-dublado/fhd/1.mp4",
      "nome": "Dream"
    },
    {
      "numero": 2,
      "url": "https://lightspeedst.net/s5/mp4/blue-lock-dublado/fhd/2.mp4",
      "nome": "Monster"
    },
    {
      "numero": 3,
      "url": "https://lightspeedst.net/s5/mp4/blue-lock-dublado/fhd/3.mp4",
      "nome": "Soccer's \"Zero\""
    },
    {
      "numero": 4,
      "url": "https://lightspeedst.net/s5/mp4/blue-lock-dublado/fhd/4.mp4",
      "nome": "Premonition and Intuition"
    },
    {
      "numero": 5,
      "url": "https://lightspeedst.net/s5/mp4/blue-lock-dublado/fhd/5.mp4",
      "nome": "To Be Reborn"
    },
    {
      "numero": 6,
      "url": "https://lightspeedst.net/s5/mp4/blue-lock-dublado/fhd/6.mp4",
      "nome": "I'm Sorry"
    },
    {
      "numero": 7,
      "url": "https://lightspeedst.net/s5/mp4/blue-lock-dublado/fhd/7.mp4",
      "nome": "Rush"
    },
    {
      "numero": 8,
      "url": "https://lightspeedst.net/s5/mp4/blue-lock-dublado/fhd/8.mp4",
      "nome": "The Formula for Goals"
    },
    {
      "numero": 9,
      "url": "https://lightspeedst.net/s5/mp4/blue-lock-dublado/fhd/9.mp4",
      "nome": "Awakening"
    },
    {
      "numero": 10,
      "url": "https://lightspeedst.net/s5/mp4/blue-lock-dublado/fhd/10.mp4",
      "nome": "Just the Way It Is"
    },
    {
      "numero": 11,
      "url": "https://lightspeedst.net/s5/mp4/blue-lock-dublado/fhd/11.mp4",
      "nome": "The Final Piece"
    },
    {
      "numero": 12,
      "url": "https://lightspeedst.net/s5/mp4/blue-lock-dublado/fhd/12.mp4",
      "nome": "The Second Selection"
    },
    {
      "numero": 13,
      "url": "https://lightspeedst.net/s5/mp4/blue-lock-dublado/hd/13.mp4",
      "nome": "TOP3"
    },
    {
      "numero": 14,
      "url": "https://lightspeedst.net/s5/mp4/blue-lock-dublado/fhd/14.mp4",
      "nome": "The Geniuses and the Average Joes"
    },
    {
      "numero": 15,
      "url": "https://lightspeedst.net/s5/mp4/blue-lock-dublado/hd/15.mp4",
      "nome": "Devour"
    },
    {
      "numero": 16,
      "url": "https://lightspeedst.net/s5/mp4/blue-lock-dublado/hd/16.mp4",
      "nome": "Tri-Fusion"
    }
  ]
}