{
  "id": 2964,
  "title": "Blue Drop: Tenshi-tachi no Gikyoku",
  "title_jp": "BLUE DROP ～天使達の戯曲～",
  "slug": "blue-drop-tenshi-tachi-no-gikyoku",
  "type": "legendados",
  "format": "TV",
  "images": {
    "poster": "https://cdn.myanimelist.net/images/anime/3/50485l.webp",
    "banner": "https://cdn.myanimelist.net/images/anime/3/50485.jpg"
  },
  "trailer": null,
  "synopsis": "Five years ago, something horrifying happened on Kamioki Island. Something so nightmarish that it stripped all memory from Mari Wakatake's mind even as it left every other human on the island dead in its wake! Now enrolled against her will at an isolated girl's academy, Mari is unaware that hidden eyes are watching her, waiting for her memory to return. \n\nBuried in her psyche is the most terrifying secret of all: while Mari was the only human who lived, she may not have been the only survivor! As something in a female skin invades Kaihou Academy, Mari's only hope may lie in a strange girl to whom she is inexplicably drawn yet cannot trust. \n\n(Source: Sentai Filmworks)",
  "score": 6.66,
  "genres": [
    "Drama",
    "Girls Love",
    "Sci-Fi"
  ],
  "episodes": [
    {
      "numero": 1,
      "url": "https://lightspeedst.net/s2/mp4/blue-drop-tenshi-tachi-no-gikyoku/sd/1.mp4",
      "nome": "Hydrangea"
    },
    {
      "numero": 2,
      "url": "https://lightspeedst.net/s2/mp4/blue-drop-tenshi-tachi-no-gikyoku/sd/2.mp4",
      "nome": "Lavandula"
    },
    {
      "numero": 3,
      "url": "https://lightspeedst.net/s2/mp4/blue-drop-tenshi-tachi-no-gikyoku/sd/3.mp4",
      "nome": "Datura"
    },
    {
      "numero": 4,
      "url": "https://lightspeedst.net/s2/mp4/blue-drop-tenshi-tachi-no-gikyoku/sd/4.mp4",
      "nome": "Dahlia Pinnata"
    },
    {
      "numero": 5,
      "url": "https://lightspeedst.net/s2/mp4/blue-drop-tenshi-tachi-no-gikyoku/sd/5.mp4",
      "nome": "Garden Verbena"
    },
    {
      "numero": 6,
      "url": "https://lightspeedst.net/s2/mp4/blue-drop-tenshi-tachi-no-gikyoku/sd/6.mp4",
      "nome": "Campanula"
    },
    {
      "numero": 7,
      "url": "https://lightspeedst.net/s2/mp4/blue-drop-tenshi-tachi-no-gikyoku/sd/7.mp4",
      "nome": "Crinum"
    },
    {
      "numero": 8,
      "url": "https://lightspeedst.net/s2/mp4/blue-drop-tenshi-tachi-no-gikyoku/sd/8.mp4",
      "nome": "Hyoscyamus Niger"
    },
    {
      "numero": 9,
      "url": "https://lightspeedst.net/s2/mp4/blue-drop-tenshi-tachi-no-gikyoku/sd/9.mp4",
      "nome": "Lagenaria Siceraria"
    },
    {
      "numero": 10,
      "url": "https://lightspeedst.net/s2/mp4/blue-drop-tenshi-tachi-no-gikyoku/sd/10.mp4",
      "nome": "Cirsium"
    },
    {
      "numero": 11,
      "url": "https://lightspeedst.net/s2/mp4/blue-drop-tenshi-tachi-no-gikyoku/sd/11.mp4",
      "nome": "Thoroughwort"
    },
    {
      "numero": 12,
      "url": "https://lightspeedst.net/s2/mp4/blue-drop-tenshi-tachi-no-gikyoku/sd/12.mp4",
      "nome": "Cosmos"
    },
    {
      "numero": 13,
      "url": "https://lightspeedst.net/s2/mp4/blue-drop-tenshi-tachi-no-gikyoku/sd/13.mp4",
      "nome": "Rosmarinus"
    }
  ]
}