{
  "id": 4197,
  "title": "Blue Dragon: Tenkai no Shichi Ryuu",
  "title_jp": "BLUE DRAGON 天界の七竜",
  "slug": "blue-dragon-tenkai-no-shichi-ryuu",
  "type": "legendados",
  "format": "TV",
  "images": {
    "poster": "https://cdn.myanimelist.net/images/anime/2/21147l.webp",
    "banner": "https://cdn.myanimelist.net/images/anime/2/21147.jpg"
  },
  "trailer": "https://www.youtube-nocookie.com/embed/fEm7lyc7D4o?enablejsapi=1&wmode=opaque&autoplay=1",
  "synopsis": "After the events of the Blue Dragon series, Shu and Bouquet join a resistance group to fight General Rogi's army of invasion.They encounter a mysterious child , Noi, who has the power to revive Shu's shadow counter-part Blue Dragon, and save her from the pursuit of a red dragon. Now Shu and his company have to set foot once again on a journey to discover the purpose of the dragons, undergo their tests and stop the chains of events which threatens the fate of humanity. \n\n(Source: ANN)",
  "score": 6.55,
  "genres": [
    "Adventure",
    "Comedy",
    "Fantasy"
  ],
  "episodes": [
    {
      "numero": 1,
      "url": "https://lightspeedst.net/s3/mp4/blue-dragon-tenkai-no-shichi-ryuu/sd/1.mp4",
      "nome": "Red Dragon"
    },
    {
      "numero": 2,
      "url": "https://lightspeedst.net/s3/mp4/blue-dragon-tenkai-no-shichi-ryuu/sd/2.mp4",
      "nome": "Nöe"
    },
    {
      "numero": 3,
      "url": "https://lightspeedst.net/s3/mp4/blue-dragon-tenkai-no-shichi-ryuu/sd/3.mp4",
      "nome": "A Manly Challenge"
    },
    {
      "numero": 4,
      "url": "https://lightspeedst.net/s3/mp4/blue-dragon-tenkai-no-shichi-ryuu/sd/4.mp4",
      "nome": "Scales of Ambition"
    },
    {
      "numero": 5,
      "url": "https://lightspeedst.net/s3/mp4/blue-dragon-tenkai-no-shichi-ryuu/sd/5.mp4",
      "nome": "Wake of the Pyramid"
    },
    {
      "numero": 6,
      "url": "https://lightspeedst.net/s3/mp4/blue-dragon-tenkai-no-shichi-ryuu/sd/6.mp4",
      "nome": "Crossing Paths"
    },
    {
      "numero": 7,
      "url": "https://lightspeedst.net/s3/mp4/blue-dragon-tenkai-no-shichi-ryuu/sd/7.mp4",
      "nome": "First Love"
    },
    {
      "numero": 8,
      "url": "https://lightspeedst.net/s3/mp4/blue-dragon-tenkai-no-shichi-ryuu/sd/8.mp4",
      "nome": "Her Decision"
    },
    {
      "numero": 9,
      "url": "https://lightspeedst.net/s3/mp4/blue-dragon-tenkai-no-shichi-ryuu/sd/9.mp4",
      "nome": "Dance of Love"
    },
    {
      "numero": 10,
      "url": "https://lightspeedst.net/s3/mp4/blue-dragon-tenkai-no-shichi-ryuu/sd/10.mp4",
      "nome": "Heart-Pounding Bliss"
    },
    {
      "numero": 11,
      "url": "https://lightspeedst.net/s3/mp4/blue-dragon-tenkai-no-shichi-ryuu/sd/11.mp4",
      "nome": "Mikhail"
    },
    {
      "numero": 12,
      "url": "https://lightspeedst.net/s3/mp4/blue-dragon-tenkai-no-shichi-ryuu/sd/12.mp4",
      "nome": "Nöe's Decision"
    },
    {
      "numero": 13,
      "url": "https://lightspeedst.net/s3/mp4/blue-dragon-tenkai-no-shichi-ryuu/sd/13.mp4",
      "nome": "The White Guardians"
    },
    {
      "numero": 14,
      "url": "https://lightspeedst.net/s3/mp4/blue-dragon-tenkai-no-shichi-ryuu/sd/14.mp4",
      "nome": "The Oracle"
    },
    {
      "numero": 15,
      "url": "https://lightspeedst.net/s3/mp4/blue-dragon-tenkai-no-shichi-ryuu/sd/15.mp4",
      "nome": "Exhausted Collapse"
    },
    {
      "numero": 16,
      "url": "https://lightspeedst.net/s3/mp4/blue-dragon-tenkai-no-shichi-ryuu/sd/16.mp4",
      "nome": "Enter Nirvana"
    },
    {
      "numero": 17,
      "url": "https://lightspeedst.net/s3/mp4/blue-dragon-tenkai-no-shichi-ryuu/sd/17.mp4",
      "nome": "Slurping Sigh"
    },
    {
      "numero": 18,
      "url": "https://lightspeedst.net/s3/mp4/blue-dragon-tenkai-no-shichi-ryuu/sd/18.mp4",
      "nome": "City of Dragons"
    },
    {
      "numero": 19,
      "url": "https://lightspeedst.net/s3/mp4/blue-dragon-tenkai-no-shichi-ryuu/sd/19.mp4",
      "nome": "What Lies Underground"
    },
    {
      "numero": 20,
      "url": "https://lightspeedst.net/s3/mp4/blue-dragon-tenkai-no-shichi-ryuu/sd/20.mp4",
      "nome": "Rotta and Nöe"
    },
    {
      "numero": 21,
      "url": "https://lightspeedst.net/s3/mp4/blue-dragon-tenkai-no-shichi-ryuu/sd/21.mp4",
      "nome": "A New Dragon"
    },
    {
      "numero": 22,
      "url": "https://lightspeedst.net/s3/mp4/blue-dragon-tenkai-no-shichi-ryuu/sd/22.mp4",
      "nome": "Hippoman"
    },
    {
      "numero": 23,
      "url": "https://lightspeedst.net/s3/mp4/blue-dragon-tenkai-no-shichi-ryuu/sd/23.mp4",
      "nome": "Madam's Whisper"
    },
    {
      "numero": 24,
      "url": "https://lightspeedst.net/s3/mp4/blue-dragon-tenkai-no-shichi-ryuu/sd/24.mp4",
      "nome": "A Ghost's Return"
    },
    {
      "numero": 25,
      "url": "https://lightspeedst.net/s3/mp4/blue-dragon-tenkai-no-shichi-ryuu/sd/25.mp4",
      "nome": "Unheard Pleas"
    },
    {
      "numero": 26,
      "url": "https://lightspeedst.net/s3/mp4/blue-dragon-tenkai-no-shichi-ryuu/sd/26.mp4",
      "nome": "Her Wish"
    }
  ]
}