{
  "id": 54865,
  "title": "Blue Lock vs. U-20 Japan (Dublado)",
  "title_jp": "ブルーロック VS. U-20 JAPAN",
  "slug": "blue-lock-vs-u-20-japan-dublado",
  "type": "dublados",
  "format": "TV",
  "images": {
    "poster": "https://cdn.myanimelist.net/images/anime/1584/144860l.webp",
    "banner": "https://cdn.myanimelist.net/images/anime/1584/144860.jpg"
  },
  "trailer": "https://www.youtube-nocookie.com/embed/g9gB5OCtIT4?enablejsapi=1&wmode=opaque&autoplay=1",
  "synopsis": "The next phase of the controversial Blue Lock project is underway with the candidate pool being dwindled down to just 35. Out of the remaining strikers, only a select few will be chosen to play in an upcoming exhibition game against the current U-20 Japanese soccer team. Playing in this match comes with a caveat: winning will grant the players the right to represent the nation as the new U-20 team, but losing will bring an end to Blue Lock in its entirety. Among the ones left in the running is Yoichi Isagi, who is coming to terms with his own abilities.\n\nTo further complicate matters, the six best players in the pool have already been named to the starting lineup and the remaining 29 will have to duke it out to claim a coveted spot. Each candidate must select a top six pairing to team up with for the selection to prove their competence. But if this mishmash of strikers wants to overthrow the current U-20 team, they will need to find a way to combine their playstyles effectively.\n\n[Written by MAL Rewrite]",
  "score": 7.53,
  "genres": [
    "Sports"
  ],
  "episodes": [
    {
      "numero": 1,
      "url": "https://www.blogger.com/video.g?token=AD6v5dwZsM-5p7gh_6hkDbz0zEXe4qVcZDTKGEVbJMaoLsGuX9jZeU6Q8Henh39zc6VwyNGG5QvHbHM82s1TzrQhMwO9k1AF2v6SMrwZWYsrZ4URpm5bE8iomtSUZj0HHQQlzTdpP9E",
      "nome": "Tryouts"
    },
    {
      "numero": 2,
      "url": "https://www.blogger.com/video.g?token=AD6v5dwzDzMz4TtR5f8kfw4OW32A7ngwul9efWu0QPNCIcsaF-iNB-zwIp25azbGD-0Ir6-egZ81vg1UlzVqBXJDJWqArw5NWW3bHapkEY196AentqWS12_5wOcZdByqCWZulGV8vA0",
      "nome": "The Assassin and the Ninja"
    },
    {
      "numero": 3,
      "url": "https://www.blogger.com/video.g?token=AD6v5dyKNx3f-cqSmpMW2irGmIN5_I4KtC4dESZljOuIcs7v7kPV6tqbEtMlhDiaxnSDoEClH2qFgOYCHuZjUuTNRwWnAP4Mq4DSTONxv9IyWKJAHjyU5WObhIgFn-ZOpJ3Yrp8GNEj2",
      "nome": "The World You Feel"
    },
    {
      "numero": 4,
      "url": "https://www.blogger.com/video.g?token=AD6v5dzmCTSg5dSni27e0sEXtSG1Ifwy8iEhrgGcq98_EnpIQ-Kqd1dx9TSLJR5WOUAS7Fkwrx44RPSx5aYJZLFiuFjhkewl1UiOuX-DtugiHCJYQGsnmdBSgJXf9n81U2tNBzTpN5s",
      "nome": "Chameleon"
    },
    {
      "numero": 5,
      "url": "https://www.blogger.com/video.g?token=AD6v5dzl04gp-r5MPRzmBZasSv5r304VpEsnS81KXecNcVZo76lD0z0ZwiswdwSnZ76XC3DtxstjnoydibryR-C1eC23OD8iS8IPwA61ohKUZZonNflDVlnUu3vVANdOEOvcirbgCB4",
      "nome": "Flow"
    },
    {
      "numero": 6,
      "url": "https://www.blogger.com/video.g?token=AD6v5dwGoM4-VW2GELkfjI2n_-1GVsF59_azoEX8UFV9CfIA0ur8wKPYDSfuOxbKNQCpx6bBKXdBNZ2TkeQQH_YjEwN9Wh2n3gQYXTG8izvWD8gkKZDwBtE01084erg6sMf1UNKILXw",
      "nome": "The Big Stage"
    },
    {
      "numero": 7,
      "url": "https://www.blogger.com/video.g?token=AD6v5dzkGth_-1Rk1_8dx9VSq4LlXyM2QnbDsBQdGZ8iouEE1YngFfreQcGHyL33YGH2AYOzrt2x_N_VMs-Lmk2CZJlHWQL2BzzCDezzV_pxHEIG5bfsWoLd3WoFzQ6TFTTpWqSS5Q",
      "nome": "Itoshi Sae"
    },
    {
      "numero": 8,
      "url": "https://www.blogger.com/video.g?token=AD6v5dzEzb4IAObPsDeey6LKYBrrxdlG6UHxIBurHCB9BokH_IG41mqNb-F_cm4ULg-IFwYupaAFQEVBGJQVYXgA3eVJ2ZyI_V-o-GYk8FpPrCUUakILarVMxItfSFemFsOytXLQs-yY",
      "nome": "Blue Genes"
    },
    {
      "numero": 9,
      "url": "https://www.blogger.com/video.g?token=AD6v5dyiTvUlCCno21XjOMFnpuXul_NpDsGVL0aH3xT0qAHhgShoKcAblLjkJyOtPiXrsTbwl98B2Hy61Uen2sjGbeN9-P7TX0Ye0qIRvVNwY9tjhMHTXqhVK3DwyCIliT1CrQEBaln-",
      "nome": "Night Snow"
    },
    {
      "numero": 10,
      "url": "https://www.blogger.com/video.g?token=AD6v5dwAD7rixArhHixNtKVimP632AKxnkR2RGqREBiwV9yUDBLtpNgvOZznil0Fi-lF65K25Y44I6lrOezeZIBoHqSV3Qr_k-JaQiVGsADo57SK71YB1o5x3_S7Qte0xa2hG8JuIgg",
      "nome": "The Subs Take to the Stage"
    }
  ]
}