{
  "id": 2142,
  "title": "Blue Dragon (Dublado)",
  "title_jp": "ブルー・ドラゴン",
  "slug": "blue-dragon-dublado",
  "type": "dublados",
  "format": "TV",
  "images": {
    "poster": "https://cdn.myanimelist.net/images/anime/2/20597l.webp",
    "banner": "https://cdn.myanimelist.net/images/anime/2/20597.jpg"
  },
  "trailer": "https://www.youtube-nocookie.com/embed/s3RhVF34ug0?enablejsapi=1&wmode=opaque&autoplay=1",
  "synopsis": "As Shu's village was being attacked by an unknown enemy, he and his friends, Jiro and Kluke decide to defend their home. They soon meet warrior Zola and receive the powers of Shadow, an ability that let's them transform their shadow into a powerful monster. Shu receives one of the most powerful monsters, Blue Dragon, and they all set out to defeat their enemy.\n\n(Source: ANN)",
  "score": 6.4,
  "genres": [
    "Adventure",
    "Comedy",
    "Fantasy"
  ],
  "episodes": [
    {
      "numero": 1,
      "url": "https://www.blogger.com/video.g?token=AD6v5dyBXvxDVpnd6kHDSRySxKX-vfGy_VmNBWRolfyCByECvnudgGmZFCZTpdn_fYWs6pRDp-hdluX9zesIdOJUuzozX69zg_4xaMI3fPkoWpZ3YUbunm4bZBQjpU6wnF3J-KtFs_6o",
      "nome": "The Shadow Comes Forth"
    },
    {
      "numero": 2,
      "url": "https://www.blogger.com/video.g?token=AD6v5dwEw63rwXCpNFBkzvyGQlkyUMf1Re5FETr0OIP_brGPeUUIqCHetVtmcwgLi_XUxDe3PYabkOHqYYRE-FPzD5yqDYDwLEvzYwx6OqL6eaiso_OdMGUEKWUeZUfHwqxpQm61oTo",
      "nome": "The Blue Power"
    },
    {
      "numero": 3,
      "url": "https://www.blogger.com/video.g?token=AD6v5dzO_fxGDzcP__V4vCmO5DE3QKNbVQcFFb4HXjgYcyPB7iHcx8DD5K3XmrIbgziV8nGBtTFBkVDm3TmrV2qwDAKTTW-Uc5LzLSzZQCA55qnlvdlJkgKYtF87x3ghOKhLIINGe1g",
      "nome": "Shu and Jiro"
    },
    {
      "numero": 4,
      "url": "https://www.blogger.com/video.g?token=AD6v5dzkN54k2-xsFb_OBdDa6-Ii14uJ5v8xXR0V3DrKYAHzU-aN7dBW2_TKmxL892yMSqQEic0-kZyweFpJ0KohUx6nATTZ744BZwXMamivezf8SJZMNziMZv1-P7mOOF7ZJvLubx8S",
      "nome": "Underwear Is The Trump Card"
    },
    {
      "numero": 5,
      "url": "https://www.blogger.com/video.g?token=AD6v5dxYCE2fx-smopmfQXTdGzYbklkhRjOKfSGXNN3bl5GcYAX_uoUIOJhwGx7CFTh0UrdJCZufuANCatdCAOG-VYFcMxA0sZO7GMdnBq3bUGOBy9pHcv6bKCydeaJrIfA8-GtYPA4p",
      "nome": "General Logi"
    },
    {
      "numero": 6,
      "url": "https://www.blogger.com/video.g?token=AD6v5dyp_UpGvQ7NyneSt1FM8T6RtAfrCYT5e5135NGr9KdujIXnxuKfwtl_ZxDLitpFFsYvTc7WJSmZyDfDWXnRrrOrRJQpxgpKG1ztrlLteiV-rkDY_RPKVTe2MlzQOAVAquO4alsJ",
      "nome": "Fluffy Fluffy Squeezy!"
    },
    {
      "numero": 7,
      "url": "https://www.blogger.com/video.g?token=AD6v5dz4dtQlLlg0DHINbfQ7fa2FucuryUUNr1TwMDRYHz4iSJ1keV3RWzV9D4-YNyv1fo8hF0eeVmw9chCMQNSPjS2xiUFyb3DeYpit27Ki69fAr2u479cHRDd4OFQxEBlifH4t6ybb",
      "nome": "The Noblewoman's Trap"
    },
    {
      "numero": 8,
      "url": "https://www.blogger.com/video.g?token=AD6v5dzenzJqfJokG1rDILnjt9cG2s1iS0BZTjLsxh7f3rZNhbVWj9BajmqSKkmFt1aUvWFEFHAumcKC8JgvpFKl3VK3Oqn3r45l1AMgR3AQCqmLgaJhHLFASRIQbxvsnxDaP1xouAPB",
      "nome": "Knight Master"
    },
    {
      "numero": 9,
      "url": "https://www.blogger.com/video.g?token=AD6v5dwsgdRDKcDMuhdXZ9BfRMYWrcAN0AyabmRA1huJl9g8pAhMEbA5_pbr3lKFHPPCOtSK_fo8ahNcEsbTWfYk3L1B1ADfeqShSmKW237h3sTKbTHBSYygxCC8bFV22MHJbL5UTA",
      "nome": "Operation Marriage Proposal"
    },
    {
      "numero": 10,
      "url": "https://www.blogger.com/video.g?token=AD6v5dxur06dpKrLus7m_zNW2wyuSZouEm_uUIOiG2kO3IX3oSVNywch620Q1Nn9I6sz68DMFstFXYsNVrL_uYvc-FSAx2BmVI0MyW-RQ0yq_iLRKwrI2Gv-3AfZkODR6AoiS2KUYyw",
      "nome": "Logi Strikes"
    },
    {
      "numero": 11,
      "url": "https://www.blogger.com/video.g?token=AD6v5dyZUidGdAg8F6cXnF2ZoaLkgftz0qDDubm5bns1pSC4Ff45ddq-ezFSq4uhPzDXBIjfBaCqMEWPlVYxIWPt_HC_FMM3X9ZpAdr12se7MtNYbrzhL2ipw1aHm0jIefrDZyfX5Pk",
      "nome": "Escape Through The Enemy Front"
    },
    {
      "numero": 12,
      "url": "https://www.blogger.com/video.g?token=AD6v5dyV9vhU8qqBdvZdOAeqx8A1gohYulMqN6HcP_FLKVj264JafU2VLyxUsBJF0NdUTrw-i_QAEf2ziWlVZhL5cwwnNntoL8F7EjQgSBFiYObdJTvyu7kaiqGIhBNKOGFT-HwYaFI",
      "nome": "Dragnov's Last Stand"
    },
    {
      "numero": 13,
      "url": "https://www.blogger.com/video.g?token=AD6v5dyOfc7eq564R9fnoMr8MSRZkS1fLqHfgFrQlRQb2GioJy5J2r1v9Jl6mIU_q_n46hywX1MUpFlIoJXryNiP9voluK-9zvnCKHx2F3BlWDuTdb7zePJGr9nKTfiDzSYA7bJYnosS",
      "nome": "Infiltrate!"
    },
    {
      "numero": 14,
      "url": "https://www.blogger.com/video.g?token=AD6v5dxig6AITwdajDDbM5i_NGeJI2_UjOEH7SJNX14vt57rnb1selalzhwuB9-ev4qqVIXp4VsynB1tSkVzYdaLURbNpMRjZSpE5xOM7ExC5KhNTsl75ueq4DW7PYwqo7a88rXeEeA",
      "nome": "Kluke's Feelings"
    },
    {
      "numero": 15,
      "url": "https://www.blogger.com/video.g?token=AD6v5dyxatZ-yl3qcju_FWIBjUwJM0RUuU2_2OXv0qI2TWy2Ae-bSKkZkUVI3ww4YbsKOsAc3UR5S1dHsMp0oV_LwtIuzrhg_ug5XA1LZIYsVzy_9jHSiuYIeVu467spTD3TQ_oSSAk",
      "nome": "A Path Towards Hope"
    },
    {
      "numero": 16,
      "url": "https://www.blogger.com/video.g?token=AD6v5dzEvsP_Uyue8dhi3Wc1q4njTGeJs45BimS9WZ8aJF67QP1xnWtAnK_HYgVFuSTC734lWiHbyPrG_GDf8tNJKH7LA7TEpId-L0ySwHwGDDL7ne1FOViKmTjImays6mgi6MAFfNo",
      "nome": "The Book Of The Beginning"
    },
    {
      "numero": 17,
      "url": "https://www.blogger.com/video.g?token=AD6v5dx_4qyixXMdqn_qIJXRrKn2I0m6BXOJyVf0c-3_tonChl5Dpr3cvMS8v1-vXG6RwM0ksW41Pahn8BrTY06Ny0z0zaTNGo1_T79Ut4gqkyRxBcc6khGQKM2XlB2jaFxQZDZCSOXV",
      "nome": "Homeron Has Died"
    },
    {
      "numero": 18,
      "url": "https://www.blogger.com/video.g?token=AD6v5dytWBrcimj9rH2Om5-R68JMQgLWyE6PT69b4v8S-sxb6fvVlbZHD4lu_LCoakOJZvZTMDNCKqTrFFA1w8TepTAjlo3X-LYmDUiLRopOHXvTKPxqxAHKl6vbTscdQjvJs4HnVOvM",
      "nome": "Dear Shadow"
    },
    {
      "numero": 19,
      "url": "https://www.blogger.com/video.g?token=AD6v5dzYh7qAakt-UzKX8c9DHajZ3NrHlMpYiM02zS27HeilE336kW-I_FIC36kwY56Y2Akqu5RxWF0KRyTxk3mlWm028Mx9gr0MDXK4wIFljHnzBIdrINwwu6a0xY7Hdx0aNwdvNA",
      "nome": "The Mystery of the Ruins"
    },
    {
      "numero": 20,
      "url": "https://www.blogger.com/video.g?token=AD6v5dwnOW7dEzc-KKqoBl63F0Q--i4ALIC6m_QdZ1duNff8p0juLc3KBzMs-HuN3XObkDdmk47rZWcBJxokkC8du04sGyWxGgybiuhrpia15RHh6Rc30nBoJknZZwx4wMJ6omUoeQ",
      "nome": "The Captive Knight"
    },
    {
      "numero": 21,
      "url": "https://www.blogger.com/video.g?token=AD6v5dzPDKXdq71-9JdrjavY7OFr5VLEN-HbmBbu3VSVmVegpPuSsQlHWYxYypS__ycHZN9v7cR1TLifrwViJ6UilPQVd5WncJz9MODCuDu7fIHNrKFxALm0bt7bdWY50ULSdmKnWMg",
      "nome": "The Informant's Pursuit"
    },
    {
      "numero": 22,
      "url": "https://www.blogger.com/video.g?token=AD6v5dzVSNZZa_3Ji2XRh-nNm25qbHNaKnUSnuNQIKkqnWnMBTnfdtcXVsxzbFcOWLIvAfLKY9WZKZa1r3g0qHj30eUODJ7rkHR4fkHvdMhn3nP0hTcJUzHkXjtAR3HWdoc-_9GkbSqT",
      "nome": "Vanish Vanish Don't!"
    },
    {
      "numero": 23,
      "url": "https://www.blogger.com/video.g?token=AD6v5dwUhmXgT6KoUdjMcyIRsWghDwKNmpgFGLFcwUYPswmv3Yprqb3MXo5j22G9CCNvaGLbB2MDarGiZxnF-xBYd6MMBRpPB7Go0kOAFfLPEN1567vhlIVmEpgt19IPr4JKlo7qcu4",
      "nome": "Towards the Great Blue Sky"
    },
    {
      "numero": 24,
      "url": "https://www.blogger.com/video.g?token=AD6v5dx3s8Tw0xd3spmMh_TVqO2U4LExgIhowhTNFVHyDooZhh22xXl7njaC63EVzYmoGGRhpgpbFs5VUvydZTGRDYU0Wq6rmr7MvYjxoySFZBRW2ISc8LPXGibWHdPQF4pj7qYSJT4",
      "nome": "Pursuit of the Devil"
    },
    {
      "numero": 25,
      "url": "https://www.blogger.com/video.g?token=AD6v5dyrv2jnbKOPCYtIV6NELNOjvyTJYumxztHvgrCaTscW22XXkkamF2yYuE1tuxap224LzrGAdJ40HhnUCcf9GzfZ9e7sD9_N6D7l5Gn2YbpRQkQKDNv75CERR7LWBBSkD-POf9Y",
      "nome": "Versus the Independent Flying Squadron"
    },
    {
      "numero": 26,
      "url": "https://www.blogger.com/video.g?token=AD6v5dw9vdCmf6E-BKE2JjNlSuyxpptVZPUVC0jNglxyZ1OVxSyRpiwsL9V6oWHH_dgsbCzS3z0XwF-8bDfvoW_a6ouFmPey4p2SXjXueUPLt1whvjYs33qVDNetKZQ_9Wz3iD-GKOI",
      "nome": "Cynthia's Madness"
    },
    {
      "numero": 27,
      "url": "https://www.blogger.com/video.g?token=AD6v5dy09teayjiu4xJFPSBlAPZWWfJ8M0ZAAznkqtvQGPfhfSglBhnw4qDbmKuGGD90Qn1xLl5cmkaizGZ9CT1Wu6NyOY81s2hBOLfrapB1wBfgTjSn7PDEqvn2vU7Eh38z9lzgWJE",
      "nome": "Into Logi's Ship"
    },
    {
      "numero": 28,
      "url": "https://www.blogger.com/video.g?token=AD6v5dxjxp209hXHQZSHSZ5WdlwY9YgPaX_aaDvDHfGg-SiK0dvQsh1uKB-CI7O0T4rWSxehBTngGrwJLGyJnddN62QisPaB7sdf4_4q4jyUmxRTl_zpWJ0RmKUOhG_-Bi1Oz8rwM0O-",
      "nome": "Sneaky Sneaky Shock!"
    },
    {
      "numero": 29,
      "url": "https://www.blogger.com/video.g?token=AD6v5dz8B_fuo7Q7zj2csCeK-T426d2uwFCDGIcAHbuUVT_4eJ-zE66hqIv_zjQMRT1eWp4yBpFz5h06R59fooCwDMhvFbG0ev3c5nWgCfK0UIXw2K_lERql8Yk6Rsg95vZvoh1hZ6Yc",
      "nome": "The Extra Seven"
    },
    {
      "numero": 30,
      "url": "https://www.blogger.com/video.g?token=AD6v5dyqVRGOinlKvRGd9VNRjjjQkJOlEvEW0HhxeY7fn25iZFnBlCvE5W-NPgmKOV6Ec-5CxZmf9mJnSDRA6fHyZ5i_r-hmLuV8MXRKNRn3SAYzXZeLyU6JqEIC3OhylyCdKc7AJv8",
      "nome": "The Dark Dragon"
    },
    {
      "numero": 31,
      "url": "https://www.blogger.com/video.g?token=AD6v5dzOUMI4OL75TU9nX7z0IDkMGbfdC2Oq3xsxtYTuPZ-GqKnMrH2G4LJapXCK5tUkZ5P04kX-hNl6rG7hJztVgJw6A-u1Tv6MFjw_zBsYTVagZf6ehyrXfr3KhD85fAunzXxXIeYd",
      "nome": "The Powerful One"
    },
    {
      "numero": 32,
      "url": "https://www.blogger.com/video.g?token=AD6v5dyiwc55ptBANgoheiil_PpcLzRHeI0HyEieY6WSfYYgUaV4yEUGO0xe-VyEO3m2GEMteIi6dqzkeaar7Rslku_WFiD-vTVf7jqU8u8mqtqetM-fnhIOa5Pkd9fXSzPkuikQrw",
      "nome": "The Shadow Wielder's Apprentice"
    },
    {
      "numero": 33,
      "url": "https://www.blogger.com/video.g?token=AD6v5dz0duh0D27Y82ukUedvNgPL90nuxFACzmP1fIfYsPgZtz7RWP-jirEeNJ1nEQjp0XG6PKpojkDAf1WKFdIwljEWeVzu3_HHPUyNt19BfHlf7kiMeMyv8C_Bx0LSDVQ436fgGvk",
      "nome": "Panty Heaven"
    },
    {
      "numero": 34,
      "url": "https://www.blogger.com/video.g?token=AD6v5dy6n4tBBbq9jeUn5TGbajC3Z_6xbYwHx_v6Ek9HF77kSYqmyS32hjS2IQevAUfd8q71GNEz5b0f_lcszJqfSG9fAevk10n4EKZMD9BF6F00KzOyqsA2RGm06RY7git_iW7u90yL",
      "nome": "Gilliam Returns"
    },
    {
      "numero": 35,
      "url": "https://www.blogger.com/video.g?token=AD6v5dwFU-Is9cokaEfFrYkwwEpxeGtsEzyuaF73kT28PAz9OS0uDpWljbeyMQhrrsCtfxGrJLT1-dBBXcFPbt3WuJy_IGoYawgbdxJEzEanR9tz5CsuSgRkHkH3HYsM6A-yzjLiROhX",
      "nome": "The Shining Hippo"
    },
    {
      "numero": 36,
      "url": "https://www.blogger.com/video.g?token=AD6v5dxNNX0-tVOok7105VsNAjhO2IHgUM6RFNVTQiz8tdkfIUsGr-xxPuUB7GFg6slWY3YKLek4N7UmCUWMrjr_8uY2w7z843p7yVQtxOD6QeIXWXPG79QaHcBbU6DCoY-kPoqwR5It",
      "nome": "Whisper Whisper Boom!"
    },
    {
      "numero": 37,
      "url": "https://www.blogger.com/video.g?token=AD6v5dxZJMtiXjhANzT2OoEkhMgjxN2rYD3IW3iITMc4YG5zNMJoGJzAnciLWl2CfPypXGgTe1eayDdWDPmRm0MotAya0pnf905svK6-7qPGkqO_C2jmKRrbKb7KcMvDI7tGAkPBsQjO",
      "nome": "Aerial Fortress Showdown"
    },
    {
      "numero": 38,
      "url": "https://www.blogger.com/video.g?token=AD6v5dwPWO1dZ05vaNjutgBdtgPp81bcIs0qspUi18A_Dx4trrw-lvvrFHZK4r74ymof1wNUgUMSv3jkKzmcJN00tFWjDa0ijTU6anNKnvKQBH6Gfs7GfMZ3YGX3zxh2UQh79aqg2V7X",
      "nome": "The Final Battle"
    },
    {
      "numero": 39,
      "url": "https://www.blogger.com/video.g?token=AD6v5dz56EqCPxGiWZz5WqEsaXf-sj3a3hfuN8WsV5yW2BM71caJzqqtxmVKSB4TjJ3bW7EjpGULE1QT3YnXqBik1vIihqEX5_9GLCuv46wogOLCM-dhZL4AKdZizZfipUNRzSN3Dak",
      "nome": "The Triumphant Return"
    },
    {
      "numero": 40,
      "url": "https://www.blogger.com/video.g?token=AD6v5dzM8oNI-L2UEF1PHC-PU9DtRW1kccCrKvibITYOaQ2NMZ8MuPO4N-37uKTPxsg-qb4dZ59Zg4aDOE9AlmoBF9Hk2eFgT4MF10qpwSUs1ZLGAqhxN76_DH3jtItTmB72SSmjLJ3G",
      "nome": "Rosekstan"
    },
    {
      "numero": 41,
      "url": "https://www.blogger.com/video.g?token=AD6v5dybgfDj6M9fXVMZdG_CvY7am2ySLry4XWHtEFKz8c42xXxcAqYmf09PJsDVgktdX57GCjNy4IfdonZ_g29RUbbNXp9mi6VO-nQQYtgzsiMPLJciK8rN0i2kDAjxaL0jVCe81k8",
      "nome": "Bird in a Cage"
    },
    {
      "numero": 42,
      "url": "https://www.blogger.com/video.g?token=AD6v5dwoRQMOFMPLVg8zuBIp5IiifjZJrkAsxt03JlXLFnZTNhNHVQP89ut8K7APAaT8sQ9TAHZKVuoO_rRj1z5SIGd8WsyQ95Cl9mQwjIn4wbFpHIH7ixSmcV4GcxLEujpyfDNapbBx",
      "nome": "Awakening"
    },
    {
      "numero": 43,
      "url": "https://www.blogger.com/video.g?token=AD6v5dzsYVx8UKsP4XI7ofIXLoO0ZS2FwB1XHVkBATGkfZw_pQ0QUCFfqkh9q8PZCfWqBZFTp8jgDp6G8hCvFYoeeOaOoWQU42oSatx0tJAZExSJk8dNyaEZw7UtuzcLjLrTg_qRifg",
      "nome": "The Seven Soldiers of Light"
    },
    {
      "numero": 44,
      "url": "https://www.blogger.com/video.g?token=AD6v5dxVpmY02TD-ecFyPUc-U3tpMdA3hYyZzwF11eBeheLyx_DVOyXIpj-tfB-HhnTYEasSgPAB4fetlhlOwSVe58G8Wq6xWyo6shN6cMtW6OwK2RXNUwX8fuab434AmtSBSQqkzaxj",
      "nome": "The Truth"
    },
    {
      "numero": 45,
      "url": "https://www.blogger.com/video.g?token=AD6v5dxLRQJraK6VzYdCi3NTDxxtPFUnXVKXRwp8pDha7YV-dTnM0tuY6yDctems_ymo4Yp2apb6L-SbFN9ouaWXio1f_caubjTTlg-SKICXPld5NESoLilwTU8xb_ssQpor4OxdVpo",
      "nome": "Quiver Quiver Boing!"
    },
    {
      "numero": 46,
      "url": "https://www.blogger.com/video.g?token=AD6v5dxCyllueQ0RC4LCM7az2Ada3IaLW0F-mjO91hemg92dCnINew85e8VgJH_MLQkdV5QQCTd1MJpF-ARdUkG0XiUcM4qqSsfpxQdSBkvU26N5sUf4TRhTQAvV0wh4JlFF_5-_J8c",
      "nome": "Dissension"
    },
    {
      "numero": 47,
      "url": "https://www.blogger.com/video.g?token=AD6v5dx3fcPMgKXTPedQkquZqHOuWCn2tGfjAerMw9ObXMvukNxDcgKU1V_LJSK5Rt8B89il9jUSWAqy6FiwjAwfOPMMU-GDvhrj3iw49frgwTDlZyMccKP8uFPnPl-jovd5FjMRU2JX",
      "nome": "Into the Darkness"
    },
    {
      "numero": 48,
      "url": "https://www.blogger.com/video.g?token=AD6v5dxMGuVlWLsMJqnWvMcFjDjRw12M9-YWusTJF1yHU_mLZUrUKm2l1bcM2PMllEs3nmyT5qGJqOYrTsybObeSpNwPbG-T13RWflmqotZV5EulGT67j1lh_DX0SOQ8RQvD0zwpyCB_",
      "nome": "The Two Pledges"
    },
    {
      "numero": 49,
      "url": "https://www.blogger.com/video.g?token=AD6v5dzmhv0xl8aq_0jVgNgpLSs-G9XI1Y1YYWvIWFBVmzmqRhu1lD5pwB-zpHYddYvOVNdXH6UX0ckXmr9VmIPRH359CVzp7H4bl12jND_Jtbe7UvWiPMIe8sdAobs0F8sieTfh8mc",
      "nome": "Zola"
    },
    {
      "numero": 50,
      "url": "https://www.blogger.com/video.g?token=AD6v5dxPdssitwFd4pwDneTXbxOxUFoST7LmhheFrTPbxXGBLQ0ZXYA5GafUFqrN4GhjQloc-jLy_YZQcN7k6vVdIBWkE6MN2XYr7XmvA2nPwhOEtCz3BK9y1cy3kotlX4BocV5Vc40P",
      "nome": "Bonds"
    },
    {
      "numero": 51,
      "url": "https://www.blogger.com/video.g?token=AD6v5dzKb-L8aT846YM5SPXXPuCKRGUW0_mu2heMCJP8MprGgYy1k9kDLM3FC6Z03g7kKu1b4gqg7ZcFAp1NBnqNKBSEx0Yja2q8Ab3oA1DfDku2-lAmYr8irDu9kuxypQ4my4k7Y-o",
      "nome": "Shu"
    }
  ]
}