{
  "id": 46352,
  "title": "Blue Period (Dublado)",
  "title_jp": "ブルーピリオド",
  "slug": "blue-period-dublado",
  "type": "dublados",
  "format": "TV",
  "images": {
    "poster": "https://cdn.myanimelist.net/images/anime/1757/116931l.webp",
    "banner": "https://cdn.myanimelist.net/images/anime/1757/116931.jpg"
  },
  "trailer": "https://www.youtube-nocookie.com/embed/m5tER2kO3Ok?enablejsapi=1&wmode=opaque&autoplay=1",
  "synopsis": "Second-year high school student Yatora Yaguchi is a delinquent with excellent grades, but is unmotivated to find his true calling in life. Yatora spends his days working hard to maintain his academic standing while hanging out with his equally unambitious friends. However, beneath his carefree demeanor, Yatora does not enjoy either activity and wishes he could find something more fulfilling.\n\nWhile mulling over his predicament, Yatora finds himself staring at a vibrant landscape of Shibuya. Unable to express how he feels about the unusually breathtaking sight, he picks up a paintbrush, hoping his thoughts will be conveyed on canvas. After receiving praise for his work, the joy he feels sends him on a journey to enter the extremely competitive Tokyo University of the Arts—a school that only accepts one in every two hundred applicants.\n\nFacing talented peers, a lack of understanding of the fine arts, and struggles to obtain his parents’ approval, Yatora is confronted by much adversity. In the hopes of securing one of the five prestigious spots in his program of choice, Yatora must show that his inexperience does not define him. \n\n[Written by MAL Rewrite]",
  "score": 7.79,
  "genres": [
    "Drama"
  ],
  "episodes": [
    {
      "numero": 1,
      "url": "https://lightspeedst.net/s1/mp4/blue-period-dublado/hd/1.mp4",
      "nome": "I Am Awakened by the Pleasure of Painting"
    },
    {
      "numero": 2,
      "url": "https://lightspeedst.net/s1/mp4/blue-period-dublado/hd/2.mp4",
      "nome": "He's Not Tanned At All"
    },
    {
      "numero": 3,
      "url": "https://lightspeedst.net/s1/mp4/blue-period-dublado/hd/3.mp4",
      "nome": "Prep School Debut of the Dead"
    },
    {
      "numero": 4,
      "url": "https://lightspeedst.net/s1/mp4/blue-period-dublado/hd/4.mp4",
      "nome": "Where Are We Headed?"
    },
    {
      "numero": 5,
      "url": "https://lightspeedst.net/s1/mp4/blue-period-dublado/hd/5.mp4",
      "nome": "Helpless Even If I Know What To Do"
    },
    {
      "numero": 6,
      "url": "https://lightspeedst.net/s1/mp4/blue-period-dublado/hd/6.mp4",
      "nome": "Serious Mental Breakdown"
    },
    {
      "numero": 7,
      "url": "https://lightspeedst.net/s1/mp4/blue-period-dublado/sd/7.mp4",
      "nome": "The Start of the First Exam"
    },
    {
      "numero": 8,
      "url": "https://lightspeedst.net/s1/mp4/blue-period-dublado/sd/8.mp4",
      "nome": "Brain-Racking"
    },
    {
      "numero": 9,
      "url": "https://lightspeedst.net/s1/mp4/blue-period-dublado/sd/9.mp4",
      "nome": "Wandering Knife"
    },
    {
      "numero": 10,
      "url": "https://lightspeedst.net/s1/mp4/blue-period-dublado/sd/10.mp4",
      "nome": "Our Color Blue"
    },
    {
      "numero": 11,
      "url": "https://lightspeedst.net/s1/mp4/blue-period-dublado/hd/11.mp4",
      "nome": "The Start of the Second Exam"
    },
    {
      "numero": 12,
      "url": "https://lightspeedst.net/s1/mp4/blue-period-dublado/hd/12.mp4",
      "nome": "When I Started to be Dyed in Color"
    }
  ]
}