{
  "id": 40060,
  "title": "BNA",
  "title_jp": "BNA ビー・エヌ・エー",
  "slug": "bna",
  "type": "legendados",
  "format": "TV",
  "images": {
    "poster": "https://cdn.myanimelist.net/images/anime/1139/106986l.webp",
    "banner": "https://cdn.myanimelist.net/images/anime/1139/106986.jpg"
  },
  "trailer": "https://www.youtube-nocookie.com/embed/QY2CbUsOgAM?enablejsapi=1&wmode=opaque&autoplay=1",
  "synopsis": "Throughout history, humans have been at odds with Beastmen—a species capable of changing shape due to their genetic \"Beast Factor.\" Because of this conflict, Beastmen have been forced into hiding. Anima City serves as a safe haven for these oppressed individuals to live free from human interference.\n\nDuring a festival celebrating the town's 10th anniversary, Michiru Kagemori, a human who suddenly turned into a tanuki, finds that Anima City is a far cry from paradise. After witnessing an explosion in the square, she is confronted by Shirou Ogami, a seemingly indestructible wolf and sworn protector of all Beastmen. As they pursue the criminals behind the bombing, the two discover that Michiru is anything but an ordinary Beastman, and look to investigate her mysterious past and uncanny abilities. Could she turn out to be the missing link between Humans and Beastmen?\n\n[Written by MAL Rewrite]",
  "score": 7.34,
  "genres": [
    "Action",
    "Fantasy"
  ],
  "episodes": [
    {
      "numero": 1,
      "url": "https://www.blogger.com/video.g?token=AD6v5dzMWSEEyMiyXi2gY8Hdd3U_eguWJwJdBvrhZD3bzCFNncYB_FYDnUZvVvDPIqxBDwOFuL7TUWpKkmIwYr_0nnL-MTpRdDTfzQF6okXtGQpnUtijlltSTF8akyWPDlB4ZEkQ5So",
      "nome": "Runaway Raccoon"
    },
    {
      "numero": 2,
      "url": "https://www.blogger.com/video.g?token=AD6v5dw6RCwqKskkbtdsLo7gpd1CEARBPO1sd_dfVu1wCG8ZU4_97H-3fTpO-ypdRsKpRhcqcOvPZQjtYBkMs4zb_YmvPeTz9LcILawUjw0ZKl8NCk4BCp5t18IyYVHPrxTxKKdikWPL",
      "nome": "Rabbit Town"
    },
    {
      "numero": 3,
      "url": "https://www.blogger.com/video.g?token=AD6v5dwl9-zrdqbRmlehw4Y6ZXYtPB-nhM4vTLVAVe3iGmAmrPvpBtHwdRKrkTkI1mZjnF48ETf15_U3CDz0xX40dmrJt6_2VEYh9QyLn1bEZ-cjpvDblChyQ_uZq-drDF7YJpy98A",
      "nome": "Rhino Melancholy"
    },
    {
      "numero": 4,
      "url": "https://www.blogger.com/video.g?token=AD6v5dxIx6YSvhI29DaXvkJnvtl4B8sCxLK6U2mNRtkecFo4wAr-WZwEkQmUNdytb0ZXCazPLV3u-vHxlimK1bwJrnU26hh7ZVqd7BlM832DrAC5Uoetd518G4IUK1x-8KtWC0jV7wI",
      "nome": "Dolphin Daydream"
    },
    {
      "numero": 5,
      "url": "https://www.blogger.com/video.g?token=AD6v5dwCNx9iXwt5isZHE7VsrgoerE_yDN0WVPmzBd3SAi0l7_wg3Zoki-prT48ehyxf1rF9EslDZVC0NWLtUsMCjDsDjMyjSOKQZ1xcBT9fmInri8Q8oL-BoXbibVdC72RSCY8Ghyc",
      "nome": "Greedy Bears"
    },
    {
      "numero": 6,
      "url": "https://www.blogger.com/video.g?token=AD6v5dxqGRb-BjjEncrzauHMMwRa5M_k93TRy3coCFgmTIMe6rIFqSxbBnTMRB0RYytTq-5ge_OeegQ2wt01VuCgH-u1rAoyB1Sa29KIJe1ferY7G2neyx_xCdO0utvrEijntNzEvf8",
      "nome": "Fox Waltz"
    },
    {
      "numero": 7,
      "url": "https://www.blogger.com/video.g?token=AD6v5dwrs3q91pn-pZmhVknVk21HMMW9e2CKYGQ14SqewQ815TKK2oKraMBlBygrDqNR92jTPrROZqNdmR5Zqpk30cSE4VydhASRSXmjuiaCMQKW7fgwThCaAQ-02OQPAg8Z8rICWw",
      "nome": "Easy Albatross"
    },
    {
      "numero": 8,
      "url": "https://www.blogger.com/video.g?token=AD6v5dy_hAOmeDxGk0lCWt3fvXS7t-lQZl3469bkKA-LUz-Z7Ta9B1zUyOYhkshN4-A2vizTQrYB3IbVeRW9ePaUtyn5kV0Z-wXz-iwi8Rf6bdpwyOLkr5m9aaXZORBPIftAKq-GOHkt",
      "nome": "The Mole Rat Speaks"
    },
    {
      "numero": 9,
      "url": "https://www.blogger.com/video.g?token=AD6v5dyYaJiiRWt1M-jD_TKtjupvU5DME40qXvws4TqL0I96lrOOpldERqh7X4RDUVh2KlT3W2yG7_0aswfSUR4D-9yfsmWdN7DUY4SLG2saQWMTLOHWGfQrM0J2xW4hbuyhkE53RAM",
      "nome": "Human Scapegoat"
    },
    {
      "numero": 10,
      "url": "https://www.blogger.com/video.g?token=AD6v5dwlcp8Kq3NSKSBrk8j1kZCj-moq_-V3pMi98AXyfXqHhwjo1dgDBl9N00vWBVViSj1gqqzxhNa9EELOSJ1zNFpPe16B0BwDmi_4msUpxFAFIQXBsooFbIpT6umPmqDaKL7UADA",
      "nome": "Rabid Wolf"
    },
    {
      "numero": 11,
      "url": "https://www.blogger.com/video.g?token=AD6v5dyd1HtjfvAG4K6AAhN1g7owAcV-oXXOM7RKa2JTuDAaFp9KCUoIeYHpKfntd2dnSIlyPmAeDIuxt9p3mDMnFApzyITsB-76Y7Ej2WFMHYR-fVTO2Lj0NrwUNJgQDfmgzpJCeyo",
      "nome": "A Beastly Feast"
    },
    {
      "numero": 12,
      "url": "https://www.blogger.com/video.g?token=AD6v5dyz5g18TdGZh_ljzliPI3RQz1zqkTttWDuByqUwCT0_FpqeIwlTb-ySix7EJX_iZidn5_b2jZbpEKkCJTTT09eJJtl53nLcx-gXRcSODDK1YvzwYkux3a4d53NB_Ry5T9gS2ng",
      "nome": "Anima-City"
    }
  ]
}