{
  "id": 31043,
  "title": "Boku dake ga Inai Machi",
  "title_jp": "僕だけがいない街",
  "slug": "boku-dake-ga-inai-machi",
  "type": "legendados",
  "format": "TV",
  "images": {
    "poster": "https://cdn.myanimelist.net/images/anime/10/77957l.webp",
    "banner": "https://cdn.myanimelist.net/images/anime/10/77957.jpg"
  },
  "trailer": "https://www.youtube-nocookie.com/embed/DwmxEAWjTQQ?enablejsapi=1&wmode=opaque&autoplay=1",
  "synopsis": "When tragedy is about to strike, Satoru Fujinuma finds himself sent back several minutes before the accident occurs. The detached, 29-year-old manga artist has taken advantage of this powerful yet mysterious phenomenon, which he calls \"Revival,\" to save many lives.\n \nHowever, when he is wrongfully accused of murdering someone close to him, Satoru is sent back to the past once again, but this time to 1988, 18 years in the past. Soon, he realizes that the murder may be connected to the abduction and killing of one of his classmates, the solitary and mysterious Kayo Hinazuki, that took place when he was a child. This is his chance to make things right.\n \nBoku dake ga Inai Machi follows Satoru in his mission to uncover what truly transpired 18 years ago and prevent the death of his classmate while protecting those he cares about in the present.\n\n[Written by MAL Rewrite]",
  "score": 8.3,
  "genres": [
    "Mystery",
    "Suspense"
  ],
  "episodes": [
    {
      "numero": 1,
      "url": "https://www.blogger.com/video.g?token=AD6v5dxHT0H_wI1Bb4woPG3PEHMHet8TKHneVn1jyeNpgJxW2noZy8Oj7P40nBK9HqCbMbRrDSApAoGaveW-bh9gqpjgkwSun7LrEnSacPj8hZnpa2Ww2I-02itRXLo_J5X3eBRDVQc",
      "nome": "Flashing Before My Eyes"
    },
    {
      "numero": 2,
      "url": "https://www.blogger.com/video.g?token=AD6v5dyWGiKzZRYzslUAMOq2Nt7-8VW2AGJIjeRfoT9sxCxVwf-HJpc3KmNoDgzGlfB20x1yMIQrNNdiOEm42KD4Gb-50pqsfhMJfA7831eS8BYo5PxXFJyK1tkr4M20zB_kEwIwzJ8",
      "nome": "Palm of the Hand"
    },
    {
      "numero": 3,
      "url": "https://www.blogger.com/video.g?token=AD6v5dzSATMb9xjo9uq5Ai5fXexAXGum6eqlhY79YZG9mW7uIqrbs2eefbgs_mXz1XjKvd4wtb8_IadpnszVzhhGfKTpM9GyBK-kmx9NHPsI380V5EX0-Me9BtT69yRcvV4hlqrloJQe",
      "nome": "Birthmark"
    },
    {
      "numero": 4,
      "url": "https://www.blogger.com/video.g?token=AD6v5dzy0VhfZSwXNbBPdtnzcwtdfHwzSZLvENsCEapOFF_KwW3twBRyuR8zNDvHLDd8YL6pHSC7UF7efkl5tOQ5Npjk480vEIXA1c7I5lzOfjK0O_0wApWUtF7l-C_USaWQcxELixc",
      "nome": "Accomplishment"
    },
    {
      "numero": 5,
      "url": "https://www.blogger.com/video.g?token=AD6v5dzaHVDx6P_0eMYp9R_v1H-nCCm_pBjqN-B8afZJq9DmbkHuVMNJ8mVfr24HjV-7EzTA5SKvN5CZaeHN0W1oTHaRWdeE6dQIJYv-g8gX-pGc7BHxZqGMeHf5o6nlQOp0Bmx8SP8a",
      "nome": "Getaway"
    },
    {
      "numero": 6,
      "url": "https://www.blogger.com/video.g?token=AD6v5dwZxpEebUDxgqfnjazCisGa-kjrToy4BAbTAk1sCw9v6zH7PnJI9uUv5ONpZ9wjLdZs6kNsyELVsWimT5sY5SUj3sQXGRG7tXL8-SyStdZlKsR2XTp_HKhegw3dxpmbDpQism0",
      "nome": "Grim Reaper"
    },
    {
      "numero": 7,
      "url": "https://www.blogger.com/video.g?token=AD6v5dxZpO8-IoaseY_Q4w2XuV21VNinRxRmexHPj_PQ9TXzeyMLTFLTmT5y0on00erv7wKkHa5WEdsageP6jNPCZHRiR54-qcDyTKoHdidikVQOU0LDPIqVXkwm2Tfmeb8KCr7DLaA",
      "nome": "Out of Control"
    },
    {
      "numero": 8,
      "url": "https://www.blogger.com/video.g?token=AD6v5dyYJ13uPu9RVLgC6iTxXT2TIGk7v_uG6Io-k9IIDbwYt5U7dKbqqqAezFfByFBB5FhGFSVnW0bAVuQJmQZczAgxXyCnmdr-7jIHuodztqXDtlCqSG5WAxCaTeeH9qRbc5Zfn43H",
      "nome": "Spiral"
    },
    {
      "numero": 9,
      "url": "https://www.blogger.com/video.g?token=AD6v5dyKIB5xVJdOsHZ0WbWTCK5DoOq8S9d7fIW9vEAgKsDbpaKamCsvMVOxAk0-Vt3-Vp3RVn2IpQYoBZMh-Znhx-tXYejzpJRnD6dt24FeaP0JY0NaNi0PdLO53e2wRBYN2BROWrQ",
      "nome": "Closure"
    },
    {
      "numero": 10,
      "url": "https://www.blogger.com/video.g?token=AD6v5dzn8xvUYdQ51Za7pq2bkpU_KrZLNAcE9Ehdhs29VZ_LXHpEcVoKJBC5dNm4pCfcEdIpQxohwDqRxD6K9-vSEQlRWPYNMrdWwHMLkCll8Sx8PxcqNGoZgf9qQgD3qaaKQz0SKWKv",
      "nome": "Joy"
    },
    {
      "numero": 11,
      "url": "https://www.blogger.com/video.g?token=AD6v5dykrVz8oFUGSIUeEI_xw_8f5ijDRBFJLVT_bdqVmdUFA7uWjvQPZ_xUBzNRuldxbQu8wl4HFH0s5dBguM5MBvrtxDPHDmwos7QGteS6mDVsbg69DS76o8p9nbhws2R4TgZghxsG",
      "nome": "Future"
    },
    {
      "numero": 12,
      "url": "https://www.blogger.com/video.g?token=AD6v5dxCY-axAClbnDHQLW-tp-7Xorr1rd5ydVKlrNkkHBIwd6gTSCqH5hbAqO0KDEK1lRWF6fO7BgWWw6TnXdpidrsCU8gH7itC7whNcqVECin44byQ7sDanxczaWnxcbdQaQVbzFkj",
      "nome": "Treasure"
    }
  ]
}